-- =================================================================
-- Generated by RealityDB
-- Template: saas
-- Seed: 42
-- Generated at: 2026-03-22T04:11:32.137Z
-- =================================================================

-- --- SCHEMA ---------------------------------------------------------

CREATE TABLE "patients" (
  "id" UUID NOT NULL DEFAULT gen_random_uuid(),
  "mrn" VARCHAR(20) NOT NULL,
  "first_name" VARCHAR(100) NOT NULL,
  "last_name" VARCHAR(100) NOT NULL,
  "date_of_birth" DATE NOT NULL,
  "gender" VARCHAR(20) NOT NULL,
  "blood_type" VARCHAR(5),
  "email" VARCHAR(255),
  "phone" VARCHAR(50),
  "insurance_provider" VARCHAR(255),
  "registered_at" TIMESTAMP WITHOUT TIME ZONE NOT NULL DEFAULT now(),
  PRIMARY KEY ("id")
);

CREATE TABLE "providers" (
  "id" UUID NOT NULL DEFAULT gen_random_uuid(),
  "npi" VARCHAR(20) NOT NULL,
  "first_name" VARCHAR(100) NOT NULL,
  "last_name" VARCHAR(100) NOT NULL,
  "specialty" VARCHAR(100) NOT NULL,
  "department" VARCHAR(100),
  "email" VARCHAR(255) NOT NULL,
  "active" BOOLEAN NOT NULL DEFAULT true,
  PRIMARY KEY ("id")
);

CREATE TABLE "encounters" (
  "id" UUID NOT NULL DEFAULT gen_random_uuid(),
  "patient_id" UUID NOT NULL,
  "provider_id" UUID NOT NULL,
  "encounter_type" VARCHAR(50) NOT NULL,
  "status" VARCHAR(50) NOT NULL DEFAULT 'scheduled'::character varying,
  "chief_complaint" TEXT,
  "notes" TEXT,
  "scheduled_at" TIMESTAMP WITHOUT TIME ZONE NOT NULL DEFAULT now(),
  "checked_in_at" TIMESTAMP WITHOUT TIME ZONE,
  "discharged_at" TIMESTAMP WITHOUT TIME ZONE,
  PRIMARY KEY ("id"),
  FOREIGN KEY ("patient_id") REFERENCES "patients" ("id"),
  FOREIGN KEY ("provider_id") REFERENCES "providers" ("id")
);

CREATE TABLE "insurance_claims" (
  "id" UUID NOT NULL DEFAULT gen_random_uuid(),
  "encounter_id" UUID,
  "patient_id" UUID,
  "total_charges_cents" INTEGER,
  "allowed_amount_cents" INTEGER,
  "patient_responsibility_cents" INTEGER,
  "status" VARCHAR(20),
  "submitted_at" TIMESTAMP WITH TIME ZONE,
  "paid_at" TIMESTAMP WITH TIME ZONE,
  "created_at" TIMESTAMP WITH TIME ZONE NOT NULL DEFAULT now(),
  PRIMARY KEY ("id"),
  FOREIGN KEY ("encounter_id") REFERENCES "encounters" ("id"),
  FOREIGN KEY ("patient_id") REFERENCES "patients" ("id")
);

CREATE TABLE "claim_payments" (
  "id" UUID NOT NULL DEFAULT gen_random_uuid(),
  "claim_id" UUID,
  "amount_cents" INTEGER,
  "payment_method" VARCHAR(50),
  "status" VARCHAR(20),
  "paid_at" TIMESTAMP WITH TIME ZONE,
  "created_at" TIMESTAMP WITH TIME ZONE NOT NULL DEFAULT now(),
  PRIMARY KEY ("id"),
  FOREIGN KEY ("claim_id") REFERENCES "insurance_claims" ("id")
);

CREATE TABLE "organizations" (
  "id" UUID NOT NULL DEFAULT gen_random_uuid(),
  "name" VARCHAR(255) NOT NULL,
  "slug" VARCHAR(100) NOT NULL,
  "industry" VARCHAR(100),
  "employee_count" INTEGER,
  "created_at" TIMESTAMP WITHOUT TIME ZONE NOT NULL DEFAULT now(),
  PRIMARY KEY ("id")
);

CREATE TABLE "users" (
  "id" UUID NOT NULL DEFAULT gen_random_uuid(),
  "org_id" UUID,
  "email" VARCHAR(255) NOT NULL,
  "full_name" VARCHAR(255) NOT NULL,
  "role" VARCHAR(50) NOT NULL DEFAULT 'member'::character varying,
  "status" VARCHAR(50) NOT NULL DEFAULT 'active'::character varying,
  "last_login_at" TIMESTAMP WITHOUT TIME ZONE,
  "created_at" TIMESTAMP WITHOUT TIME ZONE NOT NULL DEFAULT now(),
  PRIMARY KEY ("id"),
  FOREIGN KEY ("org_id") REFERENCES "organizations" ("id")
);

CREATE TABLE "sessions" (
  "id" UUID NOT NULL,
  "user_id" UUID,
  "started_at" TIMESTAMP WITH TIME ZONE,
  "ended_at" TIMESTAMP WITH TIME ZONE,
  "duration_seconds" INTEGER,
  "ip_address" VARCHAR(255),
  "user_agent" VARCHAR(255),
  "country" VARCHAR(10),
  "created_at" TIMESTAMP WITH TIME ZONE,
  PRIMARY KEY ("id"),
  FOREIGN KEY ("user_id") REFERENCES "users" ("id")
);

CREATE TABLE "events" (
  "id" UUID NOT NULL,
  "session_id" UUID,
  "user_id" UUID,
  "event_type" VARCHAR(50),
  "event_name" VARCHAR(255),
  "created_at" TIMESTAMP WITH TIME ZONE,
  PRIMARY KEY ("id"),
  FOREIGN KEY ("session_id") REFERENCES "sessions" ("id"),
  FOREIGN KEY ("user_id") REFERENCES "users" ("id")
);

CREATE TABLE "features" (
  "id" UUID NOT NULL,
  "name" VARCHAR(255),
  "category" VARCHAR(50),
  "created_at" TIMESTAMP WITH TIME ZONE,
  PRIMARY KEY ("id")
);

CREATE TABLE "plans" (
  "id" UUID NOT NULL DEFAULT gen_random_uuid(),
  "name" VARCHAR(100) NOT NULL,
  "tier" VARCHAR(50) NOT NULL DEFAULT 'starter'::character varying,
  "price_cents" INTEGER NOT NULL,
  "interval" VARCHAR(20) NOT NULL DEFAULT 'monthly'::character varying,
  "trial_days" INTEGER NOT NULL DEFAULT 14,
  "is_active" BOOLEAN NOT NULL DEFAULT true,
  PRIMARY KEY ("id")
);

CREATE TABLE "subscriptions" (
  "id" UUID NOT NULL DEFAULT gen_random_uuid(),
  "org_id" UUID NOT NULL,
  "plan_id" UUID NOT NULL,
  "status" VARCHAR(50) NOT NULL DEFAULT 'active'::character varying,
  "trial_ends_at" TIMESTAMP WITHOUT TIME ZONE,
  "current_period_start" TIMESTAMP WITHOUT TIME ZONE,
  "current_period_end" TIMESTAMP WITHOUT TIME ZONE,
  "started_at" TIMESTAMP WITHOUT TIME ZONE NOT NULL DEFAULT now(),
  "canceled_at" TIMESTAMP WITHOUT TIME ZONE,
  PRIMARY KEY ("id"),
  FOREIGN KEY ("org_id") REFERENCES "organizations" ("id"),
  FOREIGN KEY ("plan_id") REFERENCES "plans" ("id")
);

CREATE TABLE "invoices" (
  "id" UUID NOT NULL DEFAULT gen_random_uuid(),
  "subscription_id" UUID NOT NULL,
  "amount_cents" INTEGER NOT NULL,
  "currency" VARCHAR(3) NOT NULL DEFAULT 'USD'::character varying,
  "status" VARCHAR(50) NOT NULL DEFAULT 'paid'::character varying,
  "due_date" TIMESTAMP WITHOUT TIME ZONE NOT NULL,
  "paid_at" TIMESTAMP WITHOUT TIME ZONE,
  "created_at" TIMESTAMP WITHOUT TIME ZONE NOT NULL DEFAULT now(),
  PRIMARY KEY ("id"),
  FOREIGN KEY ("subscription_id") REFERENCES "subscriptions" ("id")
);

CREATE TABLE "payments" (
  "id" UUID NOT NULL DEFAULT gen_random_uuid(),
  "invoice_id" UUID NOT NULL,
  "amount_cents" INTEGER NOT NULL,
  "currency" VARCHAR(3) NOT NULL DEFAULT 'USD'::character varying,
  "payment_method" VARCHAR(50) NOT NULL DEFAULT 'card'::character varying,
  "status" VARCHAR(50) NOT NULL DEFAULT 'succeeded'::character varying,
  "failure_reason" VARCHAR(255),
  "paid_at" TIMESTAMP WITHOUT TIME ZONE NOT NULL DEFAULT now(),
  PRIMARY KEY ("id"),
  FOREIGN KEY ("invoice_id") REFERENCES "invoices" ("id")
);

CREATE TABLE "plan_features" (
  "id" UUID NOT NULL,
  "plan_id" UUID,
  "feature_id" UUID,
  "enabled" BOOLEAN,
  "limit_value" INTEGER,
  "created_at" TIMESTAMP WITH TIME ZONE,
  PRIMARY KEY ("id"),
  FOREIGN KEY ("feature_id") REFERENCES "features" ("id"),
  FOREIGN KEY ("plan_id") REFERENCES "plans" ("id")
);


-- --- DATA -----------------------------------------------------------

INSERT INTO "features" ("id", "name", "category", "created_at") VALUES
  ('9972daab-2c86-459f-9d78-3fe1be4e3280', 'System omega the', 'analytics', '2023-04-30T17:50:53.873Z');

INSERT INTO "organizations" ("id", "name", "slug", "industry", "employee_count", "created_at") VALUES
  ('0d970844-0f2f-4887-862c-d77ccf517309', 'Vertex Ltd', 'SLU-000001', 'Retail', 1226, '2023-09-17T15:26:02.512Z'),
  ('354dbddb-8234-484b-93a8-aeb1ed16f16e', 'Cascade LLC', 'SLU-000002', 'Technology', 80, '2024-04-12T20:59:29.698Z'),
  ('7b9ce613-b8ef-47b4-ad85-d21efe90ea6f', 'Nexus Corp', 'SLU-000003', 'Retail', 1615, '2023-07-18T12:40:00.768Z');

INSERT INTO "patients" ("id", "mrn", "first_name", "last_name", "date_of_birth", "gender", "blood_type", "email", "phone", "insurance_provider", "registered_at") VALUES
  ('4b73d7b1-fee3-4e8b-8b19-b250c9e71779', 'Server fox service o', 'Thomas', 'Rogers', '2024-04-30T18:29:10.184Z', 'Lazy omega platform ', 'Delta', 'amy.mendoza.0@aol.com', '+1-367-683-5403', 'Over quick process process alpha alpha gamma the', '2024-07-23T17:54:43.787Z'),
  ('fe92fd29-2b8f-4a65-af6b-af6656e5537e', 'Omega lambda sigma d', 'Daniel', 'Taylor', '2023-08-12T15:50:30.631Z', 'Beta fox beta quick ', 'Proce', 'carol.thomas.1@zoho.com', '+1-620-872-9050', 'Zeta jumps omega server lazy delta lambda service', '2024-01-07T20:10:17.069Z'),
  ('dcd7be0d-112b-41ad-82fd-d0a1d6da9959', 'Zeta platform system', 'Jessica', 'Torres', '2024-12-17T10:07:26.300Z', 'Brown data process m', 'Alpha', 'sandra.hall.2@icloud.com', '+1-773-834-8063', 'Over data kappa zeta theta zeta epsilon beta', '2024-05-21T10:55:50.309Z'),
  ('25814487-8ca5-4f22-8025-f111de6e8019', 'Server quick delta l', 'Emma', 'Gutierrez', '2023-05-30T15:21:44.449Z', 'Lambda server kappa ', 'Syste', 'maria.williams.3@hotmail.com', '+1-470-427-8497', 'Lambda lazy module module dog kappa client module', '2023-08-19T23:08:23.279Z'),
  ('91cf4f7e-c08c-4f8d-8bf7-fbc44fa1aadd', 'Delta platform beta ', 'Kathleen', 'Gray', '2023-08-15T04:34:54.696Z', 'Jumps alpha module t', 'Proce', 'alexander.diaz.4@protonmail.com', '+1-258-599-9038', 'System epsilon zeta omega process kappa quick over', '2024-10-21T18:43:37.297Z');

INSERT INTO "patients" ("id", "mrn", "first_name", "last_name", "date_of_birth", "gender", "blood_type", "email", "phone", "insurance_provider", "registered_at") VALUES
  ('1f60d4d6-ae15-4845-b345-dba0e8e35819', 'Omega dog theta alph', 'Cynthia', 'Hernandez', '2023-06-10T04:26:02.401Z', 'System engine fox qu', 'Servi', 'andrew.cook.5@gmail.com', '+1-787-838-4382', 'Lazy cloud kappa jumps brown cloud epsilon platform', '2023-06-02T18:02:22.841Z'),
  ('7ef32c25-8dac-44c5-bd22-a89a8e34ec85', 'Network quick module', 'Scott', 'Sanchez', '2023-04-12T04:09:53.637Z', 'Zeta over data kappa', 'Servi', 'ronald.morris.6@protonmail.com', '+1-739-326-9811', 'Server gamma lazy kappa network zeta theta dog', '2024-01-02T11:33:39.496Z'),
  ('08dc5d6d-4081-4aaa-90e6-c3a8cf0d968c', 'Theta kappa theta ze', 'Anna', 'Jackson', '2024-04-06T15:07:35.367Z', 'Process engine alpha', 'Theta', 'emma.gonzalez.7@fastmail.com', '+1-676-956-8498', 'Theta the engine quick kappa theta system lambda', '2023-10-13T14:47:45.574Z'),
  ('daaafbfa-f7cf-45cf-a816-fe087ddfadc6', 'Beta client zeta eng', 'Larry', 'Garcia', '2024-09-22T05:49:37.441Z', 'Dog omega delta data', 'The s', 'betty.reyes.8@zoho.com', '+1-573-505-8577', 'Omega beta zeta kappa service over sigma brown', '2023-09-18T19:22:08.285Z'),
  ('cb6f98d5-6496-4bf9-aead-b5918ba1e5c5', 'The quick brown engi', 'Justin', 'Murphy', '2024-12-30T19:10:06.811Z', 'Epsilon server gamma', 'Sigma', 'michelle.collins.9@protonmail.com', '+1-672-355-2216', 'Process process alpha engine module epsilon sigma gamma', '2023-09-02T16:31:12.355Z');

INSERT INTO "plans" ("id", "name", "tier", "price_cents", "interval", "trial_days", "is_active") VALUES
  ('fae4b157-e882-4a3b-a651-fb81f905a69a', 'Enterprise', 'starter', 19999, 'monthly', 30, TRUE);

INSERT INTO "plan_features" ("id", "plan_id", "feature_id", "enabled", "limit_value", "created_at") VALUES
  ('83633749-f1a0-4082-9d72-2d92e6a88ae3', 'fae4b157-e882-4a3b-a651-fb81f905a69a', '9972daab-2c86-459f-9d78-3fe1be4e3280', TRUE, 6309, '2024-02-03T22:55:16.867Z');

INSERT INTO "providers" ("id", "npi", "first_name", "last_name", "specialty", "department", "email", "active") VALUES
  ('96a9a068-2c01-4561-9304-20a6470b75b3', 'Jumps process lazy a', 'George', 'Brooks', 'Brown over gamma platform client module zeta over', 'Data omega network module epsilon delta jumps engine', 'laura.moore.0@gmail.com', FALSE),
  ('18888599-f986-4c86-a6e2-1639eb63b489', 'Zeta beta delta gamm', 'Ryan', 'Roberts', 'Kappa process sigma epsilon service lazy epsilon quick', 'Jumps quick fox gamma network kappa zeta delta', 'heather.reed.1@protonmail.com', TRUE),
  ('bf4a9543-1cd8-401e-b20b-c093109ee030', 'Client lazy service ', 'Joshua', 'Carter', 'Epsilon the module network lazy fox over system', 'Cloud service client platform dog process kappa server', 'lisa.smith.2@zoho.com', FALSE),
  ('ee392202-f4ab-4217-a2b0-cb03d839865e', 'Brown alpha engine s', 'Patricia', 'Castillo', 'Gamma module module cloud jumps gamma alpha brown', 'Data lambda omega data sigma quick platform system', 'gary.adams.3@zoho.com', TRUE),
  ('6c1af032-3b9b-4b8e-ad67-5a6db9149fa6', 'Data platform client', 'Kenneth', 'Martin', 'Service engine epsilon engine engine brown theta client', 'Alpha theta cloud gamma process gamma module quick', 'jack.howard.4@protonmail.com', TRUE);

INSERT INTO "providers" ("id", "npi", "first_name", "last_name", "specialty", "department", "email", "active") VALUES
  ('445e4535-07b5-4741-89cc-16bb8c7355a4', 'Sigma beta cloud pla', 'Cynthia', 'Foster', 'Alpha epsilon epsilon alpha system gamma over data', 'Cloud lambda service platform engine sigma kappa delta', 'christine.sanchez.5@gmail.com', FALSE),
  ('0421ba2b-3c2c-42f8-bbb7-dbcf44d35d41', 'Quick process networ', 'Margaret', 'Hughes', 'Cloud omega omega kappa engine epsilon module server', 'Brown platform process client dog fox client delta', 'jeffrey.gray.6@protonmail.com', TRUE),
  ('880b49f7-f591-4832-96e0-4949ffa93f4d', 'Lazy lazy platform s', 'Laura', 'Campbell', 'Sigma gamma theta theta theta data lazy system', 'Server omega jumps beta over platform brown kappa', 'emma.ramirez.7@gmail.com', TRUE),
  ('11ca793c-9e8f-46d6-ba2b-00d3c9851445', 'Dog server zeta fox ', 'Dennis', 'Roberts', 'Client engine process client gamma over quick kappa', 'Omega alpha service service process service dog cloud', 'linda.walker.8@icloud.com', FALSE),
  ('ffc2bfcf-fecd-4b99-a75f-8e0a5e33bd35', 'System lazy cloud al', 'Dennis', 'Wright', 'Beta platform network lazy beta over sigma platform', 'Process server client system process dog dog epsilon', 'daniel.myers.9@yahoo.com', FALSE);

INSERT INTO "encounters" ("id", "patient_id", "provider_id", "encounter_type", "status", "chief_complaint", "notes", "scheduled_at", "checked_in_at", "discharged_at") VALUES
  ('d256e8f2-b72f-4282-a366-d4100a9d6221', '7ef32c25-8dac-44c5-bd22-a89a8e34ec85', '11ca793c-9e8f-46d6-ba2b-00d3c9851445', 'Lazy brown quick over dog module platform delta', 'active', 'Beta kappa lazy dog system theta theta service', 'Lambda quick platform kappa data fox jumps lambda', '2023-01-19T05:59:47.377Z', '2024-05-07T19:39:47.951Z', '2024-07-14T22:59:20.013Z'),
  ('387b6756-8572-417e-be22-0648396febe0', '7ef32c25-8dac-44c5-bd22-a89a8e34ec85', '6c1af032-3b9b-4b8e-ad67-5a6db9149fa6', 'Data lazy engine over system server kappa omega', 'active', 'Data sigma dog theta lazy delta zeta jumps', 'Theta gamma dog gamma beta dog cloud quick', '2024-02-20T19:23:00.714Z', '2023-05-10T09:11:02.285Z', '2023-09-05T17:50:11.756Z'),
  ('75169020-2fd3-498f-a8c4-927ed39f633d', '7ef32c25-8dac-44c5-bd22-a89a8e34ec85', 'ffc2bfcf-fecd-4b99-a75f-8e0a5e33bd35', 'Module cloud server data over over fox engine', 'inactive', 'Theta lambda alpha omega platform beta epsilon service', 'Platform network the kappa engine dog fox quick', '2024-02-24T22:52:08.182Z', '2024-06-10T02:12:49.087Z', '2023-05-02T01:35:59.490Z'),
  ('db9a0eef-569c-447b-8bbb-d9502e1a7e36', '08dc5d6d-4081-4aaa-90e6-c3a8cf0d968c', '445e4535-07b5-4741-89cc-16bb8c7355a4', 'Omega engine data network alpha jumps quick the', 'inactive', 'Quick quick brown alpha theta zeta brown network', 'Module theta theta delta brown service sigma brown', '2024-09-05T12:37:58.586Z', '2024-11-03T21:46:55.787Z', '2024-12-06T16:13:08.214Z'),
  ('30bab762-3567-411d-aa71-f267111af795', 'cb6f98d5-6496-4bf9-aead-b5918ba1e5c5', '6c1af032-3b9b-4b8e-ad67-5a6db9149fa6', 'Epsilon epsilon fox cloud system over engine modul', 'active', 'Epsilon alpha system lazy over data engine delta', 'Module over engine gamma delta delta gamma kappa', '2023-01-21T00:59:33.044Z', '2023-06-23T07:02:11.741Z', '2024-02-05T08:44:42.277Z');

INSERT INTO "encounters" ("id", "patient_id", "provider_id", "encounter_type", "status", "chief_complaint", "notes", "scheduled_at", "checked_in_at", "discharged_at") VALUES
  ('0b2618cc-8307-43bf-bd78-a7bbe12ccc6e', '1f60d4d6-ae15-4845-b345-dba0e8e35819', 'ffc2bfcf-fecd-4b99-a75f-8e0a5e33bd35', 'Cloud lambda over zeta jumps platform module sigma', 'pending', 'Alpha over process lambda brown jumps lambda jumps', 'Service module lambda beta zeta zeta dog alpha', '2024-05-30T08:38:23.298Z', '2024-10-15T01:23:05.602Z', '2023-01-10T00:49:34.777Z'),
  ('2278122a-ed6d-49a9-b067-be8c710c4c1e', 'cb6f98d5-6496-4bf9-aead-b5918ba1e5c5', '880b49f7-f591-4832-96e0-4949ffa93f4d', 'Network kappa dog beta sigma network over module', 'pending', 'Quick gamma platform lambda lazy the server module', 'Network over beta beta lazy alpha service brown', '2024-04-08T09:09:11.974Z', '2024-09-28T01:37:36.947Z', '2024-08-17T02:06:54.143Z'),
  ('323cf742-52ba-45e4-86b2-21e48127caa7', '4b73d7b1-fee3-4e8b-8b19-b250c9e71779', '96a9a068-2c01-4561-9304-20a6470b75b3', 'Brown service system delta network over beta fox', 'inactive', 'Beta beta system zeta gamma fox omega omega', 'Process process the beta theta system brown platform', '2023-10-17T22:39:33.070Z', '2023-06-17T09:10:58.701Z', '2023-10-24T09:01:36.044Z'),
  ('8af13001-ba1c-4cdb-8300-e5db3412f069', 'fe92fd29-2b8f-4a65-af6b-af6656e5537e', '0421ba2b-3c2c-42f8-bbb7-dbcf44d35d41', 'Delta gamma over engine platform quick platform ga', 'active', 'Network module kappa engine over client service process', 'Dog server platform kappa lambda alpha brown client', '2023-01-28T01:57:23.735Z', '2024-12-10T11:47:10.357Z', '2023-07-14T11:34:28.678Z'),
  ('9d83ad23-a95c-432b-9a15-742459cf1ea3', '4b73d7b1-fee3-4e8b-8b19-b250c9e71779', '18888599-f986-4c86-a6e2-1639eb63b489', 'Engine quick cloud dog dog dog lambda lambda', 'pending', 'System system delta omega theta brown omega module', 'Over quick engine server lazy quick lambda system', '2024-01-11T17:07:19.867Z', '2023-06-06T20:37:13.419Z', '2024-11-12T06:42:07.378Z');

INSERT INTO "insurance_claims" ("id", "encounter_id", "patient_id", "total_charges_cents", "allowed_amount_cents", "patient_responsibility_cents", "status", "submitted_at", "paid_at", "created_at") VALUES
  ('d56f22f1-fdae-47a1-ab06-48cf3daeb9aa', '387b6756-8572-417e-be22-0648396febe0', 'daaafbfa-f7cf-45cf-a816-fe087ddfadc6', 50395, 81500, 7594, 'active', '2023-04-06T03:07:08.805Z', '2023-11-04T23:59:24.887Z', '2024-12-08T00:09:01.326Z'),
  ('31a3e644-8e52-4011-8788-182030d4282b', '323cf742-52ba-45e4-86b2-21e48127caa7', '91cf4f7e-c08c-4f8d-8bf7-fbc44fa1aadd', 31988, 5747, 6021, 'active', '2023-07-23T23:31:57.289Z', '2024-09-21T03:33:32.320Z', '2023-10-10T21:28:06.710Z'),
  ('ce22ca0b-6b5d-4951-907b-69b978fc9acb', '0b2618cc-8307-43bf-bd78-a7bbe12ccc6e', 'cb6f98d5-6496-4bf9-aead-b5918ba1e5c5', 62806, 15152, 8822, 'pending', '2024-12-04T21:48:47.274Z', '2024-03-15T14:13:08.911Z', '2023-02-10T18:26:52.430Z'),
  ('708b7446-8257-4646-83cf-8930b653ac9e', '9d83ad23-a95c-432b-9a15-742459cf1ea3', '91cf4f7e-c08c-4f8d-8bf7-fbc44fa1aadd', 21005, 36598, 3187, 'inactive', '2023-05-30T12:31:38.602Z', '2024-01-07T23:51:16.446Z', '2023-04-01T08:45:59.823Z'),
  ('410b92e6-86a9-42a7-b175-6344dd1d64b9', 'd256e8f2-b72f-4282-a366-d4100a9d6221', '08dc5d6d-4081-4aaa-90e6-c3a8cf0d968c', 67036, 40630, 4966, 'active', '2024-03-16T01:10:31.988Z', '2024-05-09T00:54:40.973Z', '2023-02-18T10:11:39.186Z');

INSERT INTO "insurance_claims" ("id", "encounter_id", "patient_id", "total_charges_cents", "allowed_amount_cents", "patient_responsibility_cents", "status", "submitted_at", "paid_at", "created_at") VALUES
  ('fe43d10a-e4b9-4504-b62d-0f2b34f7da40', 'd256e8f2-b72f-4282-a366-d4100a9d6221', '4b73d7b1-fee3-4e8b-8b19-b250c9e71779', 99148, 74011, 8777, 'pending', '2024-03-28T10:33:11.212Z', '2023-04-09T13:49:22.221Z', '2023-02-05T18:15:12.042Z'),
  ('ab2fc811-8e8d-4e8b-8369-2bbdd2abae86', '2278122a-ed6d-49a9-b067-be8c710c4c1e', '1f60d4d6-ae15-4845-b345-dba0e8e35819', 55545, 9637, 2071, 'active', '2024-05-14T15:45:24.228Z', '2024-08-25T18:14:06.746Z', '2024-07-13T23:22:43.479Z'),
  ('1be665aa-b178-49df-9df0-f2d8317d557d', '2278122a-ed6d-49a9-b067-be8c710c4c1e', '1f60d4d6-ae15-4845-b345-dba0e8e35819', 27811, 66863, 3871, 'active', '2024-09-23T19:36:47.173Z', '2024-11-19T17:51:35.122Z', '2024-08-14T05:54:25.252Z'),
  ('701ef953-3d94-4caa-a521-40b8a7fa5b5c', '30bab762-3567-411d-aa71-f267111af795', 'fe92fd29-2b8f-4a65-af6b-af6656e5537e', 82275, 23036, 1036, 'active', '2024-06-01T19:00:47.043Z', '2024-05-30T17:08:33.614Z', '2023-11-13T13:50:20.155Z'),
  ('b7393955-45e9-4e2e-ae34-c14dfd2d70d5', '2278122a-ed6d-49a9-b067-be8c710c4c1e', '7ef32c25-8dac-44c5-bd22-a89a8e34ec85', 42913, 90057, 307, 'active', '2023-10-13T09:34:01.441Z', '2023-08-15T16:03:15.746Z', '2023-01-11T10:37:16.907Z');

INSERT INTO "claim_payments" ("id", "claim_id", "amount_cents", "payment_method", "status", "paid_at", "created_at") VALUES
  ('e7e739fa-5647-4a14-bb7a-22b07234d69b', '31a3e644-8e52-4011-8788-182030d4282b', 41369, 'paypal', 'succeeded', '2023-11-19T08:52:36.485Z', '2024-02-19T22:44:01.565Z'),
  ('27287415-998f-45ae-9020-ee233c2044c6', 'd56f22f1-fdae-47a1-ab06-48cf3daeb9aa', 32729, 'wire', 'refunded', '2023-11-13T09:51:26.313Z', '2024-07-27T19:09:57.657Z'),
  ('9e3c8d03-3e67-4ff5-8ca0-2419a61a8d01', '1be665aa-b178-49df-9df0-f2d8317d557d', 23608, 'card', 'refunded', '2023-01-20T13:34:49.407Z', '2023-06-27T23:55:00.624Z'),
  ('8e30e1cd-65ae-4d51-847b-fdfb7b89bb01', 'd56f22f1-fdae-47a1-ab06-48cf3daeb9aa', 2303, 'card', 'failed', '2023-12-14T15:55:42.680Z', '2023-03-19T21:34:02.236Z'),
  ('623ac603-704a-4f7a-85a1-794322d086b1', 'b7393955-45e9-4e2e-ae34-c14dfd2d70d5', 18273, 'paypal', 'succeeded', '2023-07-06T14:27:19.171Z', '2024-11-14T01:34:37.368Z');

INSERT INTO "claim_payments" ("id", "claim_id", "amount_cents", "payment_method", "status", "paid_at", "created_at") VALUES
  ('eb4c27c3-8e53-42ee-98c7-84a19b2b7850', 'd56f22f1-fdae-47a1-ab06-48cf3daeb9aa', 34312, 'wire', 'succeeded', '2024-07-18T17:35:19.615Z', '2023-06-22T13:37:11.616Z'),
  ('23eed361-3ffb-40fb-8954-2f9c0ae28e82', '708b7446-8257-4646-83cf-8930b653ac9e', 32644, 'card', 'failed', '2023-08-12T16:45:23.499Z', '2023-09-26T00:23:48.708Z'),
  ('7a66127b-b78c-49d7-8ce8-bad81041a789', 'ab2fc811-8e8d-4e8b-8369-2bbdd2abae86', 23802, 'paypal', 'succeeded', '2024-08-16T05:01:47.595Z', '2024-02-17T22:09:15.250Z'),
  ('31fa0ba2-aeaf-4779-8935-0f8a3c0adb9c', '708b7446-8257-4646-83cf-8930b653ac9e', 24287, 'card', 'succeeded', '2023-09-27T16:44:55.776Z', '2024-10-06T10:42:41.699Z'),
  ('26081b3a-27b9-48dc-a1de-17068f6bec3b', '701ef953-3d94-4caa-a521-40b8a7fa5b5c', 44605, 'card', 'succeeded', '2024-01-15T12:00:42.390Z', '2024-09-23T08:07:01.258Z');

INSERT INTO "claim_payments" ("id", "claim_id", "amount_cents", "payment_method", "status", "paid_at", "created_at") VALUES
  ('fb0f4799-89cd-4b51-890a-ec03b1ca9af1', 'fe43d10a-e4b9-4504-b62d-0f2b34f7da40', 9573, 'paypal', 'succeeded', '2024-11-19T06:39:45.037Z', '2024-09-12T18:17:04.374Z'),
  ('5b32617e-a434-4f25-8fdd-74bfc6e377a1', '31a3e644-8e52-4011-8788-182030d4282b', 29571, 'card', 'succeeded', '2023-05-07T14:31:00.337Z', '2024-04-17T03:55:58.745Z'),
  ('9c99f7af-01ee-4d91-9171-8f8a33e964f6', '701ef953-3d94-4caa-a521-40b8a7fa5b5c', 39743, 'wire', 'succeeded', '2024-01-08T06:49:08.631Z', '2024-08-12T08:10:48.766Z'),
  ('cdca4ad3-4c9c-4db6-aedb-a3b1aa34a6af', 'b7393955-45e9-4e2e-ae34-c14dfd2d70d5', 5813, 'card', 'succeeded', '2023-09-12T17:30:32.500Z', '2024-03-22T22:12:52.314Z'),
  ('b2c7105c-fd4f-4c19-b2e9-88599308acb2', '701ef953-3d94-4caa-a521-40b8a7fa5b5c', 48619, 'paypal', 'succeeded', '2024-09-29T22:39:37.951Z', '2023-11-20T03:34:33.310Z');

INSERT INTO "claim_payments" ("id", "claim_id", "amount_cents", "payment_method", "status", "paid_at", "created_at") VALUES
  ('ce691bd3-5e7b-42b3-9613-b0986504cdbb', 'ab2fc811-8e8d-4e8b-8369-2bbdd2abae86', 35142, 'card', 'succeeded', '2024-05-07T02:06:01.659Z', '2024-08-22T11:30:42.664Z'),
  ('d58220fb-6d07-4816-a626-106aca15f2e3', 'fe43d10a-e4b9-4504-b62d-0f2b34f7da40', 5084, 'card', 'succeeded', '2023-04-21T19:15:59.125Z', '2023-07-06T00:48:55.534Z'),
  ('985298b7-92d6-4eb1-90fc-ade79eff1707', 'ab2fc811-8e8d-4e8b-8369-2bbdd2abae86', 48214, 'card', 'succeeded', '2024-09-14T07:24:07.425Z', '2023-01-29T03:38:34.512Z'),
  ('b16b4cab-dd7b-411f-a643-cb80c0ac19c4', '701ef953-3d94-4caa-a521-40b8a7fa5b5c', 32503, 'paypal', 'succeeded', '2024-09-17T10:27:51.577Z', '2024-05-02T01:21:42.059Z'),
  ('a52c7b13-fa8c-4748-81dd-89360912dca9', '410b92e6-86a9-42a7-b175-6344dd1d64b9', 21910, 'card', 'succeeded', '2023-11-02T13:56:50.856Z', '2024-08-23T06:47:35.610Z');

INSERT INTO "claim_payments" ("id", "claim_id", "amount_cents", "payment_method", "status", "paid_at", "created_at") VALUES
  ('8723203c-4b2f-43c3-ac60-494efc19d230', '410b92e6-86a9-42a7-b175-6344dd1d64b9', 13363, 'card', 'succeeded', '2024-02-27T18:36:38.904Z', '2023-05-11T08:44:53.215Z'),
  ('96e20f3c-cfb5-4735-b2e4-67dd4a2eb486', 'd56f22f1-fdae-47a1-ab06-48cf3daeb9aa', 16195, 'paypal', 'succeeded', '2024-07-26T07:36:10.243Z', '2023-10-21T07:08:38.426Z'),
  ('f45f7780-8fd6-4bce-950c-bdc0fb9a293b', '701ef953-3d94-4caa-a521-40b8a7fa5b5c', 18550, 'bank_transfer', 'succeeded', '2024-03-23T06:19:12.243Z', '2024-01-17T20:50:40.000Z'),
  ('130db767-a80d-4f5b-9016-823de98f1ebd', '708b7446-8257-4646-83cf-8930b653ac9e', 22333, 'paypal', 'succeeded', '2024-04-14T08:15:42.325Z', '2023-09-15T19:38:13.251Z'),
  ('0ee8b560-3af7-403a-8e10-ab3fb472862c', '701ef953-3d94-4caa-a521-40b8a7fa5b5c', 36103, 'paypal', 'refunded', '2023-03-31T03:26:49.826Z', '2024-09-23T13:01:17.764Z');

INSERT INTO "claim_payments" ("id", "claim_id", "amount_cents", "payment_method", "status", "paid_at", "created_at") VALUES
  ('4887852f-1474-4592-be20-d5982a62504a', 'fe43d10a-e4b9-4504-b62d-0f2b34f7da40', 31960, 'card', 'refunded', '2024-04-26T11:15:19.626Z', '2024-05-27T13:59:27.830Z'),
  ('02b1e454-5ebc-4fe8-8663-138dc25eec4c', 'fe43d10a-e4b9-4504-b62d-0f2b34f7da40', 44820, 'bank_transfer', 'succeeded', '2023-06-05T02:43:10.142Z', '2023-11-05T05:04:28.859Z'),
  ('e8e5ca3e-3bdd-4a5c-8dff-436731644aac', 'ab2fc811-8e8d-4e8b-8369-2bbdd2abae86', 16332, 'card', 'succeeded', '2023-04-10T05:07:43.896Z', '2023-08-23T22:06:29.707Z'),
  ('c002d482-42d4-4099-873e-af5994f2777e', '701ef953-3d94-4caa-a521-40b8a7fa5b5c', 21192, 'card', 'succeeded', '2024-06-08T10:34:07.621Z', '2023-05-20T01:27:27.477Z'),
  ('141586d5-3cae-4d15-bdfb-1046323bade7', '701ef953-3d94-4caa-a521-40b8a7fa5b5c', 27121, 'bank_transfer', 'succeeded', '2024-10-19T01:03:21.552Z', '2024-03-28T18:36:34.787Z');

INSERT INTO "subscriptions" ("id", "org_id", "plan_id", "status", "trial_ends_at", "current_period_start", "current_period_end", "started_at", "canceled_at") VALUES
  ('33e0b801-7e87-4e2f-b1c4-6963fc0a31a6', '0d970844-0f2f-4887-862c-d77ccf517309', 'fae4b157-e882-4a3b-a651-fb81f905a69a', 'canceled', '2023-05-15T08:43:20.150Z', '2024-12-31T13:53:13.478Z', '2024-11-08T07:14:55.275Z', '2023-09-14T16:07:21.438Z', '2023-05-01T16:46:57.306Z'),
  ('ef1b51c0-2b6c-467b-baab-2ee01c55f58b', '354dbddb-8234-484b-93a8-aeb1ed16f16e', 'fae4b157-e882-4a3b-a651-fb81f905a69a', 'trialing', '2023-05-23T16:33:24.904Z', '2024-09-20T10:27:18.953Z', '2024-09-06T14:54:40.727Z', '2023-09-25T07:31:30.380Z', '2024-05-09T21:04:44.608Z'),
  ('cad13d54-df35-4aee-bffe-c43b4b32170c', '0d970844-0f2f-4887-862c-d77ccf517309', 'fae4b157-e882-4a3b-a651-fb81f905a69a', 'active', '2024-04-23T10:37:00.535Z', '2023-04-29T06:06:48.290Z', '2023-06-10T07:55:09.757Z', '2023-02-27T20:36:10.839Z', '2023-12-09T19:40:54.879Z'),
  ('1da6a5e5-8d58-4612-9320-53b3622adb3f', '7b9ce613-b8ef-47b4-ad85-d21efe90ea6f', 'fae4b157-e882-4a3b-a651-fb81f905a69a', 'trialing', '2024-10-27T18:44:30.735Z', '2024-12-12T08:13:40.833Z', '2024-11-23T22:10:27.966Z', '2023-05-26T13:09:09.421Z', '2024-05-25T23:14:24.412Z'),
  ('02ffbc9d-a9c7-420c-bb9c-d2f2f85637ab', '354dbddb-8234-484b-93a8-aeb1ed16f16e', 'fae4b157-e882-4a3b-a651-fb81f905a69a', 'active', '2023-06-07T04:05:19.874Z', '2023-01-12T17:26:49.830Z', '2024-10-19T15:27:20.860Z', '2024-09-11T02:17:50.183Z', '2023-10-08T17:29:06.858Z');

INSERT INTO "subscriptions" ("id", "org_id", "plan_id", "status", "trial_ends_at", "current_period_start", "current_period_end", "started_at", "canceled_at") VALUES
  ('ff641dc3-2307-4511-a437-5382b78bbb72', '7b9ce613-b8ef-47b4-ad85-d21efe90ea6f', 'fae4b157-e882-4a3b-a651-fb81f905a69a', 'active', '2023-06-25T00:01:05.410Z', '2023-11-24T15:01:39.196Z', '2024-04-06T22:26:55.582Z', '2023-08-06T15:09:03.505Z', '2023-09-24T00:42:16.900Z'),
  ('1ae04cba-ee74-47c9-ba55-54ad8161d6b8', '0d970844-0f2f-4887-862c-d77ccf517309', 'fae4b157-e882-4a3b-a651-fb81f905a69a', 'trialing', '2023-07-09T11:21:19.871Z', '2023-10-18T17:22:52.234Z', '2023-11-28T22:00:05.298Z', '2024-12-23T09:12:31.639Z', '2024-04-03T04:38:10.232Z'),
  ('400bad54-f16f-49c1-9be3-373fd45baf3d', '7b9ce613-b8ef-47b4-ad85-d21efe90ea6f', 'fae4b157-e882-4a3b-a651-fb81f905a69a', 'active', '2023-10-04T20:10:05.661Z', '2023-04-20T02:25:35.720Z', '2024-08-04T17:08:47.393Z', '2024-01-04T04:23:49.053Z', '2023-10-29T08:50:16.415Z'),
  ('d400109f-6c9a-4347-801e-33587bdf00bf', '0d970844-0f2f-4887-862c-d77ccf517309', 'fae4b157-e882-4a3b-a651-fb81f905a69a', 'active', '2023-10-29T22:50:54.853Z', '2023-11-06T19:42:17.862Z', '2023-05-18T17:14:14.762Z', '2024-12-24T15:15:32.382Z', '2023-04-08T22:20:03.813Z'),
  ('541246c5-40d1-4d6e-a5a1-e97578d19aee', '0d970844-0f2f-4887-862c-d77ccf517309', 'fae4b157-e882-4a3b-a651-fb81f905a69a', 'active', '2023-12-21T22:06:30.570Z', '2023-07-06T15:30:32.668Z', '2024-04-05T20:14:18.725Z', '2023-02-02T09:13:13.421Z', '2023-04-05T03:35:20.673Z');

INSERT INTO "subscriptions" ("id", "org_id", "plan_id", "status", "trial_ends_at", "current_period_start", "current_period_end", "started_at", "canceled_at") VALUES
  ('079b154d-5e12-4681-989b-5359f0cfcbcb', '7b9ce613-b8ef-47b4-ad85-d21efe90ea6f', 'fae4b157-e882-4a3b-a651-fb81f905a69a', 'active', '2024-06-30T04:38:43.240Z', '2023-05-27T16:44:31.983Z', '2023-07-09T18:07:32.429Z', '2024-01-10T07:06:30.455Z', '2023-06-27T06:13:21.516Z'),
  ('c490cca1-7663-43cf-989d-67ba56626230', '354dbddb-8234-484b-93a8-aeb1ed16f16e', 'fae4b157-e882-4a3b-a651-fb81f905a69a', 'active', '2024-09-15T02:17:35.669Z', '2023-02-04T19:15:59.729Z', '2023-12-14T16:55:08.441Z', '2024-01-19T14:37:08.025Z', '2023-08-10T00:09:30.213Z');

INSERT INTO "invoices" ("id", "subscription_id", "amount_cents", "currency", "status", "due_date", "paid_at", "created_at") VALUES
  ('01c559da-b0f2-40dc-a940-96514a777cda', 'c490cca1-7663-43cf-989d-67ba56626230', 27719, 'USD', 'paid', '2023-05-10T05:04:11.560Z', '2023-05-23T04:25:14.736Z', '2024-12-22T05:34:05.352Z'),
  ('a086ae75-e940-472d-a877-7e6c7e4ec330', '1da6a5e5-8d58-4612-9320-53b3622adb3f', 397253, 'USD', 'paid', '2023-10-02T04:56:15.053Z', '2024-08-11T04:25:42.163Z', '2024-01-26T21:39:36.276Z'),
  ('6630120b-bcc9-4825-94e8-f386efdbd57a', '079b154d-5e12-4681-989b-5359f0cfcbcb', 102019, 'USD', 'uncollectible', '2024-04-28T12:23:08.121Z', '2023-01-02T18:20:52.350Z', '2023-08-07T17:12:42.887Z'),
  ('0d499fe9-d914-46ec-a0bd-fa7c12c346b4', 'c490cca1-7663-43cf-989d-67ba56626230', 338948, 'USD', 'paid', '2024-04-04T18:54:17.975Z', '2024-10-15T19:13:41.553Z', '2023-10-11T16:46:39.059Z'),
  ('96955e39-37a5-46f0-ac44-ceeb223e6ec8', 'ff641dc3-2307-4511-a437-5382b78bbb72', 272144, 'USD', 'paid', '2024-04-20T05:12:09.796Z', '2024-05-13T05:11:02.209Z', '2023-05-28T21:04:27.512Z');

INSERT INTO "invoices" ("id", "subscription_id", "amount_cents", "currency", "status", "due_date", "paid_at", "created_at") VALUES
  ('f320c37d-889a-4c29-85d2-93ecd76c73c0', 'c490cca1-7663-43cf-989d-67ba56626230', 320469, 'USD', 'paid', '2024-03-10T04:43:25.422Z', '2024-02-28T00:36:16.888Z', '2023-12-11T09:30:13.312Z'),
  ('8f666849-c81c-4d32-b50e-e63ff7fcb8f2', '1da6a5e5-8d58-4612-9320-53b3622adb3f', 160706, 'USD', 'paid', '2023-06-03T15:34:40.359Z', '2024-03-14T15:10:53.284Z', '2023-05-13T13:25:07.417Z'),
  ('0a287c50-a8ee-447f-a150-f32b780d0deb', '079b154d-5e12-4681-989b-5359f0cfcbcb', 221486, 'CAD', 'paid', '2023-05-22T04:13:10.024Z', '2023-04-10T22:14:17.867Z', '2024-11-09T23:41:46.840Z'),
  ('a6ff14a7-c78a-4b92-9f74-a443cc05e95c', '02ffbc9d-a9c7-420c-bb9c-d2f2f85637ab', 170542, 'EUR', 'paid', '2023-06-19T00:18:27.847Z', '2024-07-03T14:10:12.664Z', '2024-03-01T05:53:42.887Z'),
  ('7f88354d-250b-401a-9bba-cf9e6ad5c02b', '1ae04cba-ee74-47c9-ba55-54ad8161d6b8', 127804, 'USD', 'paid', '2023-10-10T01:48:13.659Z', '2024-02-20T20:34:06.764Z', '2023-07-31T19:03:49.390Z');

INSERT INTO "invoices" ("id", "subscription_id", "amount_cents", "currency", "status", "due_date", "paid_at", "created_at") VALUES
  ('15983f0e-e8d9-4ccc-b513-e33a6aaecb5a', '1ae04cba-ee74-47c9-ba55-54ad8161d6b8', 377910, 'USD', 'paid', '2023-10-08T18:32:19.386Z', '2023-05-28T15:10:38.915Z', '2023-10-14T22:46:47.111Z'),
  ('5fa09a53-5f70-4283-bb12-b75906b8d035', '33e0b801-7e87-4e2f-b1c4-6963fc0a31a6', 359739, 'USD', 'paid', '2023-02-20T02:58:42.316Z', '2023-02-16T05:26:39.637Z', '2024-02-10T16:53:50.317Z'),
  ('e948102d-2c64-49de-b455-0ef27006f74b', '33e0b801-7e87-4e2f-b1c4-6963fc0a31a6', 344269, 'GBP', 'paid', '2023-02-13T12:43:26.811Z', '2023-05-08T16:09:28.417Z', '2023-09-23T22:57:36.981Z'),
  ('a16506d9-6dba-499f-822a-95388ac96322', 'c490cca1-7663-43cf-989d-67ba56626230', 369636, 'EUR', 'paid', '2024-03-08T06:56:28.191Z', '2024-10-17T06:28:27.655Z', '2023-12-02T07:38:11.307Z'),
  ('b1e2127a-d2aa-46bb-acc1-12746b38f92e', '1ae04cba-ee74-47c9-ba55-54ad8161d6b8', 460479, 'USD', 'paid', '2023-09-07T17:44:57.793Z', '2023-08-18T23:09:52.239Z', '2024-10-23T09:00:56.365Z');

INSERT INTO "invoices" ("id", "subscription_id", "amount_cents", "currency", "status", "due_date", "paid_at", "created_at") VALUES
  ('4df7781a-7969-47cb-88a4-a9445be426a9', '1ae04cba-ee74-47c9-ba55-54ad8161d6b8', 223393, 'USD', 'paid', '2024-09-27T15:24:16.101Z', '2023-09-12T22:27:53.216Z', '2023-11-29T02:10:45.008Z'),
  ('938a8e2c-f630-4e57-b3f3-967a47a1657d', '541246c5-40d1-4d6e-a5a1-e97578d19aee', 173147, 'USD', 'paid', '2023-10-15T01:56:51.188Z', '2023-08-05T20:18:56.933Z', '2024-02-10T18:02:42.453Z'),
  ('80658005-8095-4a4d-976e-0e7aad81b714', '02ffbc9d-a9c7-420c-bb9c-d2f2f85637ab', 13475, 'GBP', 'paid', '2023-02-09T10:06:45.919Z', '2023-02-15T01:12:07.607Z', '2024-03-29T20:41:55.217Z'),
  ('c5e2a039-f299-48c0-abb6-1056b7036642', '079b154d-5e12-4681-989b-5359f0cfcbcb', 92278, 'USD', 'paid', '2023-06-15T23:21:03.715Z', '2023-03-28T19:14:14.997Z', '2023-03-26T14:55:32.128Z'),
  ('3fd895f9-e54b-4e8f-8c05-cb5385d0f350', '541246c5-40d1-4d6e-a5a1-e97578d19aee', 171353, 'USD', 'paid', '2023-12-30T08:34:31.997Z', '2024-11-26T20:11:56.981Z', '2023-09-26T22:12:56.341Z');

INSERT INTO "invoices" ("id", "subscription_id", "amount_cents", "currency", "status", "due_date", "paid_at", "created_at") VALUES
  ('60e8a917-92db-45f3-bb3c-27afab133334', 'c490cca1-7663-43cf-989d-67ba56626230', 159782, 'GBP', 'paid', '2024-05-26T22:14:54.805Z', '2024-03-27T05:37:51.543Z', '2024-08-16T19:31:42.649Z'),
  ('59994b3e-89e5-413f-8ac8-7b9882a8e79b', '541246c5-40d1-4d6e-a5a1-e97578d19aee', 301305, 'USD', 'open', '2024-12-06T16:38:23.157Z', '2023-11-23T10:39:25.187Z', '2023-03-31T14:51:45.034Z'),
  ('3d792bb0-772c-4048-b8e9-a91ae85dcabf', '1ae04cba-ee74-47c9-ba55-54ad8161d6b8', 456228, 'CAD', 'paid', '2024-09-16T21:52:44.566Z', '2024-04-12T16:20:37.648Z', '2023-08-21T19:38:29.185Z'),
  ('b0770ed7-4c12-4e57-b236-e7fea0d23424', '33e0b801-7e87-4e2f-b1c4-6963fc0a31a6', 323652, 'GBP', 'open', '2024-09-18T15:59:04.418Z', '2023-07-02T06:29:24.532Z', '2023-03-07T23:08:04.045Z'),
  ('004e7288-6071-4d7f-8123-554a08179009', 'cad13d54-df35-4aee-bffe-c43b4b32170c', 80707, 'EUR', 'void', '2023-03-23T01:24:25.101Z', '2023-04-05T18:52:57.015Z', '2024-02-01T10:01:35.487Z');

INSERT INTO "invoices" ("id", "subscription_id", "amount_cents", "currency", "status", "due_date", "paid_at", "created_at") VALUES
  ('b54ff59a-947c-42e2-87df-8cc5ef0a0ee3', 'd400109f-6c9a-4347-801e-33587bdf00bf', 310615, 'USD', 'past_due', '2024-12-22T15:48:56.879Z', '2024-09-17T07:26:50.628Z', '2023-09-27T14:06:11.611Z'),
  ('997a373d-56b0-4e25-8abd-e1ba4d290e30', 'ef1b51c0-2b6c-467b-baab-2ee01c55f58b', 129837, 'USD', 'paid', '2024-04-14T01:22:59.585Z', '2023-02-02T14:17:00.912Z', '2023-08-27T02:28:09.034Z'),
  ('e4ae7a82-f026-448c-aab8-647a8526c962', 'ef1b51c0-2b6c-467b-baab-2ee01c55f58b', 103244, 'USD', 'void', '2024-10-26T22:47:35.675Z', '2024-02-17T20:33:34.611Z', '2023-09-21T04:18:53.040Z'),
  ('7d9ab57f-e6a1-4de7-b51b-502b944ad756', 'cad13d54-df35-4aee-bffe-c43b4b32170c', 159636, 'CAD', 'paid', '2024-01-27T15:38:47.762Z', '2024-09-03T19:10:25.499Z', '2023-11-27T08:17:06.034Z'),
  ('c5164b0c-21cf-43b3-83a2-7b5a53d74647', 'd400109f-6c9a-4347-801e-33587bdf00bf', 305062, 'GBP', 'void', '2024-12-07T15:54:19.960Z', '2024-06-12T01:00:12.611Z', '2024-10-23T05:29:02.818Z');

INSERT INTO "payments" ("id", "invoice_id", "amount_cents", "currency", "payment_method", "status", "failure_reason", "paid_at") VALUES
  ('b5ddd435-91de-46f8-bb63-5a0694af4a04', '0d499fe9-d914-46ec-a0bd-fa7c12c346b4', 38789, 'USD', 'card', 'succeeded', 'card_declined', '2024-09-15T19:12:34.696Z'),
  ('9051b8f2-f2ca-4a4c-b827-d091b356c0b2', '938a8e2c-f630-4e57-b3f3-967a47a1657d', 45394, 'GBP', 'bank_transfer', 'succeeded', 'expired_card', '2023-05-28T08:07:39.592Z'),
  ('482580a3-e5f0-42f9-879d-8a16fe0ee873', '8f666849-c81c-4d32-b50e-e63ff7fcb8f2', 14879, 'GBP', 'card', 'succeeded', 'insufficient_funds', '2023-01-22T18:35:29.580Z'),
  ('8112bfe3-5112-42ab-b138-5ca745f8d746', 'e948102d-2c64-49de-b455-0ef27006f74b', 8856, 'USD', 'card', 'succeeded', 'insufficient_funds', '2023-11-11T02:41:58.036Z'),
  ('79c5185f-819d-43e8-a2cf-ac7cfc7e9516', 'e4ae7a82-f026-448c-aab8-647a8526c962', 8406, 'USD', 'wire', 'succeeded', 'insufficient_funds', '2023-03-09T17:09:00.106Z');

INSERT INTO "payments" ("id", "invoice_id", "amount_cents", "currency", "payment_method", "status", "failure_reason", "paid_at") VALUES
  ('bf363031-746e-4cd2-b47a-bad16da617ab', '997a373d-56b0-4e25-8abd-e1ba4d290e30', 5711, 'EUR', 'wire', 'succeeded', 'expired_card', '2023-08-26T23:53:47.483Z'),
  ('1c8a27be-ee94-4a79-b451-429b93a22f42', '0a287c50-a8ee-447f-a150-f32b780d0deb', 18632, 'USD', 'wire', 'succeeded', 'card_declined', '2023-10-15T02:24:21.704Z'),
  ('3a83acf9-e2e4-4519-8996-7634946b2ae3', '8f666849-c81c-4d32-b50e-e63ff7fcb8f2', 27294, 'USD', 'paypal', 'succeeded', 'expired_card', '2024-08-04T08:09:13.985Z'),
  ('fc3a40cb-767e-4d93-b421-eaffff15b8fa', '0a287c50-a8ee-447f-a150-f32b780d0deb', 43399, 'USD', 'card', 'pending', 'card_declined', '2024-05-30T11:36:06.527Z'),
  ('195aa03d-fbe4-4ffb-9b7c-327b6ebd9e98', 'c5164b0c-21cf-43b3-83a2-7b5a53d74647', 44367, 'USD', 'card', 'succeeded', 'expired_card', '2023-07-13T10:24:20.515Z');

INSERT INTO "payments" ("id", "invoice_id", "amount_cents", "currency", "payment_method", "status", "failure_reason", "paid_at") VALUES
  ('40b2d373-e789-4964-aeaa-720ec4a0345b', '60e8a917-92db-45f3-bb3c-27afab133334', 28792, 'USD', 'card', 'refunded', 'expired_card', '2024-08-31T06:43:16.950Z'),
  ('9a47282a-aa63-407b-807f-99f4264c4d65', '5fa09a53-5f70-4283-bb12-b75906b8d035', 20943, 'USD', 'card', 'succeeded', 'insufficient_funds', '2023-05-31T18:57:09.683Z'),
  ('7f1824c8-c7a3-42e7-90d4-059ceb88516d', 'a086ae75-e940-472d-a877-7e6c7e4ec330', 6218, 'CAD', 'paypal', 'succeeded', 'card_declined', '2023-09-24T01:47:25.881Z'),
  ('156e3ee0-787e-4f5f-bf1a-61620c95b98f', 'c5164b0c-21cf-43b3-83a2-7b5a53d74647', 23931, 'USD', 'card', 'succeeded', 'card_declined', '2024-12-07T15:54:16.788Z'),
  ('36ef4407-146a-44e0-8e46-1948a7ca274f', 'b0770ed7-4c12-4e57-b236-e7fea0d23424', 48693, 'USD', 'card', 'succeeded', 'insufficient_funds', '2024-07-23T03:01:37.584Z');

INSERT INTO "payments" ("id", "invoice_id", "amount_cents", "currency", "payment_method", "status", "failure_reason", "paid_at") VALUES
  ('3d25a96e-c5a4-425d-a758-1087a96d6381', '96955e39-37a5-46f0-ac44-ceeb223e6ec8', 35821, 'GBP', 'paypal', 'succeeded', 'card_declined', '2024-02-28T03:59:40.803Z'),
  ('70ae420f-07ec-4d06-bf23-d7b63a173262', '59994b3e-89e5-413f-8ac8-7b9882a8e79b', 44442, 'CAD', 'bank_transfer', 'succeeded', 'expired_card', '2024-05-20T16:47:53.596Z'),
  ('a37b85a8-532f-49ac-a0af-6704166f3fc2', '004e7288-6071-4d7f-8123-554a08179009', 28282, 'USD', 'card', 'pending', 'insufficient_funds', '2023-05-12T05:31:40.260Z'),
  ('39f39bfb-dd95-4737-bd8c-23678882a241', 'f320c37d-889a-4c29-85d2-93ecd76c73c0', 13896, 'USD', 'card', 'succeeded', 'card_declined', '2023-04-16T18:08:48.540Z'),
  ('e1958e6e-4c39-4527-b4cb-828b0640381a', '7f88354d-250b-401a-9bba-cf9e6ad5c02b', 40698, 'EUR', 'card', 'succeeded', 'expired_card', '2024-08-29T13:39:14.675Z');

INSERT INTO "payments" ("id", "invoice_id", "amount_cents", "currency", "payment_method", "status", "failure_reason", "paid_at") VALUES
  ('6a1c0f95-d56d-42c5-9fa1-11bdc3b3a7dc', '5fa09a53-5f70-4283-bb12-b75906b8d035', 10775, 'GBP', 'card', 'succeeded', 'expired_card', '2024-02-07T17:29:19.355Z'),
  ('07fcafeb-94d9-4916-84f8-49a7eeb4fe84', '7f88354d-250b-401a-9bba-cf9e6ad5c02b', 42714, 'USD', 'card', 'succeeded', 'insufficient_funds', '2024-09-20T07:49:43.647Z'),
  ('e735c038-1c39-41b3-9fd8-d366278aa695', 'a6ff14a7-c78a-4b92-9f74-a443cc05e95c', 34750, 'USD', 'bank_transfer', 'succeeded', 'card_declined', '2024-04-24T03:18:24.995Z'),
  ('eacd8942-d0c4-4f62-bebe-c39f58161471', '004e7288-6071-4d7f-8123-554a08179009', 17022, 'USD', 'wire', 'refunded', 'insufficient_funds', '2023-02-27T15:23:09.279Z'),
  ('35e80c02-7bcd-41e6-a688-f29f89196a72', '59994b3e-89e5-413f-8ac8-7b9882a8e79b', 8939, 'EUR', 'card', 'failed', 'insufficient_funds', '2024-03-09T18:08:48.734Z');

INSERT INTO "payments" ("id", "invoice_id", "amount_cents", "currency", "payment_method", "status", "failure_reason", "paid_at") VALUES
  ('3b867f03-e31d-4385-bb0e-f216bf6b7743', 'a086ae75-e940-472d-a877-7e6c7e4ec330', 38343, 'EUR', 'wire', 'succeeded', 'card_declined', '2023-10-07T20:44:14.914Z'),
  ('1f45760a-72f3-4e48-b031-036598afd98c', '0d499fe9-d914-46ec-a0bd-fa7c12c346b4', 42894, 'GBP', 'wire', 'succeeded', 'card_declined', '2023-09-17T14:06:19.797Z'),
  ('f8eb68c8-ee45-4dfa-9c18-cb043f512650', '004e7288-6071-4d7f-8123-554a08179009', 10108, 'GBP', 'bank_transfer', 'succeeded', 'card_declined', '2024-01-01T20:18:10.121Z'),
  ('c8e5a348-50f6-472c-be4c-5dfd91ddcbca', '6630120b-bcc9-4825-94e8-f386efdbd57a', 2944, 'USD', 'bank_transfer', 'failed', 'card_declined', '2024-12-09T10:05:57.598Z'),
  ('d34d5683-af41-46aa-8c81-42da031dc95d', 'a16506d9-6dba-499f-822a-95388ac96322', 37990, 'GBP', 'card', 'succeeded', 'insufficient_funds', '2024-07-01T10:18:41.353Z');

INSERT INTO "users" ("id", "org_id", "email", "full_name", "role", "status", "last_login_at", "created_at") VALUES
  ('26f90513-fa3e-4138-bc29-8338d3f892e1', '354dbddb-8234-484b-93a8-aeb1ed16f16e', 'kenneth.foster.0@zoho.com', 'Karen Baker', 'member', 'inactive', '2024-12-18T04:24:53.073Z', '2024-05-10T22:03:46.832Z'),
  ('1a87d5b4-739c-4246-8363-da1f393dd8d6', '7b9ce613-b8ef-47b4-ad85-d21efe90ea6f', 'benjamin.torres.1@mail.com', 'Joseph Scott', 'member', 'active', '2024-12-22T05:22:40.720Z', '2023-05-17T05:57:46.158Z'),
  ('0cd87f71-cfef-4fa3-a01b-6a257048bbf9', '0d970844-0f2f-4887-862c-d77ccf517309', 'jerry.myers.2@outlook.com', 'Brian Mitchell', 'member', 'inactive', '2024-12-02T13:43:56.443Z', '2023-12-21T01:51:31.206Z'),
  ('184bf977-f1b2-4ca8-8142-770b30f4cc82', '7b9ce613-b8ef-47b4-ad85-d21efe90ea6f', 'maria.ramirez.3@fastmail.com', 'Anna Alvarez', 'member', 'active', '2024-12-10T06:46:15.395Z', '2024-06-01T15:48:23.927Z'),
  ('656e218e-837d-43bf-8d98-5fbae1e75df6', '354dbddb-8234-484b-93a8-aeb1ed16f16e', 'emily.roberts.4@gmail.com', 'Christine Edwards', 'admin', 'active', '2024-12-20T19:01:35.630Z', '2023-10-08T07:55:34.527Z');

INSERT INTO "users" ("id", "org_id", "email", "full_name", "role", "status", "last_login_at", "created_at") VALUES
  ('55ccad2d-da35-42af-a148-b43d1d825969', '7b9ce613-b8ef-47b4-ad85-d21efe90ea6f', 'betty.richardson.5@protonmail.com', 'Susan Cooper', 'admin', 'active', '2024-12-17T07:27:26.531Z', '2024-07-11T23:16:02.249Z'),
  ('8d4a69ba-5b0f-459c-9c15-07dce9debaaa', '354dbddb-8234-484b-93a8-aeb1ed16f16e', 'nicole.miller.6@hotmail.com', 'Katherine Jackson', 'admin', 'active', '2024-12-06T00:37:22.685Z', '2024-02-08T04:28:31.792Z'),
  ('980b02ca-47e2-413a-9cf6-08da766ce352', '354dbddb-8234-484b-93a8-aeb1ed16f16e', 'christine.williams.7@mail.com', 'Emma Ward', 'member', 'active', '2024-12-29T22:30:57.335Z', '2024-11-05T16:29:45.716Z'),
  ('c201b7c2-968b-485b-bbf5-7f90e1e21650', '0d970844-0f2f-4887-862c-d77ccf517309', 'brandon.sanchez.8@fastmail.com', 'Maria Roberts', 'member', 'active', '2024-12-29T17:11:42.816Z', '2024-11-14T01:35:17.429Z'),
  ('45db9ea1-a913-4837-97f8-7824e4f703b9', '7b9ce613-b8ef-47b4-ad85-d21efe90ea6f', 'larry.castillo.9@outlook.com', 'Mark Patel', 'member', 'inactive', '2024-12-28T14:38:38.493Z', '2023-07-24T12:41:56.442Z');

INSERT INTO "sessions" ("id", "user_id", "started_at", "ended_at", "duration_seconds", "ip_address", "user_agent", "country", "created_at") VALUES
  ('1fbd10ef-e8dc-4963-a76b-b35f26d5efed', '45db9ea1-a913-4837-97f8-7824e4f703b9', '2024-04-18T11:38:56.793Z', '2024-12-17T18:46:31.766Z', 2911, 'Dog fox lambda', 'Alpha zeta zeta theta omega process module module', 'FR', '2024-08-03T07:02:22.133Z'),
  ('34c150a0-64e8-4bcd-b542-e436b50e36d4', '26f90513-fa3e-4138-bc29-8338d3f892e1', '2024-04-26T14:53:55.177Z', '2024-12-23T12:56:14.824Z', 6667, 'Theta kappa client', 'Kappa kappa alpha jumps the cloud platform jumps', 'US', '2024-09-08T11:28:21.359Z'),
  ('db841885-cd90-4ad8-8479-3b9a3b4a0675', '26f90513-fa3e-4138-bc29-8338d3f892e1', '2023-04-30T08:06:01.549Z', '2024-12-10T15:17:52.446Z', 7229, 'Over theta network', 'Server module the platform sigma brown lambda process', 'US', '2023-08-19T14:38:07.839Z'),
  ('0a870538-98cb-466b-b7aa-f9c187230ab9', '656e218e-837d-43bf-8d98-5fbae1e75df6', '2023-08-25T17:24:32.542Z', '2024-12-07T17:27:46.109Z', 8998, 'Platform lambda system', 'System the omega epsilon epsilon the service service', 'DE', '2024-02-17T14:56:50.991Z'),
  ('d526a1f1-a636-466c-826a-0c06da2d0197', '26f90513-fa3e-4138-bc29-8338d3f892e1', '2024-09-30T08:13:03.336Z', '2024-12-22T11:37:01.136Z', 1748, 'Brown module system', 'Dog theta gamma dog service fox alpha module', 'US', '2023-01-20T00:14:29.824Z');

INSERT INTO "sessions" ("id", "user_id", "started_at", "ended_at", "duration_seconds", "ip_address", "user_agent", "country", "created_at") VALUES
  ('7cd90ab7-9f01-4954-92ae-803361945e4b', '55ccad2d-da35-42af-a148-b43d1d825969', '2023-11-18T12:30:52.386Z', '2024-12-31T07:44:42.634Z', 9783, 'Gamma over server', 'Kappa server quick brown data engine quick fox', 'US', '2023-04-29T05:22:17.468Z'),
  ('b2c7180d-1edd-48b2-9535-e558e6b0dade', '184bf977-f1b2-4ca8-8142-770b30f4cc82', '2023-08-18T09:36:39.016Z', '2024-12-20T22:23:56.793Z', 10221, 'Omega client server', 'Beta platform cloud jumps sigma brown over gamma', 'US', '2024-07-24T03:22:33.911Z'),
  ('85430c35-ad6f-42b0-9aba-555cdf862738', '0cd87f71-cfef-4fa3-a01b-6a257048bbf9', '2023-01-29T21:49:31.807Z', '2024-12-31T07:38:31.384Z', 13420, 'Theta cloud platform', 'Fox theta dog service module gamma over module', 'US', '2024-11-12T14:06:06.110Z'),
  ('f21763e8-ad0d-4eaf-be3d-61332ca057d4', '8d4a69ba-5b0f-459c-9c15-07dce9debaaa', '2024-08-29T23:05:14.484Z', '2024-12-09T02:54:19.270Z', 2533, 'Cloud over delta', 'Delta epsilon omega network system omega epsilon system', 'US', '2024-08-20T00:18:12.719Z'),
  ('0d0b8cf0-86f4-4192-9de3-93503b6fc52a', '184bf977-f1b2-4ca8-8142-770b30f4cc82', '2023-04-29T08:19:58.494Z', '2024-12-31T02:27:59.237Z', 5133, 'Theta dog gamma', 'Zeta lambda the platform service lambda dog service', 'US', '2023-07-24T00:37:59.739Z');

INSERT INTO "sessions" ("id", "user_id", "started_at", "ended_at", "duration_seconds", "ip_address", "user_agent", "country", "created_at") VALUES
  ('f92a6ff8-8dd4-4bbf-8363-bf6af97489f1', '55ccad2d-da35-42af-a148-b43d1d825969', '2024-05-06T15:22:13.928Z', '2024-12-27T12:45:16.593Z', 2390, 'Delta service server', 'Server zeta client network delta module service over', 'BR', '2023-12-04T09:50:47.034Z'),
  ('06460c92-932d-44f5-8223-513d209ce3a4', '980b02ca-47e2-413a-9cf6-08da766ce352', '2023-07-02T18:14:59.221Z', '2024-12-05T09:30:47.852Z', 14254, 'Lambda network cloud', 'Service process process module alpha omega service system', 'US', '2023-04-01T00:02:26.923Z'),
  ('3905dde8-33a8-420b-8edc-0e5de0c89f76', '45db9ea1-a913-4837-97f8-7824e4f703b9', '2023-04-04T19:36:04.204Z', '2024-12-16T01:03:35.939Z', 14383, 'Server module quick', 'System alpha alpha process the data omega beta', 'CA', '2023-11-24T08:09:17.984Z'),
  ('cecdff8c-05fc-4322-b918-39789e14b2c9', '0cd87f71-cfef-4fa3-a01b-6a257048bbf9', '2023-12-31T03:52:40.410Z', '2024-12-27T02:30:50.949Z', 1625, 'Dog lambda beta', 'Data module brown client cloud omega lazy sigma', 'US', '2023-08-31T11:14:23.113Z'),
  ('8fecddfd-14db-4314-8b4f-d51a70c82d37', '8d4a69ba-5b0f-459c-9c15-07dce9debaaa', '2024-02-07T10:26:13.130Z', '2024-12-04T21:30:44.547Z', 10283, 'Epsilon epsilon platform', 'Alpha zeta lambda lazy jumps the dog brown', 'CA', '2023-06-29T20:33:02.269Z');

INSERT INTO "sessions" ("id", "user_id", "started_at", "ended_at", "duration_seconds", "ip_address", "user_agent", "country", "created_at") VALUES
  ('a8fa81b2-30ca-44c1-bb21-96e0c3ab1314', '1a87d5b4-739c-4246-8363-da1f393dd8d6', '2024-10-05T10:18:52.367Z', '2024-12-25T21:54:09.135Z', 3353, 'Client the fox', 'Cloud brown zeta alpha module delta client delta', 'US', '2024-03-31T19:06:08.430Z'),
  ('35ba938a-9949-4220-ba1b-5feec6a006e5', '184bf977-f1b2-4ca8-8142-770b30f4cc82', '2024-12-28T15:27:18.877Z', '2024-12-12T04:36:09.420Z', 11037, 'Alpha platform cloud', 'Cloud dog quick lambda data brown beta network', 'DE', '2023-07-10T06:25:26.344Z'),
  ('b9e78a5a-2cfa-4745-bf2c-78b77488e6a8', '55ccad2d-da35-42af-a148-b43d1d825969', '2023-11-16T06:58:15.720Z', '2024-12-05T21:13:46.335Z', 1722, 'Lazy fox engine', 'Cloud fox process alpha zeta quick engine fox', 'US', '2023-11-25T13:50:52.284Z'),
  ('8aae2b0b-4df8-435e-9a64-011da2e8b3b6', '55ccad2d-da35-42af-a148-b43d1d825969', '2024-08-24T19:54:18.983Z', '2024-12-27T22:34:36.013Z', 12807, 'System client client', 'Alpha over sigma over theta client over theta', 'US', '2023-10-02T07:39:26.296Z'),
  ('b16349bb-ce48-4d33-8ea2-0dbc662a97ef', '184bf977-f1b2-4ca8-8142-770b30f4cc82', '2023-05-07T14:21:49.441Z', '2024-12-14T19:02:15.440Z', 388, 'Service platform theta', 'Engine sigma the lambda alpha network dog module', 'US', '2023-01-19T20:01:41.370Z');

INSERT INTO "sessions" ("id", "user_id", "started_at", "ended_at", "duration_seconds", "ip_address", "user_agent", "country", "created_at") VALUES
  ('52e9abec-ea57-4ac3-a31a-89f5c9b5d762', '1a87d5b4-739c-4246-8363-da1f393dd8d6', '2023-08-18T19:21:38.594Z', '2024-12-12T00:55:45.414Z', 11132, 'Module platform beta', 'Theta brown alpha delta sigma kappa service sigma', 'US', '2023-08-15T18:06:46.814Z'),
  ('59e67e1a-a2d4-4f61-9303-d7d09a2ee259', '45db9ea1-a913-4837-97f8-7824e4f703b9', '2024-11-10T07:11:39.321Z', '2024-12-23T17:52:42.961Z', 164, 'Epsilon alpha cloud', 'Epsilon over gamma alpha data zeta beta server', 'US', '2023-11-02T14:38:43.358Z'),
  ('6ea5cfe3-8802-4624-b97b-82c97d74f57f', '980b02ca-47e2-413a-9cf6-08da766ce352', '2024-09-25T21:39:55.587Z', '2024-12-17T21:03:28.089Z', 12652, 'Omega client system', 'Delta cloud system lazy network the epsilon jumps', 'US', '2024-12-17T10:06:02.213Z'),
  ('10e6cad8-ae9d-4452-bf78-01a981935a6c', '26f90513-fa3e-4138-bc29-8338d3f892e1', '2023-07-11T11:56:51.917Z', '2024-12-11T01:58:43.260Z', 14239, 'Alpha the jumps', 'Omega service system engine delta jumps service alpha', 'IN', '2023-05-14T03:32:11.795Z'),
  ('1c906fa8-dda3-47e6-afa7-4437889e57e4', 'c201b7c2-968b-485b-bbf5-7f90e1e21650', '2024-03-13T14:48:40.889Z', '2024-12-15T10:45:55.741Z', 1442, 'Client the kappa', 'Omega dog theta server system zeta fox zeta', 'US', '2023-12-19T07:06:35.603Z');

INSERT INTO "sessions" ("id", "user_id", "started_at", "ended_at", "duration_seconds", "ip_address", "user_agent", "country", "created_at") VALUES
  ('cba5e714-903d-4ebb-ae8d-0f0071fa3c41', '980b02ca-47e2-413a-9cf6-08da766ce352', '2023-10-11T06:59:49.945Z', '2024-12-14T10:20:01.126Z', 4038, 'Sigma network client', 'Omega module client over engine sigma server alpha', 'CA', '2023-02-06T03:15:40.960Z'),
  ('6ac7ea9b-5864-4f05-8d51-5543ab2c5777', 'c201b7c2-968b-485b-bbf5-7f90e1e21650', '2023-09-06T16:44:27.210Z', '2024-12-10T22:31:21.805Z', 9790, 'Dog dog lambda', 'Lambda fox data kappa lambda theta lambda epsilon', 'AU', '2024-11-24T09:55:28.395Z'),
  ('3e087c08-913b-4579-880b-a40b384eb143', '1a87d5b4-739c-4246-8363-da1f393dd8d6', '2024-11-13T07:40:43.315Z', '2024-12-28T23:57:51.922Z', 9092, 'Data fox lazy', 'Gamma client theta data epsilon process lambda server', 'US', '2023-06-30T20:37:44.489Z'),
  ('c262a01e-8a04-4e9d-ad44-e052a20ac302', '8d4a69ba-5b0f-459c-9c15-07dce9debaaa', '2024-12-12T05:32:50.875Z', '2024-12-24T17:49:11.929Z', 10324, 'Server platform platform', 'Network alpha server module epsilon alpha delta beta', 'US', '2024-10-22T22:55:22.990Z'),
  ('593d3c8e-1ff2-4a82-9b95-a6d29ced7e10', '45db9ea1-a913-4837-97f8-7824e4f703b9', '2023-01-19T06:00:39.289Z', '2024-12-15T02:24:42.742Z', 12324, 'Server epsilon engine', 'Brown the service fox delta fox client delta', 'UK', '2023-07-28T15:50:03.297Z');

INSERT INTO "sessions" ("id", "user_id", "started_at", "ended_at", "duration_seconds", "ip_address", "user_agent", "country", "created_at") VALUES
  ('f69aa40e-d49d-4bd2-90b1-aad40a1b3d8c', '184bf977-f1b2-4ca8-8142-770b30f4cc82', '2023-03-07T06:20:10.210Z', '2024-12-13T02:41:02.124Z', 1670, 'Engine theta delta', 'Over platform engine jumps engine epsilon over brown', 'DE', '2024-07-11T13:39:50.482Z'),
  ('377af919-7db2-44f2-8d26-acf7abec258b', 'c201b7c2-968b-485b-bbf5-7f90e1e21650', '2024-06-16T08:22:48.191Z', '2024-12-11T21:59:43.006Z', 4465, 'Omega client sigma', 'Service gamma omega dog lazy client data brown', 'FR', '2023-07-01T22:21:24.113Z'),
  ('e6dbc9c9-4f9e-4fc5-9165-ec43ac6d5c2e', '656e218e-837d-43bf-8d98-5fbae1e75df6', '2023-08-26T03:17:33.424Z', '2024-12-21T19:23:30.295Z', 10990, 'Platform the sigma', 'Module delta data the lazy the delta beta', 'US', '2023-10-24T04:29:31.550Z'),
  ('22d37379-c54c-4142-868f-45b0f88c2552', '26f90513-fa3e-4138-bc29-8338d3f892e1', '2023-06-14T21:01:09.522Z', '2024-12-08T23:09:13.999Z', 1076, 'Beta system client', 'Jumps alpha service over process beta engine lambda', 'CA', '2024-08-14T23:38:14.837Z'),
  ('37e4ab5a-25b7-4596-931f-b12b3217bd32', '980b02ca-47e2-413a-9cf6-08da766ce352', '2023-04-06T23:15:35.974Z', '2024-12-16T02:53:22.256Z', 10208, 'Dog dog brown', 'Over module kappa platform quick server gamma cloud', 'DE', '2024-11-07T19:31:19.520Z');

INSERT INTO "sessions" ("id", "user_id", "started_at", "ended_at", "duration_seconds", "ip_address", "user_agent", "country", "created_at") VALUES
  ('46b3b526-9924-411d-9358-be694acf3233', '55ccad2d-da35-42af-a148-b43d1d825969', '2024-04-06T00:38:38.848Z', '2024-12-11T13:33:32.468Z', 4636, 'Server quick lambda', 'Brown brown process fox delta zeta over beta', 'FR', '2023-02-26T07:57:00.978Z'),
  ('45df0bc3-89c2-4595-a96d-72b63b40866b', 'c201b7c2-968b-485b-bbf5-7f90e1e21650', '2024-12-07T09:08:22.264Z', '2024-12-24T21:36:54.729Z', 5505, 'Service brown module', 'Quick theta delta delta kappa platform process cloud', 'US', '2023-02-16T10:36:15.151Z'),
  ('17c02839-85d4-429c-8a62-2101e857628f', '656e218e-837d-43bf-8d98-5fbae1e75df6', '2023-01-29T01:09:02.198Z', '2024-12-24T21:06:41.184Z', 14350, 'Kappa lambda server', 'The brown client kappa process quick engine network', 'US', '2023-08-25T02:57:19.552Z'),
  ('05704fdb-c051-4b15-8790-f24b80d2adae', '55ccad2d-da35-42af-a148-b43d1d825969', '2023-09-28T00:23:10.458Z', '2024-12-27T21:02:50.108Z', 13929, 'Dog jumps fox', 'Fox process omega server alpha process theta epsilon', 'CA', '2023-06-02T15:25:18.168Z'),
  ('53d957b1-b125-4676-971c-3afda1c3f5cf', '45db9ea1-a913-4837-97f8-7824e4f703b9', '2024-05-14T08:21:43.735Z', '2024-12-25T07:48:36.198Z', 153, 'Engine the dog', 'Gamma module epsilon theta jumps lazy over lazy', 'UK', '2023-12-03T01:28:46.024Z');

INSERT INTO "sessions" ("id", "user_id", "started_at", "ended_at", "duration_seconds", "ip_address", "user_agent", "country", "created_at") VALUES
  ('4524c013-900a-49f8-b540-64f4b893d6a6', '1a87d5b4-739c-4246-8363-da1f393dd8d6', '2024-02-01T08:50:52.259Z', '2024-12-29T12:17:04.510Z', 8661, 'The data module', 'Quick zeta platform module cloud lambda sigma process', 'US', '2024-03-15T14:39:38.529Z'),
  ('01a72098-2df6-4073-8869-415a5da1de49', '980b02ca-47e2-413a-9cf6-08da766ce352', '2024-04-20T10:34:45.881Z', '2024-12-11T23:37:47.604Z', 6532, 'Theta service brown', 'Server jumps quick the gamma network kappa dog', 'US', '2024-04-05T01:25:27.795Z'),
  ('38fda23d-01a5-4787-a61f-d28908122026', '26f90513-fa3e-4138-bc29-8338d3f892e1', '2023-03-15T13:29:39.044Z', '2024-12-24T08:34:57.799Z', 14314, 'Epsilon omega zeta', 'Process over lambda module lazy lambda data over', 'CA', '2024-05-14T00:36:54.318Z'),
  ('e17aa832-bc0c-4342-925f-488a6aa80489', '184bf977-f1b2-4ca8-8142-770b30f4cc82', '2023-04-20T20:52:04.917Z', '2024-12-28T13:34:00.977Z', 12696, 'Epsilon epsilon jumps', 'Quick sigma zeta module zeta service omega engine', 'FR', '2024-02-20T17:20:58.198Z'),
  ('fc6476b9-8fbf-4e6a-9c9c-901363b84a44', '980b02ca-47e2-413a-9cf6-08da766ce352', '2023-10-09T14:18:58.583Z', '2024-12-30T12:40:04.917Z', 6194, 'Lazy the delta', 'Engine sigma lazy omega process jumps omega platform', 'US', '2024-10-20T14:32:34.647Z');

INSERT INTO "sessions" ("id", "user_id", "started_at", "ended_at", "duration_seconds", "ip_address", "user_agent", "country", "created_at") VALUES
  ('86e76a3e-8360-4cd4-9006-9262de5b56ae', '26f90513-fa3e-4138-bc29-8338d3f892e1', '2023-11-02T06:52:51.661Z', '2024-12-31T04:26:04.346Z', 14362, 'Engine kappa client', 'Brown server quick sigma process cloud beta epsilon', 'US', '2023-01-23T06:03:36.415Z'),
  ('88594862-01a8-49a9-aa7f-e632ad79ed19', '980b02ca-47e2-413a-9cf6-08da766ce352', '2024-04-24T13:43:48.995Z', '2024-12-30T22:34:53.716Z', 10246, 'Data omega theta', 'Epsilon over delta server service quick epsilon system', 'US', '2024-02-23T06:13:52.291Z'),
  ('92cd359d-8540-49d4-8656-92b23f1aaf3d', '55ccad2d-da35-42af-a148-b43d1d825969', '2023-11-08T09:51:49.768Z', '2024-12-27T07:08:21.581Z', 13471, 'Brown beta beta', 'Data beta network network dog client omega sigma', 'US', '2024-01-25T14:48:29.295Z'),
  ('543ac9f6-a10f-4ca5-9dd9-0a7b856e3854', '1a87d5b4-739c-4246-8363-da1f393dd8d6', '2023-09-25T18:40:56.653Z', '2024-12-16T13:43:34.240Z', 8209, 'Fox service alpha', 'Quick lambda module service server system sigma lambda', 'US', '2023-03-14T14:01:38.986Z'),
  ('293f4014-09fc-48e3-b8da-f2deb994eae6', '1a87d5b4-739c-4246-8363-da1f393dd8d6', '2024-06-09T18:16:50.631Z', '2024-12-16T05:43:23.558Z', 7504, 'Omega network alpha', 'Dog omega network service cloud dog lazy zeta', 'US', '2023-10-15T16:08:41.308Z');

INSERT INTO "sessions" ("id", "user_id", "started_at", "ended_at", "duration_seconds", "ip_address", "user_agent", "country", "created_at") VALUES
  ('4721470e-bebd-4cb0-8b72-b885d7b85b4d', '45db9ea1-a913-4837-97f8-7824e4f703b9', '2023-01-22T15:17:31.762Z', '2024-12-17T01:35:42.865Z', 6196, 'Brown beta service', 'Alpha fox omega lazy server brown lazy cloud', 'BR', '2024-06-21T05:46:28.362Z'),
  ('7a7abe01-f9e4-46ac-b7e7-69d306114987', '1a87d5b4-739c-4246-8363-da1f393dd8d6', '2023-01-04T23:26:17.678Z', '2024-12-29T10:25:04.759Z', 5143, 'Data gamma brown', 'Quick the lambda sigma brown gamma client platform', 'BR', '2024-05-30T16:22:50.335Z'),
  ('71337585-f98d-4126-bfad-2c4e442fb550', '26f90513-fa3e-4138-bc29-8338d3f892e1', '2023-05-13T01:24:47.011Z', '2024-12-29T02:11:28.081Z', 6558, 'Sigma service cloud', 'Zeta data server kappa gamma engine platform quick', 'CA', '2023-06-07T13:58:21.006Z'),
  ('a3a19ada-6e03-4019-aab4-925642af4dec', '26f90513-fa3e-4138-bc29-8338d3f892e1', '2024-03-17T15:46:47.947Z', '2024-12-22T02:10:03.732Z', 2553, 'Service zeta dog', 'Lazy beta over data sigma gamma process lambda', 'US', '2023-01-20T23:40:42.212Z'),
  ('19ba0b89-ea6e-4091-bd13-32787431973b', 'c201b7c2-968b-485b-bbf5-7f90e1e21650', '2024-04-20T21:44:39.175Z', '2024-12-29T20:10:08.448Z', 10603, 'Kappa process epsilon', 'Brown service brown fox theta cloud data lambda', 'US', '2023-07-01T13:30:14.522Z');

INSERT INTO "sessions" ("id", "user_id", "started_at", "ended_at", "duration_seconds", "ip_address", "user_agent", "country", "created_at") VALUES
  ('53e5613f-3030-4918-9d1d-930ef71ffd85', '8d4a69ba-5b0f-459c-9c15-07dce9debaaa', '2023-10-19T01:19:19.326Z', '2024-12-24T09:06:16.216Z', 2479, 'Gamma jumps jumps', 'Process jumps omega data alpha fox theta engine', 'BR', '2023-04-28T23:39:02.255Z'),
  ('35cf441b-6a9d-42df-af91-968af3125a36', '8d4a69ba-5b0f-459c-9c15-07dce9debaaa', '2023-12-10T07:40:03.460Z', '2024-12-13T16:43:09.694Z', 13230, 'Cloud data data', 'Module gamma the brown theta the network lazy', 'US', '2024-03-08T18:12:19.316Z'),
  ('7ad1c366-6dc6-465c-a588-227d2420bc1d', '55ccad2d-da35-42af-a148-b43d1d825969', '2024-01-28T01:01:24.844Z', '2024-12-14T19:23:23.149Z', 10972, 'Omega engine cloud', 'Client data kappa network lambda module server service', 'CA', '2023-04-16T04:41:06.260Z'),
  ('80c6e6f0-7db4-4271-b0f6-9ecd7dcc4f11', '26f90513-fa3e-4138-bc29-8338d3f892e1', '2024-03-29T04:36:27.293Z', '2024-12-08T02:07:17.583Z', 2798, 'Fox network brown', 'Platform beta cloud over network epsilon system fox', 'AU', '2024-02-03T00:19:39.786Z'),
  ('6ac558f0-feff-48ef-8585-6cd66f803b5c', '1a87d5b4-739c-4246-8363-da1f393dd8d6', '2024-04-02T16:41:57.299Z', '2024-12-07T10:21:34.552Z', 2483, 'Network client sigma', 'Zeta platform beta service service lambda kappa cloud', 'CA', '2023-10-12T03:45:35.944Z');

INSERT INTO "sessions" ("id", "user_id", "started_at", "ended_at", "duration_seconds", "ip_address", "user_agent", "country", "created_at") VALUES
  ('b58925df-922c-45ed-bd76-6e58da5b2304', '1a87d5b4-739c-4246-8363-da1f393dd8d6', '2024-06-03T13:42:00.505Z', '2024-12-05T15:00:06.831Z', 3491, 'Sigma beta theta', 'Theta module lazy delta quick client zeta omega', 'IN', '2023-02-12T00:59:12.124Z'),
  ('4c2c05fd-3242-4c5a-ae35-f9c5312862ba', '55ccad2d-da35-42af-a148-b43d1d825969', '2024-05-01T13:41:30.824Z', '2024-12-09T23:09:52.575Z', 3608, 'Gamma jumps module', 'Service engine process sigma zeta data beta alpha', 'IN', '2023-05-20T11:27:22.728Z'),
  ('99e3aef9-eaf5-4a42-ac5e-c1c4b864644f', '0cd87f71-cfef-4fa3-a01b-6a257048bbf9', '2024-04-23T13:42:57.477Z', '2024-12-29T22:48:25.585Z', 9059, 'Sigma sigma theta', 'Omega delta alpha omega zeta dog alpha module', 'US', '2023-06-08T06:06:16.471Z'),
  ('9e8d61b5-5a6a-4346-9868-3320e2c65f8f', '55ccad2d-da35-42af-a148-b43d1d825969', '2023-12-08T19:40:33.422Z', '2024-12-12T17:14:04.862Z', 182, 'Kappa data zeta', 'Brown process omega platform jumps brown server dog', 'US', '2024-06-01T09:11:12.838Z'),
  ('2857ba36-647d-486b-886f-3ff871a21786', '980b02ca-47e2-413a-9cf6-08da766ce352', '2024-06-29T15:08:21.759Z', '2024-12-27T02:58:33.746Z', 14279, 'Sigma quick kappa', 'Client over fox dog beta brown alpha alpha', 'US', '2024-06-26T18:32:49.769Z');

INSERT INTO "sessions" ("id", "user_id", "started_at", "ended_at", "duration_seconds", "ip_address", "user_agent", "country", "created_at") VALUES
  ('11019a0c-c408-41ea-89e4-e2c809132d7d', '45db9ea1-a913-4837-97f8-7824e4f703b9', '2023-09-22T15:34:20.261Z', '2024-12-10T20:25:35.222Z', 2401, 'Data beta sigma', 'Omega data lambda engine jumps system sigma kappa', 'AU', '2024-09-30T00:29:13.643Z'),
  ('4c1a9903-eed6-4ff7-8871-ff75f228d4cf', '45db9ea1-a913-4837-97f8-7824e4f703b9', '2023-04-26T23:47:11.557Z', '2024-12-29T10:13:28.971Z', 13413, 'Gamma zeta data', 'Omega process lambda omega theta zeta data quick', 'US', '2024-11-19T13:57:35.804Z'),
  ('93a424b8-57e1-430e-a2db-1709155aeb49', '0cd87f71-cfef-4fa3-a01b-6a257048bbf9', '2023-11-23T16:10:08.861Z', '2024-12-18T01:43:40.725Z', 6485, 'Epsilon dog omega', 'Platform alpha dog theta epsilon sigma engine the', 'CA', '2023-12-06T06:55:17.239Z'),
  ('52a03ec7-4da8-4114-88fb-3cf2f458ffb7', '656e218e-837d-43bf-8d98-5fbae1e75df6', '2024-07-26T17:48:25.814Z', '2024-12-27T18:12:41.148Z', 3205, 'Dog gamma cloud', 'Brown fox the gamma network system lambda zeta', 'US', '2024-04-29T19:03:03.788Z'),
  ('517da568-0faf-41ed-8562-760b2b750d16', '0cd87f71-cfef-4fa3-a01b-6a257048bbf9', '2023-09-27T11:02:31.829Z', '2024-12-20T04:07:53.882Z', 9200, 'Client alpha network', 'Data module process over beta over network cloud', 'UK', '2024-02-10T01:25:38.184Z');

INSERT INTO "sessions" ("id", "user_id", "started_at", "ended_at", "duration_seconds", "ip_address", "user_agent", "country", "created_at") VALUES
  ('1349c063-1154-4297-b4b8-2d416af20e94', '1a87d5b4-739c-4246-8363-da1f393dd8d6', '2023-06-20T10:30:13.844Z', '2024-12-15T16:40:15.541Z', 13096, 'Dog server quick', 'Data module beta epsilon engine system gamma theta', 'US', '2024-03-07T17:45:37.185Z'),
  ('02fb7c18-033b-4dd3-bf61-e20f6df8be9b', '1a87d5b4-739c-4246-8363-da1f393dd8d6', '2023-11-17T11:13:26.357Z', '2024-12-17T20:51:39.747Z', 7753, 'Service alpha process', 'Brown brown epsilon delta gamma zeta kappa kappa', 'IN', '2023-09-12T11:00:51.113Z'),
  ('173d63b0-47e6-4b03-815b-b728a4f7a1d9', '184bf977-f1b2-4ca8-8142-770b30f4cc82', '2024-06-16T02:19:53.632Z', '2024-12-23T13:44:32.587Z', 405, 'Delta over zeta', 'Gamma process network sigma quick kappa over network', 'UK', '2024-12-02T10:43:20.804Z'),
  ('3175bb87-acd9-4eeb-ae99-689d4d537816', '8d4a69ba-5b0f-459c-9c15-07dce9debaaa', '2024-09-01T11:38:05.398Z', '2024-12-31T06:34:16.090Z', 9060, 'Fox network kappa', 'Process delta client sigma fox process fox omega', 'US', '2023-09-04T21:23:22.882Z'),
  ('01301589-50c6-4b92-9fcb-667f493e035b', '184bf977-f1b2-4ca8-8142-770b30f4cc82', '2024-01-15T21:19:51.267Z', '2024-12-22T13:45:13.160Z', 13166, 'Delta platform fox', 'Theta alpha data omega engine brown platform process', 'US', '2023-03-07T01:55:06.106Z');

INSERT INTO "sessions" ("id", "user_id", "started_at", "ended_at", "duration_seconds", "ip_address", "user_agent", "country", "created_at") VALUES
  ('167efa4a-14da-4fca-887a-823abb45fa95', 'c201b7c2-968b-485b-bbf5-7f90e1e21650', '2023-09-04T03:29:52.971Z', '2024-12-22T08:50:44.074Z', 8573, 'Data kappa data', 'Server platform delta lazy lambda cloud lambda fox', 'US', '2024-07-13T20:23:08.644Z'),
  ('48e154cd-e0c0-421a-9166-a10f3a8f3332', '1a87d5b4-739c-4246-8363-da1f393dd8d6', '2023-10-23T04:47:09.065Z', '2024-12-21T13:53:57.836Z', 13988, 'Theta omega over', 'Data delta alpha omega gamma theta quick data', 'CA', '2023-12-03T05:55:20.192Z'),
  ('b33a3718-2bdc-418d-b3de-bb6d37031188', 'c201b7c2-968b-485b-bbf5-7f90e1e21650', '2024-11-26T21:58:40.475Z', '2024-12-24T10:44:10.869Z', 6933, 'Alpha engine epsilon', 'Quick kappa cloud kappa the fox quick brown', 'US', '2024-10-21T15:28:02.644Z'),
  ('15578c87-002d-4fec-97e2-058e9e87debe', '656e218e-837d-43bf-8d98-5fbae1e75df6', '2023-01-18T16:03:09.143Z', '2024-12-20T04:05:03.053Z', 4456, 'Zeta dog epsilon', 'Cloud module engine the platform module process server', 'CA', '2023-03-09T05:37:02.803Z'),
  ('f1cf5bda-8dd7-498b-be36-15f557710bc4', '0cd87f71-cfef-4fa3-a01b-6a257048bbf9', '2024-12-16T18:41:11.397Z', '2024-12-14T15:45:24.997Z', 2013, 'System over alpha', 'Beta sigma beta dog omega sigma over over', 'UK', '2024-09-21T04:47:00.081Z');

INSERT INTO "events" ("id", "session_id", "user_id", "event_type", "event_name", "created_at") VALUES
  ('341a5341-8a74-4ae2-bb69-94dd3ea59685', '10e6cad8-ae9d-4452-bf78-01a981935a6c', 'c201b7c2-968b-485b-bbf5-7f90e1e21650', 'page_view', 'Epsilon kappa data', '2024-12-06T17:53:12.204Z'),
  ('b1240406-82af-4662-9bab-c4dc8e67d0a6', '92cd359d-8540-49d4-8656-92b23f1aaf3d', 'c201b7c2-968b-485b-bbf5-7f90e1e21650', 'api_call', 'Platform fox client', '2024-12-25T08:22:33.195Z'),
  ('4fc91b11-3f32-450c-8414-8ed3858e2c54', 'c262a01e-8a04-4e9d-ad44-e052a20ac302', '184bf977-f1b2-4ca8-8142-770b30f4cc82', 'page_view', 'Zeta epsilon epsilon', '2024-12-30T05:54:53.560Z'),
  ('0858f48f-e61d-419c-a8a2-e4ff32e0a2ec', '85430c35-ad6f-42b0-9aba-555cdf862738', '656e218e-837d-43bf-8d98-5fbae1e75df6', 'search', 'Lambda engine system', '2024-12-07T10:01:08.424Z'),
  ('ade8808c-72c3-4b29-aa99-7d23667c17d6', '34c150a0-64e8-4bcd-b542-e436b50e36d4', '55ccad2d-da35-42af-a148-b43d1d825969', 'feature_use', 'Omega process epsilon', '2024-12-02T06:50:34.322Z');

INSERT INTO "events" ("id", "session_id", "user_id", "event_type", "event_name", "created_at") VALUES
  ('2fd7f2d7-6c16-444d-b056-e94338ea2a1b', '10e6cad8-ae9d-4452-bf78-01a981935a6c', '8d4a69ba-5b0f-459c-9c15-07dce9debaaa', 'error', 'Delta brown process', '2024-12-31T04:17:32.088Z'),
  ('9055f93d-7d92-4fc7-9003-b4e63ae94b18', '92cd359d-8540-49d4-8656-92b23f1aaf3d', '8d4a69ba-5b0f-459c-9c15-07dce9debaaa', 'page_view', 'Engine engine jumps', '2024-12-31T05:29:11.143Z'),
  ('c177e61b-abd4-4686-b48d-7f7b14a6714f', 'a3a19ada-6e03-4019-aab4-925642af4dec', '26f90513-fa3e-4138-bc29-8338d3f892e1', 'page_view', 'Service client over', '2024-12-20T13:38:13.721Z'),
  ('e5f00c66-9031-4cc0-9f4f-2309be7d181f', '80c6e6f0-7db4-4271-b0f6-9ecd7dcc4f11', 'c201b7c2-968b-485b-bbf5-7f90e1e21650', 'button_click', 'Lambda lazy client', '2024-12-31T17:35:13.226Z'),
  ('720210ae-ff25-46d5-8a6c-aae5da6078f9', '8aae2b0b-4df8-435e-9a64-011da2e8b3b6', '184bf977-f1b2-4ca8-8142-770b30f4cc82', 'page_view', 'Lambda dog kappa', '2024-12-13T17:52:03.571Z');

INSERT INTO "events" ("id", "session_id", "user_id", "event_type", "event_name", "created_at") VALUES
  ('c16c19bf-eafb-4033-ab19-e499739cc72d', '593d3c8e-1ff2-4a82-9b95-a6d29ced7e10', '656e218e-837d-43bf-8d98-5fbae1e75df6', 'page_view', 'Jumps over engine', '2024-12-20T18:19:04.092Z'),
  ('049381f7-d545-437f-a5a8-6c9e1f186c0c', '543ac9f6-a10f-4ca5-9dd9-0a7b856e3854', '184bf977-f1b2-4ca8-8142-770b30f4cc82', 'page_view', 'The client quick', '2024-12-25T23:14:35.298Z'),
  ('c882acfa-4163-476b-9184-b1c4b31540f9', 'b33a3718-2bdc-418d-b3de-bb6d37031188', '1a87d5b4-739c-4246-8363-da1f393dd8d6', 'page_view', 'Lazy fox cloud', '2024-12-20T18:09:36.003Z'),
  ('ecd2e9c5-fc3e-4a28-87e4-3c6c80cba83a', '88594862-01a8-49a9-aa7f-e632ad79ed19', '656e218e-837d-43bf-8d98-5fbae1e75df6', 'button_click', 'Quick quick omega', '2024-12-09T02:56:43.565Z'),
  ('3512088f-e003-4870-875b-5488c7ef4fda', '10e6cad8-ae9d-4452-bf78-01a981935a6c', '55ccad2d-da35-42af-a148-b43d1d825969', 'api_call', 'The jumps process', '2024-12-05T18:40:37.542Z');

INSERT INTO "events" ("id", "session_id", "user_id", "event_type", "event_name", "created_at") VALUES
  ('289da030-800f-475c-86ac-e61a76be5ab4', 'f92a6ff8-8dd4-4bbf-8363-bf6af97489f1', '45db9ea1-a913-4837-97f8-7824e4f703b9', 'search', 'Fox over dog', '2024-12-14T01:11:31.377Z'),
  ('69a2b475-8f08-48e0-9806-f0e57a73026c', 'f69aa40e-d49d-4bd2-90b1-aad40a1b3d8c', '45db9ea1-a913-4837-97f8-7824e4f703b9', 'feature_use', 'Client brown omega', '2024-12-26T21:00:25.941Z'),
  ('f5bec66c-ae80-4545-b546-5bb8a2280f1d', '80c6e6f0-7db4-4271-b0f6-9ecd7dcc4f11', '184bf977-f1b2-4ca8-8142-770b30f4cc82', 'api_call', 'The quick alpha', '2024-12-23T02:00:56.308Z'),
  ('81fe55cf-e732-41bf-9bd3-b369ea71eeb1', '52e9abec-ea57-4ac3-a31a-89f5c9b5d762', '1a87d5b4-739c-4246-8363-da1f393dd8d6', 'page_view', 'Cloud network engine', '2024-12-11T03:05:58.996Z'),
  ('d44448f2-ee16-4557-a6c8-761418f062f8', '1c906fa8-dda3-47e6-afa7-4437889e57e4', '184bf977-f1b2-4ca8-8142-770b30f4cc82', 'page_view', 'Server cloud epsilon', '2024-12-11T17:37:00.435Z');

INSERT INTO "events" ("id", "session_id", "user_id", "event_type", "event_name", "created_at") VALUES
  ('0e9393bf-617f-4c0e-90c7-c53b915f747a', '6ea5cfe3-8802-4624-b97b-82c97d74f57f', '8d4a69ba-5b0f-459c-9c15-07dce9debaaa', 'button_click', 'Quick network alpha', '2024-12-14T20:45:25.679Z'),
  ('3aa5cd56-64a1-4c18-a231-a8816735d8b5', 'cba5e714-903d-4ebb-ae8d-0f0071fa3c41', '0cd87f71-cfef-4fa3-a01b-6a257048bbf9', 'button_click', 'Fox lazy quick', '2024-12-31T15:54:11.466Z'),
  ('ca27f36d-8a5a-49ec-9252-1b338828cea3', 'f1cf5bda-8dd7-498b-be36-15f557710bc4', '1a87d5b4-739c-4246-8363-da1f393dd8d6', 'feature_use', 'Over gamma service', '2024-12-17T21:12:57.900Z'),
  ('0db3bc99-3616-4d68-9af9-15cb18818948', '71337585-f98d-4126-bfad-2c4e442fb550', '1a87d5b4-739c-4246-8363-da1f393dd8d6', 'page_view', 'Quick data server', '2024-12-21T22:00:26.280Z'),
  ('ae7e67e0-37c7-4334-8b21-38acf9e48c8b', '0a870538-98cb-466b-b7aa-f9c187230ab9', '0cd87f71-cfef-4fa3-a01b-6a257048bbf9', 'api_call', 'Fox engine module', '2024-12-25T17:45:00.166Z');

INSERT INTO "events" ("id", "session_id", "user_id", "event_type", "event_name", "created_at") VALUES
  ('96d58396-c01c-4c8b-9e32-7a6273f0b5f4', '4721470e-bebd-4cb0-8b72-b885d7b85b4d', '184bf977-f1b2-4ca8-8142-770b30f4cc82', 'page_view', 'Alpha network lazy', '2024-12-15T13:22:14.170Z'),
  ('05708d78-c07b-48ca-a9a7-fc2962497037', '19ba0b89-ea6e-4091-bd13-32787431973b', '656e218e-837d-43bf-8d98-5fbae1e75df6', 'page_view', 'Lazy service platform', '2024-12-11T04:34:12.014Z'),
  ('e827811b-d522-4a15-ab84-1c7a1baab58c', '9e8d61b5-5a6a-4346-9868-3320e2c65f8f', 'c201b7c2-968b-485b-bbf5-7f90e1e21650', 'page_view', 'Quick brown engine', '2024-12-13T22:42:08.437Z'),
  ('cf2b4fb6-dc40-4f55-a80e-a51ebfe8795b', '80c6e6f0-7db4-4271-b0f6-9ecd7dcc4f11', '1a87d5b4-739c-4246-8363-da1f393dd8d6', 'error', 'Brown kappa module', '2024-12-11T19:13:51.195Z'),
  ('4088b69d-2688-4d5b-b402-24e95b8689e9', '11019a0c-c408-41ea-89e4-e2c809132d7d', '980b02ca-47e2-413a-9cf6-08da766ce352', 'page_view', 'Sigma dog engine', '2024-12-04T00:16:01.776Z');

INSERT INTO "events" ("id", "session_id", "user_id", "event_type", "event_name", "created_at") VALUES
  ('59628a87-0a35-420b-8e3a-72d7beffac1a', '11019a0c-c408-41ea-89e4-e2c809132d7d', '184bf977-f1b2-4ca8-8142-770b30f4cc82', 'search', 'Epsilon dog client', '2024-12-31T18:30:58.505Z'),
  ('a6728677-0112-4193-ab25-b5485b100aaa', '35ba938a-9949-4220-ba1b-5feec6a006e5', '26f90513-fa3e-4138-bc29-8338d3f892e1', 'page_view', 'Omega theta process', '2024-12-15T12:07:03.221Z'),
  ('c2774571-6307-45f1-b247-0fdceec3eb21', '34c150a0-64e8-4bcd-b542-e436b50e36d4', '656e218e-837d-43bf-8d98-5fbae1e75df6', 'page_view', 'Kappa fox kappa', '2024-12-31T08:18:44.869Z'),
  ('b7ffdf66-d188-45bc-98ff-0f765e869169', '4524c013-900a-49f8-b540-64f4b893d6a6', '45db9ea1-a913-4837-97f8-7824e4f703b9', 'page_view', 'Kappa zeta jumps', '2024-12-19T19:24:37.006Z'),
  ('057175b2-a9f4-4e47-8be8-cb30e88db301', '8aae2b0b-4df8-435e-9a64-011da2e8b3b6', '45db9ea1-a913-4837-97f8-7824e4f703b9', 'button_click', 'The platform brown', '2024-12-21T15:20:18.345Z');

INSERT INTO "events" ("id", "session_id", "user_id", "event_type", "event_name", "created_at") VALUES
  ('9e1c2acd-c59b-4c9c-9e19-73d13b9c6edd', '293f4014-09fc-48e3-b8da-f2deb994eae6', '26f90513-fa3e-4138-bc29-8338d3f892e1', 'page_view', 'Server zeta platform', '2024-12-10T21:53:47.132Z'),
  ('6e3a656a-6879-4277-b6cd-6ca388bd7922', '0d0b8cf0-86f4-4192-9de3-93503b6fc52a', '980b02ca-47e2-413a-9cf6-08da766ce352', 'page_view', 'System gamma lazy', '2024-12-24T21:24:35.389Z'),
  ('d300f164-aa04-48f5-bdc8-4d66aab2381a', '99e3aef9-eaf5-4a42-ac5e-c1c4b864644f', '980b02ca-47e2-413a-9cf6-08da766ce352', 'page_view', 'Delta data module', '2024-12-10T19:29:11.104Z'),
  ('2cf408a6-bad0-4ac9-a83d-e27cd0259594', '52e9abec-ea57-4ac3-a31a-89f5c9b5d762', '1a87d5b4-739c-4246-8363-da1f393dd8d6', 'button_click', 'Process lazy the', '2024-12-02T08:18:17.638Z'),
  ('aafc57da-feef-4ad2-b0ba-301b55f95e6f', '1fbd10ef-e8dc-4963-a76b-b35f26d5efed', '55ccad2d-da35-42af-a148-b43d1d825969', 'button_click', 'Server delta client', '2024-12-03T23:40:43.442Z');

INSERT INTO "events" ("id", "session_id", "user_id", "event_type", "event_name", "created_at") VALUES
  ('49169fff-19dc-4549-acf1-c813cab848f0', 'b33a3718-2bdc-418d-b3de-bb6d37031188', '1a87d5b4-739c-4246-8363-da1f393dd8d6', 'page_view', 'System beta dog', '2024-12-09T18:24:45.537Z'),
  ('4aec3451-ee71-4ecb-8853-7ae6e98a6143', '4c2c05fd-3242-4c5a-ae35-f9c5312862ba', '980b02ca-47e2-413a-9cf6-08da766ce352', 'feature_use', 'Client module engine', '2024-12-22T09:50:18.609Z'),
  ('25e86d5b-c20f-44f8-9b79-ffb947e1b848', '0a870538-98cb-466b-b7aa-f9c187230ab9', '26f90513-fa3e-4138-bc29-8338d3f892e1', 'feature_use', 'Platform module epsilon', '2024-12-31T17:52:15.473Z'),
  ('99f6bb23-2b7e-407b-bfa2-d91fa78d2a6e', '9e8d61b5-5a6a-4346-9868-3320e2c65f8f', '656e218e-837d-43bf-8d98-5fbae1e75df6', 'page_view', 'Module kappa server', '2024-12-27T19:53:50.915Z'),
  ('b31018ff-50f7-4a6e-a326-daa54cf49382', 'e17aa832-bc0c-4342-925f-488a6aa80489', '55ccad2d-da35-42af-a148-b43d1d825969', 'button_click', 'Over platform delta', '2024-12-09T14:20:50.385Z');

INSERT INTO "events" ("id", "session_id", "user_id", "event_type", "event_name", "created_at") VALUES
  ('237ae8d3-718b-4b35-8f40-18591e892740', '37e4ab5a-25b7-4596-931f-b12b3217bd32', '8d4a69ba-5b0f-459c-9c15-07dce9debaaa', 'feature_use', 'Beta jumps delta', '2024-12-02T22:36:19.033Z'),
  ('16217b62-2021-4b0f-9138-088029aaab8b', '80c6e6f0-7db4-4271-b0f6-9ecd7dcc4f11', '26f90513-fa3e-4138-bc29-8338d3f892e1', 'api_call', 'Zeta over zeta', '2024-12-31T21:36:52.685Z'),
  ('b72965f0-2a51-4d61-b51c-c30f29969808', '543ac9f6-a10f-4ca5-9dd9-0a7b856e3854', 'c201b7c2-968b-485b-bbf5-7f90e1e21650', 'page_view', 'Beta alpha epsilon', '2024-12-06T15:06:34.725Z'),
  ('a326c165-4f28-42c2-9c77-db28b48174ac', '06460c92-932d-44f5-8223-513d209ce3a4', '980b02ca-47e2-413a-9cf6-08da766ce352', 'error', 'Zeta theta dog', '2024-12-19T07:15:40.111Z'),
  ('ed86c0e5-622a-412a-aa11-d21290082340', '53e5613f-3030-4918-9d1d-930ef71ffd85', '1a87d5b4-739c-4246-8363-da1f393dd8d6', 'api_call', 'Process brown brown', '2024-12-02T08:30:12.102Z');

INSERT INTO "events" ("id", "session_id", "user_id", "event_type", "event_name", "created_at") VALUES
  ('9c155557-b0e8-44db-8ff3-647842c04de3', 'cba5e714-903d-4ebb-ae8d-0f0071fa3c41', '980b02ca-47e2-413a-9cf6-08da766ce352', 'page_view', 'Network client epsilon', '2024-12-14T05:55:46.082Z'),
  ('143bb1b2-22f7-41cd-b250-60c672869bd2', '1fbd10ef-e8dc-4963-a76b-b35f26d5efed', '980b02ca-47e2-413a-9cf6-08da766ce352', 'page_view', 'Dog alpha brown', '2024-12-21T02:46:51.567Z'),
  ('f9cf7db2-09a1-46e4-ac5b-aaa558ca476f', '93a424b8-57e1-430e-a2db-1709155aeb49', '45db9ea1-a913-4837-97f8-7824e4f703b9', 'page_view', 'Quick beta omega', '2024-12-06T10:36:51.281Z'),
  ('f8d9acf5-38f7-4c88-81cd-174bdee0b082', '85430c35-ad6f-42b0-9aba-555cdf862738', 'c201b7c2-968b-485b-bbf5-7f90e1e21650', 'api_call', 'The quick system', '2024-12-18T02:52:14.511Z'),
  ('05aa9661-6f9a-4828-8d94-ec54b2aa516f', '517da568-0faf-41ed-8562-760b2b750d16', '184bf977-f1b2-4ca8-8142-770b30f4cc82', 'page_view', 'Gamma client jumps', '2024-12-05T15:50:45.341Z');

INSERT INTO "events" ("id", "session_id", "user_id", "event_type", "event_name", "created_at") VALUES
  ('d565623f-2c0a-4bfb-9229-c91e50a2ca55', '4721470e-bebd-4cb0-8b72-b885d7b85b4d', '184bf977-f1b2-4ca8-8142-770b30f4cc82', 'page_view', 'Lambda theta data', '2024-12-17T23:57:07.972Z'),
  ('698733e7-9d68-493a-90f2-1dbe46a8c4ff', '543ac9f6-a10f-4ca5-9dd9-0a7b856e3854', '980b02ca-47e2-413a-9cf6-08da766ce352', 'button_click', 'Delta quick theta', '2024-12-09T01:15:11.681Z'),
  ('fb7a51ff-8bf7-4bcc-b09c-2d59876e3117', '88594862-01a8-49a9-aa7f-e632ad79ed19', '55ccad2d-da35-42af-a148-b43d1d825969', 'page_view', 'System process the', '2024-12-15T22:38:09.870Z'),
  ('1c8f0e41-76a0-4e22-8e0f-bfcd307ad848', '45df0bc3-89c2-4595-a96d-72b63b40866b', '1a87d5b4-739c-4246-8363-da1f393dd8d6', 'page_view', 'Delta gamma gamma', '2024-12-25T13:01:27.653Z'),
  ('c07b384b-f246-422a-b571-d278e9303d45', '05704fdb-c051-4b15-8790-f24b80d2adae', '45db9ea1-a913-4837-97f8-7824e4f703b9', 'search', 'Theta the jumps', '2024-12-26T00:56:47.546Z');

INSERT INTO "events" ("id", "session_id", "user_id", "event_type", "event_name", "created_at") VALUES
  ('4d1b98ce-79b1-4e49-a41d-468055d9cdea', '8fecddfd-14db-4314-8b4f-d51a70c82d37', '656e218e-837d-43bf-8d98-5fbae1e75df6', 'api_call', 'Engine platform data', '2024-12-08T21:17:58.818Z'),
  ('d9178be9-4e92-40a5-be3d-aed6fc8b7b0e', 'db841885-cd90-4ad8-8479-3b9a3b4a0675', '980b02ca-47e2-413a-9cf6-08da766ce352', 'page_view', 'Jumps over sigma', '2024-12-03T18:27:52.545Z'),
  ('a56d5d8f-6a24-4a45-8be0-7ddd0dfa927a', '15578c87-002d-4fec-97e2-058e9e87debe', '45db9ea1-a913-4837-97f8-7824e4f703b9', 'button_click', 'Gamma dog system', '2024-12-30T09:22:41.581Z'),
  ('16ffe071-f944-43eb-a5c8-f288d21018f0', '52e9abec-ea57-4ac3-a31a-89f5c9b5d762', 'c201b7c2-968b-485b-bbf5-7f90e1e21650', 'button_click', 'Cloud jumps platform', '2024-12-28T02:27:36.079Z'),
  ('d2a6c235-2f0f-4765-ba3d-e7d056f8923e', 'f1cf5bda-8dd7-498b-be36-15f557710bc4', '8d4a69ba-5b0f-459c-9c15-07dce9debaaa', 'page_view', 'Jumps platform lazy', '2024-12-26T10:00:08.872Z');

INSERT INTO "events" ("id", "session_id", "user_id", "event_type", "event_name", "created_at") VALUES
  ('6a5832b7-1529-4c93-ad39-9b6d6e4a9159', 'b16349bb-ce48-4d33-8ea2-0dbc662a97ef', '0cd87f71-cfef-4fa3-a01b-6a257048bbf9', 'page_view', 'Quick over zeta', '2024-12-08T04:05:07.954Z'),
  ('09b809a1-ca49-46a3-8476-28d6de8da1cb', '02fb7c18-033b-4dd3-bf61-e20f6df8be9b', '184bf977-f1b2-4ca8-8142-770b30f4cc82', 'page_view', 'Theta gamma process', '2024-12-16T09:47:43.474Z'),
  ('4c1d4d60-c262-4bc9-808e-a17130d77862', '4721470e-bebd-4cb0-8b72-b885d7b85b4d', '26f90513-fa3e-4138-bc29-8338d3f892e1', 'page_view', 'Server gamma dog', '2024-12-04T17:02:01.547Z'),
  ('a05cdcc1-b3c5-4230-8b76-954cf73b591e', '11019a0c-c408-41ea-89e4-e2c809132d7d', '45db9ea1-a913-4837-97f8-7824e4f703b9', 'search', 'Lambda the omega', '2024-12-22T23:18:39.723Z'),
  ('4d4cb650-6a44-4ccb-a32f-7632c3045629', '7ad1c366-6dc6-465c-a588-227d2420bc1d', '55ccad2d-da35-42af-a148-b43d1d825969', 'page_view', 'Zeta lambda over', '2024-12-02T09:36:11.406Z');

INSERT INTO "events" ("id", "session_id", "user_id", "event_type", "event_name", "created_at") VALUES
  ('eb4ea078-37b0-4a80-b27c-ab145e5178b5', 'a3a19ada-6e03-4019-aab4-925642af4dec', '656e218e-837d-43bf-8d98-5fbae1e75df6', 'page_view', 'Theta fox delta', '2024-12-24T07:49:29.408Z'),
  ('90f4c742-dc83-4e6f-9b34-7d458657440d', '85430c35-ad6f-42b0-9aba-555cdf862738', '656e218e-837d-43bf-8d98-5fbae1e75df6', 'error', 'Network lazy kappa', '2024-12-04T08:54:35.314Z'),
  ('abb011eb-f393-4c4b-b029-3c1cd5478d3f', '88594862-01a8-49a9-aa7f-e632ad79ed19', '184bf977-f1b2-4ca8-8142-770b30f4cc82', 'feature_use', 'Lambda dog delta', '2024-12-02T07:02:00.149Z'),
  ('1387f931-f49c-4578-a2a8-7be6eed5dc5a', '7a7abe01-f9e4-46ac-b7e7-69d306114987', '1a87d5b4-739c-4246-8363-da1f393dd8d6', 'page_view', 'Lambda fox beta', '2024-12-04T20:27:51.773Z'),
  ('a3d89e46-d6cf-427e-a58e-420ef4b05dfc', 'e17aa832-bc0c-4342-925f-488a6aa80489', '1a87d5b4-739c-4246-8363-da1f393dd8d6', 'page_view', 'Brown dog platform', '2024-12-08T23:38:58.916Z');

INSERT INTO "events" ("id", "session_id", "user_id", "event_type", "event_name", "created_at") VALUES
  ('e55c11e9-081f-40c9-a267-5d0f7f15d0fd', '35ba938a-9949-4220-ba1b-5feec6a006e5', '26f90513-fa3e-4138-bc29-8338d3f892e1', 'feature_use', 'Process system brown', '2024-12-12T21:26:20.485Z'),
  ('59352173-17c0-4ccc-8089-16ed23e61f71', 'fc6476b9-8fbf-4e6a-9c9c-901363b84a44', '184bf977-f1b2-4ca8-8142-770b30f4cc82', 'page_view', 'Process process lazy', '2024-12-20T21:03:16.158Z'),
  ('5cf6598f-6b97-45ed-9cda-b0d1f0e2fec4', 'db841885-cd90-4ad8-8479-3b9a3b4a0675', '45db9ea1-a913-4837-97f8-7824e4f703b9', 'button_click', 'Lambda theta dog', '2024-12-09T01:06:07.779Z'),
  ('abc2099f-e2e3-4024-b8b1-27219f48921a', '7cd90ab7-9f01-4954-92ae-803361945e4b', '656e218e-837d-43bf-8d98-5fbae1e75df6', 'page_view', 'Engine gamma cloud', '2024-12-15T11:56:54.059Z'),
  ('e27a3aa0-d794-4943-ada7-a31d84294371', '517da568-0faf-41ed-8562-760b2b750d16', '980b02ca-47e2-413a-9cf6-08da766ce352', 'page_view', 'Theta kappa cloud', '2024-12-09T20:33:39.878Z');

INSERT INTO "events" ("id", "session_id", "user_id", "event_type", "event_name", "created_at") VALUES
  ('a6e2675e-5723-4f9b-a4e6-0596814e36f3', '22d37379-c54c-4142-868f-45b0f88c2552', '26f90513-fa3e-4138-bc29-8338d3f892e1', 'feature_use', 'Brown engine jumps', '2024-12-05T11:10:17.438Z'),
  ('6a53d41c-cf0a-4213-8d00-f8efbdbc6d3b', '92cd359d-8540-49d4-8656-92b23f1aaf3d', '45db9ea1-a913-4837-97f8-7824e4f703b9', 'api_call', 'Quick dog data', '2024-12-12T18:46:55.412Z'),
  ('ec31e57c-fb35-4b8b-8d1e-fc2944d4c168', 'cba5e714-903d-4ebb-ae8d-0f0071fa3c41', '184bf977-f1b2-4ca8-8142-770b30f4cc82', 'page_view', 'Lazy alpha platform', '2024-12-04T00:19:06.183Z'),
  ('58ca71fe-21b5-429c-83fc-1a7fe77be9d7', '517da568-0faf-41ed-8562-760b2b750d16', '184bf977-f1b2-4ca8-8142-770b30f4cc82', 'search', 'Service beta quick', '2024-12-16T23:18:18.033Z'),
  ('fdbdbb4f-5f2e-460a-b124-879993cc9105', '6ea5cfe3-8802-4624-b97b-82c97d74f57f', 'c201b7c2-968b-485b-bbf5-7f90e1e21650', 'search', 'The quick the', '2024-12-03T08:22:28.619Z');

INSERT INTO "events" ("id", "session_id", "user_id", "event_type", "event_name", "created_at") VALUES
  ('4ccf4cf2-4b7c-4087-a0b5-d7ff8f010127', 'f69aa40e-d49d-4bd2-90b1-aad40a1b3d8c', '980b02ca-47e2-413a-9cf6-08da766ce352', 'page_view', 'Cloud client data', '2024-12-07T08:15:28.154Z'),
  ('99b26a29-8dbb-4f2e-88a1-be5a4305693a', '593d3c8e-1ff2-4a82-9b95-a6d29ced7e10', 'c201b7c2-968b-485b-bbf5-7f90e1e21650', 'api_call', 'Kappa theta engine', '2024-12-17T10:28:00.979Z'),
  ('31b351cd-be0d-487f-a00b-b99451885643', '22d37379-c54c-4142-868f-45b0f88c2552', '45db9ea1-a913-4837-97f8-7824e4f703b9', 'page_view', 'Lazy data client', '2024-12-29T19:41:46.386Z'),
  ('c89dab45-a5ce-472a-9ab3-35bdc5fd405b', '4c2c05fd-3242-4c5a-ae35-f9c5312862ba', 'c201b7c2-968b-485b-bbf5-7f90e1e21650', 'button_click', 'Beta brown gamma', '2024-12-19T13:33:15.187Z'),
  ('06b38cc1-a2b1-4aac-8b57-da3ed442e2ea', '99e3aef9-eaf5-4a42-ac5e-c1c4b864644f', '184bf977-f1b2-4ca8-8142-770b30f4cc82', 'page_view', 'Theta alpha data', '2024-12-21T07:26:28.191Z');

INSERT INTO "events" ("id", "session_id", "user_id", "event_type", "event_name", "created_at") VALUES
  ('2b81892a-8191-4422-a6b0-bdfb2dbdbcd2', '48e154cd-e0c0-421a-9166-a10f3a8f3332', '8d4a69ba-5b0f-459c-9c15-07dce9debaaa', 'button_click', 'Delta beta sigma', '2024-12-14T22:28:01.161Z'),
  ('7a76fe29-a62d-4def-ab60-ff2dc65478e8', '19ba0b89-ea6e-4091-bd13-32787431973b', '0cd87f71-cfef-4fa3-a01b-6a257048bbf9', 'page_view', 'Client platform cloud', '2024-12-26T10:26:08.071Z'),
  ('b48d1963-9844-49c0-a1e8-eda5b9215dbd', '9e8d61b5-5a6a-4346-9868-3320e2c65f8f', '656e218e-837d-43bf-8d98-5fbae1e75df6', 'page_view', 'Server network process', '2024-12-28T15:25:24.813Z'),
  ('f0fda19b-dc09-4279-abe8-fd6f68d0e7d1', '1fbd10ef-e8dc-4963-a76b-b35f26d5efed', '55ccad2d-da35-42af-a148-b43d1d825969', 'feature_use', 'System system beta', '2024-12-04T13:49:43.334Z'),
  ('2e670bc5-2729-4104-8d8b-c9750e344859', '86e76a3e-8360-4cd4-9006-9262de5b56ae', 'c201b7c2-968b-485b-bbf5-7f90e1e21650', 'page_view', 'Delta sigma engine', '2024-12-03T07:35:21.872Z');

INSERT INTO "events" ("id", "session_id", "user_id", "event_type", "event_name", "created_at") VALUES
  ('65e8124d-f35b-4f31-95cf-9e6aa8dd6e25', '38fda23d-01a5-4787-a61f-d28908122026', '0cd87f71-cfef-4fa3-a01b-6a257048bbf9', 'page_view', 'Platform epsilon quick', '2024-12-03T06:55:06.174Z'),
  ('e4879f5e-8c3c-4e9b-b77a-8e25664e246d', 'cecdff8c-05fc-4322-b918-39789e14b2c9', '8d4a69ba-5b0f-459c-9c15-07dce9debaaa', 'page_view', 'Epsilon kappa epsilon', '2024-12-09T13:25:04.408Z'),
  ('e1c9c618-4faa-48c0-97ec-66b7cbf78e42', '88594862-01a8-49a9-aa7f-e632ad79ed19', 'c201b7c2-968b-485b-bbf5-7f90e1e21650', 'feature_use', 'Fox lazy the', '2024-12-24T21:43:45.660Z'),
  ('e8bf07ae-03a5-4d46-b689-b1e998edf5ab', '543ac9f6-a10f-4ca5-9dd9-0a7b856e3854', '1a87d5b4-739c-4246-8363-da1f393dd8d6', 'page_view', 'Platform gamma epsilon', '2024-12-24T07:05:34.494Z'),
  ('eb2ad9ba-d87c-4c52-9078-378979b306af', '517da568-0faf-41ed-8562-760b2b750d16', '45db9ea1-a913-4837-97f8-7824e4f703b9', 'button_click', 'Zeta system module', '2024-12-21T12:58:03.259Z');
