id,diagnosis_id,created_at
"2e095c3a-e065-4a85-f934-1809f60e3e27","8dea49e2-01b9-4a86-d030-07577f5a87bb","2025-04-10T12:00:18.845Z"
"522be330-b11e-45cf-ee68-70125054efe8","ae29b9f8-696c-4ff5-de0a-aa9cef720f6d","2025-04-10T12:19:13.532Z"
"7cd59bdc-4519-41bd-b548-70e2fc42afad","9494ef0d-9f57-414c-5857-c1d6bf2a1165","2025-04-13T02:57:09.817Z"
"47c75589-cff1-4c2f-5b68-baf0b900bd35","f55a0447-fa26-4f64-e52e-c54ea2e7d7bd","2025-04-16T07:41:57.036Z"
"459c31d4-0e34-41c6-4f5b-2f225a93e211","436902fb-f526-48ab-4728-af72f7ae6561","2025-04-16T16:40:52.472Z"
"30130a20-9bf2-4331-f616-bab052a38cef","b3ea6e96-80a0-44a4-98e6-1580c04a4f19","2025-04-16T23:24:22.121Z"
"7a61bd73-a09c-4cb6-8b40-dc8db83d8671","8cedc698-a0fe-482f-ae97-9bbcb5ab2d68","2025-04-18T09:20:57.249Z"
"8dd61a32-2e2f-4c0f-a00f-fdf7ce6117f3","d82e85ad-ea64-4801-4f10-e3cff42d3a08","2025-04-18T17:49:52.316Z"
"ad3b3bdf-435d-4154-cb9c-b4a3f5405259","c0d3671c-bc89-4f92-55dd-59d025b27a85","2025-04-22T07:33:32.575Z"
"4d76d05c-6343-4a84-3582-d217730cb74c","124b4983-f984-4e9d-1db3-ff3d93598a81","2025-04-23T09:55:54.579Z"
"b1323ef3-34be-4f2f-7512-b3e0147eeb8d","e41a6313-8e96-4b68-c4c2-56e73300e6d1","2025-04-25T14:18:07.190Z"
"3b60038f-6025-4ced-839c-a50724bf5af0","f2d83c6a-79af-4c6c-d2ca-1a2623ca50d4","2025-04-25T23:14:09.590Z"
"a0c24f28-95a4-4d0c-7820-f7dff7bf7843","730f8b33-cd59-4790-e71f-781c8c17ab98","2025-04-27T00:25:45.862Z"
"e1d72189-daa1-431a-0888-3dc7175d0cf4","5df63dc6-fd86-45cc-da2e-1135ef510397","2025-04-29T20:11:01.335Z"
"9d264415-2f0b-4f17-2d46-c7022236c299","46ab4f94-c156-427f-bee3-6d1d85f248af","2025-05-02T00:40:24.071Z"
"4d5e7b36-d0a8-4eae-c7e4-b1c37345c683","d78e5958-5e5e-45e1-99fe-ce6e659e903e","2025-05-06T13:51:32.620Z"
"68be8dfb-5ddc-4860-e8ae-fce8d8a707f3","83935cd2-d156-4af2-e77a-eff3bfb9550c","2025-05-08T10:26:55.961Z"
"2a863cca-5153-4364-8aee-9943c3e14f41","8f024b26-ce33-4b9a-7f32-2df8b7b3d966","2025-05-08T15:35:37.532Z"
"6ade3f81-9616-4c8d-3616-2bb6d09be35b","0ecd7a36-d303-439e-aba2-723cf896282c","2025-05-09T01:19:30.154Z"
"42e9e77a-6a23-4fd7-2b5b-3d8e252a2e80","0f51c4bc-8f6d-48b3-106e-4323dba5b32f","2025-05-14T11:13:31.952Z"
"a06f1bf9-b3c8-4856-bf47-3963daebd7fa","0f51c4bc-8f6d-48b3-106e-4323dba5b32f","2025-05-24T21:32:29.023Z"
"7fb49b0f-dc3e-48e6-077a-a9713debf68a","67ac36e2-be79-4f97-8f1b-b0049224292c","2025-05-26T19:29:33.160Z"
"229951e5-bbe0-4668-9edf-17a1845088c4","1c61b058-4406-47d1-477b-ce0f1fb6e917","2025-05-27T22:00:54.636Z"
"d8a102fd-9a65-40fc-2db7-3eceab62bb38","f00348c5-85c6-4709-b23f-23566beed42b","2025-05-28T22:02:15.172Z"
"607297b3-548c-42ba-89f3-2b07887c3efd","e1550ddb-3171-48ec-c8f0-97a0689e4f19","2025-05-30T08:06:12.276Z"
"f79239bc-c32b-4b64-5f10-2a0412016c48","9da061c5-89b7-4899-6350-ffe511858154","2025-05-30T21:46:38.715Z"
"2c28183b-4e2f-43d2-a6d9-2c91de1190d5","70596a70-20c2-4d8e-7ebd-55e12964ebf5","2025-05-31T02:39:41.992Z"
"777dc5c0-4897-4fb2-435c-10df94ae448e","bb85b142-6e92-4e97-6f4d-5348f4ba7733","2025-05-31T07:49:44.793Z"
"3431b6be-e6ce-4e55-c574-d8905440128f","f9add6f8-57b4-4203-38bd-1ad334f08819","2025-05-31T17:16:30.730Z"
"a4dd0378-924b-4a92-044c-871ce6a15f33","406f2356-40cb-4be6-5767-6fa18b696191","2025-06-02T14:16:55.698Z"
"cb30636b-2a6b-4076-f4cd-ca46ef426ddb","99ab9861-244c-418b-84ff-47b459cfbc9b","2025-06-04T08:08:07.126Z"
"474cf1eb-1ce7-4530-23f8-691ce5f325a9","d1345b5a-3c5b-41d3-9672-bbf1ed34683a","2025-06-04T16:31:55.502Z"
"68f31d50-4c1e-4632-62c6-ee78caae0e73","c81a8f3f-face-4f77-caed-8cbee07de2de","2025-06-06T00:21:32.927Z"
"7bdae512-f1df-4883-1b45-65d51f218475","a2316e1d-a8ed-403c-156b-341ae043dc8e","2025-06-08T12:23:17.831Z"
"d0d71f3c-08d8-4b1b-bee8-2bb7e5af43ee","67ac36e2-be79-4f97-8f1b-b0049224292c","2025-06-08T17:46:36.127Z"
"e3dc66e5-bfc6-48d5-2309-a5a71463ea0f","f4986635-31fd-456c-46de-35848b54adf3","2025-06-11T06:56:34.575Z"
"b440f801-cf03-4f3a-71fb-da8a381790fd","00fedfd6-6b18-4d1f-2637-ab4c255f2660","2025-06-11T20:22:50.019Z"
"27029dd5-216e-4334-5a33-7e9a13b81c68","417b1c95-7faa-43d0-ae1c-475a7bef88ea","2025-06-13T02:10:31.397Z"
"042eeb75-ca00-4052-f809-c8c5785b45ea","f00348c5-85c6-4709-b23f-23566beed42b","2025-06-15T09:46:44.055Z"
"81a74b49-7f95-4f3b-2838-423aef1642e4","216f3d8e-18e4-4c3c-142f-bf2b6bdc8552","2025-06-16T20:15:43.023Z"
"015a76ec-f2f4-4744-fcdc-2f4fd19ac749","e9fce0f5-a40e-4c29-f965-de2be065579c","2025-06-16T21:43:26.730Z"
"cb2b6b98-5197-406d-b048-388c34d89a2d","513ffa98-f291-450f-364b-baacaacea08b","2025-06-18T05:09:24.217Z"
"c7fcdfd8-49d5-4d4b-48a1-c33629a3ed4b","f2d83c6a-79af-4c6c-d2ca-1a2623ca50d4","2025-06-18T22:33:37.946Z"
"77128467-867f-4589-46e6-1d073d79c50b","e1550ddb-3171-48ec-c8f0-97a0689e4f19","2025-06-20T19:12:05.983Z"
"1c1b794b-5204-496d-e024-6eb6327ec5d2","67ac36e2-be79-4f97-8f1b-b0049224292c","2025-06-22T17:51:57.002Z"
"469b44bc-cec4-4925-055c-0ccc58498efd","577f6c9b-3cf8-4b08-8cc0-65dd03eabeab","2025-06-24T18:13:56.801Z"
"cf41fa0b-f653-4f17-976b-146598581a10","aca75751-c362-4db8-c10b-d4c30b2be675","2025-06-26T17:58:44.845Z"
"01b9a902-cb4e-4330-8017-663b725fcffd","d1781ca9-2607-40bf-9d13-03899904a1d3","2025-06-26T21:03:24.823Z"
"dbbe72f8-2619-4d83-70f3-c6332022e089","aae8d63b-2c8f-4eff-5666-c695065b28d1","2025-06-28T07:49:38.570Z"
"8a2592ce-7006-4b29-d8f3-236715d24013","f9add6f8-57b4-4203-38bd-1ad334f08819","2025-06-29T11:52:40.689Z"
"21502498-42dc-4070-21ab-ffef9cd69d4f","c77f4966-f027-45e8-a15a-c4b511836401","2025-06-29T13:44:11.077Z"
"efdc7f62-00cb-453f-f524-e40dd163455e","39ece6e2-ce49-4289-2954-54ad0dbe0326","2025-06-30T18:15:55.403Z"
"e26a6702-a5e9-4a1c-f6dd-dea10127634d","67ac36e2-be79-4f97-8f1b-b0049224292c","2025-07-01T07:33:41.658Z"
"f7b4f50d-6903-4bf5-2dfe-376fc83a58ad","a624eaad-18f0-494c-6148-033bd0b4f86f","2025-07-02T14:53:55.120Z"
"ab3cf3d3-df57-441c-1634-743b675120a2","449aa9ca-a60f-4d65-2777-69ce1d0724e4","2025-07-05T09:46:12.914Z"
"8ab4cc18-c1d4-4294-5bb9-dcdaf4795284","8cf2ddc9-f09a-4ffb-7b5b-051e5e347478","2025-07-06T19:11:31.736Z"
"5d94aa7a-e1d3-4b50-9562-66651407c73b","fc3487b5-2671-4ce5-642b-6c5e5f16b8da","2025-07-06T19:28:15.541Z"
"33ed7997-dc18-45f4-dbd3-f146f11589a8","96b3f845-a9c0-4c6a-60c9-2c8eb8e56833","2025-07-08T16:15:31.342Z"
"8f5b45c2-c7c3-43e7-ea66-51631695bff8","e8545e78-32c5-4a17-9050-11221fc10428","2025-07-09T04:30:13.677Z"
"3c33d191-593e-43ba-38d1-e1a0686b1309","e9fce0f5-a40e-4c29-f965-de2be065579c","2025-07-09T19:04:28.593Z"
"fe908f29-8dfa-4305-0316-f08c73ff3ce2","4fa97dad-feb0-4455-c519-aa3b9d868ab4","2025-07-10T14:17:42.005Z"
"e15d9d96-1480-46f3-4cfc-7380100a4772","cdebd348-1d80-4abc-2148-8adc319f7d60","2025-07-11T00:51:10.443Z"
"10d1e7d2-6316-48d0-b089-dd22b5c406a2","89d8ac6b-5c55-43b8-abed-a7c2226be8e3","2025-07-12T01:53:16.727Z"
"04c1d1c1-c60e-426e-7d3b-5865b5769616","00fedfd6-6b18-4d1f-2637-ab4c255f2660","2025-07-15T18:49:57.594Z"
"0d458d7e-67ff-41df-d0ae-a8260dcd4a2a","aa062310-032f-4403-0670-ba337202fbdd","2025-07-19T01:24:35.956Z"
"cd22ddc1-4eb7-433e-106b-78d3e7ef5a68","d9629738-bb62-4ab8-f7fd-24573d378d15","2025-07-21T00:51:51.438Z"
"682a0550-9239-498e-2796-4903c5a5fbe3","60a5bbda-b8ee-42ec-a805-5f49f686e62b","2025-07-21T17:20:36.617Z"
"ca7dc21e-ce7d-44c6-4540-9c8cc902eeaf","124b4983-f984-4e9d-1db3-ff3d93598a81","2025-07-21T23:47:43.804Z"
"b0b345be-66ee-4769-cb19-30ec23053ccf","522a5e93-f9e6-4d15-bd32-e5e4d9f8a40f","2025-07-22T00:56:29.067Z"
"790b512e-e664-45e6-6dc0-a68d113b949c","40dbb044-e809-4702-32e7-7e27e3464e42","2025-07-22T10:04:05.596Z"
"b162eb0d-2f5b-4e36-13ab-4b67b25eeeb6","6c5ad026-91d8-4695-c284-48d1509a523d","2025-07-23T11:32:37.894Z"
"c482bfa4-5551-4e8d-3a7b-1761002072e2","f02f2a6f-934c-4043-7013-cbc2f4f5bbb6","2025-07-26T07:57:39.328Z"
"823dd9ec-d773-4fe4-65cb-cb58a5072caf","0d5d4e6b-5694-407c-8be8-6dcf9fe5f535","2025-07-26T20:01:26.863Z"
"92c0536e-2002-421f-2480-887160c9df86","3ec105ce-f149-4bad-35d0-80b0b1e80194","2025-07-28T04:04:54.248Z"
"910e746d-8914-4fa6-8c12-ed3c636ff6bb","407a143f-f77d-4668-ba40-aa4f2e0a3c88","2025-07-28T23:53:47.796Z"
"a9258530-3420-4571-6099-94bf156b71b5","ae29b9f8-696c-4ff5-de0a-aa9cef720f6d","2025-07-30T12:17:29.344Z"
"a3e93417-9714-476b-bd5b-882c89a6713b","e9fce0f5-a40e-4c29-f965-de2be065579c","2025-07-30T23:42:30.632Z"
"7388bc83-612c-404f-c821-bd0b336e0713","513ffa98-f291-450f-364b-baacaacea08b","2025-08-01T06:38:07.968Z"
"958ffc03-a43b-4db8-2d26-6953b0d760fd","730f8b33-cd59-4790-e71f-781c8c17ab98","2025-08-02T11:35:46.546Z"
"cdd3e607-a5d8-4566-4b8b-9bc11726a799","124b4983-f984-4e9d-1db3-ff3d93598a81","2025-08-02T17:52:12.295Z"
"3a728d47-800b-4c01-a3b6-8a118a429406","124b4983-f984-4e9d-1db3-ff3d93598a81","2025-08-04T13:12:52.389Z"
"52e32721-713d-40fe-f617-54d1cddf8d9c","42982900-8b67-41e8-2779-f0cbfe74316c","2025-08-09T16:38:34.475Z"
"306e9d25-2c96-4b8b-76ef-e52e203b9854","aae8d63b-2c8f-4eff-5666-c695065b28d1","2025-08-14T15:45:59.836Z"
"624a54b2-6ca0-445b-5a56-e734e9d7be10","e6ca9bba-609f-414b-1d6b-988be0659d32","2025-08-15T14:10:08.960Z"
"5d961148-3ea4-46c1-de76-93faabff8df3","a51a2faf-dad2-4062-4260-1a66838ba717","2025-08-16T17:27:20.888Z"
"7a68d018-e82b-4b55-530e-77990bb85fd6","0d1a46f8-df6d-4409-dee0-54439befe52c","2025-08-18T17:00:44.170Z"
"fc83ac25-b0fc-458e-e33f-b3723bc91af3","f02f2a6f-934c-4043-7013-cbc2f4f5bbb6","2025-08-22T02:08:05.148Z"
"9a67fc8b-73ea-4a69-62dd-dfed42785d1b","59fc9bfd-9514-4fe0-12a2-f9a3e6661b2a","2025-08-24T11:02:51.412Z"
"12421173-a404-4ae9-af6e-b17a4204805c","24ca719e-99a9-4d87-a489-1826b4f70a3e","2025-08-25T13:40:34.859Z"
"a4303b4f-bb60-427c-8e33-ea6cf96396c7","b172b97c-fe74-4e3d-6b6e-ed4d03120895","2025-08-27T03:24:55.076Z"
"dbd36e79-2c69-4705-a1d8-23ab79935ef1","6c5ad026-91d8-4695-c284-48d1509a523d","2025-08-27T18:56:33.894Z"
"66aac0aa-de8c-4c69-6bb9-b625f868e3e0","c3177c30-44d2-46bd-0c2f-f47fe308c4c5","2025-08-27T23:32:09.916Z"
"c9bffbe3-3822-416d-2e0f-c87493714d04","a2b209a4-5ee3-4f9d-e279-db1e71fd53d6","2025-08-28T23:28:45.780Z"
"5fa91b21-e72b-456b-90bb-dd9c87f9e0d9","719f6a51-e704-4676-c1ea-a6f48ff24cee","2025-08-29T05:01:46.543Z"
"05db0088-21e3-4e8a-4fcd-b9e9042d02ed","25cff100-2b54-4162-1197-ea765033e5aa","2025-08-29T09:20:01.158Z"
"02cc47b2-38da-47cd-b7e1-e7aaa3a6bd7a","01d7afeb-f545-45fe-e045-88d004f87f12","2025-08-30T08:12:18.942Z"
"76e74d50-0e74-4352-57f8-637671aac017","be2a79a5-0df5-410b-290d-61ec52e63088","2025-09-04T01:17:49.287Z"
"2566ffe5-364c-4371-0fb9-15ee0d46b7e5","5e4de367-98d0-474c-2ecc-50f486b4cd06","2025-09-08T18:56:26.836Z"
"088f171d-c66e-48e5-ccd9-bd679c776aeb","216f3d8e-18e4-4c3c-142f-bf2b6bdc8552","2025-09-09T15:49:14.758Z"
"aa0c2240-49a6-4921-0aba-dafa9ee7c28c","3ea6fa4d-0e02-46d5-56f4-ffa46ae96e36","2025-09-12T10:52:45.027Z"
"af6c4d7f-64ef-4ce1-a540-f566d21524d4","44226a0e-3516-4e03-f100-9f475f4f0ca8","2025-09-13T14:49:49.094Z"
"9a614746-3796-4ecb-50b0-11978ef1c59f","43c586a4-2596-46aa-de72-52fa7525f9ca","2025-09-17T21:24:17.372Z"
"24b2018b-4555-4557-80ba-17085c74dbea","eb7d0c06-54a4-487a-71f0-26531ae191d5","2025-09-19T13:58:11.641Z"
"022e2c6b-d755-4d76-0e00-74c669fb8b25","d8a18b79-8bfa-41b3-21a6-addc6a4a4c3d","2025-09-19T15:47:34.387Z"
"3143d832-639c-43e5-ce6e-b3781170f82b","e05ebfad-0c80-4993-ab4a-b99ddbea8057","2025-09-22T04:27:42.836Z"
"83f4ad6a-2e4b-4306-ad6d-b45403c01123","e6ca9bba-609f-414b-1d6b-988be0659d32","2025-09-22T19:34:10.804Z"
"385f9e1b-bddc-4d4a-b387-a589a6805f53","e8545e78-32c5-4a17-9050-11221fc10428","2025-09-26T10:16:04.579Z"
"f7b911db-ab02-4726-9f23-559e18f5665d","4cee8065-3bfd-4280-b452-7e78167e8c15","2025-09-26T11:50:38.946Z"
"6ef04c11-dc77-4017-3001-2911f9b34270","522a5e93-f9e6-4d15-bd32-e5e4d9f8a40f","2025-09-28T15:37:54.442Z"
"433cf1cc-49ef-40dd-56e5-d39502fe2be0","7d4370bb-0962-4a8b-6db0-40fdc7eeb2c0","2025-10-02T18:09:15.343Z"
"d63a0312-f991-4822-0584-9ff056c2b7ef","a624eaad-18f0-494c-6148-033bd0b4f86f","2025-10-03T06:05:56.696Z"
"eaf81524-b715-4c84-1ed0-6f410e0f3087","43c586a4-2596-46aa-de72-52fa7525f9ca","2025-10-04T11:07:27.096Z"
"c60239c1-5703-4efb-d07e-b327b3dd78c6","3ec105ce-f149-4bad-35d0-80b0b1e80194","2025-10-05T16:50:50.553Z"
"c9f7f3a5-e720-48c8-c034-3c81e131c0b7","b10e542e-98fe-4fc5-bbb0-9b4218d4b419","2025-10-07T07:55:12.266Z"
"f73b79d1-2ca3-45cc-4167-9c246170e878","8cedc698-a0fe-482f-ae97-9bbcb5ab2d68","2025-10-12T07:52:12.898Z"
"6944e9e0-a2c1-42c0-f444-55edae34fdb2","860f94ed-8704-41ff-9c1e-dedf6f34302a","2025-10-14T01:19:00.374Z"
"cee90cd6-e0f8-4565-f70e-0bf10d95a1c4","84e1d20e-e5d8-4209-8226-21cc577cc1da","2025-10-15T12:57:00.218Z"
"0c656ea2-78c5-4eb9-4b52-02c7ce672795","4fa97dad-feb0-4455-c519-aa3b9d868ab4","2025-10-16T18:56:26.738Z"
"79ab2021-a39d-425e-34d4-184cfddd1f3a","91c08c4a-db9c-4b1e-8caf-285a1850e7e9","2025-10-16T19:10:55.247Z"
"d33c15e6-84a0-4f89-ac99-6973139ccbbe","e05ebfad-0c80-4993-ab4a-b99ddbea8057","2025-10-20T02:23:11.867Z"
"06e899c7-0773-4e40-ac35-71e502b52309","602f7b5b-c161-4264-ed29-d58738a674d9","2025-10-21T01:40:32.787Z"
"a5e6a295-9c53-4eae-5946-d77855cdde8f","76cea91a-142c-427e-4a26-7dc4fa292295","2025-10-23T08:57:57.313Z"
"0e8ab4ba-e1c1-4e66-590e-78a9f1369937","c77f4966-f027-45e8-a15a-c4b511836401","2025-10-23T19:51:04.290Z"
"57e37aa6-efe7-490d-087f-5f27ccb760bd","b0809383-1b23-4ce4-30c2-301bbc33daf8","2025-10-25T02:39:22.086Z"
"3114d87f-411c-473a-2fde-1b3714813650","d97ede19-2435-407d-5341-4056765bafce","2025-10-28T06:09:08.532Z"
"51995370-8cf9-4e91-3578-b5c21d5b831a","54242929-ba78-4fcf-fae7-f67c860133f2","2025-10-29T04:46:58.065Z"
"80d4fc38-abfb-45e4-aa83-927fe3c438ab","a4b28255-5055-41e6-9f9e-28a6374b2446","2025-11-01T04:25:13.594Z"
"54ea6b83-885f-4af7-5461-5397962e57fe","69796fe0-706d-4276-f558-d32c4516d0b6","2025-11-02T11:42:47.016Z"
"14a16af9-4205-41f2-373f-77d8cdcff769","933f8beb-691b-41f4-c074-8915d6117b95","2025-11-05T06:56:03.945Z"
"25e55706-b1b6-4be9-0ea2-2887a062659e","4cc581ba-ce43-4583-353a-877260225c36","2025-11-05T09:52:11.488Z"
"aa158cd7-cea6-4166-359c-d59b66fe77c8","24ca719e-99a9-4d87-a489-1826b4f70a3e","2025-11-09T20:55:30.552Z"
"52797702-b1af-48a0-7927-df9f14593ad5","d916e5b0-29df-48f9-cf56-5a3acd869239","2025-11-10T13:37:44.093Z"
"e0d45292-1115-4021-ff99-ae3d449efb9b","9c332d22-6eb9-4cb5-aeff-27253c5a96c0","2025-11-13T00:42:46.412Z"
"9d661da6-3d8a-40bb-fe99-ede71d9c9826","362f8188-33b2-4e3e-6103-f88afdd82832","2025-11-13T10:34:17.254Z"
"eecf10ec-14c6-41ac-2ede-c9fedf265aeb","40dbb044-e809-4702-32e7-7e27e3464e42","2025-11-13T16:45:43.353Z"
"db463788-9935-4e55-5209-6df8ba0c0514","f2d83c6a-79af-4c6c-d2ca-1a2623ca50d4","2025-11-13T20:35:16.388Z"
"5d181baf-4327-41e4-664f-80dd421d9752","43c586a4-2596-46aa-de72-52fa7525f9ca","2025-11-14T19:30:40.328Z"
"9fce0f4d-a6c2-4872-9a84-a83826968cdb","d97ede19-2435-407d-5341-4056765bafce","2025-11-17T05:36:40.826Z"
"34358814-bcbf-47b3-e54b-dc0cc227641e","55cae5bf-1f1d-4835-43a6-eac63dcc9a8e","2025-11-23T13:03:15.513Z"
"216bd933-a712-4ab2-dc85-8e9f8af3f67c","24ca719e-99a9-4d87-a489-1826b4f70a3e","2025-11-24T16:05:52.324Z"
"40c03ee7-098b-4a49-dc89-a78ec4953f9b","481014fb-eb35-46db-52ea-812a7472da18","2025-11-27T15:42:39.919Z"
"9efe33c6-785e-4f5e-e7c7-c4d58a2dcf1b","355f6266-2ec9-47a3-99d5-ac745e877f98","2025-11-27T15:58:15.072Z"
"46336223-fa7a-4fb5-02e9-bfb383c8aef5","69796fe0-706d-4276-f558-d32c4516d0b6","2025-11-28T13:27:43.357Z"
"f8217f1e-622d-4265-520e-057cb4a5493e","7be9ffc5-8c1a-49a5-d71b-e0d31f7c1784","2025-11-29T06:30:52.227Z"
"0ee2aeb9-9de5-43a1-8e58-b13a88babab7","3ec105ce-f149-4bad-35d0-80b0b1e80194","2025-11-29T09:33:05.229Z"