-- =================================================================
-- Generated by RealityDB
-- Template: saas
-- Seed: 42
-- Generated at: 2026-03-22T04:47:16.407Z
-- =================================================================

-- --- SCHEMA ---------------------------------------------------------

CREATE TABLE "organizations" (
  "id" UUID NOT NULL DEFAULT gen_random_uuid(),
  "name" VARCHAR(255) NOT NULL,
  "slug" VARCHAR(100) NOT NULL,
  "industry" VARCHAR(100),
  "employee_count" INTEGER,
  "created_at" TIMESTAMP WITHOUT TIME ZONE NOT NULL DEFAULT now(),
  PRIMARY KEY ("id")
);

CREATE TABLE "users" (
  "id" UUID NOT NULL DEFAULT gen_random_uuid(),
  "org_id" UUID,
  "email" VARCHAR(255) NOT NULL,
  "full_name" VARCHAR(255) NOT NULL,
  "role" VARCHAR(50) NOT NULL DEFAULT 'member'::character varying,
  "status" VARCHAR(50) NOT NULL DEFAULT 'active'::character varying,
  "last_login_at" TIMESTAMP WITHOUT TIME ZONE,
  "created_at" TIMESTAMP WITHOUT TIME ZONE NOT NULL DEFAULT now(),
  PRIMARY KEY ("id"),
  FOREIGN KEY ("org_id") REFERENCES "organizations" ("id")
);

CREATE TABLE "sessions" (
  "id" UUID NOT NULL,
  "user_id" UUID,
  "started_at" TIMESTAMP WITH TIME ZONE,
  "ended_at" TIMESTAMP WITH TIME ZONE,
  "duration_seconds" INTEGER,
  "ip_address" VARCHAR(255),
  "user_agent" VARCHAR(255),
  "country" VARCHAR(10),
  "created_at" TIMESTAMP WITH TIME ZONE,
  PRIMARY KEY ("id"),
  FOREIGN KEY ("user_id") REFERENCES "users" ("id")
);

CREATE TABLE "events" (
  "id" UUID NOT NULL,
  "session_id" UUID,
  "user_id" UUID,
  "event_type" VARCHAR(50),
  "event_name" VARCHAR(255),
  "created_at" TIMESTAMP WITH TIME ZONE,
  PRIMARY KEY ("id"),
  FOREIGN KEY ("session_id") REFERENCES "sessions" ("id"),
  FOREIGN KEY ("user_id") REFERENCES "users" ("id")
);

CREATE TABLE "features" (
  "id" UUID NOT NULL,
  "name" VARCHAR(255),
  "category" VARCHAR(50),
  "created_at" TIMESTAMP WITH TIME ZONE,
  PRIMARY KEY ("id")
);

CREATE TABLE "plans" (
  "id" UUID NOT NULL DEFAULT gen_random_uuid(),
  "name" VARCHAR(100) NOT NULL,
  "tier" VARCHAR(50) NOT NULL DEFAULT 'starter'::character varying,
  "price_cents" INTEGER NOT NULL,
  "interval" VARCHAR(20) NOT NULL DEFAULT 'monthly'::character varying,
  "trial_days" INTEGER NOT NULL DEFAULT 14,
  "is_active" BOOLEAN NOT NULL DEFAULT true,
  PRIMARY KEY ("id")
);

CREATE TABLE "subscriptions" (
  "id" UUID NOT NULL DEFAULT gen_random_uuid(),
  "org_id" UUID NOT NULL,
  "plan_id" UUID NOT NULL,
  "status" VARCHAR(50) NOT NULL DEFAULT 'active'::character varying,
  "trial_ends_at" TIMESTAMP WITHOUT TIME ZONE,
  "current_period_start" TIMESTAMP WITHOUT TIME ZONE,
  "current_period_end" TIMESTAMP WITHOUT TIME ZONE,
  "started_at" TIMESTAMP WITHOUT TIME ZONE NOT NULL DEFAULT now(),
  "canceled_at" TIMESTAMP WITHOUT TIME ZONE,
  PRIMARY KEY ("id"),
  FOREIGN KEY ("org_id") REFERENCES "organizations" ("id"),
  FOREIGN KEY ("plan_id") REFERENCES "plans" ("id")
);

CREATE TABLE "invoices" (
  "id" UUID NOT NULL DEFAULT gen_random_uuid(),
  "subscription_id" UUID NOT NULL,
  "amount_cents" INTEGER NOT NULL,
  "currency" VARCHAR(3) NOT NULL DEFAULT 'USD'::character varying,
  "status" VARCHAR(50) NOT NULL DEFAULT 'paid'::character varying,
  "due_date" TIMESTAMP WITHOUT TIME ZONE NOT NULL,
  "paid_at" TIMESTAMP WITHOUT TIME ZONE,
  "created_at" TIMESTAMP WITHOUT TIME ZONE NOT NULL DEFAULT now(),
  PRIMARY KEY ("id"),
  FOREIGN KEY ("subscription_id") REFERENCES "subscriptions" ("id")
);

CREATE TABLE "payments" (
  "id" UUID NOT NULL DEFAULT gen_random_uuid(),
  "invoice_id" UUID NOT NULL,
  "amount_cents" INTEGER NOT NULL,
  "currency" VARCHAR(3) NOT NULL DEFAULT 'USD'::character varying,
  "payment_method" VARCHAR(50) NOT NULL DEFAULT 'card'::character varying,
  "status" VARCHAR(50) NOT NULL DEFAULT 'succeeded'::character varying,
  "failure_reason" VARCHAR(255),
  "paid_at" TIMESTAMP WITHOUT TIME ZONE NOT NULL DEFAULT now(),
  PRIMARY KEY ("id"),
  FOREIGN KEY ("invoice_id") REFERENCES "invoices" ("id")
);

CREATE TABLE "plan_features" (
  "id" UUID NOT NULL,
  "plan_id" UUID,
  "feature_id" UUID,
  "enabled" BOOLEAN,
  "limit_value" INTEGER,
  "created_at" TIMESTAMP WITH TIME ZONE,
  PRIMARY KEY ("id"),
  FOREIGN KEY ("feature_id") REFERENCES "features" ("id"),
  FOREIGN KEY ("plan_id") REFERENCES "plans" ("id")
);


-- --- DATA -----------------------------------------------------------

INSERT INTO "features" ("id", "name", "category", "created_at") VALUES
  ('9972daab-2c86-459f-9d78-3fe1be4e3280', 'System omega the', 'analytics', '2023-04-30T17:50:53.873Z');

INSERT INTO "organizations" ("id", "name", "slug", "industry", "employee_count", "created_at") VALUES
  ('0d970844-0f2f-4887-862c-d77ccf517309', 'Vertex Ltd', 'SLU-000001', 'Retail', 1226, '2023-09-17T15:26:02.512Z'),
  ('354dbddb-8234-484b-93a8-aeb1ed16f16e', 'Cascade LLC', 'SLU-000002', 'Technology', 80, '2024-04-12T20:59:29.698Z'),
  ('7b9ce613-b8ef-47b4-ad85-d21efe90ea6f', 'Nexus Corp', 'SLU-000003', 'Retail', 1615, '2023-07-18T12:40:00.768Z');

INSERT INTO "plans" ("id", "name", "tier", "price_cents", "interval", "trial_days", "is_active") VALUES
  ('4b73d7b1-fee3-4e8b-8b19-b250c9e71779', 'Business', 'starter', 19999, 'monthly', 14, TRUE);

INSERT INTO "plan_features" ("id", "plan_id", "feature_id", "enabled", "limit_value", "created_at") VALUES
  ('396929a7-5534-40e3-93ca-6421dd5e02bc', '4b73d7b1-fee3-4e8b-8b19-b250c9e71779', '9972daab-2c86-459f-9d78-3fe1be4e3280', FALSE, 2090, '2023-10-18T03:06:06.254Z');

INSERT INTO "subscriptions" ("id", "org_id", "plan_id", "status", "trial_ends_at", "current_period_start", "current_period_end", "started_at", "canceled_at") VALUES
  ('7d2f0cb4-b54a-4656-8738-fe92fd292b8f', '0d970844-0f2f-4887-862c-d77ccf517309', '4b73d7b1-fee3-4e8b-8b19-b250c9e71779', 'active', '2024-03-01T14:24:38.668Z', '2023-08-19T02:53:00.361Z', '2024-03-16T02:02:31.190Z', '2024-04-30T15:09:48.910Z', '2023-03-19T04:21:45.633Z'),
  ('537e9c8b-963c-434c-92ab-382bb1501f50', '0d970844-0f2f-4887-862c-d77ccf517309', '4b73d7b1-fee3-4e8b-8b19-b250c9e71779', 'active', '2024-01-15T11:31:21.354Z', '2024-03-29T15:37:30.161Z', '2023-07-31T04:53:12.094Z', '2023-03-06T18:45:29.932Z', '2023-05-19T11:01:26.752Z'),
  ('7027de86-d7e4-4325-9ece-35638bfc7ddc', '7b9ce613-b8ef-47b4-ad85-d21efe90ea6f', '4b73d7b1-fee3-4e8b-8b19-b250c9e71779', 'active', '2024-11-11T09:09:28.023Z', '2024-08-30T09:50:25.156Z', '2023-12-28T05:22:24.972Z', '2023-08-26T00:58:17.928Z', '2023-06-25T14:47:43.383Z'),
  ('fdd0a1d6-da99-4972-a0ae-59f0a054d826', '354dbddb-8234-484b-93a8-aeb1ed16f16e', '4b73d7b1-fee3-4e8b-8b19-b250c9e71779', 'active', '2023-09-16T05:03:22.529Z', '2023-07-20T18:05:42.213Z', '2023-02-03T03:53:53.223Z', '2023-03-30T23:46:41.523Z', '2024-01-26T15:20:25.585Z'),
  ('b5254523-0c4a-4091-b7cb-c832aa847178', '354dbddb-8234-484b-93a8-aeb1ed16f16e', '4b73d7b1-fee3-4e8b-8b19-b250c9e71779', 'active', '2024-05-21T10:55:50.309Z', '2024-09-15T05:15:04.814Z', '2023-12-29T15:27:23.737Z', '2024-06-19T19:09:13.749Z', '2023-12-10T16:38:05.395Z'),
  ('8ca56f22-0025-4111-9e6e-8019d20e5e3a', '7b9ce613-b8ef-47b4-ad85-d21efe90ea6f', '4b73d7b1-fee3-4e8b-8b19-b250c9e71779', 'active', '2023-01-26T12:47:59.164Z', '2023-07-03T10:05:44.836Z', '2023-09-06T07:46:00.354Z', '2023-05-30T15:21:44.449Z', '2023-11-27T08:52:46.504Z'),
  ('ce862d13-180f-43ac-ab8f-fa05655648d5', '354dbddb-8234-484b-93a8-aeb1ed16f16e', '4b73d7b1-fee3-4e8b-8b19-b250c9e71779', 'canceled', '2023-02-05T23:14:44.894Z', '2024-06-20T15:14:23.844Z', '2023-12-19T14:19:39.805Z', '2023-04-14T04:31:24.344Z', '2023-02-18T04:43:35.198Z'),
  ('af91cf4f-7ec0-4caf-8d8b-f7fbc44fa1aa', '7b9ce613-b8ef-47b4-ad85-d21efe90ea6f', '4b73d7b1-fee3-4e8b-8b19-b250c9e71779', 'canceled', '2024-05-14T14:53:08.946Z', '2023-03-30T16:37:24.029Z', '2024-03-05T07:56:46.253Z', '2024-04-28T01:22:53.596Z', '2023-12-09T00:16:55.360Z'),
  ('d69edeb1-2649-467c-86a1-c5bdb62fd8e7', '354dbddb-8234-484b-93a8-aeb1ed16f16e', '4b73d7b1-fee3-4e8b-8b19-b250c9e71779', 'active', '2024-01-02T01:38:06.168Z', '2023-03-20T22:51:53.684Z', '2023-08-27T01:33:29.060Z', '2024-02-28T13:54:20.105Z', '2024-02-12T18:26:52.259Z'),
  ('9db7840b-2a18-4f60-94d6-ae150845b345', '7b9ce613-b8ef-47b4-ad85-d21efe90ea6f', '4b73d7b1-fee3-4e8b-8b19-b250c9e71779', 'canceled', '2023-03-24T15:46:27.078Z', '2024-04-24T02:12:26.144Z', '2024-10-20T03:47:20.303Z', '2023-10-01T03:07:54.385Z', '2024-07-09T22:40:49.191Z'),
  ('7a4742b8-847c-471b-88b0-eb1d0f08573d', '0d970844-0f2f-4887-862c-d77ccf517309', '4b73d7b1-fee3-4e8b-8b19-b250c9e71779', 'active', '2023-04-28T19:07:03.869Z', '2024-04-26T14:53:17.774Z', '2023-09-15T03:01:24.782Z', '2024-12-08T13:55:52.494Z', '2023-07-14T15:52:22.582Z'),
  ('cc6034c9-8123-45c5-aede-ca7ef32c258d', '7b9ce613-b8ef-47b4-ad85-d21efe90ea6f', '4b73d7b1-fee3-4e8b-8b19-b250c9e71779', 'past_due', '2024-07-08T20:27:55.153Z', '2024-09-24T10:48:50.898Z', '2023-09-07T06:46:50.735Z', '2023-10-18T23:09:15.505Z', '2023-11-22T12:51:26.868Z');

INSERT INTO "invoices" ("id", "subscription_id", "amount_cents", "currency", "status", "due_date", "paid_at", "created_at") VALUES
  ('34ec85be-0cf5-4448-8c53-b6c240dc742e', 'af91cf4f-7ec0-4caf-8d8b-f7fbc44fa1aa', 253757, 'USD', 'past_due', '2024-10-29T03:41:56.870Z', '2024-09-23T11:11:25.669Z', '2023-01-05T15:48:07.301Z'),
  ('3678829e-7cac-48fa-9458-3484c3727c40', '8ca56f22-0025-4111-9e6e-8019d20e5e3a', 17408, 'GBP', 'paid', '2024-02-24T23:55:11.342Z', '2024-07-01T08:59:44.118Z', '2023-12-30T02:30:45.776Z'),
  ('0aaa10e6-c3a8-4f0d-968c-7b8379739304', 'd69edeb1-2649-467c-86a1-c5bdb62fd8e7', 1852, 'EUR', 'paid', '2024-04-06T15:07:35.367Z', '2023-07-21T04:28:04.455Z', '2023-02-21T06:44:59.760Z'),
  ('479ee776-0b91-4e71-b7c0-1fb798f2d57a', '7d2f0cb4-b54a-4656-8738-fe92fd292b8f', 455248, 'USD', 'paid', '2024-01-11T15:17:32.530Z', '2023-08-22T05:15:57.491Z', '2023-11-22T17:38:26.668Z'),
  ('9cdaaafb-faf7-4ff5-8f28-16fe087ddfad', '9db7840b-2a18-4f60-94d6-ae150845b345', 163815, 'GBP', 'paid', '2023-02-27T03:18:02.249Z', '2023-09-10T07:40:35.089Z', '2024-07-02T02:37:51.731Z'),
  ('275fb90c-233d-4e5f-a2f9-68cabd04afe0', 'fdd0a1d6-da99-4972-a0ae-59f0a054d826', 296214, 'GBP', 'paid', '2024-03-28T14:59:41.591Z', '2023-04-27T08:58:02.022Z', '2023-09-28T05:49:27.143Z'),
  ('507687fe-2c98-43a4-8b6f-98d564962bf9', '7027de86-d7e4-4325-9ece-35638bfc7ddc', 339707, 'EUR', 'paid', '2023-11-28T23:42:45.548Z', '2023-09-28T22:13:17.830Z', '2023-03-18T20:39:42.744Z'),
  ('c5000f18-e800-4886-8ebe-a20067d35832', 'd69edeb1-2649-467c-86a1-c5bdb62fd8e7', 326331, 'USD', 'paid', '2023-10-28T13:46:39.460Z', '2023-04-20T17:58:54.816Z', '2023-11-04T13:44:01.420Z'),
  ('6a966997-3122-45bb-88ec-f16e9856aafa', '7a4742b8-847c-471b-88b0-eb1d0f08573d', 346587, 'USD', 'void', '2023-12-26T19:26:44.166Z', '2023-03-03T05:42:03.819Z', '2024-07-14T16:35:33.564Z'),
  ('2651fb81-f905-469a-bd40-f639f24e8363', '7027de86-d7e4-4325-9ece-35638bfc7ddc', 143876, 'CAD', 'paid', '2024-05-15T09:34:49.103Z', '2023-12-25T07:12:18.602Z', '2024-04-09T21:30:51.057Z'),
  ('722d92e6-a88a-4396-9a71-a17496a9a068', '7027de86-d7e4-4325-9ece-35638bfc7ddc', 2706, 'EUR', 'paid', '2024-05-07T14:29:13.946Z', '2024-12-18T03:56:00.335Z', '2024-10-01T16:03:55.756Z'),
  ('a6470b75-b322-4537-879e-57599d77d015', '7027de86-d7e4-4325-9ece-35638bfc7ddc', 172869, 'GBP', 'past_due', '2023-02-05T10:01:43.632Z', '2024-01-26T23:31:23.326Z', '2024-08-26T19:30:37.588Z'),
  ('a99cc0f0-6760-49e6-922c-08db18888599', 'cc6034c9-8123-45c5-aede-ca7ef32c258d', 262933, 'EUR', 'paid', '2023-03-15T10:07:00.653Z', '2023-03-27T11:22:15.040Z', '2024-10-28T18:38:00.628Z'),
  ('39eb63b4-8970-435f-96a5-dfe13d967e84', 'd69edeb1-2649-467c-86a1-c5bdb62fd8e7', 285833, 'USD', 'uncollectible', '2024-07-23T04:00:31.479Z', '2024-02-22T19:44:46.767Z', '2024-12-01T02:37:42.916Z'),
  ('270c1f56-c486-4361-bfb9-7059bf4a9543', '537e9c8b-963c-434c-92ab-382bb1501f50', 422213, 'USD', 'paid', '2023-02-08T17:52:38.612Z', '2024-11-30T02:41:54.998Z', '2023-07-01T19:11:31.182Z'),
  ('93109ee0-30d7-48f8-b36a-05650d627b66', '7d2f0cb4-b54a-4656-8738-fe92fd292b8f', 481158, 'EUR', 'paid', '2024-10-02T03:11:07.000Z', '2024-08-15T07:12:15.085Z', '2023-08-16T21:58:16.301Z'),
  ('caf9dae3-3eb4-42d2-b600-d7e8ee392202', 'cc6034c9-8123-45c5-aede-ca7ef32c258d', 335784, 'EUR', 'paid', '2023-09-25T13:08:25.499Z', '2023-08-17T17:31:01.752Z', '2023-06-01T15:20:42.761Z'),
  ('03d83986-5e13-46e6-bd8e-3408cf0aed56', 'cc6034c9-8123-45c5-aede-ca7ef32c258d', 474763, 'EUR', 'paid', '2024-04-12T23:30:24.028Z', '2024-06-08T21:38:19.560Z', '2024-11-11T16:16:31.530Z'),
  ('a38b99a8-9710-41af-9f6a-ce396c1af032', '7027de86-d7e4-4325-9ece-35638bfc7ddc', 303253, 'EUR', 'paid', '2024-02-24T13:54:21.050Z', '2024-03-11T02:57:56.853Z', '2024-04-18T23:31:21.622Z'),
  ('6db9149f-a6a6-40da-bcc7-2575a76631fa', 'cc6034c9-8123-45c5-aede-ca7ef32c258d', 216277, 'CAD', 'void', '2024-10-22T07:39:33.290Z', '2024-01-04T11:39:05.921Z', '2023-04-10T03:37:02.041Z'),
  ('457ecc58-b95a-450f-b2bd-754b445e4535', '7d2f0cb4-b54a-4656-8738-fe92fd292b8f', 354592, 'USD', 'paid', '2024-12-04T01:24:26.441Z', '2023-05-29T19:38:39.654Z', '2024-10-27T15:23:35.418Z'),
  ('bb8c7355-a497-4cc8-9fbd-aa7b5e99fb4c', 'b5254523-0c4a-4091-b7cb-c832aa847178', 205579, 'USD', 'paid', '2024-04-17T07:50:36.493Z', '2024-08-15T12:38:24.222Z', '2023-09-18T11:52:54.059Z'),
  ('ca8ffdde-e798-4263-9a40-0f9b0421ba2b', '7027de86-d7e4-4325-9ece-35638bfc7ddc', 86363, 'USD', 'uncollectible', '2024-01-15T14:27:45.900Z', '2023-07-27T17:33:45.149Z', '2023-04-15T12:30:41.696Z'),
  ('cf44d35d-410f-49c0-a47d-409da246e4cb', 'af91cf4f-7ec0-4caf-8d8b-f7fbc44fa1aa', 313081, 'USD', 'void', '2024-03-09T15:00:10.918Z', '2023-02-01T12:10:48.703Z', '2023-05-14T00:40:48.983Z'),
  ('16e0b7d5-3e1e-4664-91dd-685d880b49f7', 'cc6034c9-8123-45c5-aede-ca7ef32c258d', 283863, 'USD', 'paid', '2024-10-30T05:28:18.559Z', '2023-04-01T07:32:58.275Z', '2024-06-06T02:44:26.671Z'),
  ('49ffa93f-4d35-49e5-bca4-62c02c937597', 'b5254523-0c4a-4091-b7cb-c832aa847178', 244581, 'USD', 'paid', '2023-09-07T05:26:42.879Z', '2024-07-26T12:08:43.726Z', '2023-08-20T19:46:27.961Z'),
  ('cf9e2254-2cdf-4987-8147-077f11ca793c', 'af91cf4f-7ec0-4caf-8d8b-f7fbc44fa1aa', 280146, 'USD', 'past_due', '2023-01-17T08:15:50.743Z', '2024-08-29T10:23:02.237Z', '2024-12-30T09:08:08.087Z'),
  ('d3c98514-453c-4e76-a149-9fbabbf67edb', '7a4742b8-847c-471b-88b0-eb1d0f08573d', 351778, 'GBP', 'paid', '2024-08-11T12:06:26.281Z', '2024-11-18T10:21:54.680Z', '2023-12-28T05:50:35.490Z'),
  ('9f47f8f7-b9fa-4ecb-914c-84a2ffc2bfcf', 'cc6034c9-8123-45c5-aede-ca7ef32c258d', 401763, 'GBP', 'paid', '2023-03-12T10:05:36.500Z', '2024-04-02T12:10:12.600Z', '2023-11-21T14:35:48.737Z'),
  ('0a5e33bd-35ad-48c7-8c05-2530f1f85754', '7a4742b8-847c-471b-88b0-eb1d0f08573d', 372013, 'USD', 'paid', '2024-08-29T19:22:07.156Z', '2023-11-03T22:24:20.768Z', '2023-03-17T02:37:22.171Z');

INSERT INTO "payments" ("id", "invoice_id", "amount_cents", "currency", "payment_method", "status", "failure_reason", "paid_at") VALUES
  ('b3cdd6b2-b83e-4269-baf5-288fd256e8f2', 'bb8c7355-a497-4cc8-9fbd-aa7b5e99fb4c', 10011, 'USD', 'card', 'failed', 'insufficient_funds', '2023-05-05T03:35:24.002Z'),
  ('100a9d62-21a1-4f33-9308-313ef0e6657f', '2651fb81-f905-469a-bd40-f639f24e8363', 25773, 'USD', 'card', 'succeeded', 'insufficient_funds', '2024-01-16T00:12:20.411Z'),
  ('f98910e5-82a6-4d25-8cf9-533b387b6756', '93109ee0-30d7-48f8-b36a-05650d627b66', 22942, 'USD', 'card', 'succeeded', 'card_declined', '2024-12-14T12:25:28.950Z'),
  ('48396feb-e0a1-4aa2-b8ea-32b2d3839c57', '6db9149f-a6a6-40da-bcc7-2575a76631fa', 28974, 'USD', 'card', 'succeeded', 'insufficient_funds', '2024-01-30T19:25:07.854Z'),
  ('227e563d-5d51-4ec7-8b6e-d2a975169020', '275fb90c-233d-4e5f-a2f9-68cabd04afe0', 41502, 'USD', 'card', 'succeeded', 'expired_card', '2023-11-10T16:17:42.865Z'),
  ('7ed39f63-3db0-4def-84cd-a42f2f1fe9b6', '270c1f56-c486-4361-bfb9-7059bf4a9543', 27848, 'USD', 'card', 'failed', 'card_declined', '2024-03-03T05:29:42.724Z'),
  ('fee0bb03-87eb-4b1b-8d6d-47d5db9a0eef', '722d92e6-a88a-4396-9a71-a17496a9a068', 30862, 'USD', 'card', 'succeeded', 'expired_card', '2023-04-22T01:02:26.831Z'),
  ('502e1a7e-36c6-4d9a-ada2-bd49280d05c5', '3678829e-7cac-48fa-9458-3484c3727c40', 3166, 'USD', 'card', 'succeeded', 'insufficient_funds', '2024-10-22T03:41:54.211Z'),
  ('bdf67a78-6015-4d93-9529-140830bab762', '507687fe-2c98-43a4-8b6f-98d564962bf9', 20855, 'EUR', 'card', 'succeeded', 'insufficient_funds', '2023-02-10T12:36:40.233Z'),
  ('67111af7-95ff-466b-a91a-cbab2deaf09b', 'a99cc0f0-6760-49e6-922c-08db18888599', 14598, 'EUR', 'card', 'succeeded', 'expired_card', '2023-02-24T07:15:24.919Z'),
  ('61f02de7-5c66-455c-82f9-c3730b2618cc', '93109ee0-30d7-48f8-b36a-05650d627b66', 2438, 'EUR', 'bank_transfer', 'succeeded', 'insufficient_funds', '2023-09-12T10:42:25.120Z'),
  ('bbe12ccc-6e83-47c8-9030-7328e2f491f4', '6a966997-3122-45bb-88ec-f16e9856aafa', 9524, 'EUR', 'card', 'succeeded', 'card_declined', '2023-12-05T03:05:01.617Z'),
  ('25fef688-4d77-4340-874b-1bfd2278122a', 'd3c98514-453c-4e76-a149-9fbabbf67edb', 21991, 'USD', 'bank_transfer', 'pending', 'insufficient_funds', '2023-07-07T23:05:29.060Z'),
  ('8c710c4c-1eec-47c3-8144-4e92bf2ff1ef', '3678829e-7cac-48fa-9458-3484c3727c40', 17842, 'GBP', 'card', 'succeeded', 'card_declined', '2023-05-20T03:32:31.075Z'),
  ('f4c22f4d-5235-44fe-985d-2130323cf742', '2651fb81-f905-469a-bd40-f639f24e8363', 36624, 'USD', 'paypal', 'succeeded', 'expired_card', '2024-09-26T20:40:15.539Z'),
  ('e48127ca-a712-4516-beb1-5fbf2b501ed5', '2651fb81-f905-469a-bd40-f639f24e8363', 15906, 'EUR', 'card', 'succeeded', 'card_declined', '2023-10-04T17:49:39.530Z'),
  ('9ab6b605-527a-4117-a09a-c5988af13001', 'bb8c7355-a497-4cc8-9fbd-aa7b5e99fb4c', 6537, 'CAD', 'paypal', 'succeeded', 'card_declined', '2023-03-18T11:46:11.368Z'),
  ('db3412f0-6927-4a64-962e-eae508e1594c', 'ca8ffdde-e798-4263-9a40-0f9b0421ba2b', 46839, 'USD', 'wire', 'succeeded', 'expired_card', '2023-01-18T16:10:54.425Z'),
  ('b93ccfe3-818e-4a18-96f6-07bc9d83ad23', '6db9149f-a6a6-40da-bcc7-2575a76631fa', 18703, 'EUR', 'card', 'succeeded', 'card_declined', '2024-02-04T10:04:33.272Z'),
  ('2459cf1e-a307-4ced-8bc9-3d40408d8cfc', '457ecc58-b95a-450f-b2bd-754b445e4535', 34651, 'USD', 'card', 'succeeded', 'card_declined', '2023-09-28T17:55:08.257Z'),
  ('f22c0ceb-ce3b-4e8d-ab7c-c911d56f22f1', '0a5e33bd-35ad-48c7-8c05-2530f1f85754', 34415, 'EUR', 'card', 'succeeded', 'card_declined', '2024-06-09T10:13:53.166Z'),
  ('cf3daeb9-aa2a-4480-90c2-3ede940831a3', 'cf9e2254-2cdf-4987-8147-077f11ca793c', 14179, 'USD', 'card', 'succeeded', 'card_declined', '2024-06-12T00:46:56.283Z'),
  ('88182030-d428-4bbf-b151-0e9aa9b8239d', '16e0b7d5-3e1e-4664-91dd-685d880b49f7', 7548, 'EUR', 'card', 'succeeded', 'insufficient_funds', '2023-10-20T15:42:15.652Z'),
  ('51107b69-b978-4c9a-8b8a-eda026e1e709', 'a6470b75-b322-4537-879e-57599d77d015', 47330, 'USD', 'card', 'succeeded', 'card_declined', '2023-12-24T13:46:54.599Z'),
  ('57e64643-cf89-40b6-93ac-9eec6a355d51', 'ca8ffdde-e798-4263-9a40-0f9b0421ba2b', 40030, 'USD', 'paypal', 'succeeded', 'card_declined', '2023-11-09T11:14:23.596Z'),
  ('e686a9d2-a7b1-4563-84dd-1d64b90cc0ab', 'a99cc0f0-6760-49e6-922c-08db18888599', 25331, 'USD', 'card', 'succeeded', 'processing_error', '2023-01-07T02:42:56.848Z'),
  ('43d10ae4-b9a5-44f6-ad0f-2b34f7da400c', '34ec85be-0cf5-4448-8c53-b6c240dc742e', 49581, 'EUR', 'paypal', 'pending', 'insufficient_funds', '2023-04-09T13:49:22.221Z'),
  ('f3ab2fc8-118e-4d4e-8b43-692bbdd2abae', '93109ee0-30d7-48f8-b36a-05650d627b66', 31639, 'USD', 'card', 'succeeded', 'card_declined', '2024-10-02T13:24:29.814Z'),
  ('512c3b1b-e665-4ab1-b8d9-df1df0f2d831', '270c1f56-c486-4361-bfb9-7059bf4a9543', 17302, 'USD', 'bank_transfer', 'succeeded', 'card_declined', '2023-09-01T03:28:25.427Z'),
  ('6372220e-3170-4ef9-933d-940caa252140', 'bb8c7355-a497-4cc8-9fbd-aa7b5e99fb4c', 33047, 'CAD', 'card', 'succeeded', 'insufficient_funds', '2024-09-24T10:12:24.949Z');

INSERT INTO "users" ("id", "org_id", "email", "full_name", "role", "status", "last_login_at", "created_at") VALUES
  ('d23a1a20-4a4b-41b7-b939-5545e95e2e2e', '0d970844-0f2f-4887-862c-d77ccf517309', 'emma.walker.0@aol.com', 'Sarah Hall', 'member', 'active', '2024-12-13T00:54:16.530Z', '2024-02-23T03:37:57.181Z'),
  ('e607a59c-b0fc-47e7-b9fa-56473a14fb7a', '0d970844-0f2f-4887-862c-d77ccf517309', 'jonathan.hall.1@outlook.com', 'Katherine Stewart', 'member', 'inactive', '2024-12-05T15:36:46.253Z', '2024-01-16T02:56:21.494Z'),
  ('8f6e2728-7415-498f-85ae-5020ee233c20', '0d970844-0f2f-4887-862c-d77ccf517309', 'nicole.williams.2@mail.com', 'Janet Myers', 'member', 'active', '2024-12-13T08:54:46.779Z', '2024-07-12T02:05:57.669Z'),
  ('8d033e67-bff5-4ca0-a419-a61a8d01b476', '354dbddb-8234-484b-93a8-aeb1ed16f16e', 'dennis.ross.3@fastmail.com', 'Sharon Jackson', 'viewer', 'inactive', '2024-12-20T02:55:02.704Z', '2023-08-22T10:45:20.103Z'),
  ('8d51447b-fdfb-4b89-bb01-170624e086e5', '354dbddb-8234-484b-93a8-aeb1ed16f16e', 'daniel.cox.4@gmail.com', 'Carol Robinson', 'member', 'active', '2024-12-31T08:27:43.945Z', '2023-09-28T07:04:32.442Z'),
  ('794322d0-86b1-4d5a-9402-be10eb4c27c3', '354dbddb-8234-484b-93a8-aeb1ed16f16e', 'steven.ruiz.5@aol.com', 'Cynthia Cox', 'member', 'active', '2024-12-13T17:49:59.399Z', '2024-08-29T18:09:37.225Z'),
  ('785013ae-f700-4ac3-a3ee-d3613ffb60fb', '0d970844-0f2f-4887-862c-d77ccf517309', 'dorothy.jackson.6@mail.com', 'John Ruiz', 'member', 'active', '2024-12-21T20:44:15.322Z', '2023-09-17T13:11:33.215Z'),
  ('8ae0b1a2-7a66-427b-b78c-f9d78ce8bad8', '0d970844-0f2f-4887-862c-d77ccf517309', 'betty.rogers.7@icloud.com', 'Anna Campbell', 'viewer', 'active', '2024-12-26T08:05:49.627Z', '2024-02-17T22:09:15.250Z'),
  ('31fa0ba2-aeaf-4779-8935-0f8a3c0adb9c', '354dbddb-8234-484b-93a8-aeb1ed16f16e', 'melissa.thomas.8@yahoo.com', 'Amy Lopez', 'member', 'active', '2024-12-28T17:31:37.606Z', '2024-07-18T08:59:40.750Z'),
  ('27b908dc-61de-4706-8f6b-ec3bdee33a0b', '354dbddb-8234-484b-93a8-aeb1ed16f16e', 'susan.foster.9@gmail.com', 'Margaret Reyes', 'member', 'inactive', '2024-12-02T11:25:42.681Z', '2024-05-13T19:19:37.634Z');

INSERT INTO "sessions" ("id", "user_id", "started_at", "ended_at", "duration_seconds", "ip_address", "user_agent", "country", "created_at") VALUES
  ('890aec03-b1ca-4af1-8f2c-d1930e265b32', '8d033e67-bff5-4ca0-a419-a61a8d01b476', '2024-01-05T16:56:33.548Z', '2024-12-12T16:14:24.051Z', 2960, 'Beta jumps beta', 'Client zeta network cloud platform theta omega over', 'UK', '2024-07-25T19:23:27.917Z'),
  ('30d35a9c-99f7-4f01-aedd-91d1718f8a33', '27b908dc-61de-4706-8f6b-ec3bdee33a0b', '2024-03-19T15:14:07.286Z', '2024-12-03T02:33:58.497Z', 12823, 'Cloud service brown', 'Theta over server cloud alpha server alpha omega', 'US', '2023-07-31T17:48:07.922Z'),
  ('eedba3b1-aa34-46af-a919-4db1a763b2c7', 'd23a1a20-4a4b-41b7-b939-5545e95e2e2e', '2024-04-13T03:11:04.329Z', '2024-12-02T07:39:28.816Z', 4506, 'Fox fox system', 'Engine kappa gamma sigma quick system system client', 'BR', '2023-03-18T02:28:00.307Z'),
  ('ac208fce-691b-435e-bb42-b31613b09865', 'd23a1a20-4a4b-41b7-b939-5545e95e2e2e', '2023-05-26T08:54:30.050Z', '2024-12-10T01:52:08.453Z', 9419, 'System beta dog', 'Beta over client kappa fox service epsilon the', 'US', '2024-10-30T06:11:50.611Z'),
  ('6626106a-ca15-42e3-9115-074bd9bf9852', '794322d0-86b1-4d5a-9402-be10eb4c27c3', '2023-07-28T12:02:55.882Z', '2024-12-14T21:02:37.513Z', 12058, 'Delta system beta', 'Service system engine omega service brown the omega', 'IN', '2024-11-22T00:49:11.172Z'),
  ('9a26f6b1-6b4c-4bdd-bbf1-1f6643cb80c0', '785013ae-f700-4ac3-a3ee-d3613ffb60fb', '2024-10-19T22:35:48.440Z', '2024-12-08T22:33:15.360Z', 12219, 'Data engine fox', 'Jumps gamma data over theta brown service lambda', 'CA', '2024-06-08T17:22:56.031Z'),
  ('01dd8936-0912-4ca9-ac6d-4d6a952d8723', 'e607a59c-b0fc-47e7-b9fa-56473a14fb7a', '2024-07-11T23:49:11.859Z', '2024-12-23T03:44:54.748Z', 2675, 'Delta network over', 'Delta alpha beta service brown server over theta', 'US', '2024-06-17T07:21:50.709Z'),
  ('966cd296-e20f-4ccf-b5b7-35b2e467dd4a', 'e607a59c-b0fc-47e7-b9fa-56473a14fb7a', '2023-08-03T21:04:46.022Z', '2024-12-16T05:24:30.837Z', 919, 'Beta client server', 'Lazy sigma module delta zeta kappa lambda client', 'DE', '2023-05-22T23:22:42.285Z'),
  ('150cbdc0-fb9a-493b-8e5b-b61c637a130d', '8ae0b1a2-7a66-427b-b78c-f9d78ce8bad8', '2024-03-12T06:38:45.043Z', '2024-12-12T05:43:54.480Z', 785, 'System gamma lambda', 'Brown kappa dog engine lambda fox network beta', 'US', '2023-05-16T06:24:49.696Z'),
  ('0b5ba50e-e8b5-403a-b720-3a4e10ab3fb4', '8d51447b-fdfb-4b89-bb01-170624e086e5', '2023-12-14T16:44:09.683Z', '2024-12-26T18:01:08.148Z', 11788, 'Process client service', 'Platform jumps alpha kappa kappa over brown zeta', 'FR', '2023-11-10T14:57:41.500Z'),
  ('fe20d598-2a62-404a-90a1-2bfc574c02b1', '31fa0ba2-aeaf-4779-8935-0f8a3c0adb9c', '2024-05-05T11:43:33.352Z', '2024-12-20T23:01:14.519Z', 10624, 'Quick engine alpha', 'Delta brown lambda network delta engine alpha lambda', 'AU', '2023-07-31T06:27:23.931Z'),
  ('4bc994e8-e5ca-4e3b-9d5a-5c0dff436731', '8d033e67-bff5-4ca0-a419-a61a8d01b476', '2024-06-02T21:11:15.874Z', '2024-12-11T20:13:52.339Z', 9454, 'Beta data omega', 'Client system network the server kappa dog server', 'CA', '2023-10-22T15:08:43.123Z'),
  ('073eaf59-94f2-477e-9f69-658348cf1415', '794322d0-86b1-4d5a-9402-be10eb4c27c3', '2023-05-03T22:33:24.825Z', '2024-12-24T20:48:00.355Z', 9809, 'Server brown theta', 'Service quick alpha over lazy system engine client', 'US', '2023-06-18T21:17:13.740Z'),
  ('0f196133-e0b8-417e-873e-2f31c46963fc', 'd23a1a20-4a4b-41b7-b939-5545e95e2e2e', '2024-08-12T09:30:20.174Z', '2024-12-12T11:11:41.818Z', 2278, 'Server platform server', 'The brown data client module fox beta network', 'US', '2024-02-27T19:29:51.590Z'),
  ('167b3aab-2ee0-4c55-b58b-8425abce2328', '785013ae-f700-4ac3-a3ee-d3613ffb60fb', '2024-05-09T21:04:44.608Z', '2024-12-08T07:08:33.818Z', 11788, 'Dog beta platform', 'Lazy service engine dog service network lazy alpha', 'US', '2024-10-24T19:39:39.750Z'),
  ('0c19f71e-58d6-48ec-881d-a6a5e58d58a6', 'd23a1a20-4a4b-41b7-b939-5545e95e2e2e', '2023-11-06T13:21:39.178Z', '2024-12-28T04:03:01.206Z', 4726, 'Process delta jumps', 'Client dog service brown omega brown the quick', 'DE', '2024-05-25T23:14:24.412Z'),
  ('02ffbc9d-a9c7-420c-bb9c-d2f2f85637ab', '794322d0-86b1-4d5a-9402-be10eb4c27c3', '2023-07-28T01:18:51.190Z', '2024-12-16T09:03:56.296Z', 11322, 'Service fox jumps', 'Omega service delta fox network jumps the lazy', 'US', '2023-09-20T07:35:52.982Z'),
  ('375382b7-8bbb-42ac-ba5f-c28d5eb4a31a', '31fa0ba2-aeaf-4779-8935-0f8a3c0adb9c', '2024-05-28T17:42:31.695Z', '2024-12-10T04:28:15.370Z', 13420, 'Zeta kappa cloud', 'Service gamma beta system kappa delta client process', 'US', '2023-02-08T19:48:08.860Z'),
  ('9ebd9a8b-035f-400b-ad54-f16f39c1dbe3', '8f6e2728-7415-498f-85ae-5020ee233c20', '2024-07-04T20:58:49.358Z', '2024-12-07T03:40:44.690Z', 5142, 'System dog service', 'Service zeta omega client lazy theta sigma server', 'US', '2024-11-14T21:29:39.412Z'),
  ('9f6c9a53-47c0-4e33-987b-df00bf4d4070', '794322d0-86b1-4d5a-9402-be10eb4c27c3', '2023-11-06T19:42:17.862Z', '2024-12-07T14:50:43.346Z', 155, 'Platform beta brown', 'Alpha cloud dog server dog epsilon platform omega', 'AU', '2024-01-31T22:31:07.720Z'),
  ('78d19aee-2221-4383-be5e-f4df079b154d', '8d033e67-bff5-4ca0-a419-a61a8d01b476', '2024-11-10T12:48:23.779Z', '2024-12-16T06:01:05.756Z', 7309, 'Client omega beta', 'Gamma module server cloud cloud network system kappa', 'US', '2023-05-27T16:44:31.983Z'),
  ('bd7dc2c4-90cc-4176-a343-cf989d67ba56', '8d033e67-bff5-4ca0-a419-a61a8d01b476', '2024-03-26T07:53:31.753Z', '2024-12-26T07:48:09.645Z', 6214, 'Epsilon fox jumps', 'Module kappa theta system the cloud gamma client', 'CA', '2023-02-09T00:24:24.176Z'),
  ('a0dca940-9651-4a77-bcda-f30e4d63d3ce', 'd23a1a20-4a4b-41b7-b939-5545e95e2e2e', '2023-09-30T08:51:04.501Z', '2024-12-16T06:14:52.707Z', 9840, 'Zeta engine dog', 'Module over data zeta theta epsilon theta beta', 'DE', '2024-08-15T04:39:32.071Z'),
  ('4dcb062f-a032-4766-b012-0bbcc9f82594', '27b908dc-61de-4706-8f6b-ec3bdee33a0b', '2023-02-05T06:26:41.601Z', '2024-12-16T06:48:24.362Z', 13488, 'Client client theta', 'Platform lazy sigma module gamma service process quick', 'US', '2023-10-03T15:28:43.968Z'),
  ('e9d91476-ec20-4dfa-bc12-c346b4f5ad62', '8d033e67-bff5-4ca0-a419-a61a8d01b476', '2024-04-04T18:54:17.975Z', '2024-12-28T19:51:31.297Z', 8827, 'Sigma sigma delta', 'Lazy lazy data kappa module epsilon alpha server', 'AU', '2024-09-25T00:51:46.716Z'),
  ('3e6ec87b-8b50-4759-91cc-f320c37d889a', '785013ae-f700-4ac3-a3ee-d3613ffb60fb', '2024-09-04T15:19:52.348Z', '2024-12-23T21:46:29.388Z', 11863, 'Sigma engine client', 'Epsilon zeta network service data epsilon gamma epsilon', 'US', '2023-12-11T09:30:13.312Z'),
  ('8f666849-c81c-4d32-b50e-e63ff7fcb8f2', '8d033e67-bff5-4ca0-a419-a61a8d01b476', '2024-05-11T08:51:27.028Z', '2024-12-19T23:20:48.106Z', 1198, 'Cloud epsilon server', 'Quick jumps theta beta data engine data theta', 'UK', '2024-05-17T04:11:50.980Z'),
  ('f32b780d-0deb-4d71-b835-cedd12a6ff14', '785013ae-f700-4ac3-a3ee-d3613ffb60fb', '2023-06-11T14:19:47.855Z', '2024-12-15T18:57:28.255Z', 12367, 'Sigma delta zeta', 'Data dog cloud the engine gamma delta gamma', 'DE', '2024-05-26T15:16:54.397Z'),
  ('c53f6b7f-8835-4d25-8b20-1a1bbacf9e6a', '31fa0ba2-aeaf-4779-8935-0f8a3c0adb9c', '2023-07-03T02:42:56.255Z', '2024-12-26T21:51:20.747Z', 7784, 'Dog fox zeta', 'Omega epsilon process brown sigma dog quick engine', 'FR', '2024-07-12T00:22:47.843Z'),
  ('cc7513e3-3a6a-4ecb-9a84-c147429dcc9b', '8d033e67-bff5-4ca0-a419-a61a8d01b476', '2023-09-30T01:17:24.298Z', '2024-12-13T20:41:28.511Z', 4716, 'Delta zeta module', 'Kappa theta brown process gamma the process server', 'US', '2024-12-19T05:54:09.801Z'),
  ('b81114ee-f072-4948-902d-2c6489deb455', 'd23a1a20-4a4b-41b7-b939-5545e95e2e2e', '2023-02-09T14:24:15.695Z', '2024-12-18T18:57:14.977Z', 386, 'Module alpha the', 'System client omega module server data omega delta', 'US', '2023-04-21T20:25:59.297Z'),
  ('6dba199f-422a-4538-8ac9-6322fdbdbeaa', '8d51447b-fdfb-4b89-bb01-170624e086e5', '2024-10-17T06:28:27.655Z', '2024-12-15T17:44:18.547Z', 10013, 'Platform brown theta', 'Server data client process engine network brown zeta', 'US', '2024-07-24T17:19:02.247Z'),
  ('f92e83eb-5496-48af-984d-f7781a796917', '8ae0b1a2-7a66-427b-b78c-f9d78ce8bad8', '2023-12-09T13:21:51.941Z', '2024-12-12T16:22:58.195Z', 9559, 'Alpha gamma platform', 'Jumps data kappa zeta gamma alpha fox data', 'US', '2023-11-08T15:29:52.982Z'),
  ('8a8e2cf6-302e-47f3-b396-7a47a1657dcc', '8d033e67-bff5-4ca0-a419-a61a8d01b476', '2024-07-08T17:13:01.501Z', '2024-12-26T12:56:20.850Z', 8761, 'Process zeta kappa', 'Delta kappa the kappa sigma quick beta gamma', 'US', '2024-11-20T21:17:34.129Z'),
  ('7aad81b7-145f-46e6-bcf2-f061c5e2a039', '27b908dc-61de-4706-8f6b-ec3bdee33a0b', '2023-10-21T19:29:40.045Z', '2024-12-25T08:24:31.547Z', 10831, 'Epsilon process quick', 'Gamma process the epsilon dog client over zeta', 'US', '2023-06-15T23:21:03.715Z'),
  ('e1e23fd8-95f9-454b-8e8f-4c05cb5385d0', '27b908dc-61de-4706-8f6b-ec3bdee33a0b', '2024-05-15T19:31:46.812Z', '2024-12-08T02:30:21.996Z', 4941, 'Gamma sigma kappa', 'Quick omega delta engine data brown sigma client', 'US', '2023-02-07T11:39:11.094Z'),
  ('7b3c27af-ab13-4334-ae51-d8ac4c623059', '785013ae-f700-4ac3-a3ee-d3613ffb60fb', '2024-05-29T08:08:22.199Z', '2024-12-24T17:00:17.896Z', 7718, 'Platform server dog', 'Quick cloud theta sigma kappa data engine omega', 'DE', '2023-10-19T02:15:57.956Z'),
  ('8ec3088d-e03d-492b-b077-2c804838e9a9', 'e607a59c-b0fc-47e7-b9fa-56473a14fb7a', '2023-03-09T11:26:51.137Z', '2024-12-21T02:06:11.678Z', 11375, 'Network kappa engine', 'Module lambda jumps gamma system system zeta quick', 'FR', '2024-05-26T19:10:23.096Z'),
  ('121e57b2-36e7-4ea0-9234-240aa5eac024', '8ae0b1a2-7a66-427b-b78c-f9d78ce8bad8', '2023-03-07T23:08:04.045Z', '2024-12-31T22:18:51.766Z', 4417, 'Zeta lambda delta', 'Zeta engine theta network jumps beta alpha quick', 'US', '2023-11-14T13:35:40.681Z'),
  ('093429aa-eee3-4f75-b54f-f59a947c92e2', '8f6e2728-7415-498f-85ae-5020ee233c20', '2023-04-03T18:21:51.666Z', '2024-12-15T11:54:12.086Z', 11084, 'Module quick quick', 'Platform process omega lambda platform the jumps omega', 'UK', '2024-01-18T11:08:39.876Z'),
  ('373d56b0-ae25-4abd-a1ba-4d290e301b42', '8f6e2728-7415-498f-85ae-5020ee233c20', '2023-11-27T19:13:02.675Z', '2024-12-21T05:38:45.189Z', 13778, 'System platform system', 'Theta kappa module jumps zeta lambda engine process', 'US', '2024-01-17T11:29:42.263Z'),
  ('8526c962-1a34-42eb-976f-a47d9ab57fe6', '785013ae-f700-4ac3-a3ee-d3613ffb60fb', '2024-04-08T07:01:08.071Z', '2024-12-04T21:42:20.664Z', 13786, 'Fox beta over', 'Sigma alpha client gamma dog beta module alpha', 'US', '2024-09-03T19:10:25.499Z'),
  ('8cc5164b-0c21-4f33-b303-a27b5a53d746', '8f6e2728-7415-498f-85ae-5020ee233c20', '2023-08-26T04:08:17.850Z', '2024-12-13T16:42:38.231Z', 11783, 'Platform quick alpha', 'Brown process client server lazy sigma platform data', 'BR', '2024-07-15T03:19:22.499Z'),
  ('635a0694-af4a-441e-855c-8f501b259051', '8ae0b1a2-7a66-427b-b78c-f9d78ce8bad8', '2023-02-09T03:26:00.031Z', '2024-12-03T14:08:21.578Z', 11396, 'Over alpha theta', 'Jumps server lambda system gamma network system lambda', 'AU', '2023-04-08T12:53:18.407Z'),
  ('ae25cecc-4825-40a3-a5f0-e2f9479d8a16', '27b908dc-61de-4706-8f6b-ec3bdee33a0b', '2024-11-19T22:15:50.706Z', '2024-12-04T17:08:30.888Z', 6511, 'Lazy alpha client', 'Over server epsilon service kappa brown network platform', 'US', '2024-11-10T04:31:12.170Z'),
  ('22abb138-5ca7-45f8-9746-6729619c6383', '794322d0-86b1-4d5a-9402-be10eb4c27c3', '2024-01-19T11:42:29.505Z', '2024-12-08T20:35:18.348Z', 1399, 'Delta kappa omega', 'Module engine delta server system theta service theta', 'UK', '2024-10-28T10:19:23.273Z'),
  ('ed2678f5-ce88-48bf-b630-31746e7cd2b4', '8d51447b-fdfb-4b89-bb01-170624e086e5', '2023-07-17T23:39:35.671Z', '2024-12-07T10:01:48.152Z', 6143, 'Data brown system', 'Platform brown process service system network system fox', 'US', '2024-09-10T12:40:55.597Z'),
  ('beee946a-79f4-4142-9b93-a22f42425c63', '27b908dc-61de-4706-8f6b-ec3bdee33a0b', '2023-11-09T21:06:14.548Z', '2024-12-26T08:27:36.973Z', 8760, 'Lazy kappa system', 'Service platform platform brown brown lambda sigma zeta', 'US', '2023-11-04T02:38:05.540Z'),
  ('6b2ae334-8902-4d2f-a734-fc3a40cb767e', 'e607a59c-b0fc-47e7-b9fa-56473a14fb7a', '2023-11-06T04:05:48.256Z', '2024-12-18T08:47:38.386Z', 1881, 'Engine service service', 'Brown process service dog client zeta alpha engine', 'US', '2024-05-30T11:36:06.527Z'),
  ('195aa03d-fbe4-4ffb-9b7c-327b6ebd9e98', '27b908dc-61de-4706-8f6b-ec3bdee33a0b', '2023-03-26T22:02:12.858Z', '2024-12-17T18:55:47.390Z', 7522, 'Network process network', 'Dog system server zeta engine lambda cloud delta', 'US', '2023-09-02T03:54:02.209Z');

INSERT INTO "sessions" ("id", "user_id", "started_at", "ended_at", "duration_seconds", "ip_address", "user_agent", "country", "created_at") VALUES
  ('720ec4a0-345b-4091-ad1f-f3d72b9a4728', 'e607a59c-b0fc-47e7-b9fa-56473a14fb7a', '2023-09-03T17:04:12.481Z', '2024-12-20T08:39:25.252Z', 2709, 'Theta kappa theta', 'Sigma module jumps beta beta delta delta epsilon', 'US', '2023-09-25T00:52:37.744Z'),
  ('8c63cb7f-1824-48c7-a312-e790d4059ceb', '794322d0-86b1-4d5a-9402-be10eb4c27c3', '2024-05-14T11:32:42.764Z', '2024-12-19T03:12:08.349Z', 646, 'Fox service client', 'Quick beta data brown epsilon dog platform theta', 'US', '2024-04-03T10:40:41.500Z'),
  ('5f7f1a61-620c-45b9-8ff9-77567d263d08', '8f6e2728-7415-498f-85ae-5020ee233c20', '2023-02-18T11:21:30.297Z', '2024-12-23T23:07:10.485Z', 456, 'Brown epsilon alpha', 'Platform beta alpha brown alpha data cloud jumps', 'US', '2023-06-10T09:17:28.530Z'),
  ('f91f47b0-9938-4d25-a96e-c5a4725de758', 'd23a1a20-4a4b-41b7-b939-5545e95e2e2e', '2023-12-12T20:16:38.778Z', '2024-12-12T03:13:14.840Z', 6158, 'Delta kappa jumps', 'Process server engine server gamma epsilon zeta system', 'US', '2024-11-18T20:37:42.290Z'),
  ('07ec2d06-bf23-47b6-ba17-3262b7e2f5b0', '8d033e67-bff5-4ca0-a419-a61a8d01b476', '2023-06-26T23:02:12.342Z', '2024-12-22T17:47:10.422Z', 9207, 'Theta kappa data', 'Beta over sigma system omega system epsilon the', 'US', '2024-02-19T10:41:16.320Z'),
  ('3fc2d38e-388a-4981-9239-f39bfbdd9537', '8f6e2728-7415-498f-85ae-5020ee233c20', '2023-01-10T09:59:12.844Z', '2024-12-15T13:17:35.328Z', 2021, 'Epsilon lambda kappa', 'Data dog over dog the fox zeta dog', 'FR', '2023-03-30T13:12:23.809Z'),
  ('958e6e4c-3965-47f4-8b82-8b0640381a50', '31fa0ba2-aeaf-4779-8935-0f8a3c0adb9c', '2023-08-10T00:18:00.285Z', '2024-12-31T06:19:20.503Z', 2002, 'Network over epsilon', 'Fox quick sigma server epsilon zeta cloud fox', 'UK', '2024-11-13T08:02:10.537Z'),
  ('bdc3b3a7-dc60-43e0-a47d-ab7307fcafeb', '794322d0-86b1-4d5a-9402-be10eb4c27c3', '2023-04-21T09:10:18.407Z', '2024-12-02T18:37:37.311Z', 1261, 'Dog service alpha', 'Data engine process service kappa beta client theta', 'US', '2023-07-31T03:55:49.085Z'),
  ('8024e735-c038-4c39-b1b3-5fd8d366278a', '785013ae-f700-4ac3-a3ee-d3613ffb60fb', '2023-11-01T08:04:29.472Z', '2024-12-23T08:23:21.929Z', 9922, 'Gamma network fox', 'Lazy gamma engine server lambda dog server network', 'CA', '2024-03-26T03:10:00.290Z'),
  ('7ebec39f-5816-4471-9053-0ff0fa7fec35', '27b908dc-61de-4706-8f6b-ec3bdee33a0b', '2024-11-25T05:44:21.917Z', '2024-12-31T15:40:35.323Z', 6952, 'Server beta platform', 'Data kappa module omega lambda fox epsilon zeta', 'CA', '2024-09-04T16:51:31.490Z'),
  ('a50cd880-683b-467f-83e3-1db385fb0ef2', 'd23a1a20-4a4b-41b7-b939-5545e95e2e2e', '2023-07-03T23:02:16.308Z', '2024-12-19T10:14:04.566Z', 6723, 'Dog quick network', 'Network module kappa quick omega fox alpha zeta', 'US', '2024-02-09T15:55:36.070Z'),
  ('f30e48f0-3103-4598-afd9-8c20dae3fe88', '8f6e2728-7415-498f-85ae-5020ee233c20', '2023-09-17T14:06:19.797Z', '2024-12-02T20:15:31.087Z', 13275, 'Epsilon cloud engine', 'Alpha fox service omega brown cloud the dog', 'US', '2024-09-14T08:17:12.108Z'),
  ('50cd2fda-b79a-4980-88e5-a34850f6572c', '8ae0b1a2-7a66-427b-b78c-f9d78ce8bad8', '2024-05-27T01:47:02.376Z', '2024-12-20T23:52:44.647Z', 14264, 'Sigma client cloud', 'Cloud brown quick over system client alpha the', 'FR', '2024-05-25T18:01:21.442Z'),
  ('5683af41-96aa-4c81-82da-031dc95d6fc1', '31fa0ba2-aeaf-4779-8935-0f8a3c0adb9c', '2024-01-27T05:24:45.327Z', '2024-12-13T10:47:26.286Z', 5763, 'Dog jumps service', 'The brown service dog over lazy network jumps', 'US', '2024-07-24T17:56:58.437Z'),
  ('d3f892e1-a868-4dd4-b16e-b5df75521a87', '31fa0ba2-aeaf-4779-8935-0f8a3c0adb9c', '2023-08-05T19:20:39.795Z', '2024-12-18T09:54:56.630Z', 8817, 'Zeta alpha kappa', 'Delta client fox lazy dog client client system', 'DE', '2024-04-08T21:55:54.427Z'),
  ('9b245a92-4353-400c-987f-71cfefcfa360', 'e607a59c-b0fc-47e7-b9fa-56473a14fb7a', '2024-03-02T02:28:14.400Z', '2024-12-27T13:52:56.351Z', 6346, 'Alpha process service', 'The service module dog zeta theta dog platform', 'BR', '2023-12-21T01:51:31.206Z'),
  ('184bf977-f1b2-4ca8-8142-770b30f4cc82', '27b908dc-61de-4706-8f6b-ec3bdee33a0b', '2023-01-17T20:27:35.401Z', '2024-12-23T17:38:47.681Z', 11078, 'System engine beta', 'Dog process alpha delta epsilon fox lambda kappa', 'US', '2024-03-22T14:52:28.323Z'),
  ('bf8d985f-bae1-475d-b657-617f0cda921e', '8d033e67-bff5-4ca0-a419-a61a8d01b476', '2024-04-03T06:58:46.995Z', '2024-12-13T11:30:13.748Z', 4806, 'Cloud system over', 'Client lazy zeta system delta alpha process dog', 'US', '2023-12-26T23:35:40.317Z'),
  ('5969de40-cb7f-43b1-9ebf-7d3c8d4a69ba', '8d033e67-bff5-4ca0-a419-a61a8d01b476', '2024-11-16T19:44:16.059Z', '2024-12-10T18:22:49.264Z', 8785, 'Client brown the', 'Client engine platform process system zeta cloud quick', 'US', '2023-05-05T21:08:46.196Z'),
  ('2e1876dd-7298-4b02-8a47-e2013a5cf608', '31fa0ba2-aeaf-4779-8935-0f8a3c0adb9c', '2024-01-27T22:13:17.726Z', '2024-12-19T08:10:33.083Z', 12782, 'Beta gamma client', 'The system network cloud lambda the brown brown', 'DE', '2024-12-27T23:09:22.791Z'),
  ('b7c2968b-d85b-4bf5-bf90-e1e2165014c7', '8f6e2728-7415-498f-85ae-5020ee233c20', '2023-06-09T00:47:37.626Z', '2024-12-02T20:01:09.726Z', 7145, 'Theta theta brown', 'Quick alpha client omega omega data brown service', 'US', '2024-04-25T21:31:14.840Z'),
  ('f87824e4-f703-49c7-b8ec-4149f18ddf1c', '8ae0b1a2-7a66-427b-b78c-f9d78ce8bad8', '2024-10-02T12:10:58.867Z', '2024-12-09T17:53:34.588Z', 927, 'Module engine client', 'Data delta jumps epsilon system delta jumps client', 'IN', '2023-02-22T13:08:04.916Z'),
  ('ff5a7933-3c21-4c48-b66f-779ab6f3f5db', '8f6e2728-7415-498f-85ae-5020ee233c20', '2024-08-05T15:52:59.055Z', '2024-12-09T08:39:12.228Z', 4525, 'Omega delta engine', 'Alpha server lazy dog platform lazy process quick', 'US', '2023-05-05T23:33:53.443Z'),
  ('01574876-7b88-4c88-8147-2602c7e12528', 'e607a59c-b0fc-47e7-b9fa-56473a14fb7a', '2023-04-15T14:39:21.841Z', '2024-12-16T12:11:24.913Z', 1406, 'Kappa server lambda', 'Engine client kappa theta dog omega lazy alpha', 'US', '2024-02-01T13:34:22.459Z'),
  ('05d6b680-3078-4bd1-b305-e2921490b45f', '785013ae-f700-4ac3-a3ee-d3613ffb60fb', '2024-11-30T23:17:01.256Z', '2024-12-16T02:48:30.397Z', 309, 'Lazy sigma cloud', 'Kappa epsilon process system service network kappa jumps', 'US', '2023-07-20T23:26:05.163Z'),
  ('71adcf9f-e08c-4aaf-839a-686904fbf9c7', '8d51447b-fdfb-4b89-bb01-170624e086e5', '2023-05-03T09:45:35.570Z', '2024-12-27T13:01:40.648Z', 9104, 'Module data lazy', 'Data epsilon the epsilon quick the client over', 'US', '2023-10-26T09:18:24.797Z'),
  ('0e20511e-13f5-4142-bf58-43fc1a4af38d', '27b908dc-61de-4706-8f6b-ec3bdee33a0b', '2024-01-12T06:56:22.482Z', '2024-12-06T13:12:24.168Z', 623, 'Process omega the', 'Lambda beta beta system kappa lazy delta sigma', 'US', '2024-05-29T08:51:59.229Z'),
  ('8e8f05ad-5b2f-4285-900a-17a4ec0e1f16', '31fa0ba2-aeaf-4779-8935-0f8a3c0adb9c', '2023-08-10T21:51:28.996Z', '2024-12-08T16:02:17.869Z', 1374, 'Quick fox client', 'Epsilon system brown lazy platform gamma platform system', 'FR', '2023-04-06T11:49:36.885Z'),
  ('61af5eb5-99d6-4d55-a0c6-2797142e583b', '8f6e2728-7415-498f-85ae-5020ee233c20', '2023-12-17T00:31:47.175Z', '2024-12-24T02:11:37.023Z', 694, 'Lazy system zeta', 'Over system fox process beta gamma platform kappa', 'US', '2024-07-23T20:38:35.487Z'),
  ('36f605ee-79ca-401d-b741-fbf55832f25b', 'd23a1a20-4a4b-41b7-b939-5545e95e2e2e', '2023-02-09T06:28:33.658Z', '2024-12-29T05:08:01.644Z', 5579, 'Engine system quick', 'Delta system service dog delta over over omega', 'US', '2023-05-05T17:51:58.381Z');

INSERT INTO "events" ("id", "session_id", "user_id", "event_type", "event_name", "created_at") VALUES
  ('b32bc32c-c933-4166-aca0-c3b1a06aac85', '167b3aab-2ee0-4c55-b58b-8425abce2328', 'd23a1a20-4a4b-41b7-b939-5545e95e2e2e', 'page_view', 'Lambda module kappa', '2024-12-03T09:16:34.270Z'),
  ('d1925de3-9350-4b6f-852a-5ad6075b7c3e', 'f32b780d-0deb-4d71-b835-cedd12a6ff14', '8d51447b-fdfb-4b89-bb01-170624e086e5', 'button_click', 'The platform service', '2024-12-15T20:10:26.927Z'),
  ('3cff47b8-f92a-4ff8-8dd4-abbf4363bf6a', '61af5eb5-99d6-4d55-a0c6-2797142e583b', '8d51447b-fdfb-4b89-bb01-170624e086e5', 'button_click', 'Module lambda beta', '2024-12-27T12:45:16.593Z'),
  ('2a60fdcf-d571-4bbf-a3f3-fe2ffe8a0646', 'ac208fce-691b-435e-bb42-b31613b09865', '794322d0-86b1-4d5a-9402-be10eb4c27c3', 'button_click', 'Over beta module', '2024-12-09T05:36:32.260Z'),
  ('23513d20-9ce3-44b8-80e3-fd8fbec4fbbb', '958e6e4c-3965-47f4-8b82-8b0640381a50', '27b908dc-61de-4706-8f6b-ec3bdee33a0b', 'page_view', 'Omega service system', '2024-12-26T14:49:41.622Z'),
  ('e03905dd-e833-4882-8b8e-dc0e5de0c89f', '8ec3088d-e03d-492b-b077-2c804838e9a9', '27b908dc-61de-4706-8f6b-ec3bdee33a0b', 'error', 'Kappa service server', '2024-12-03T17:55:20.880Z'),
  ('0ab04649-b900-459d-8eb3-8dcecdff8c05', '61af5eb5-99d6-4d55-a0c6-2797142e583b', '27b908dc-61de-4706-8f6b-ec3bdee33a0b', 'page_view', 'Lazy brown lazy', '2024-12-17T20:54:01.835Z'),
  ('9e14b2c9-3680-491c-be89-52a5f212d7c5', '195aa03d-fbe4-4ffb-9b7c-327b6ebd9e98', '8f6e2728-7415-498f-85ae-5020ee233c20', 'button_click', 'Beta system lambda', '2024-12-04T08:06:31.468Z'),
  ('ddfd14db-d314-4b4f-951a-70c82d379d73', 'ff5a7933-3c21-4c48-b66f-779ab6f3f5db', '8ae0b1a2-7a66-427b-b78c-f9d78ce8bad8', 'button_click', 'Epsilon platform alpha', '2024-12-18T17:02:44.013Z'),
  ('8b3b2400-3d12-4fc1-a8fa-81b230ca14c1', '61af5eb5-99d6-4d55-a0c6-2797142e583b', 'e607a59c-b0fc-47e7-b9fa-56473a14fb7a', 'button_click', 'Platform network system', '2024-12-29T18:18:38.612Z'),
  ('142a1e33-3bdb-4220-8a16-724af662dd5f', '093429aa-eee3-4f75-b54f-f59a947c92e2', '8d033e67-bff5-4ca0-a419-a61a8d01b476', 'page_view', 'Process sigma lambda', '2024-12-14T01:20:45.654Z'),
  ('49f220ba-1b5f-4ec6-a006-e54f01a9c445', 'f87824e4-f703-49c7-b8ec-4149f18ddf1c', '8ae0b1a2-7a66-427b-b78c-f9d78ce8bad8', 'feature_use', 'Dog quick lambda', '2024-12-12T10:25:10.647Z'),
  ('1254bece-bdb9-478a-9a2c-fa07457f2c78', 'bdc3b3a7-dc60-43e0-a47d-ab7307fcafeb', '8d51447b-fdfb-4b89-bb01-170624e086e5', 'button_click', 'Engine data lambda', '2024-12-15T01:55:49.139Z'),
  ('de1e361b-edc7-4fba-8875-0fed212d8d8a', '07ec2d06-bf23-47b6-ba17-3262b7e2f5b0', 'e607a59c-b0fc-47e7-b9fa-56473a14fb7a', 'page_view', 'Beta service delta', '2024-12-20T21:24:19.923Z'),
  ('5a64011d-a2e8-43b6-8b2d-22e3abd7db4b', '167b3aab-2ee0-4c55-b58b-8425abce2328', '794322d0-86b1-4d5a-9402-be10eb4c27c3', 'page_view', 'Theta client over', '2024-12-17T11:57:29.686Z'),
  ('65a0b163-49bb-4e48-8d33-8ea20dbc662a', 'beee946a-79f4-4142-9b93-a22f42425c63', '27b908dc-61de-4706-8f6b-ec3bdee33a0b', 'page_view', 'Server sigma the', '2024-12-02T15:59:12.072Z'),
  ('e47ae896-0389-4cc2-bcf7-2ff952e9abec', '01574876-7b88-4c88-8147-2602c7e12528', '8d033e67-bff5-4ca0-a419-a61a8d01b476', 'page_view', 'Network platform fox', '2024-12-15T22:34:57.235Z'),
  ('f5c9b5d7-6223-4faa-85ef-e15277124563', 'beee946a-79f4-4142-9b93-a22f42425c63', '794322d0-86b1-4d5a-9402-be10eb4c27c3', 'search', 'Sigma alpha system', '2024-12-21T11:57:37.725Z'),
  ('e67e1aa2-d49f-4193-83d7-d09a2ee259fc', '9a26f6b1-6b4c-4bdd-bbf1-1f6643cb80c0', '8f6e2728-7415-498f-85ae-5020ee233c20', 'page_view', 'Epsilon alpha cloud', '2024-12-19T16:42:33.943Z'),
  ('305b4ba9-7152-4434-956e-a5cfe3880296', '4bc994e8-e5ca-4e3b-9d5a-5c0dff436731', '8d51447b-fdfb-4b89-bb01-170624e086e5', 'button_click', 'Kappa cloud theta', '2024-12-18T09:05:17.469Z'),
  ('f57fb622-78e0-4dda-b064-c4ac37be0068', '073eaf59-94f2-477e-9f69-658348cf1415', 'e607a59c-b0fc-47e7-b9fa-56473a14fb7a', 'page_view', 'Quick engine cloud', '2024-12-06T14:42:00.754Z'),
  ('ae9d7452-bf78-41a9-8193-5a6c0dbdb2fd', 'bd7dc2c4-90cc-4176-a343-cf989d67ba56', 'd23a1a20-4a4b-41b7-b939-5545e95e2e2e', 'page_view', 'Omega service system', '2024-12-04T10:26:31.189Z'),
  ('6528fb47-f6d1-4c90-afa8-dda337e62fa7', 'bd7dc2c4-90cc-4176-a343-cf989d67ba56', '8f6e2728-7415-498f-85ae-5020ee233c20', 'button_click', 'Omega gamma platform', '2024-12-07T19:09:53.274Z'),
  ('668d19d8-0586-4d3c-bed3-b1741a6f1684', '5683af41-96aa-4c81-82da-031dc95d6fc1', '785013ae-f700-4ac3-a3ee-d3613ffb60fb', 'error', 'Brown lambda dog', '2024-12-02T05:27:31.892Z'),
  ('bbae8d0f-0071-4a3c-81b5-9d954796c3d7', '720ec4a0-345b-4091-ad1f-f3d72b9a4728', '27b908dc-61de-4706-8f6b-ec3bdee33a0b', 'feature_use', 'Over engine sigma', '2024-12-07T20:31:42.189Z'),
  ('49bcf36a-c7ea-4b58-a41f-054d515543ab', '0f196133-e0b8-417e-873e-2f31c46963fc', '8d033e67-bff5-4ca0-a419-a61a8d01b476', 'button_click', 'Server data process', '2024-12-11T14:40:11.977Z'),
  ('3c3c8d8e-20a8-478b-bb8f-6ee70d3e087c', 'eedba3b1-aa34-46af-a919-4db1a763b2c7', '794322d0-86b1-4d5a-9402-be10eb4c27c3', 'page_view', 'Zeta theta cloud', '2024-12-30T15:45:39.439Z'),
  ('a40b384e-b143-4b11-99a1-a81e3359d977', '5f7f1a61-620c-45b9-8ff9-77567d263d08', '8d51447b-fdfb-4b89-bb01-170624e086e5', 'api_call', 'Lambda server epsilon', '2024-12-09T09:23:44.568Z'),
  ('c262a01e-8a04-4e9d-ad44-e052a20ac302', '6b2ae334-8902-4d2f-a734-fc3a40cb767e', 'd23a1a20-4a4b-41b7-b939-5545e95e2e2e', 'page_view', 'Process server platform', '2024-12-05T11:48:14.150Z'),
  ('c34acff3-6c4c-4f50-8818-593d3c8e1ff2', '8a8e2cf6-302e-47f3-b396-7a47a1657dcc', '794322d0-86b1-4d5a-9402-be10eb4c27c3', 'page_view', 'Sigma data server', '2024-12-13T15:26:06.916Z'),
  ('ed7e10ed-f990-4bcd-ace7-1703fa20611e', 'bf8d985f-bae1-475d-b657-617f0cda921e', '8d033e67-bff5-4ca0-a419-a61a8d01b476', 'api_call', 'Process module omega', '2024-12-12T17:57:12.217Z'),
  ('0ed49dcb-d2d0-41aa-940a-1b3d8c4fe9a1', '0b5ba50e-e8b5-403a-b720-3a4e10ab3fb4', '27b908dc-61de-4706-8f6b-ec3bdee33a0b', 'button_click', 'Delta over platform', '2024-12-04T01:20:39.621Z'),
  ('23e86e2f-17c9-4c37-baf9-197db2b4f28d', '4bc994e8-e5ca-4e3b-9d5a-5c0dff436731', '785013ae-f700-4ac3-a3ee-d3613ffb60fb', 'search', 'System engine jumps', '2024-12-15T16:46:26.915Z'),
  ('e245ab4f-9dd7-42fb-969b-3d36dca411dd', 'a50cd880-683b-467f-83e3-1db385fb0ef2', '27b908dc-61de-4706-8f6b-ec3bdee33a0b', 'feature_use', 'Cloud cloud beta', '2024-12-13T09:18:25.012Z'),
  ('7fc5d165-ec43-4c6d-9c2e-71ad56c3e105', '22abb138-5ca7-45f8-9746-6729619c6383', '27b908dc-61de-4706-8f6b-ec3bdee33a0b', 'page_view', 'Data the lazy', '2024-12-31T17:06:13.134Z'),
  ('61526298-22d3-4379-854c-1142468f45b0', '8e8f05ad-5b2f-4285-900a-17a4ec0e1f16', '794322d0-86b1-4d5a-9402-be10eb4c27c3', 'page_view', 'Beta the cloud', '2024-12-08T23:09:13.999Z'),
  ('1250aed9-264b-4b2f-bb4d-eb8bb73037e4', 'f91f47b0-9938-4d25-a96e-c5a4725de758', '8d033e67-bff5-4ca0-a419-a61a8d01b476', 'page_view', 'Process zeta sigma', '2024-12-29T16:35:03.204Z'),
  ('1fb12b32-17bd-42be-9e87-b5423d1231f5', '8526c962-1a34-42eb-976f-a47d9ab57fe6', '31fa0ba2-aeaf-4779-8935-0f8a3c0adb9c', 'page_view', 'Server gamma cloud', '2024-12-08T01:02:23.749Z'),
  ('1346b3b5-2699-4421-9d13-58be694acf32', '02ffbc9d-a9c7-420c-bb9c-d2f2f85637ab', '794322d0-86b1-4d5a-9402-be10eb4c27c3', 'page_view', 'System beta server', '2024-12-30T12:39:44.753Z'),
  ('8d1218b3-2063-442e-93db-ec45df0bc389', 'a50cd880-683b-467f-83e3-1db385fb0ef2', '794322d0-86b1-4d5a-9402-be10eb4c27c3', 'button_click', 'Jumps epsilon zeta', '2024-12-10T15:32:29.171Z'),
  ('3b40866b-d108-4c61-be13-f31077616481', 'b7c2968b-d85b-4bf5-bf90-e1e2165014c7', '8ae0b1a2-7a66-427b-b78c-f9d78ce8bad8', 'feature_use', 'Fox module brown', '2024-12-09T09:14:55.909Z'),
  ('283985d4-529c-4a62-a101-e857628f7bf6', '9ebd9a8b-035f-400b-ad54-f16f39c1dbe3', '27b908dc-61de-4706-8f6b-ec3bdee33a0b', 'button_click', 'Lambda server the', '2024-12-29T22:45:01.148Z'),
  ('dd81b30e-e8c0-4dad-8570-4fdbc0517b15', '8cc5164b-0c21-4f33-b303-a27b5a53d746', '794322d0-86b1-4d5a-9402-be10eb4c27c3', 'search', 'Alpha kappa server', '2024-12-11T16:11:21.387Z'),
  ('ae97a123-f741-451f-9cb6-9ccf47ba7b6e', 'bdc3b3a7-dc60-43e0-a47d-ab7307fcafeb', '8ae0b1a2-7a66-427b-b78c-f9d78ce8bad8', 'page_view', 'Client gamma system', '2024-12-11T04:51:51.852Z'),
  ('25a67617-1c3a-4da1-83f5-cfe9513802e9', '890aec03-b1ca-4af1-8f2c-d1930e265b32', '8f6e2728-7415-498f-85ae-5020ee233c20', 'page_view', 'Module epsilon theta', '2024-12-27T14:34:36.646Z'),
  ('3b2b3a98-8a45-44c0-9390-0ae9f8354064', '0e20511e-13f5-4142-bf58-43fc1a4af38d', '8ae0b1a2-7a66-427b-b78c-f9d78ce8bad8', 'button_click', 'Client data fox', '2024-12-18T05:57:09.545Z'),
  ('159900a5-f70c-45e4-b6c9-8d93b6306601', '5f7f1a61-620c-45b9-8ff9-77567d263d08', 'e607a59c-b0fc-47e7-b9fa-56473a14fb7a', 'button_click', 'Over module module', '2024-12-18T10:05:43.996Z'),
  ('4869415a-5da1-4e49-8159-aa747ff819d1', '073eaf59-94f2-477e-9f69-658348cf1415', 'd23a1a20-4a4b-41b7-b939-5545e95e2e2e', 'page_view', 'Gamma network kappa', '2024-12-24T22:52:47.885Z'),
  ('585f38fd-a23d-41a5-b787-661fd2890812', 'fe20d598-2a62-404a-90a1-2bfc574c02b1', 'e607a59c-b0fc-47e7-b9fa-56473a14fb7a', 'page_view', 'Engine dog service', '2024-12-19T00:58:36.507Z'),
  ('9c74b82c-8ef2-458b-a931-ae51e17aa832', '8024e735-c038-4c39-b1b3-5fd8d366278a', 'd23a1a20-4a4b-41b7-b939-5545e95e2e2e', 'button_click', 'Dog brown delta', '2024-12-23T10:59:04.065Z');

INSERT INTO "events" ("id", "session_id", "user_id", "event_type", "event_name", "created_at") VALUES
  ('8a6aa804-895b-491d-a16a-6a280c9670f0', '7aad81b7-145f-46e6-bcf2-f061c5e2a039', '27b908dc-61de-4706-8f6b-ec3bdee33a0b', 'api_call', 'Engine client epsilon', '2024-12-02T08:48:18.721Z'),
  ('6476b98f-bf4e-4a9c-9c90-1363b84a44c1', '195aa03d-fbe4-4ffb-9b7c-327b6ebd9e98', 'd23a1a20-4a4b-41b7-b939-5545e95e2e2e', 'button_click', 'Lazy the delta', '2024-12-04T12:13:15.478Z'),
  ('96389eb4-22a0-4f01-9986-e76a3e8360dc', '184bf977-f1b2-4ca8-8142-770b30f4cc82', '8d033e67-bff5-4ca0-a419-a61a8d01b476', 'page_view', 'Sigma delta platform', '2024-12-21T07:23:56.740Z'),
  ('56ae0e95-06ff-4a81-9915-d20b94b3c954', '7aad81b7-145f-46e6-bcf2-f061c5e2a039', '8d51447b-fdfb-4b89-bb01-170624e086e5', 'search', 'Kappa gamma alpha', '2024-12-20T11:22:19.404Z'),
  ('01a8d9a9-aa7f-4632-ad79-ed19b85809b6', '5f7f1a61-620c-45b9-8ff9-77567d263d08', '785013ae-f700-4ac3-a3ee-d3613ffb60fb', 'button_click', 'Epsilon over delta', '2024-12-07T21:05:26.702Z'),
  ('fa0e6caf-7c6d-42cd-b59d-854009d44656', '22abb138-5ca7-45f8-9746-6729619c6383', '785013ae-f700-4ac3-a3ee-d3613ffb60fb', 'page_view', 'Fox system dog', '2024-12-15T18:02:27.191Z'),
  ('9328ef12-5150-4a54-82c2-44d9a0996877', '8f666849-c81c-4d32-b50e-e63ff7fcb8f2', '8f6e2728-7415-498f-85ae-5020ee233c20', 'feature_use', 'Module omega quick', '2024-12-28T17:11:45.837Z'),
  ('a51dd90a-7b85-4e38-942d-a2839119f749', '6626106a-ca15-42e3-9115-074bd9bf9852', '794322d0-86b1-4d5a-9402-be10eb4c27c3', 'search', 'Service server system', '2024-12-14T07:04:11.513Z'),
  ('8e56e629-3f40-4409-bca8-e3b8daf2deb9', 'ed2678f5-ce88-48bf-b630-31746e7cd2b4', '27b908dc-61de-4706-8f6b-ec3bdee33a0b', 'error', 'Jumps alpha kappa', '2024-12-16T09:02:46.650Z'),
  ('9ec14743-9dc2-4bc5-bf36-75519b472147', '6626106a-ca15-42e3-9115-074bd9bf9852', '8ae0b1a2-7a66-427b-b78c-f9d78ce8bad8', 'api_call', 'Lambda system lambda', '2024-12-18T13:15:01.979Z'),
  ('b885d7b8-5b4d-42f8-bf6e-1453f94c22a1', '9ebd9a8b-035f-400b-ad54-f16f39c1dbe3', '31fa0ba2-aeaf-4779-8935-0f8a3c0adb9c', 'page_view', 'Lazy cloud service', '2024-12-24T00:53:41.440Z'),
  ('7a7abe01-f9e4-46ac-b7e7-69d306114987', '150cbdc0-fb9a-493b-8e5b-b61c637a130d', '27b908dc-61de-4706-8f6b-ec3bdee33a0b', 'page_view', 'Gamma data gamma', '2024-12-29T08:10:11.241Z'),
  ('09038c92-155c-4de3-b84b-71337585f98d', 'b81114ee-f072-4948-902d-2c6489deb455', 'e607a59c-b0fc-47e7-b9fa-56473a14fb7a', 'button_click', 'System over beta', '2024-12-24T00:14:53.012Z'),
  ('2fb55015-d218-4497-bcc4-74a3d3885be9', 'f87824e4-f703-49c7-b8ec-4149f18ddf1c', 'd23a1a20-4a4b-41b7-b939-5545e95e2e2e', 'api_call', 'Cloud data omega', '2024-12-13T21:06:35.852Z'),
  ('da6e0370-19aa-4492-9642-af4dec0c6554', '167b3aab-2ee0-4c55-b58b-8425abce2328', '27b908dc-61de-4706-8f6b-ec3bdee33a0b', 'button_click', 'Dog lazy beta', '2024-12-26T22:17:55.748Z'),
  ('a9985db7-9030-4919-ba0b-89ea6e70917d', '01dd8936-0912-4ca9-ac6d-4d6a952d8723', 'e607a59c-b0fc-47e7-b9fa-56473a14fb7a', 'button_click', 'Zeta over sigma', '2024-12-24T23:25:51.560Z'),
  ('d95912bc-82b4-4815-be15-1f7bc6a58e86', 'a50cd880-683b-467f-83e3-1db385fb0ef2', '8d033e67-bff5-4ca0-a419-a61a8d01b476', 'error', 'Delta dog over', '2024-12-26T06:37:23.376Z'),
  ('39189d1d-930e-471f-bd85-b09a412b5a25', '073eaf59-94f2-477e-9f69-658348cf1415', '8ae0b1a2-7a66-427b-b78c-f9d78ce8bad8', 'page_view', 'Omega data alpha', '2024-12-28T12:01:19.207Z'),
  ('7fe7fed6-35cf-441b-aa9d-02df2f91968a', '0e20511e-13f5-4142-bf58-43fc1a4af38d', 'd23a1a20-4a4b-41b7-b939-5545e95e2e2e', 'page_view', 'Lazy omega kappa', '2024-12-13T16:43:09.694Z'),
  ('ebc9a4a9-f056-4417-ba05-c03911687ad1', 'f30e48f0-3103-4598-afd9-8c20dae3fe88', '8d51447b-fdfb-4b89-bb01-170624e086e5', 'button_click', 'Cloud the gamma', '2024-12-27T13:56:59.830Z'),
  ('88227d24-20bc-4d82-b692-c39bedc8d9a5', '8cc5164b-0c21-4f33-b303-a27b5a53d746', '8ae0b1a2-7a66-427b-b78c-f9d78ce8bad8', 'button_click', 'Module server service', '2024-12-10T21:24:15.956Z'),
  ('db80c6e6-f07d-44b2-b1f0-f69ecd7dcc4f', '9a26f6b1-6b4c-4bdd-bbf1-1f6643cb80c0', 'd23a1a20-4a4b-41b7-b939-5545e95e2e2e', 'page_view', 'Cloud over fox', '2024-12-09T22:53:28.552Z'),
  ('12df55c6-30bc-47b2-a1e1-746ac558f0fe', '36f605ee-79ca-401d-b741-fbf55832f25b', '8f6e2728-7415-498f-85ae-5020ee233c20', 'search', 'Kappa kappa epsilon', '2024-12-06T20:52:05.135Z'),
  ('6f803b5c-2c5f-412c-bfd6-9375e44dfdfc', '635a0694-af4a-441e-855c-8f501b259051', '794322d0-86b1-4d5a-9402-be10eb4c27c3', 'feature_use', 'Process omega process', '2024-12-15T21:36:51.250Z'),
  ('25df922c-35ed-4d76-ae58-da5b2304204a', 'b7c2968b-d85b-4bf5-bf90-e1e2165014c7', '8f6e2728-7415-498f-85ae-5020ee233c20', 'button_click', 'Beta theta theta', '2024-12-03T04:21:14.086Z'),
  ('3a6208d8-709f-4cf1-8c2c-05fd32420c5a', '7aad81b7-145f-46e6-bcf2-f061c5e2a039', '8f6e2728-7415-498f-85ae-5020ee233c20', 'search', 'Cloud over jumps', '2024-12-20T10:49:19.241Z'),
  ('ba9655bc-4055-45f1-bee9-b59776a24e4a', '05d6b680-3078-4bd1-b305-e2921490b45f', '31fa0ba2-aeaf-4779-8935-0f8a3c0adb9c', 'api_call', 'Platform system service', '2024-12-04T12:30:35.568Z'),
  ('f5aa42ac-5ec1-44b8-a464-4f3f5811a092', 'ed2678f5-ce88-48bf-b630-31746e7cd2b4', '8d51447b-fdfb-4b89-bb01-170624e086e5', 'api_call', 'Delta alpha omega', '2024-12-18T08:03:28.644Z'),
  ('3d48f26e-c89e-4d61-b55a-6ac346986833', 'fe20d598-2a62-404a-90a1-2bfc574c02b1', '31fa0ba2-aeaf-4779-8935-0f8a3c0adb9c', 'feature_use', 'Delta lambda lambda', '2024-12-16T00:09:03.839Z'),
  ('a40380a2-7419-469b-a322-11d240184a28', 'f32b780d-0deb-4d71-b835-cedd12a6ff14', '8ae0b1a2-7a66-427b-b78c-f9d78ce8bad8', 'page_view', 'Delta theta cloud', '2024-12-19T09:33:20.224Z'),
  ('886f3ff8-71a2-4786-8441-29fd950984d5', '167b3aab-2ee0-4c55-b58b-8425abce2328', 'e607a59c-b0fc-47e7-b9fa-56473a14fb7a', 'page_view', 'Beta brown alpha', '2024-12-23T06:20:36.583Z'),
  ('64421101-9a0c-4408-81ea-09e4e2c80913', '167b3aab-2ee0-4c55-b58b-8425abce2328', '8d51447b-fdfb-4b89-bb01-170624e086e5', 'search', 'Data process jumps', '2024-12-12T13:48:24.495Z'),
  ('4e94a1a5-89e7-43ae-9286-e1204c1a9903', '05d6b680-3078-4bd1-b305-e2921490b45f', '31fa0ba2-aeaf-4779-8935-0f8a3c0adb9c', 'page_view', 'Module alpha zeta', '2024-12-02T00:50:35.772Z'),
  ('75f228d4-cff2-4715-ae5c-70a99cb38b9c', '8ec3088d-e03d-492b-b077-2c804838e9a9', '8d51447b-fdfb-4b89-bb01-170624e086e5', 'api_call', 'Quick brown quick', '2024-12-14T17:28:58.713Z'),
  ('a424b857-e1d3-4ea2-9b17-09155aeb493c', 'ae25cecc-4825-40a3-a5f0-e2f9479d8a16', '8d51447b-fdfb-4b89-bb01-170624e086e5', 'button_click', 'Epsilon dog omega', '2024-12-05T11:39:40.966Z'),
  ('49407b69-93e6-41b0-8952-a03ec74da841', '01dd8936-0912-4ca9-ac6d-4d6a952d8723', 'd23a1a20-4a4b-41b7-b939-5545e95e2e2e', 'search', 'Dog module module', '2024-12-21T14:15:47.416Z'),
  ('ffb77f37-2438-405a-8715-1f035bc2b18a', '7b3c27af-ab13-4334-ae51-d8ac4c623059', 'd23a1a20-4a4b-41b7-b939-5545e95e2e2e', 'page_view', 'Beta theta data', '2024-12-19T16:51:12.492Z'),
  ('0faf51ed-8562-460b-ab75-0d1637a164a3', 'bf8d985f-bae1-475d-b657-617f0cda921e', '8f6e2728-7415-498f-85ae-5020ee233c20', 'api_call', 'Data module process', '2024-12-26T18:27:06.952Z'),
  ('4f2ac1c9-a072-4349-8063-11546297f4b8', '167b3aab-2ee0-4c55-b58b-8425abce2328', '8f6e2728-7415-498f-85ae-5020ee233c20', 'button_click', 'Module quick sigma', '2024-12-28T15:42:59.552Z'),
  ('c48be83d-d10c-47f2-906b-eaab587e4568', '890aec03-b1ca-4af1-8f2c-d1930e265b32', '27b908dc-61de-4706-8f6b-ec3bdee33a0b', 'button_click', 'Brown the lazy', '2024-12-11T17:11:34.224Z'),
  ('d33f61e2-0f6d-48be-9b28-8f7889fb46bb', '9a26f6b1-6b4c-4bdd-bbf1-1f6643cb80c0', 'd23a1a20-4a4b-41b7-b939-5545e95e2e2e', 'button_click', 'Delta gamma zeta', '2024-12-16T10:28:01.801Z'),
  ('87f3a717-3d63-4047-a69b-03415bb728a4', '8e8f05ad-5b2f-4285-900a-17a4ec0e1f16', '785013ae-f700-4ac3-a3ee-d3613ffb60fb', 'feature_use', 'Delta alpha alpha', '2024-12-31T04:11:56.248Z'),
  ('652c745c-b8c2-410f-862c-c1a90a3175bb', '8cc5164b-0c21-4f33-b303-a27b5a53d746', '785013ae-f700-4ac3-a3ee-d3613ffb60fb', 'feature_use', 'Dog engine system', '2024-12-13T23:25:21.039Z'),
  ('689d4d53-7816-4e2a-86a0-21bc88b963d5', '22abb138-5ca7-45f8-9746-6729619c6383', 'e607a59c-b0fc-47e7-b9fa-56473a14fb7a', 'api_call', 'Fox omega jumps', '2024-12-12T02:31:22.310Z'),
  ('01301589-50c6-4b92-9fcb-667f493e035b', '8f666849-c81c-4d32-b50e-e63ff7fcb8f2', '8d51447b-fdfb-4b89-bb01-170624e086e5', 'page_view', 'Engine delta platform', '2024-12-28T01:10:07.249Z'),
  ('7945a29d-e613-4fba-a6e9-167efa4a14da', '0b5ba50e-e8b5-403a-b720-3a4e10ab3fb4', '8ae0b1a2-7a66-427b-b78c-f9d78ce8bad8', 'page_view', 'Theta kappa lazy', '2024-12-10T01:49:25.986Z'),
  ('45fa95e2-aa52-48a9-87a3-d5e463398ec4', '8cc5164b-0c21-4f33-b303-a27b5a53d746', 'e607a59c-b0fc-47e7-b9fa-56473a14fb7a', 'button_click', 'Dog alpha platform', '2024-12-22T02:43:33.922Z'),
  ('cde0c0b2-1ad1-46a1-8f3a-8f33321c9858', '8e8f05ad-5b2f-4285-900a-17a4ec0e1f16', '8d51447b-fdfb-4b89-bb01-170624e086e5', 'api_call', 'Over data delta', '2024-12-23T11:23:32.702Z'),
  ('9a597d0e-a8ab-4ab3-ba37-182bdc018db3', '2e1876dd-7298-4b02-8a47-e2013a5cf608', '8ae0b1a2-7a66-427b-b78c-f9d78ce8bad8', 'button_click', 'Lazy the brown', '2024-12-16T00:25:13.723Z'),
  ('db0c407b-4aee-4e10-81cb-86031a091548', '966cd296-e20f-4ccf-b5b7-35b2e467dd4a', 'd23a1a20-4a4b-41b7-b939-5545e95e2e2e', 'page_view', 'Lambda kappa the', '2024-12-26T17:11:18.245Z');
