id,patient_id,med_name,created_at
"f3ed3215-03c6-4b14-2faf-c72f1c5f3967","f3fcbaa8-3363-42a1-b0af-dcb32d1bf2bb","Mountain View Cafe","2025-09-26T18:14:17.634Z"
"53445848-7347-41dd-1425-dff78d158b28","e4e66853-83ac-4cce-81fa-f944ce056ec9","Harbor Grill","2025-11-26T05:59:07.378Z"
"62b87584-bcc2-4e08-877d-004ccabc63f4","74e07dd6-2aa9-4a6c-3667-c0aa812589ed","Blue Ocean Sushi","2026-03-14T08:06:28.186Z"
"197fc5cb-3b6c-4b2f-c9a5-626dcb082432","1e1ade59-bd95-47ec-96e4-b397cb03d034","Cloud Nine Cafe","2025-04-22T03:12:57.176Z"
"f5a2ecc3-3963-4a73-fbfb-44d8e0c50e98","3b9cecef-d6f2-40fa-66d0-f43a0bee3bb7","Luna Restaurant","2026-03-26T02:19:10.914Z"
"07f81c85-8a9f-4d32-a73e-c8ec3692ceca","0b133d85-49d4-4951-3574-471a10eabf29","The Local Table","2025-07-01T20:57:20.862Z"
"7b7107d9-46e4-42e1-6122-2d0958d021e2","fd4de0d3-6042-45d7-9b69-2ca2bfb95b5e","Maple Street Diner","2025-08-28T11:18:45.891Z"
"231a17ca-d893-4a8d-9223-d07c6d9adc72","13440d97-ebf2-4174-f7d9-26da2b6e5666","City Kitchen","2026-04-04T22:23:07.705Z"
"73ba7b02-bb18-4820-6f77-e369714fb400","25d3d854-425c-4f25-1a44-b7645f17838e","Fresh & Co","2025-09-10T04:35:22.030Z"
"9df0a785-6963-4846-7157-441cfd6cbb84","b43f5900-12c4-4d03-6673-fd136ac7c432","Mountain View Cafe","2025-07-12T00:39:24.688Z"
"4e4fce1e-f254-4c96-0707-ee949fe945ce","63a5858d-dd72-43c9-45d9-a42a92e8f655","Cloud Nine Cafe","2025-07-25T08:30:29.800Z"
"c4bf5ac6-b377-405e-d243-682aca38f2a2","f42254a7-e513-4fa6-d10e-0a8864b79ec6","Sage & Thyme","2025-11-19T22:08:25.553Z"
"24609957-6924-4940-69f9-355b2ec956ea","1df07a6e-3eca-4084-79d9-8c6af19161d9","Cloud Nine Cafe","2025-05-27T04:46:44.786Z"
"bf18c3a1-92c8-4f61-26bd-651404d17ada","f123028b-320f-4f65-8bf7-6c4b69786d09","Sage & Thyme","2025-07-19T19:26:28.957Z"
"e0fd269f-6de7-4986-5a19-448a919bc5ba","e00455ea-9be2-41f9-3dbc-93874489d419","Corner Deli","2025-12-09T07:15:04.750Z"
"51a0ce38-6125-47db-036b-4deacf6a78ab","f0817780-8f76-4638-368d-5602a10904a1","Red Pepper Thai","2026-01-08T00:19:47.338Z"
"7f19aed9-9e3b-46c4-efec-56416c2b8aff","d10c407a-cfe0-49bd-d69c-8d0e4c45939d","Sunrise Bistro","2026-03-12T13:44:37.279Z"
"ca300cc3-edec-4a3f-fdd4-e7765bb0c252","44ced297-be74-417c-dca8-4ce87070d8ad","City Kitchen","2026-02-28T11:19:49.517Z"
"4cc031ad-2ede-4fbe-73fb-7082d3f39081","5a524e7b-96c4-472c-59a2-89805a9e510a","Green Leaf Bistro","2025-04-10T13:10:58.309Z"
"cc5d0a3a-bf82-4929-7493-78776524816f","5f8f0a8d-32aa-4e1a-6b8b-2df9a0839b37","Sunrise Bistro","2025-08-31T03:55:13.734Z"
"a059f34e-213b-47fc-84b3-709b59e6e08e","8ed1b73e-a2b9-4a22-7b26-a8ddbe59f6fc","Firebird Pizza","2025-08-05T00:11:36.889Z"
"dece4a5c-182e-48e7-59f1-7616502bb0f0","3e869fa5-0251-4b4f-f8c9-cf70635cd0a5","Mountain View Cafe","2025-10-31T23:47:38.580Z"
"76762beb-5dad-4685-265f-9f7911ef2cda","195260bd-4b38-49f6-6416-64e1b98ba618","Corner Deli","2025-06-02T19:10:16.241Z"
"0a8b20b1-cb02-436c-748b-5d34374e22b7","bf9652c5-f49d-46d0-5943-71362b85dc82","Luna Restaurant","2025-08-18T03:55:50.029Z"
"882041c0-97c9-4b98-b1a3-31dab94a2c3d","b95a1df5-ad66-462d-4733-f09e335994f4","Mountain View Cafe","2026-03-14T22:04:43.682Z"
"8597f6d3-3f13-40a4-19bb-03ada91b058d","435520f1-74ab-42ee-3be0-c113952d4c24","Blue Ocean Sushi","2025-07-25T14:07:14.146Z"
"5aa85f2b-c2cd-4cf1-961a-7944f4761505","f1dfebac-c70d-4bbb-4f02-41b25f5d67f4","Oak & Vine","2025-05-14T08:27:14.663Z"
"aa11bec8-bcdf-4360-7472-de777bcc9ba6","eeae001d-edb7-4136-9f18-f2cd09138a3b","Green Leaf Bistro","2025-11-24T05:22:52.977Z"
"4bacb19d-4eb9-4bc7-fee3-d8872aafa934","b43f5900-12c4-4d03-6673-fd136ac7c432","Sage & Thyme","2025-12-15T05:03:25.305Z"
"f3e9e975-475e-45f1-5a39-002fa4481fa8","5973e658-32c6-473b-9873-21497429b9ea","The Rustic Fork","2025-12-15T01:24:52.629Z"
"b803a692-63c4-4bed-b961-355d33bbbd25","6f4f8b49-b4fd-453a-804a-69d3ca0ba269","The Rustic Fork","2026-02-25T08:36:43.319Z"
"3c7e4dff-36cf-4426-d083-fc5ea816503f","13440d97-ebf2-4174-f7d9-26da2b6e5666","The Local Table","2025-10-03T21:14:17.607Z"
"61202777-7957-40b2-0bca-3a450f277be4","390b4742-c9f4-430d-6321-e33a4e5a6dee","Maple Street Diner","2025-06-15T21:11:46.785Z"
"c2c2a611-db1c-4bff-26e5-ae4d70ca85c0","d94c4191-4aaf-4b80-a901-9f61af0a7d9c","Sunrise Bistro","2025-09-10T11:37:23.466Z"
"f591977d-f3ec-4900-6f50-c40b1f347e1f","1651d0f7-15d4-433f-6881-a6960bbde42d","The Brass Tap","2025-08-07T05:55:55.973Z"
"cdc2aeee-ae17-4704-7340-bd6a1e4dd8bd","a074af0d-74ea-42bf-a785-f352cf27dcf6","The Local Table","2025-10-07T01:00:42.608Z"
"d8a06548-b587-42c3-cfd5-fd39882da884","d06c9eff-2fba-4278-0d3b-4b2041b66f2b","Oak & Vine","2025-06-25T09:03:07.726Z"
"a55b5b5f-a392-4e57-63e1-d3a82a819020","936fcac3-13a5-438f-8ecd-c0c604864e9a","Harbor Grill","2025-07-22T21:14:16.379Z"
"726c6caa-7dc1-4701-39bb-e8a25545118f","ba0f17b0-0290-413b-28f0-dd0b4d9c7e78","The Local Table","2025-09-28T07:31:07.160Z"
"dfce91c6-09a4-4ea2-c28c-4a2221b145cf","af069062-9fe6-4afc-5e19-ecc9e1f47843","Harbor Grill","2026-02-11T13:50:06.824Z"
"abe5dc2e-99e5-464b-473f-573b1205e7e7","88393dd7-5473-4855-ae45-bc9dd57d780d","Firebird Pizza","2025-12-27T05:10:11.169Z"
"2bd79589-0868-4051-7376-b43c49feb7e8","17f82f16-db0b-48af-54ee-ba84da80c784","Corner Deli","2026-02-08T04:51:00.183Z"
"1168c0be-cb28-4365-777b-4d9a528f3569","3e869fa5-0251-4b4f-f8c9-cf70635cd0a5","Luna Restaurant","2026-03-03T03:38:20.125Z"
"9ae0516f-964c-48b0-f7b5-4823f5f02e69","743445a2-4823-4069-2fa5-8a9fb7c0091c","City Kitchen","2025-04-21T14:16:31.644Z"
"14401c73-1031-4bd4-ac16-69f201a6ba90","6d1be003-2ebe-4e11-e9a8-0f789f8eae85","Mountain View Cafe","2025-10-16T08:19:07.406Z"
"e16da43f-b33c-472f-14ad-af16e5f2d23e","65cc38cd-be4c-48ee-aada-42ffe68dfcfa","The Rustic Fork","2026-01-09T10:11:22.803Z"
"b367c88a-c15a-4468-9cf3-1688934aedb1","336b7db6-0fca-437d-d0b6-8cc8561ad713","Cloud Nine Cafe","2025-12-27T16:00:30.806Z"
"b92ef4f1-8576-4c3e-73d9-68cd789622d8","3a418c29-8cd6-4ba8-b0f5-8b67846775c6","Maple Street Diner","2026-02-03T15:03:22.761Z"
"ed1afe4e-7a93-489e-4e9d-8bea427e9045","53c4af97-30a4-4cbb-685b-031d71db8342","Cloud Nine Cafe","2025-08-06T01:51:29.362Z"
"642c3579-5a04-4f95-3837-6246a562e94c","aaa4a8f2-24d8-46a3-1d2d-b1378d75f89a","Golden Plate","2025-07-31T23:06:58.788Z"
"473b291f-e379-4cfb-9707-64de1f1c4b22","536dd9ce-c8a8-40fb-d00f-58645a075259","Blue Ocean Sushi","2025-05-23T13:45:26.978Z"
"6f7d794a-12c9-4c7d-6a0c-7d3e0c33f756","a074af0d-74ea-42bf-a785-f352cf27dcf6","Corner Deli","2025-08-01T15:26:31.191Z"
"f3420acd-6abc-46b3-2d22-40d31b5977b8","5bfc0d91-48a6-4dbc-3998-1229383e09ce","City Kitchen","2025-06-07T01:31:38.659Z"
"109a36b1-831e-4af1-d627-bc60f43e562d","aae1f3aa-9775-4cae-8a69-5b68dc2e160e","Maple Street Diner","2025-05-07T10:28:50.912Z"
"65ec4fd1-9444-4093-8493-685a9d47c183","c85cc2ab-c3ed-4f18-f0ad-196b48fbe9a2","The Local Table","2025-11-17T13:10:31.869Z"
"5f2cc164-64d0-461f-791b-c4f4d9b79b74","80738942-ba21-4d5d-2bb7-894b29b63e06","Oak & Vine","2026-03-31T08:29:02.235Z"
"37df891a-a8fa-43fe-41c4-40c5901875d5","94a2bb3e-bd69-4819-6f4d-7501f82909d9","Green Leaf Bistro","2025-07-19T15:57:30.005Z"
"8848cd8f-c4c8-473f-d2a7-29e934c20cfc","768b2e74-1dd2-4ac8-15e2-529dd6eb911b","Harbor Grill","2026-03-30T19:09:38.077Z"
"cbf0ef67-842c-4ab5-eecf-894b2e6aca62","3ef2b257-e7d5-420a-4baf-8f71ff466de5","Oak & Vine","2025-12-10T17:10:38.435Z"
"4cf03923-8c6e-4fa0-07a3-c2d35e9559c7","df5a3ecd-156a-4ea1-64b4-155d6ccfc3af","Corner Deli","2025-12-04T11:49:28.410Z"
"626e3804-dcdf-4418-ae02-ef6b49a40867","ad3565e3-25a1-4ca8-6c5e-ecd80139c946","Mountain View Cafe","2025-05-22T22:19:42.796Z"
"a6ddd9ea-fcf7-4288-c464-022f9322d1f7","4f208680-740d-44fb-a319-62986219681d","Oak & Vine","2025-05-12T20:00:09.662Z"
"15a1e7d6-850e-4c30-34dd-bd00caff36ea","866fc9a5-9db8-449b-8e32-e6a4852842c4","Red Pepper Thai","2025-10-12T13:34:40.084Z"
"6dadcc8e-065e-4c27-5f83-f93973e5a120","8ed1b73e-a2b9-4a22-7b26-a8ddbe59f6fc","The Rustic Fork","2026-02-14T10:33:10.932Z"
"c1c28a2c-3217-46be-b230-f72fb34cc655","99a33d48-d54d-4250-3298-a0120c32b399","Oak & Vine","2025-05-14T23:56:25.204Z"
"9efe3071-358c-4e58-3dcf-d00d640b3a9c","f58dc698-3860-4b58-45ca-839b02414ec0","Blue Ocean Sushi","2025-11-03T06:34:08.431Z"
"cb3a0088-aa9a-41b3-6cb3-a09cea43248b","7f762449-e4b9-4638-5c8d-1d628cac8736","The Rustic Fork","2025-07-10T14:07:12.991Z"
"83f8eaca-fbf6-42a6-6140-41d88c360d77","536ad7d0-bb5d-4cf9-eaf3-bbc68e735044","Blue Ocean Sushi","2026-01-27T19:54:18.903Z"
"4f1702cd-e90e-4a65-9dd6-81ae5ce24869","8e8e4f85-4756-4427-c493-5db47b96844d","Harbor Grill","2025-12-14T12:49:23.463Z"
"7434d3df-9a0b-4d5d-2750-a53a6f6cff55","5656dc45-9bfe-4301-9a23-bd920bf74622","Mountain View Cafe","2026-01-23T15:35:04.675Z"
"361bbb28-9108-4e2c-f108-c2d9e44fd851","d47bef87-7ac7-4f94-9d3f-075518319fd4","Red Pepper Thai","2025-10-02T20:25:01.556Z"
"362c6362-ca4b-4260-834d-21f3802a97e6","686f0628-55ca-4ced-4e00-a75b96b8a2f9","Cloud Nine Cafe","2025-05-25T08:18:27.561Z"
"7273c7d8-3197-4b43-c8f8-ba7d0caf1ccb","4f208680-740d-44fb-a319-62986219681d","Oak & Vine","2026-04-09T06:23:40.228Z"
"644be9a8-8c35-462f-bc47-5d1250a40e99","cbd23902-0a1d-48a1-e81f-98dcac494df2","Mountain View Cafe","2026-01-07T22:28:56.198Z"
"76bb9d91-9b63-4fe7-df6e-322fbad233f8","f58dc698-3860-4b58-45ca-839b02414ec0","Oak & Vine","2025-07-23T14:24:17.089Z"
"b7c28a34-df50-451f-5c9d-e92767e34cfe","390b4742-c9f4-430d-6321-e33a4e5a6dee","Corner Deli","2025-04-25T12:07:35.960Z"
"930ae5e0-2227-406b-d789-0a412aced235","48f66303-1619-40ff-5b03-461de99bdd80","Oak & Vine","2026-01-20T07:10:34.254Z"
"eff89b7b-6364-4c38-dbf5-4482a410f158","7359366f-a81f-4da2-d3b8-22348c3ac2b7","Golden Plate","2026-03-27T13:37:46.562Z"
"b3ddb389-a40e-4492-bd22-2950ebb7fb8a","6f8718d3-5769-4d83-ebce-d269bfeda462","Fresh & Co","2025-12-19T04:59:02.513Z"
"2381dc63-a6b1-4757-a25f-05fe13c14ff9","dacb21c8-20a0-428d-bf83-9431fff8f8fd","Red Pepper Thai","2025-11-24T12:17:57.513Z"
"b07d89e3-578c-4ae6-8625-2c14d1a0c3a2","f1e587ad-edf3-4cb6-1d24-99fb24db3867","Stone Oven Bakery","2026-01-18T02:29:42.243Z"
"d7558598-7e5b-4e13-0521-a46e9b681a11","f1dfebac-c70d-4bbb-4f02-41b25f5d67f4","Stone Oven Bakery","2026-03-17T15:50:56.927Z"
"b3070444-e786-4b46-07e8-d02339706baa","63915613-dd67-4c21-461c-722411d41149","Green Leaf Bistro","2025-10-11T11:56:12.855Z"
"5d84d1ed-8568-47b7-91ee-c7ff6091cf38","75b667b1-eb95-413d-d262-79dcad997091","Cloud Nine Cafe","2025-11-25T02:54:42.933Z"
"182abc7d-e308-49fc-ee60-d3498fa50eda","62a94f97-b2bc-4bde-d478-e57758a3b037","Mountain View Cafe","2026-02-03T21:12:05.655Z"
"8fde4e86-59d5-4ae6-2f36-6aecd20bc484","d10c407a-cfe0-49bd-d69c-8d0e4c45939d","Fresh & Co","2025-10-28T05:56:30.889Z"
"aad63d51-9eee-4a6e-91cb-54739cd1f1ef","88393dd7-5473-4855-ae45-bc9dd57d780d","Blue Ocean Sushi","2025-12-14T21:51:43.244Z"
"6115027e-caa5-445e-8c4c-11ed933f15df","d38f183d-0899-4d3a-f2f0-aaff9b0c69f5","Red Pepper Thai","2025-08-15T00:22:50.920Z"
"0befe030-406a-4cdc-47f5-74900b1802e4","8935a106-209d-4270-658f-c4abb966daf2","Corner Deli","2026-02-09T15:26:18.957Z"
"2175141e-4a74-4723-2b94-846d0457282d","5a21fd76-4c89-491d-a142-07753332c38b","The Brass Tap","2026-03-20T12:15:57.047Z"
"8021d73b-f05e-4e1f-ddb7-015fda8b43c1","c33e1855-50e0-44b9-d9dc-f02d7b1523c9","Harbor Grill","2025-08-24T06:20:57.265Z"
"8e9f11e0-4dc4-409d-6b22-9f693416cc81","b7e3d805-c490-4d83-2714-ee72c8c1097a","Red Pepper Thai","2025-07-24T02:24:38.589Z"
"12bb8935-7b4c-42be-9031-9f0dc458b753","6d7c89a2-d145-4384-6338-b93301a6e066","Stone Oven Bakery","2025-12-11T00:59:12.902Z"
"d3fb34c2-ef0a-424f-811a-b14c3ab7efd2","13440d97-ebf2-4174-f7d9-26da2b6e5666","Mountain View Cafe","2025-12-02T18:18:26.292Z"
"30f62895-cb6d-4889-8681-03d19fdc9b8b","308c46f9-bde1-45e3-4a1e-7fa8c9de8848","The Brass Tap","2025-07-13T15:39:14.258Z"
"5bf1a79e-5cd4-4284-02bc-df4c1ac71188","fca6bf29-f85d-4939-e12f-7ac8380c19be","Green Leaf Bistro","2025-06-03T01:46:38.141Z"
"3e575dd1-41d6-491b-0162-14e043d60dd2","f1e587ad-edf3-4cb6-1d24-99fb24db3867","Harbor Grill","2025-09-13T19:17:39.922Z"
"0c4e96bd-341e-4c06-5534-52fb3db30c44","21d04fb2-1ec9-4c0f-d50c-f395b2e6e4fd","Firebird Pizza","2025-06-14T05:00:11.367Z"
"1a924576-5ce7-4cef-3308-3c591120f772","f123028b-320f-4f65-8bf7-6c4b69786d09","Maple Street Diner","2025-04-21T20:25:23.043Z"
"b1f927cb-4d8c-4f0a-beb8-f834cf3a1a48","6c8967ca-a45d-4e52-f2d3-be8187946afe","Mountain View Cafe","2025-06-10T15:48:23.522Z"
"83853e16-0aa1-4102-3ea1-7f6f22084c5e","8ce2d85b-3377-46ff-d0d6-6eac73df143d","Luna Restaurant","2025-06-18T07:17:16.337Z"
"bc77e35d-40a4-4b2f-c150-6cc6914bb5f5","768b2e74-1dd2-4ac8-15e2-529dd6eb911b","The Rustic Fork","2026-02-10T09:42:42.799Z"
"001f9af4-50e2-4ea6-03cd-5a51729c4956","2d2d2cae-5040-48df-4bf4-8d54c0e8d8fc","Green Leaf Bistro","2026-02-12T12:34:51.812Z"
"fedc6dca-e3e3-4828-83cb-cebb39326b61","2fa43b79-f6e2-453f-f1f0-a2e2e75a98a5","Sunrise Bistro","2025-04-18T05:20:16.157Z"
"e80717bb-13b4-442d-0f28-f6b6bedb0b86","336b7db6-0fca-437d-d0b6-8cc8561ad713","Fresh & Co","2026-04-08T16:55:54.031Z"
"e461eb72-6d1b-4fe0-0cbb-41192d6ef1d9","4430d5d0-12c9-4674-34c8-e7fc31fc5811","Luna Restaurant","2025-11-17T20:41:45.969Z"
"bbf6b429-e585-42dc-cb3b-cf4742e0b87f","d63220ee-3d45-4e04-4d57-2babf7db183c","Corner Deli","2025-10-13T01:44:47.207Z"
"03ad9ea4-d4fb-45db-ef6f-47798cd37086","ccc9d027-87f5-4123-fcfb-3471fe8d527f","Red Pepper Thai","2026-01-17T15:19:44.767Z"
"f884fb3b-f0bb-4d0f-2edb-41cb388dc75f","0f4489b0-8f37-4fb8-c787-6430bd6224f0","The Local Table","2025-11-12T18:20:13.673Z"
"ac0c0ace-19b5-461f-6301-534b25a0a325","1052be6f-4ee3-4942-01ee-5befded6da19","The Rustic Fork","2025-04-19T15:47:38.099Z"
"f035a554-f7f6-42b1-05e2-f2347ac606ec","8935a106-209d-4270-658f-c4abb966daf2","Red Pepper Thai","2025-05-01T13:13:39.254Z"
"233f205d-69ba-4650-5442-49e98e705a81","8e248187-cf87-4c7e-8242-44ef0e62e607","The Brass Tap","2025-07-11T13:16:14.593Z"
"97498a27-18e8-4c87-a649-0d1954139161","e423ccc6-41eb-457d-d181-6a92eda2e374","Oak & Vine","2025-07-29T03:30:37.546Z"
"7e8913b2-3380-4682-be49-1003b0998701","6d7c89a2-d145-4384-6338-b93301a6e066","The Brass Tap","2025-11-29T06:06:29.055Z"
"ee1bc4b5-486f-4db9-a790-4d59aa2c115c","e47fd63b-48aa-453b-236d-3bc537283c7d","Fresh & Co","2026-02-03T14:49:33.615Z"
"4ac14fc3-c610-48b7-4481-763db1fefd9f","fd3db834-a764-4224-4636-5975e67ad7d7","Fresh & Co","2025-07-18T01:21:50.467Z"
"9dd0076e-e4c2-4777-346b-c815aed78796","cf8a60d0-5270-4206-30ba-7c9e97e69a12","Firebird Pizza","2025-09-29T09:03:01.064Z"
"428a46ef-9b7e-4084-5315-c02f7e069e9f","5ed33dc7-9d94-46f4-c0c2-f7f6ffb48ef2","Sunrise Bistro","2025-05-14T17:52:16.605Z"
"83ac6c67-7bd4-4485-ce93-623282bd5896","1e1ade59-bd95-47ec-96e4-b397cb03d034","The Local Table","2025-04-21T22:58:39.762Z"
"582bf987-c03b-4218-ea1c-99e9253a5a02","366f6fec-2ee0-4103-a20d-48f3273b1238","Sunrise Bistro","2025-08-21T22:27:53.527Z"
"e0e401d4-530d-4cc5-ce50-c69a33796e6b","fb2d73e0-2ed5-466e-1733-dff3df304e22","Oak & Vine","2025-06-01T04:13:07.078Z"
"a5bf8f6f-387d-4636-76e7-9c070fbe61f2","e423ccc6-41eb-457d-d181-6a92eda2e374","Sage & Thyme","2026-03-11T19:18:42.305Z"
"80fd3b31-0ca3-4ce3-449a-db9b58c9b723","f446058f-afec-44cf-9763-04810f125e27","Harbor Grill","2025-05-02T11:43:24.651Z"
"85cbbd50-cc63-4596-f439-19ea1bff9f68","4b8ee672-293e-408d-2195-d037b2c96552","Luna Restaurant","2026-04-08T11:59:43.566Z"
"74569710-e797-4684-48ea-4f42872514bd","323c5273-60cf-491b-4ccf-c604daeb8cd2","The Brass Tap","2025-05-20T05:02:46.495Z"
"5837a3d6-7e59-4e92-5472-70059c097e66","fca6bf29-f85d-4939-e12f-7ac8380c19be","Oak & Vine","2025-07-22T18:32:26.591Z"
"eed7abb3-916f-4b12-54dc-4c417b544123","8e248187-cf87-4c7e-8242-44ef0e62e607","Luna Restaurant","2026-02-10T23:04:09.154Z"
"2c785e70-ac96-4e87-75fe-4a718f3e6309","e41c3c76-6f13-483d-ff86-4108ff4ef806","Firebird Pizza","2026-03-20T06:42:37.771Z"
"7e0a016b-5cac-482b-da97-68d29363259f","af6680a5-97db-4cb7-dd4e-dc6e52704072","The Local Table","2025-12-11T07:52:13.110Z"
"1c8db6f8-e4d2-4c3b-b240-9aeafd27b99b","6f8718d3-5769-4d83-ebce-d269bfeda462","Luna Restaurant","2025-04-20T01:40:05.171Z"
"bfedca75-c6d5-458b-5819-74c9ccc9ce4b","0f4f832e-bbec-44c9-91e1-f23b211ccb9a","Green Leaf Bistro","2025-06-20T17:08:09.840Z"
"84928244-d875-4ef5-b5a2-0b7ec26e4705","379bbe98-6ce8-4fbd-dc88-32df65e651cb","Mountain View Cafe","2025-12-18T19:47:19.488Z"
"6d43ab9a-00a7-45ff-84ea-b0ff38a0fdae","f0817780-8f76-4638-368d-5602a10904a1","The Local Table","2025-07-23T04:59:31.584Z"
"c8500a4e-26d8-4d04-a9f9-c1495c600acb","36f68c28-9b2c-4cc6-0df8-63b67fc452d3","Harbor Grill","2025-05-25T21:14:16.247Z"
"8a4330f9-7b6c-48d4-813b-873259eaa29e","ea4155a6-578e-4666-adc3-605555027b18","Fresh & Co","2025-10-25T03:15:27.885Z"
"5e01465c-1b2c-4411-c5fe-90a100f1aded","5470d5b1-7b77-4c95-e6a1-d7bef77c5315","City Kitchen","2025-09-09T09:23:40.760Z"
"0d80c5c2-882e-45b4-8a03-494f6b6994ee","e8af080b-f6f2-4fa2-516a-612773f7a437","Cloud Nine Cafe","2025-11-07T04:34:55.665Z"
"64e9be35-a49b-43bd-a339-dfd5dbfeb12a","aa1507b5-594e-4d54-4053-cbaa4075a012","Maple Street Diner","2025-06-01T06:13:33.316Z"
"375543be-9ae0-49bb-8c5c-24cdb987ec36","80c094b8-985c-4e61-c31e-ce1ffbb6c473","Cloud Nine Cafe","2025-06-11T22:02:18.767Z"
"dde5966c-3964-4d38-a5d2-263b81a10134","afd1b5a3-caf1-442e-b3a5-35bdbe85fb63","The Rustic Fork","2025-04-24T03:12:42.625Z"
"00b097d5-77ce-46b3-989f-a8fee11dc527","53b80771-9305-411f-ec0e-030d127cc9fe","Luna Restaurant","2025-09-09T00:59:19.225Z"
"84d3e022-8fad-4082-2c73-a941e467a199","8a89d84b-cc60-4076-cd2d-0d1ac2e15874","Cloud Nine Cafe","2025-09-21T20:51:14.490Z"
"90754b39-b778-415a-0e31-015960b5982d","25d3d854-425c-4f25-1a44-b7645f17838e","Sunrise Bistro","2025-12-18T09:06:48.614Z"
"8806efbe-5c93-4846-3d39-093a2fb02000","3a418c29-8cd6-4ba8-b0f5-8b67846775c6","Golden Plate","2026-02-26T09:41:24.413Z"
"6b1039c0-c502-4d75-f7fa-d1d62074efda","56b745d0-45f4-404c-5db2-07edd750c3c1","Oak & Vine","2025-05-13T22:31:57.668Z"