-- ============================================
-- Generated by RealityDB CLI v2.38.0
-- Template: grid_silent_cascade
-- Total rows: 998
-- Generated at: 2026-05-01T05:08:53.102Z
-- ============================================

-- ============================================
-- SCHEMA
-- ============================================

CREATE TABLE "buses" (
  "id" UUID NOT NULL PRIMARY KEY DEFAULT gen_random_uuid(),
  "bus_type" VARCHAR(50) NOT NULL,
  "nominal_voltage_kv" NUMERIC(12,2) NOT NULL,
  "latitude" NUMERIC(12,2) NOT NULL,
  "longitude" NUMERIC(12,2) NOT NULL
);

CREATE TABLE "lines" (
  "id" UUID NOT NULL PRIMARY KEY DEFAULT gen_random_uuid(),
  "from_bus_id" UUID NOT NULL,
  "to_bus_id" UUID NOT NULL,
  "length_km" NUMERIC(12,2) NOT NULL,
  "r_ohm" NUMERIC(12,2) NOT NULL,
  "x_ohm" NUMERIC(12,2) NOT NULL,
  "c0_nf_per_km" NUMERIC(12,2) NOT NULL,
  "c1_nf_per_km" NUMERIC(12,2) NOT NULL,
  CONSTRAINT "fk_lines_from_bus_id" FOREIGN KEY ("from_bus_id") REFERENCES "buses"("id"),
  CONSTRAINT "fk_lines_to_bus_id" FOREIGN KEY ("to_bus_id") REFERENCES "buses"("id")
);

CREATE TABLE "transformers" (
  "id" UUID NOT NULL PRIMARY KEY DEFAULT gen_random_uuid(),
  "bus_id" UUID NOT NULL,
  "core_type" VARCHAR(50) NOT NULL,
  "remanent_flux_pu" NUMERIC(12,2) NOT NULL,
  "core_loss_resistance_pu" NUMERIC(12,2) NOT NULL,
  "rating_kva" VARCHAR(50) NOT NULL,
  CONSTRAINT "fk_transformers_bus_id" FOREIGN KEY ("bus_id") REFERENCES "buses"("id")
);

CREATE TABLE "pv_systems" (
  "id" UUID NOT NULL PRIMARY KEY DEFAULT gen_random_uuid(),
  "bus_id" UUID NOT NULL,
  "irradiance_profile" VARCHAR(50) NOT NULL,
  "capacity_kw" NUMERIC(12,2) NOT NULL,
  "inverter_type" VARCHAR(50) NOT NULL,
  "grid_forming" VARCHAR(50) NOT NULL,
  CONSTRAINT "fk_pv_systems_bus_id" FOREIGN KEY ("bus_id") REFERENCES "buses"("id")
);

CREATE TABLE "switching_events" (
  "id" UUID NOT NULL PRIMARY KEY DEFAULT gen_random_uuid(),
  "line_id" UUID NOT NULL,
  "transformer_id" UUID NOT NULL,
  "event_type" VARCHAR(50) NOT NULL,
  "switching_angle_deg" NUMERIC(12,2) NOT NULL,
  "event_time" TIMESTAMPTZ NOT NULL,
  "operator_initiated" VARCHAR(50) NOT NULL,
  "protection_zone" VARCHAR(50) NOT NULL,
  CONSTRAINT "fk_switching_events_line_id" FOREIGN KEY ("line_id") REFERENCES "lines"("id"),
  CONSTRAINT "fk_switching_events_transformer_id" FOREIGN KEY ("transformer_id") REFERENCES "transformers"("id")
);

CREATE TABLE "ferroresonance_events" (
  "id" UUID NOT NULL PRIMARY KEY DEFAULT gen_random_uuid(),
  "line_id" UUID NOT NULL,
  "switching_event_id" UUID NOT NULL,
  "ferro_mode" VARCHAR(50) NOT NULL,
  "is_label_positive" VARCHAR(50) NOT NULL,
  "peak_overvoltage_pu" NUMERIC(12,2) NOT NULL,
  "duration_ms" NUMERIC(12,2) NOT NULL,
  "detected_at" TIMESTAMPTZ NOT NULL,
  "suppressed_by_relay" VARCHAR(50) NOT NULL,
  CONSTRAINT "fk_ferroresonance_events_line_id" FOREIGN KEY ("line_id") REFERENCES "lines"("id"),
  CONSTRAINT "fk_ferroresonance_events_switching_event_id" FOREIGN KEY ("switching_event_id") REFERENCES "switching_events"("id")
);

CREATE TABLE "cascade_gradients" (
  "id" UUID NOT NULL PRIMARY KEY DEFAULT gen_random_uuid(),
  "ferroresonance_event_id" UUID NOT NULL,
  "line_id" UUID NOT NULL,
  "timestamp" TIMESTAMPTZ NOT NULL,
  "stress_value" NUMERIC(12,2) NOT NULL,
  "propagation_depth" INTEGER NOT NULL,
  "affected_bus_count" INTEGER NOT NULL,
  "gradient_direction" VARCHAR(50) NOT NULL,
  CONSTRAINT "fk_cascade_gradients_ferroresonance_event_id" FOREIGN KEY ("ferroresonance_event_id") REFERENCES "ferroresonance_events"("id"),
  CONSTRAINT "fk_cascade_gradients_line_id" FOREIGN KEY ("line_id") REFERENCES "lines"("id")
);

CREATE TABLE "tda_features" (
  "id" UUID NOT NULL PRIMARY KEY DEFAULT gen_random_uuid(),
  "switching_event_id" UUID NOT NULL,
  "line_id" UUID NOT NULL,
  "beta0" INTEGER NOT NULL,
  "beta1" INTEGER NOT NULL,
  "d_beta0_dt" NUMERIC(12,2) NOT NULL,
  "persistence_entropy" NUMERIC(12,2) NOT NULL,
  "betti_ratio" NUMERIC(12,2) NOT NULL,
  "wasserstein_distance" NUMERIC(12,2) NOT NULL,
  "computed_at" TIMESTAMPTZ NOT NULL,
  CONSTRAINT "fk_tda_features_switching_event_id" FOREIGN KEY ("switching_event_id") REFERENCES "switching_events"("id"),
  CONSTRAINT "fk_tda_features_line_id" FOREIGN KEY ("line_id") REFERENCES "lines"("id")
);

-- ============================================
-- DATA
-- ============================================

-- buses: 221 rows
INSERT INTO "buses" ("id", "bus_type", "nominal_voltage_kv", "latitude", "longitude") VALUES
  ('2f4d08d7-78aa-47c9-ad7d-5a29dbe6aefb', 'pv_farm', 31.5, 45.92, -80.71),
  ('750e8c22-4149-41b8-4860-38b0af3f86df', 'load', 13.73, 47.98, -80.12),
  ('4098e6c6-b24b-471a-676a-185dfc0f2980', 'load', 13.38, 39.86, -105.61),
  ('fc03be6c-dd69-42c0-991c-4b5b57d6900f', 'load', 23.61, 43.54, -71.56),
  ('36c46003-c38f-4329-e232-b597f8b3c5fa', 'pv_farm', 10.06, 47.92, -74.83),
  ('580b16f7-127c-4e10-bf9b-468ab0163aeb', 'load', 27.9, 45.82, -85.17),
  ('cfb1652b-c80c-4a60-34b5-898d9a5629ef', 'substation', 12.1, 37.99, -110.75),
  ('ed560572-209a-44de-c2d2-8d14493ef88b', 'load', 25.73, 35.63, -92.21),
  ('31d55514-453f-4aee-ca52-826dbd8d1b3d', 'load', 32.84, 39.87, -101.61),
  ('d5d252f8-2c60-4dfb-8de2-f9a031ff04d0', 'load', 15.94, 42.89, -101.64),
  ('1091aced-a65b-4b66-ff8b-0bcd0c85ba8d', 'pv_farm', 19.94, 41.86, -77.15),
  ('334fb2bd-c807-4416-5392-2592b70e774c', 'pv_farm', 16.71, 35.82, -70.81),
  ('9bff895d-82a5-414a-e97f-631d46954de3', 'load', 30.05, 44.99, -69.44),
  ('6fdd0f2a-cea1-46ac-4fb4-a756795cd876', 'ev_charger', 15.19, 47.18, -112.63),
  ('1986ea72-686e-4dc8-ceb9-b1b0165e731c', 'load', 25.43, 46.34, -118.6),
  ('4596a02f-c016-48f8-fe37-d65094ad6dc8', 'load', 13.17, 39.77, -83.15),
  ('af9e2c36-6c49-41bf-20be-738c8b2ba782', 'load', 18.12, 38.63, -94.17),
  ('73500a9f-941b-49f9-2875-d5eedc244756', 'load', 31.89, 38.01, -117.65),
  ('73c26340-078f-456d-cb6f-dc8790f90104', 'load', 24.34, 41.66, -105.82),
  ('7035ce95-6460-4166-a31c-d0ab5d0818b8', 'load', 32.57, 36.05, -113.31),
  ('1ac96c65-7759-4934-a01c-8d07b5765371', 'load', 17.77, 43.45, -103.16),
  ('45ca3ea9-76c6-43c3-b817-984def14c867', 'load', 27.36, 35.86, -109.57),
  ('ca9e40a0-7665-4fc6-78e2-3d71c3cbc9b8', 'load', 17.91, 38.47, -121.76),
  ('09289e5e-8ecf-41ee-89e9-c48db72f6e0d', 'load', 31.31, 46.95, -116.51),
  ('12cbde25-78a4-4c8f-3eea-f3c7e60cca59', 'ev_charger', 20.48, 44.15, -111.59),
  ('ba3b5fe3-c32d-4aca-7ef8-da869f486981', 'load', 32.85, 45.47, -73.67),
  ('8d26135c-034d-42b2-b16e-a1bc0e04c652', 'load', 15.35, 41.26, -93.47),
  ('075bdc4c-184d-475a-b1c5-5ddbb28ce272', 'load', 20.89, 47.18, -82.86),
  ('b2e8149c-f0c2-4cb8-3216-d9e1c7fe97e8', 'load', 24.36, 36.16, -76.14),
  ('550ec54e-93dc-4086-4e0d-767915a0ff52', 'pv_farm', 33.25, 43.19, -68.17),
  ('b04ef126-45cd-4c02-8e12-af91fb8ab666', 'ev_charger', 29.72, 44.89, -88.27),
  ('a34a0632-edaa-4869-65ea-b9cd7c95cd6f', 'ev_charger', 31.25, 40.2, -74.24),
  ('ce101fe0-1e38-4070-c20a-a34db068a062', 'load', 34.94, 37.71, -119.87),
  ('f1a40468-bf77-42ea-be70-65945dd5ff73', 'load', 20.76, 45.69, -104.87),
  ('ce634080-069e-4afa-8e33-e051e810bc72', 'load', 30.07, 43.13, -88.48),
  ('4573547d-40d5-4597-dfeb-73f2afa79425', 'substation', 12.1, 45.75, -86.59),
  ('ee3790f1-8ddb-4ee3-ae66-89126f3e4455', 'load', 26.52, 41.61, -114.55),
  ('cb5835c2-aac8-4f43-6890-afceb3d2c399', 'load', 34.06, 41.33, -97.22),
  ('f6e10cb3-69a1-41f4-7db9-f7f77fa8fdbf', 'substation', 31.22, 43.29, -106.7),
  ('e8a7fc96-c816-42a6-b156-7dbd55649cfc', 'load', 33.37, 45.48, -65.54),
  ('6fbfd8c8-3f65-4ac3-0afa-04b607d77a22', 'load', 24.12, 44.8, -76.79),
  ('fa05ff5f-91f3-4fbd-3b0d-ddf9a4cd6633', 'load', 15.54, 40.98, -116.76),
  ('9e51462a-b84b-4c21-6d1e-8adc63aea3f7', 'load', 32.37, 42.02, -100.92),
  ('264b44a0-04c2-4d80-c997-90c1dfb5ded4', 'load', 24.41, 42.01, -73.79),
  ('db2afff0-1393-4ba8-5298-e1da883374a5', 'load', 19.94, 47.8, -114.16),
  ('db172d92-dce7-43c5-6599-bf1028ff13be', 'load', 10.72, 39.92, -105.71),
  ('d6866b81-c397-4e08-103e-88b35269cddb', 'load', 18.3, 46.28, -114.92),
  ('c6ffa51c-cfb7-42cb-6893-078527906ca8', 'load', 29.81, 36.98, -102.75),
  ('c805e881-2dee-4b67-89db-fbc01b35b283', 'load', 24.06, 37.08, -119.78),
  ('8a9d7a4c-0113-4dc1-22e9-ed5c28bf09ba', 'load', 12.64, 43.71, -106.31),
  ('d027fa18-ccd3-4601-2021-03de993f0295', 'load', 11.32, 37.72, -75.78),
  ('4e1f1b95-5362-421e-dacd-f1a4c4ec2f32', 'substation', 29.76, 41.83, -102.71),
  ('b4aa5724-97f0-4abf-9646-4f47735834b4', 'load', 34.25, 46.63, -87.57),
  ('71ab05b9-8810-4a8b-f2b6-02f766a5a207', 'load', 15.41, 43.07, -111.4),
  ('41a0b5e3-8b20-4d7f-b9fa-d46dc19fbc41', 'load', 20.37, 40.74, -104.78),
  ('4673fed6-a423-4441-f46f-377976c70561', 'pv_farm', 32.27, 35.12, -81.96),
  ('802f4589-3f04-4afb-abbf-b46d2d1b2fbe', 'load', 11.45, 45.77, -121.42),
  ('604eceb6-b1d6-4068-d794-4398da1d06bb', 'load', 31.91, 43.75, -118.87),
  ('f331f15d-e1f7-40c6-3c79-dc652f5053db', 'substation', 11.7, 46.43, -83.14),
  ('4b3dd700-f783-40fd-a6a4-e14d8f4d888a', 'load', 18.9, 41.21, -83.01),
  ('a81ea233-fc18-4455-7a0c-9de1640e163e', 'load', 26.22, 45.35, -96.7),
  ('71ec7da0-cfaa-46a1-c5ff-ddcdd7ae810b', 'load', 22.95, 42.76, -79.33),
  ('64ced6fb-a565-4321-2a9b-28f264dade91', 'ev_charger', 34.61, 41.02, -105.13),
  ('ba9bee13-f251-4646-85e9-39fee105bfab', 'load', 23.02, 37.83, -89.46),
  ('a6b419aa-7cf6-4673-b19f-df5460ed0a45', 'load', 26.37, 45.06, -115.85),
  ('8b65466b-509f-41ef-c1cf-579710113541', 'load', 31.4, 43.4, -86.11),
  ('ca27da15-ad95-4636-e954-ad76e408b14d', 'load', 22.99, 40.15, -101.32),
  ('82a80699-4b80-4e66-19ea-8abf9c1a5751', 'ev_charger', 14.12, 42.18, -114.08),
  ('34ddd28d-be94-4a55-8772-6249c8109581', 'load', 21.78, 35.93, -104),
  ('a367328d-7b66-44d8-34da-33616d503a54', 'load', 16.79, 36.52, -105.35),
  ('4d4146cf-c6c7-4bbc-67a2-b935930cf915', 'load', 26.25, 44.33, -120.69),
  ('352595d1-d8b0-49ad-96ac-c54adc27d41c', 'load', 30.67, 43.91, -88.26),
  ('c784ab1c-c4d8-4b04-1b78-74a75cd106da', 'load', 20.19, 36.73, -96.51),
  ('e1fee132-87cd-47de-c922-4bf060be6a62', 'load', 21.24, 42.09, -75.41),
  ('80d9302b-8fb5-4c20-2c69-1ffe575259c5', 'load', 13.89, 37.45, -93.79),
  ('2473e6f9-b68e-4d78-cbd1-f4f4565b447e', 'load', 26.57, 36.46, -88.44),
  ('63fe81e9-657f-4258-d0a0-7bbae0b88912', 'load', 29.93, 39.95, -94.17),
  ('d75691fb-b3cc-4337-cb48-8ada9283eb76', 'load', 12.62, 46.39, -90.95),
  ('cce3cad7-ffeb-48ac-a78a-838a650974e0', 'load', 15.56, 36.56, -118.96),
  ('ac9b89ec-ea1a-4907-4f1c-58b98accb2bd', 'load', 28.62, 38.11, -91.87),
  ('3cec9781-ac09-4f1b-9d3b-7d3e05b6ec1c', 'load', 17.88, 47.85, -105.93),
  ('40354df2-c914-4d34-64b2-345a5b65f605', 'pv_farm', 31.64, 47.87, -124.18),
  ('2fa5f007-7638-4a74-952e-1137bb36ff4c', 'load', 22.5, 44.86, -116.51),
  ('3d7f668d-a35c-42dd-4b77-aaf799885916', 'pv_farm', 20.59, 46.04, -82.1),
  ('ad40a429-8685-40e2-4406-02c43734fc4f', 'substation', 21.41, 44.19, -68.03),
  ('1735296e-de83-436f-3b8a-f239636ffac7', 'load', 13.44, 37.23, -81.5),
  ('1208105c-29ba-4c80-20f0-74215d4057b4', 'load', 10.06, 43.28, -80.66),
  ('b72a622b-c216-46b3-984b-92859732fd08', 'ev_charger', 27.49, 47.74, -99.26),
  ('fc72664e-4445-4fd1-fb73-8858ecdc6cde', 'substation', 20.49, 41.12, -99.38),
  ('91b5717a-0f5b-412b-c535-f458e554b7c6', 'load', 29.87, 36.74, -82.74),
  ('70bee22c-67b2-4230-b648-02b52853ef73', 'load', 32.95, 44.48, -68.19),
  ('40f30b2d-33a6-4ae8-83bf-a3f600971f58', 'ev_charger', 18.76, 46.6, -69.72),
  ('1f413b94-5f8b-45f3-ac59-431e7a9849ac', 'load', 18.98, 36.12, -100.74),
  ('4a22d06e-0efd-46fb-f8d4-93b8a08dfd3d', 'load', 30.27, 40.12, -78.43),
  ('20b36ebb-b5a0-4c17-0536-4c77551daa76', 'pv_farm', 21.37, 42.45, -66.66),
  ('d7e094cb-7baf-4ead-fa85-e6c9d2c0894b', 'ev_charger', 12.65, 37.55, -76.77),
  ('f2893289-2e38-439f-4113-7656fa6c48d6', 'load', 10.94, 45.26, -110.79),
  ('7d2ab063-61f3-405b-8f5b-5e74721cb0bc', 'load', 10.43, 43.91, -86.97),
  ('06f9edce-e9d2-4659-1c75-452abef6fafc', 'substation', 16.96, 41.01, -74.91),
  ('fab255d2-e97f-4a8e-59c5-d991d51fcd70', 'substation', 31.66, 42.9, -76.58);

INSERT INTO "buses" ("id", "bus_type", "nominal_voltage_kv", "latitude", "longitude") VALUES
  ('81b1e001-896b-49a2-4609-d08c63b8b88f', 'pv_farm', 27.39, 47.57, -77.87),
  ('a36fc58c-8719-4a8d-a659-a353c1830c6d', 'load', 31.57, 41.48, -119.03),
  ('b4b4ea20-12e3-4a61-be64-db4df8c1c038', 'pv_farm', 33.56, 38.61, -85.58),
  ('771419c5-4e80-4640-65b9-0c068e70806e', 'load', 17.35, 44.75, -88.63),
  ('76b80635-0f43-400c-1f94-b35c1e14d054', 'load', 31.86, 41.69, -74.52),
  ('14b5af26-af86-4585-902a-29888b73dc6b', 'load', 17.29, 40.69, -114.42),
  ('c9bb063c-1dce-4d0a-f698-978bcdd92452', 'pv_farm', 18.78, 35.43, -105.26),
  ('2a5c73b8-8580-4fc5-331c-b6368c7752dd', 'load', 30.27, 40.3, -86.27),
  ('5c4cba53-6b04-4cb7-af79-34f7fb48a5a5', 'pv_farm', 21.16, 46.22, -81.43),
  ('9bb67cc9-7f08-4263-f5fb-708dfe7e110c', 'load', 13.89, 37.47, -108.23),
  ('ee3edc4b-59e8-48cc-04bf-affc05234bf1', 'ev_charger', 16.36, 39.11, -110.07),
  ('8121649d-1811-45f0-99bb-15b174b1cf6d', 'load', 29.78, 43.04, -101.35),
  ('78cb2ecf-ef18-4047-8fbc-aaf64d108ac1', 'pv_farm', 18.71, 43.94, -120.42),
  ('d9b27326-3fa8-4300-c775-8efb8d06fb02', 'load', 22.87, 37.69, -89.37),
  ('abef7b95-11e6-4012-8463-e0b0fadce8cd', 'load', 31.61, 43.11, -114.6),
  ('43c6688d-3f3a-49bb-1d10-96d3a7963194', 'load', 34, 44.25, -104.5),
  ('00c814bc-ba96-4c20-93cf-0b6f505abec1', 'load', 22.73, 38.36, -82.04),
  ('92551dab-a3b0-4fb3-69b1-8d4c30a890cd', 'load', 10.27, 46.7, -77.04),
  ('a199a9fc-f33f-4174-df7e-6d58a5d62494', 'load', 24.84, 35.13, -123.81),
  ('f47eef0e-3397-499f-224c-6584ce3b618b', 'load', 21.19, 40.87, -123.43),
  ('00d7183b-a0f7-4a37-2e3d-b0becc4f2575', 'load', 23.99, 38.13, -84.61),
  ('2b7a4108-2166-4765-2722-3e705b2661ce', 'substation', 32.76, 42.51, -116.25),
  ('50618224-78fa-46a6-9c95-5448664461df', 'load', 16.83, 35.86, -102.27),
  ('6795a17a-164e-4381-82f5-a811d96072eb', 'load', 28.87, 42.44, -114.34),
  ('7d2e7589-ba94-427d-c4de-93a2ebcbafb6', 'load', 34.12, 47.71, -70.97),
  ('678f250c-1790-4589-cfd5-cc02f968a94a', 'load', 32.85, 40.97, -99.48),
  ('5a9a49d5-a838-4d4c-6a1e-2baae92da564', 'load', 34.3, 45.25, -82.67),
  ('37872889-bd49-41df-376d-e07574494a95', 'load', 30.97, 36.68, -122.61),
  ('f476bb9f-7fc1-4d5d-ac93-05a64ae21f3c', 'load', 20.32, 46.12, -116.45),
  ('d4a59dd9-472a-49fb-a220-c7efedd729b3', 'pv_farm', 20.13, 39.21, -89.1),
  ('20dc5e89-3383-4e9b-ad83-e0b1542a1d26', 'load', 13.71, 37.72, -77.72),
  ('e325e604-1c2a-4dcd-62ae-4ed39de110a2', 'load', 28.53, 46.35, -124.87),
  ('5b01e154-ff88-463d-25c9-25a11d450078', 'pv_farm', 25.87, 46.99, -117.09),
  ('679f7b82-f364-4b0b-86e1-ea98ba21e819', 'pv_farm', 23.01, 35.74, -83.34),
  ('148bdfda-33be-4dc0-094b-dbac778cc6a1', 'load', 32.15, 36.28, -72.96),
  ('ff12de8a-3e05-4c7c-1f75-2782f5132d17', 'load', 17.44, 37.84, -66.82),
  ('1de31a99-cf89-41fb-8b76-792a9cae44f7', 'load', 17.66, 41.48, -79.19),
  ('c5fb2703-5069-4f06-66ee-a8ab4b0b9342', 'load', 12.2, 40.17, -87.9),
  ('21b497d6-f593-4c3d-4e8d-bb611ae5afdd', 'substation', 22.05, 37.11, -116.56),
  ('4028e5e4-babd-4ede-ba74-fce0f867c553', 'pv_farm', 27.09, 38.18, -66.88),
  ('88fd3bfb-bd7a-48e2-37b5-abc14f057386', 'load', 25.23, 41.42, -79.2),
  ('856f518e-70d8-499d-57a4-f1fad18cca0c', 'substation', 16.36, 42.9, -116.22),
  ('3120c270-d6bd-451b-6d98-e80d7575d570', 'ev_charger', 26.64, 41.4, -68.27),
  ('c8d8dce5-b146-4e31-4dec-c14c86c161e8', 'load', 11.01, 37.79, -81.26),
  ('cb349b0f-bd4a-4fab-dc6c-3414b01c87f8', 'load', 12.48, 46.18, -66.15),
  ('ceaa54cf-f49c-4f93-17ac-c5d8cb64d409', 'load', 22.93, 43.82, -121.82),
  ('d0914eb2-259d-486a-ec8a-d120b834855a', 'substation', 17.42, 45.21, -66.25),
  ('94336018-ae9a-49ba-1ca1-1bba5ffec155', 'load', 25.04, 35.01, -90.89),
  ('e6299f61-e47d-49f7-1506-18f2f7f2d1c1', 'load', 22.12, 39.74, -73.71),
  ('fb0407ff-c752-4983-7066-b611d013d0ca', 'load', 34.71, 47.83, -117.15),
  ('a1aa51af-2aa7-4062-fff6-60a11b40c222', 'load', 30.2, 37.88, -96.51),
  ('c12daeee-a57a-4b2c-5d56-1ddf19a7d3c3', 'load', 14.21, 44.42, -85.89),
  ('859e521c-0682-43ea-d2a9-f6b473136a80', 'pv_farm', 33.27, 41.81, -122),
  ('530152ea-25f6-4cfb-02a7-3ca31552b60a', 'load', 29.13, 36.74, -81.44),
  ('53e8b495-2dfa-4be8-6d94-bd8666e31c49', 'substation', 31.59, 36.74, -97.3),
  ('794896bb-343a-4083-1a91-0869008c1b60', 'load', 34.97, 41.27, -109.75),
  ('c974cb40-f612-4d84-85e9-fa03890aacf7', 'pv_farm', 13.31, 37.45, -71.82),
  ('8582a6e1-e6b5-4d4d-7436-00fbb4545322', 'ev_charger', 18.65, 45.73, -90.74),
  ('fb16a40c-4c85-4f1f-14eb-1721034c1feb', 'load', 34.38, 39.99, -107.38),
  ('fb7268c5-075b-4fda-f140-67a998da3205', 'load', 14.8, 40.46, -94.84),
  ('657351cd-dfd0-48fc-b1ef-ce364ce8c934', 'load', 34.61, 37.84, -104.83),
  ('109ecfb1-9f2f-4eba-abf8-f4ffd7f3ed9c', 'load', 29.49, 46.39, -71.9),
  ('2613380a-749a-4f9a-4552-13859c010d01', 'load', 21.59, 46.78, -117.9),
  ('103f485b-5e3b-4f13-9697-5136dfa4e55a', 'load', 25.96, 37.65, -101.62),
  ('40fda04c-b2c1-4aa2-1653-43eadb60fcf0', 'pv_farm', 12.5, 35.9, -114.98),
  ('30df2fc6-70ea-463e-3f80-96188003208e', 'load', 25.7, 40.31, -111.9),
  ('583361cd-3714-44e9-e83c-cc4999b8cbb9', 'load', 26.68, 42.17, -85.25),
  ('e4007314-15e6-4474-81e2-6551ea774f54', 'load', 34.05, 36.41, -104.07),
  ('ca92f1a8-f058-42b3-405f-2661a348d231', 'pv_farm', 18.88, 46.27, -108.97),
  ('41f75696-0ad0-4573-32ae-f7bb1a804ef8', 'substation', 15.47, 46.04, -94.27),
  ('4a80e26f-d3d6-4491-93d0-63eb95e2b908', 'load', 13.84, 44.52, -84.34),
  ('8da82726-a4b4-400f-4605-e4de92cac2ca', 'substation', 16.92, 38.57, -93.26),
  ('db8028f3-95a9-495c-a1f2-2eb3a2c668ac', 'load', 19.98, 36.99, -74.82),
  ('abcd64d5-6f98-4c3d-c93a-72b6023bf22b', 'pv_farm', 22.58, 44.7, -79.57),
  ('700ccf30-136f-4d74-592f-24cb05e483a8', 'load', 27.77, 42.28, -83.6),
  ('ccb1c75c-ed89-46bc-2331-0ea82a375dd6', 'pv_farm', 22.22, 46.72, -100.3),
  ('dc3c225f-0d75-407f-4e26-1e7e763031e2', 'load', 34.05, 36.56, -69.19),
  ('e1759e8d-fbba-48cb-0931-42750e2b5dae', 'load', 33.71, 35.92, -122.69),
  ('7523fd2f-65fc-4936-8b36-f3e0866089a6', 'load', 21.44, 45.21, -77.73),
  ('e5eb040a-b89e-48fc-9190-926b6cf263a3', 'pv_farm', 28.91, 37.51, -115.5),
  ('c8ed9399-64f1-4539-c273-2deaa92baac7', 'ev_charger', 16.8, 47.47, -94.76),
  ('f66e81d2-a7de-40bd-b6e9-726b94312ff4', 'load', 33.01, 40.52, -78.35),
  ('9e45ca98-7816-415c-e61f-c3052fe0d227', 'pv_farm', 17.85, 39.01, -118.61),
  ('31ec330b-a214-4f47-8057-253ef9f06ad2', 'pv_farm', 33.58, 47.51, -91.17),
  ('02dcb876-fafb-4242-3c00-33a896d3e94c', 'load', 28.77, 47.85, -105.48),
  ('e0c837d8-6a54-4a62-91df-bb5357665bef', 'pv_farm', 31.34, 47.37, -121.8),
  ('5bc0eb8c-3161-4c87-80b7-00e9fc2e22c2', 'substation', 33.24, 43.46, -65.9),
  ('cf5e5d17-01f8-4bb0-638a-156c854cfdec', 'load', 17.96, 45.54, -109.19),
  ('8b8139b2-c606-406b-e45b-ef0f2db26a01', 'load', 12.61, 40.82, -84.09),
  ('e94624c2-ba46-48f5-177c-23ed488c72d4', 'pv_farm', 20.97, 44.06, -69.71),
  ('3dda591f-acf0-44e3-87fa-485360fd03c2', 'load', 17.01, 42.59, -66.87),
  ('43f945f5-faba-432c-04c9-18758ec668ad', 'load', 10.72, 37.77, -100.5),
  ('25b372f5-f5a5-4df7-6829-f86253522dd4', 'pv_farm', 34.46, 41.84, -89.57),
  ('6ce757ef-2cee-4012-5694-10961292cbc0', 'load', 12.58, 40.17, -88.22),
  ('3c32ab97-4c2d-4ad6-804c-510df29efa32', 'load', 12.15, 45.65, -116.26),
  ('2b7b1f1b-e9a5-408a-7130-9715d3c5dd9a', 'load', 26.82, 46.14, -115.65),
  ('f42f4343-d17b-4f16-9399-a7e7489b2a1c', 'load', 27.02, 47.88, -72.26),
  ('5e669f9f-507a-49e3-d954-467480dfff87', 'load', 26.83, 44.87, -107.6),
  ('c95bab6f-d343-4cc4-ae59-6e32b5bc3b25', 'ev_charger', 34.96, 43.64, -68.65),
  ('2c1e48ac-4ccc-4769-cb85-c1eaea7a8616', 'load', 22, 43.98, -72.87);

INSERT INTO "buses" ("id", "bus_type", "nominal_voltage_kv", "latitude", "longitude") VALUES
  ('ebed83a1-4355-4254-bf31-1302143a7172', 'substation', 25.21, 44.05, -115.11),
  ('33861778-bf4c-4800-3383-5333c31e64da', 'load', 10.29, 47.2, -110.56),
  ('46eb30f9-1384-402e-2c4c-6f80f26ab6c4', 'load', 13.26, 37.24, -77.49),
  ('2cc59387-bfa7-40f8-a00e-8b3da9c6e108', 'load', 28.49, 46.1, -114.75),
  ('fa39b9e7-1fd4-4981-107a-7e8ffe6a43aa', 'load', 26.18, 42.95, -85.8),
  ('7ab8f261-6277-47e9-b475-f4c219c0b6a6', 'load', 27.19, 37.12, -93.63),
  ('886e643c-d7b3-4799-fc77-f5c05cda469c', 'load', 20.71, 47.18, -101.51),
  ('4932fc79-5e80-4cee-d77c-a016d63a213f', 'load', 23.1, 46.71, -106.71),
  ('07bb8443-56d9-4954-4453-49663c4fd759', 'ev_charger', 13.85, 36.75, -65.82),
  ('b0264dc2-27bd-4b63-2a51-d0f588fed9ab', 'load', 25.34, 41.58, -111.23),
  ('4702212b-2a4c-4396-5122-4c3ce45f68fc', 'load', 13.72, 39.71, -101.96),
  ('c8df706c-78ff-4785-b54f-167cd054c3cd', 'load', 14.76, 43.2, -117.66),
  ('bb042f35-4fa0-4a33-53c5-568f4c84bcdd', 'load', 29.63, 47.98, -99.15),
  ('ffe07583-4014-4ac5-59cc-f9352b1a7358', 'load', 12.14, 42.46, -122.76),
  ('13babfad-5b2f-41ea-a99f-6273eef69659', 'pv_farm', 11.35, 45.7, -112.23),
  ('43a97fbd-23f3-4896-611c-e0047d3bd173', 'substation', 28.04, 40.02, -86.69),
  ('6917c7ed-f59a-4665-50b2-089ea716c6b3', 'load', 34.29, 37.77, -92.29),
  ('8f0236c4-6731-4c0c-e068-8db4f096b8e7', 'ev_charger', 11.67, 38.17, -102.39),
  ('1af3f782-abbf-427b-8df0-0a3a20e8aad6', 'load', 28.36, 37.44, -119.81),
  ('b3478782-d2c5-4abf-c651-381fa8080a13', 'load', 10.61, 47.27, -72.53),
  ('3ef2ebd3-1cb0-4dba-e92d-f732b66efe27', 'load', 16.91, 44.94, -92.5);

-- lines: 111 rows
INSERT INTO "lines" ("id", "from_bus_id", "to_bus_id", "length_km", "r_ohm", "x_ohm", "c0_nf_per_km", "c1_nf_per_km") VALUES
  ('69c740e1-2bab-46b6-a56e-a1b991ab89b5', 'a34a0632-edaa-4869-65ea-b9cd7c95cd6f', 'cfb1652b-c80c-4a60-34b5-898d9a5629ef', 24.92, 2.59, 6.99, 0.01, 0.01),
  ('9f87335d-d40f-44bb-e481-94d310eaa62d', 'ccb1c75c-ed89-46bc-2331-0ea82a375dd6', 'd4a59dd9-472a-49fb-a220-c7efedd729b3', 19.06, 3.22, 10.23, 0.01, 0.01),
  ('7af1fb3c-1e17-43c4-f849-5ea33e2cc2d9', '2c1e48ac-4ccc-4769-cb85-c1eaea7a8616', '4d4146cf-c6c7-4bbc-67a2-b935930cf915', 5.21, 2.88, 9.5, 0, 0.01),
  ('bff86c9e-d25f-4d13-bfa0-35de1f8da4aa', 'ac9b89ec-ea1a-4907-4f1c-58b98accb2bd', '886e643c-d7b3-4799-fc77-f5c05cda469c', 17.54, 1.9, 9.38, 0.01, 0.02),
  ('9f63c0e0-6ef5-497c-a8b1-2dd371cea8fc', '4b3dd700-f783-40fd-a6a4-e14d8f4d888a', '8582a6e1-e6b5-4d4d-7436-00fbb4545322', 15.57, 1.34, 10.42, 0.01, 0.01),
  ('f0d93daf-00c4-4292-29aa-26a42845e14c', 'b0264dc2-27bd-4b63-2a51-d0f588fed9ab', '4932fc79-5e80-4cee-d77c-a016d63a213f', 17.29, 0.61, 5.32, 0.01, 0.02),
  ('73da593b-dd28-499c-1442-7156c1a45400', '2c1e48ac-4ccc-4769-cb85-c1eaea7a8616', '109ecfb1-9f2f-4eba-abf8-f4ffd7f3ed9c', 29.43, 2.74, 2.87, 0.01, 0.01),
  ('9293ac40-c3e9-4946-bd11-7e85c1e567c0', 'c805e881-2dee-4b67-89db-fbc01b35b283', '264b44a0-04c2-4d80-c997-90c1dfb5ded4', 17.69, 3.4, 1.85, 0.01, 0.01),
  ('91c5d2f4-b8b1-422a-099c-db3dbb742c3b', '1de31a99-cf89-41fb-8b76-792a9cae44f7', '1ac96c65-7759-4934-a01c-8d07b5765371', 22.24, 1.29, 0.52, 0.01, 0.01),
  ('3dc88fec-b0d4-42ef-ce85-2ea575b5b053', '352595d1-d8b0-49ad-96ac-c54adc27d41c', '36c46003-c38f-4329-e232-b597f8b3c5fa', 19.01, 0.59, 4.69, 0, 0.01),
  ('5e9bc51b-cc05-426e-0aa3-c409c135f402', '109ecfb1-9f2f-4eba-abf8-f4ffd7f3ed9c', 'e325e604-1c2a-4dcd-62ae-4ed39de110a2', 8.11, 1.26, 9.66, 0.01, 0.01),
  ('f768a3d3-262b-44d2-a909-ece1b3081802', '33861778-bf4c-4800-3383-5333c31e64da', '31ec330b-a214-4f47-8057-253ef9f06ad2', 29.52, 0.7, 7.05, 0.01, 0.01),
  ('8b6cd7de-fd3d-48fe-37b3-ad67e75a2dda', 'abcd64d5-6f98-4c3d-c93a-72b6023bf22b', '2613380a-749a-4f9a-4552-13859c010d01', 15.83, 0.69, 2.73, 0.01, 0.02),
  ('ddfa1477-120e-4cc6-690e-e48c8123aefb', 'c805e881-2dee-4b67-89db-fbc01b35b283', '7d2e7589-ba94-427d-c4de-93a2ebcbafb6', 16.13, 2.64, 0.77, 0.01, 0.02),
  ('95e39adc-07a4-411b-60ae-35e0d6183f41', 'f42f4343-d17b-4f16-9399-a7e7489b2a1c', 'cb349b0f-bd4a-4fab-dc6c-3414b01c87f8', 15.3, 0.99, 8.14, 0.01, 0.01),
  ('69889ab1-49b8-4b76-8110-983bea9aad11', '2473e6f9-b68e-4d78-cbd1-f4f4565b447e', '45ca3ea9-76c6-43c3-b817-984def14c867', 27.56, 2.75, 3.23, 0.01, 0.01),
  ('2dff58ce-c614-4f2b-c482-abd45c2e70b3', '530152ea-25f6-4cfb-02a7-3ca31552b60a', '33861778-bf4c-4800-3383-5333c31e64da', 8.41, 0.6, 2.64, 0.01, 0.01),
  ('3761cbf1-9e07-4ede-0288-6cb834c3b66e', '264b44a0-04c2-4d80-c997-90c1dfb5ded4', '5bc0eb8c-3161-4c87-80b7-00e9fc2e22c2', 9.12, 2.2, 7.86, 0.01, 0.01),
  ('5a46ccfb-2fbd-43a3-3c37-d7a8d18b5f22', 'db2afff0-1393-4ba8-5298-e1da883374a5', '8b8139b2-c606-406b-e45b-ef0f2db26a01', 8.6, 1.3, 4.82, 0.01, 0.01),
  ('87c6bd44-5161-4071-ba0c-920558a91e92', 'ca27da15-ad95-4636-e954-ad76e408b14d', '4a22d06e-0efd-46fb-f8d4-93b8a08dfd3d', 24.81, 0.4, 8.12, 0, 0.01),
  ('6dafca6e-0cd6-42e2-bee1-21d022abcc0c', 'ed560572-209a-44de-c2d2-8d14493ef88b', 'f331f15d-e1f7-40c6-3c79-dc652f5053db', 25.31, 0.16, 1.44, 0.01, 0.01),
  ('b9ccb928-0ebf-4b20-ee8b-5567dfc75a6d', '00c814bc-ba96-4c20-93cf-0b6f505abec1', '2b7a4108-2166-4765-2722-3e705b2661ce', 9.95, 0.78, 6.84, 0.01, 0.02),
  ('4e630c90-d362-4fe8-b8d3-2b83b63d1804', '30df2fc6-70ea-463e-3f80-96188003208e', '5b01e154-ff88-463d-25c9-25a11d450078', 22.9, 1.72, 4.93, 0.01, 0.01),
  ('a2d08532-ddac-4e12-a3ee-f995bd11c22f', '109ecfb1-9f2f-4eba-abf8-f4ffd7f3ed9c', 'c8ed9399-64f1-4539-c273-2deaa92baac7', 23.22, 2.46, 4.53, 0.01, 0.02),
  ('910555e6-6bff-48df-c64a-dff5209b2451', '6795a17a-164e-4381-82f5-a811d96072eb', 'a367328d-7b66-44d8-34da-33616d503a54', 3.72, 0.97, 6.17, 0.01, 0.01),
  ('3a1ffd1a-a970-42b5-caa4-e0fb92f0a7e7', '92551dab-a3b0-4fb3-69b1-8d4c30a890cd', '37872889-bd49-41df-376d-e07574494a95', 7.65, 1.89, 10.46, 0.01, 0.01),
  ('2d9b5dc1-87c5-46ec-1972-ebfe68508d82', '4e1f1b95-5362-421e-dacd-f1a4c4ec2f32', 'a36fc58c-8719-4a8d-a659-a353c1830c6d', 16.13, 0.94, 7.9, 0.01, 0.02),
  ('90fb23b7-10e4-4392-e296-dc2c9eb0307c', '2b7b1f1b-e9a5-408a-7130-9715d3c5dd9a', 'af9e2c36-6c49-41bf-20be-738c8b2ba782', 25.06, 0.94, 1.33, 0.01, 0.01),
  ('68121316-b34d-4c29-29bd-6e67d523ca7d', 'c5fb2703-5069-4f06-66ee-a8ab4b0b9342', '802f4589-3f04-4afb-abbf-b46d2d1b2fbe', 1.84, 1.53, 8.32, 0.01, 0.01),
  ('730f8942-8b4a-447c-7925-dc71ac36fc86', 'c95bab6f-d343-4cc4-ae59-6e32b5bc3b25', 'c8df706c-78ff-4785-b54f-167cd054c3cd', 24.94, 2.64, 8.82, 0.01, 0.01),
  ('a0081f05-87b1-4e2b-a31a-8a9f2a97211c', 'f47eef0e-3397-499f-224c-6584ce3b618b', '09289e5e-8ecf-41ee-89e9-c48db72f6e0d', 18.44, 3.05, 2.34, 0.01, 0.02),
  ('0314d822-8255-4f38-05bb-038c357e9cba', '700ccf30-136f-4d74-592f-24cb05e483a8', 'db2afff0-1393-4ba8-5298-e1da883374a5', 27.96, 3.52, 6.7, 0.01, 0.01),
  ('2d04cde1-359e-49e7-5848-eddedf32a557', '4a80e26f-d3d6-4491-93d0-63eb95e2b908', '352595d1-d8b0-49ad-96ac-c54adc27d41c', 6.04, 0.42, 8.93, 0.01, 0.01),
  ('8e40b444-6a9d-4ea1-d7ee-79383e0a1af6', '4e1f1b95-5362-421e-dacd-f1a4c4ec2f32', 'db172d92-dce7-43c5-6599-bf1028ff13be', 5.92, 3.04, 0.74, 0.01, 0.01),
  ('e5e66925-d2cf-4d02-758c-5fd13e97f8dc', '78cb2ecf-ef18-4047-8fbc-aaf64d108ac1', '1986ea72-686e-4dc8-ceb9-b1b0165e731c', 5.42, 1.52, 1.48, 0.01, 0.01),
  ('9cee72b1-d61d-49ae-07c2-a86283895feb', '41f75696-0ad0-4573-32ae-f7bb1a804ef8', 'cb5835c2-aac8-4f43-6890-afceb3d2c399', 14.49, 1.18, 9.61, 0.01, 0.01),
  ('af6015d5-c92a-4e2c-2172-90a66e23fb15', 'd4a59dd9-472a-49fb-a220-c7efedd729b3', '3dda591f-acf0-44e3-87fa-485360fd03c2', 14.87, 1.29, 7.99, 0.01, 0.01),
  ('d5c47d8f-56d5-4b11-4f6a-f0924271b7f4', 'c6ffa51c-cfb7-42cb-6893-078527906ca8', 'fc03be6c-dd69-42c0-991c-4b5b57d6900f', 24.63, 0.59, 8.6, 0, 0.01),
  ('ed9b5ec9-21aa-445d-6f73-888fc475a38a', '25b372f5-f5a5-4df7-6829-f86253522dd4', 'b4aa5724-97f0-4abf-9646-4f47735834b4', 12.81, 1.56, 9.93, 0.01, 0.01),
  ('b88e54ff-bdb5-422c-fa12-21f0fcdf94cc', 'a199a9fc-f33f-4174-df7e-6d58a5d62494', 'dc3c225f-0d75-407f-4e26-1e7e763031e2', 6.59, 3.12, 4.82, 0.01, 0.02),
  ('d2e2c6b3-0f17-49c8-9228-8af3159b40d2', '4673fed6-a423-4441-f46f-377976c70561', '5c4cba53-6b04-4cb7-af79-34f7fb48a5a5', 20.05, 2.57, 9.09, 0, 0.02),
  ('7a1f74f3-58fb-4249-d042-0a36a8f809a8', '40fda04c-b2c1-4aa2-1653-43eadb60fcf0', '109ecfb1-9f2f-4eba-abf8-f4ffd7f3ed9c', 21.46, 2.63, 0.64, 0.01, 0.02),
  ('c9565396-e858-494c-6f55-f5ec776147ce', '40354df2-c914-4d34-64b2-345a5b65f605', '264b44a0-04c2-4d80-c997-90c1dfb5ded4', 4.18, 1.72, 8, 0.01, 0.01),
  ('f563e93e-bcc4-45c4-9090-3bc651280b22', '604eceb6-b1d6-4068-d794-4398da1d06bb', '264b44a0-04c2-4d80-c997-90c1dfb5ded4', 11.66, 1.77, 10.12, 0.01, 0.01),
  ('62cea629-6384-4255-b5aa-51527ee6dda9', '7ab8f261-6277-47e9-b475-f4c219c0b6a6', 'ad40a429-8685-40e2-4406-02c43734fc4f', 6.05, 0.68, 9.99, 0.01, 0.02),
  ('6d459dff-e2f5-41ca-b565-6555e1addb78', '4673fed6-a423-4441-f46f-377976c70561', '9bb67cc9-7f08-4263-f5fb-708dfe7e110c', 9.31, 0.92, 9.8, 0.01, 0.01),
  ('c1b20572-1ae3-4d98-5737-126cb4aa43bc', '1af3f782-abbf-427b-8df0-0a3a20e8aad6', '31ec330b-a214-4f47-8057-253ef9f06ad2', 22.83, 0.23, 4.69, 0.01, 0.01),
  ('77e83b45-7b1a-4c76-b14d-458dd8c14795', 'db172d92-dce7-43c5-6599-bf1028ff13be', '40f30b2d-33a6-4ae8-83bf-a3f600971f58', 1.48, 0.5, 9.07, 0.01, 0.01),
  ('71fdbaf1-175f-4cf3-e88b-640b5e977702', 'd6866b81-c397-4e08-103e-88b35269cddb', '2a5c73b8-8580-4fc5-331c-b6368c7752dd', 11.13, 3.16, 5.49, 0, 0.01),
  ('1b047a85-fe97-424f-91ce-ca85b20c6f28', '334fb2bd-c807-4416-5392-2592b70e774c', '1af3f782-abbf-427b-8df0-0a3a20e8aad6', 26.98, 0.78, 1.94, 0.01, 0.02),
  ('9419df5f-0111-4438-f22b-405a3122d473', 'c8df706c-78ff-4785-b54f-167cd054c3cd', 'd6866b81-c397-4e08-103e-88b35269cddb', 6.61, 2.73, 9.88, 0.01, 0.01),
  ('4f636c52-8377-4904-535d-ef20868fffa4', '334fb2bd-c807-4416-5392-2592b70e774c', '678f250c-1790-4589-cfd5-cc02f968a94a', 2.42, 3.18, 1.6, 0.01, 0.02),
  ('d0a96acf-ed10-4c39-77ca-a56744c7ef13', '4a22d06e-0efd-46fb-f8d4-93b8a08dfd3d', '8d26135c-034d-42b2-b16e-a1bc0e04c652', 14.96, 1.75, 9.02, 0.01, 0.01),
  ('5ae113e2-b6c1-4479-ee95-0d12176ad251', 'ebed83a1-4355-4254-bf31-1302143a7172', 'e4007314-15e6-4474-81e2-6551ea774f54', 10.48, 0.57, 6.93, 0.01, 0.01),
  ('06e5d328-489b-4763-8236-5ce087c4f18d', '80d9302b-8fb5-4c20-2c69-1ffe575259c5', 'ebed83a1-4355-4254-bf31-1302143a7172', 22.89, 3.1, 10.25, 0.01, 0.02),
  ('47a0bfd2-58a5-42ce-21c5-b19ffdb2c008', '4b3dd700-f783-40fd-a6a4-e14d8f4d888a', 'd75691fb-b3cc-4337-cb48-8ada9283eb76', 10.86, 1.09, 3.45, 0.01, 0.01),
  ('0e44f99d-ca40-4fef-2dc5-60eab2612391', '09289e5e-8ecf-41ee-89e9-c48db72f6e0d', 'ce634080-069e-4afa-8e33-e051e810bc72', 11.32, 1.63, 7.01, 0.01, 0.01),
  ('14b85edd-a09c-44ce-c76f-4b78f978c2fa', '2f4d08d7-78aa-47c9-ad7d-5a29dbe6aefb', '71ec7da0-cfaa-46a1-c5ff-ddcdd7ae810b', 25.68, 2.51, 10.02, 0, 0.01),
  ('1ad7a74f-047b-4d75-66df-98cf7f8b0e5b', '6fdd0f2a-cea1-46ac-4fb4-a756795cd876', '73500a9f-941b-49f9-2875-d5eedc244756', 2.99, 1.05, 2.91, 0.01, 0.01),
  ('059b5edf-a0cf-42c8-66f4-7d7d437464fb', '7523fd2f-65fc-4936-8b36-f3e0866089a6', '4a80e26f-d3d6-4491-93d0-63eb95e2b908', 25.16, 0.34, 1.75, 0.01, 0.01),
  ('98c9d2a3-336e-4604-f3b4-fabc71bd1e25', '13babfad-5b2f-41ea-a99f-6273eef69659', '82a80699-4b80-4e66-19ea-8abf9c1a5751', 18.41, 2.22, 6.47, 0.01, 0.02),
  ('8127db8a-b864-466f-fc3f-a6424bea6e03', '30df2fc6-70ea-463e-3f80-96188003208e', 'b3478782-d2c5-4abf-c651-381fa8080a13', 7.91, 1.95, 9.69, 0.01, 0.01),
  ('fde90211-bd5a-4988-c657-066f3eabab12', '31ec330b-a214-4f47-8057-253ef9f06ad2', '9bff895d-82a5-414a-e97f-631d46954de3', 5.37, 3.44, 9.6, 0.01, 0.02),
  ('1a3142e8-49d9-43a6-e1d1-a80f93a39eeb', '9bb67cc9-7f08-4263-f5fb-708dfe7e110c', 'a81ea233-fc18-4455-7a0c-9de1640e163e', 9.33, 2.43, 7.75, 0.01, 0.01),
  ('f45c9861-e25a-4269-a24c-8685894449b6', '73500a9f-941b-49f9-2875-d5eedc244756', 'ba3b5fe3-c32d-4aca-7ef8-da869f486981', 18.37, 2.88, 3.87, 0.01, 0.01),
  ('c4b2b8bd-30f4-4dba-2de9-412941abbafe', '5c4cba53-6b04-4cb7-af79-34f7fb48a5a5', 'fa05ff5f-91f3-4fbd-3b0d-ddf9a4cd6633', 11.37, 0.36, 0.84, 0.01, 0.01),
  ('839aa6d0-5ff5-4be0-a286-d12b41df50ca', 'ba3b5fe3-c32d-4aca-7ef8-da869f486981', 'f6e10cb3-69a1-41f4-7db9-f7f77fa8fdbf', 13.04, 3.53, 2.56, 0.01, 0.01),
  ('97bdc7f0-ea6c-484d-c5c3-a1ae60b072f9', 'f66e81d2-a7de-40bd-b6e9-726b94312ff4', 'c8d8dce5-b146-4e31-4dec-c14c86c161e8', 13.41, 0.75, 8.37, 0.01, 0.01),
  ('ff7539e9-9e64-481c-968d-926091ac3500', 'ad40a429-8685-40e2-4406-02c43734fc4f', '1735296e-de83-436f-3b8a-f239636ffac7', 11.92, 0.15, 6, 0.01, 0.02),
  ('03a2a087-f419-4d05-0ead-68c45ef36fe9', '6795a17a-164e-4381-82f5-a811d96072eb', 'a199a9fc-f33f-4174-df7e-6d58a5d62494', 11.75, 2.51, 9.99, 0.01, 0.02),
  ('af8e8882-eff4-477a-402b-aea979d86ee9', 'cb5835c2-aac8-4f43-6890-afceb3d2c399', 'b04ef126-45cd-4c02-8e12-af91fb8ab666', 10.09, 2.2, 3.32, 0.01, 0.01),
  ('5ff7775a-9c05-4ec2-b1d5-43a953b6fbce', 'ed560572-209a-44de-c2d2-8d14493ef88b', 'cfb1652b-c80c-4a60-34b5-898d9a5629ef', 17.82, 2.92, 5.06, 0.01, 0.02),
  ('d3dfdaaa-8854-455b-9aab-732103a24477', '5a9a49d5-a838-4d4c-6a1e-2baae92da564', 'a81ea233-fc18-4455-7a0c-9de1640e163e', 20.96, 1.61, 2.82, 0.01, 0.02),
  ('437202ca-af47-4004-14cb-0407ec3acdc7', 'ebed83a1-4355-4254-bf31-1302143a7172', '2fa5f007-7638-4a74-952e-1137bb36ff4c', 13.35, 2.54, 6.94, 0.01, 0.01),
  ('84143651-8e6c-40ab-4884-32243cb0f83c', 'fa05ff5f-91f3-4fbd-3b0d-ddf9a4cd6633', 'fc03be6c-dd69-42c0-991c-4b5b57d6900f', 16.2, 0.21, 7.53, 0, 0.02),
  ('77f09e93-236a-4aa2-4049-c3e028ed305c', '856f518e-70d8-499d-57a4-f1fad18cca0c', '43f945f5-faba-432c-04c9-18758ec668ad', 27, 3.46, 3.57, 0.01, 0.01),
  ('480bcb6d-b531-4b0e-541a-9d3a67d80d51', '14b5af26-af86-4585-902a-29888b73dc6b', '13babfad-5b2f-41ea-a99f-6273eef69659', 19.64, 0.72, 1.59, 0.01, 0.01),
  ('c88f5c71-1016-40c1-0950-c93718ad8cfe', 'f66e81d2-a7de-40bd-b6e9-726b94312ff4', 'ceaa54cf-f49c-4f93-17ac-c5d8cb64d409', 22.44, 0.83, 6.34, 0.01, 0.02),
  ('d50efcfb-a56b-49ed-6066-7a8e2ad87506', '4573547d-40d5-4597-dfeb-73f2afa79425', '7d2ab063-61f3-405b-8f5b-5e74721cb0bc', 17.95, 0.75, 7.5, 0.01, 0.01),
  ('8893c4b1-f4f0-4f01-4f26-bb6240d81aef', '20b36ebb-b5a0-4c17-0536-4c77551daa76', '771419c5-4e80-4640-65b9-0c068e70806e', 25.65, 2.9, 9.3, 0.01, 0.01),
  ('d5af739b-d395-4594-929f-02c0da1f45e6', 'ed560572-209a-44de-c2d2-8d14493ef88b', '6fbfd8c8-3f65-4ac3-0afa-04b607d77a22', 7.29, 2.16, 9.72, 0.01, 0.01),
  ('8b7bf4d1-c4f0-4618-6639-0583eca39fd3', 'fc03be6c-dd69-42c0-991c-4b5b57d6900f', 'c805e881-2dee-4b67-89db-fbc01b35b283', 19.37, 2, 6.84, 0.01, 0.01),
  ('52f6df5c-c080-4bc9-398f-b1d67b1c5ea6', 'af9e2c36-6c49-41bf-20be-738c8b2ba782', '13babfad-5b2f-41ea-a99f-6273eef69659', 19.86, 2.7, 8.59, 0.01, 0.01),
  ('eba21de8-b3db-4434-44fd-075cbc81100f', '43c6688d-3f3a-49bb-1d10-96d3a7963194', 'fb7268c5-075b-4fda-f140-67a998da3205', 9.81, 2.01, 3.03, 0.01, 0.01),
  ('d7a8554f-2302-40dc-ddca-bc5bb9f85eb0', 'a6b419aa-7cf6-4673-b19f-df5460ed0a45', 'a199a9fc-f33f-4174-df7e-6d58a5d62494', 7.25, 2.93, 4.58, 0.01, 0.01),
  ('bb956d54-d2a6-4c2e-ca00-429207402ac3', 'a36fc58c-8719-4a8d-a659-a353c1830c6d', 'e5eb040a-b89e-48fc-9190-926b6cf263a3', 14.41, 0.48, 3.74, 0.01, 0.01),
  ('ed757bf6-4f01-4fab-3859-9029777e7817', 'ac9b89ec-ea1a-4907-4f1c-58b98accb2bd', 'ba9bee13-f251-4646-85e9-39fee105bfab', 24.02, 1.24, 1.5, 0, 0.01),
  ('47f2f40a-4f0f-47e0-e97b-079279f04ab4', 'a34a0632-edaa-4869-65ea-b9cd7c95cd6f', '34ddd28d-be94-4a55-8772-6249c8109581', 22.66, 2.89, 7.34, 0.01, 0.02),
  ('6b492ee8-6f0a-41e9-c0b5-4baba42ec155', '3120c270-d6bd-451b-6d98-e80d7575d570', 'db8028f3-95a9-495c-a1f2-2eb3a2c668ac', 18.33, 0.97, 6, 0.01, 0.01),
  ('7b21f502-01d0-49eb-195f-cec5ddad855c', '8b65466b-509f-41ef-c1cf-579710113541', '2cc59387-bfa7-40f8-a00e-8b3da9c6e108', 17.11, 0.96, 4.83, 0.01, 0.01),
  ('ba2a0f94-0a0c-4818-f3c5-524ff99c69e2', '82a80699-4b80-4e66-19ea-8abf9c1a5751', '07bb8443-56d9-4954-4453-49663c4fd759', 20.86, 2.68, 4.46, 0, 0.01),
  ('e1b872e6-db80-4e27-73b0-e9405e24fb1b', '1986ea72-686e-4dc8-ceb9-b1b0165e731c', '21b497d6-f593-4c3d-4e8d-bb611ae5afdd', 13.44, 1, 2.76, 0.01, 0.01),
  ('1182d33a-cebb-489d-376d-e07348ffa238', '771419c5-4e80-4640-65b9-0c068e70806e', '82a80699-4b80-4e66-19ea-8abf9c1a5751', 19.09, 0.85, 1.47, 0.01, 0.02),
  ('935d3249-9eec-40ee-ee7d-c51eb3e89e3d', '20dc5e89-3383-4e9b-ad83-e0b1542a1d26', '859e521c-0682-43ea-d2a9-f6b473136a80', 8.03, 2.26, 3.21, 0.01, 0.02),
  ('7f390be1-4b6e-46c4-9489-bc33d034105a', '4b3dd700-f783-40fd-a6a4-e14d8f4d888a', '856f518e-70d8-499d-57a4-f1fad18cca0c', 13.15, 1.23, 7.52, 0, 0.01),
  ('0b822200-cff3-4c1e-f5b2-e3b46cf43e90', '63fe81e9-657f-4258-d0a0-7bbae0b88912', '31d55514-453f-4aee-ca52-826dbd8d1b3d', 24.3, 0.49, 7.34, 0.01, 0.01),
  ('c31d74fe-5019-4fb4-3bb4-9cb32f0a02fe', '70bee22c-67b2-4230-b648-02b52853ef73', 'b04ef126-45cd-4c02-8e12-af91fb8ab666', 12.34, 0.93, 6.64, 0.01, 0.01),
  ('07d28612-48ce-492a-024a-550c4704055a', 'fb16a40c-4c85-4f1f-14eb-1721034c1feb', 'e325e604-1c2a-4dcd-62ae-4ed39de110a2', 26.13, 0.95, 0.86, 0.01, 0.01),
  ('f3e81380-16d6-4bb0-85d4-7c67d8079831', 'dc3c225f-0d75-407f-4e26-1e7e763031e2', '6795a17a-164e-4381-82f5-a811d96072eb', 22.75, 3.05, 10.13, 0.01, 0.02),
  ('d66cc839-0157-4038-08bf-14d147f1f58a', '4d4146cf-c6c7-4bbc-67a2-b935930cf915', '09289e5e-8ecf-41ee-89e9-c48db72f6e0d', 17.86, 1.9, 3.58, 0.01, 0.02);

INSERT INTO "lines" ("id", "from_bus_id", "to_bus_id", "length_km", "r_ohm", "x_ohm", "c0_nf_per_km", "c1_nf_per_km") VALUES
  ('c5b3f4e4-dfe7-4f23-2921-dbb3b45a6cbd', '6fbfd8c8-3f65-4ac3-0afa-04b607d77a22', '3cec9781-ac09-4f1b-9d3b-7d3e05b6ec1c', 5.31, 1.23, 3.4, 0, 0.01),
  ('ffdeb171-8ab3-474f-77f8-eb7e18d22167', '3120c270-d6bd-451b-6d98-e80d7575d570', '4702212b-2a4c-4396-5122-4c3ce45f68fc', 7.43, 1.89, 2.47, 0.01, 0.02),
  ('5b334f96-ed43-467e-08a7-f20af5e7f7e9', '36c46003-c38f-4329-e232-b597f8b3c5fa', '7523fd2f-65fc-4936-8b36-f3e0866089a6', 21.94, 2.65, 6.48, 0.01, 0.01),
  ('85322be2-86e9-4583-07cb-4fd8d5d2976a', 'f66e81d2-a7de-40bd-b6e9-726b94312ff4', 'f6e10cb3-69a1-41f4-7db9-f7f77fa8fdbf', 10.19, 0.74, 7.56, 0.01, 0.02),
  ('551a86ab-4d2b-4730-8cc0-99fa2b45c424', '9e51462a-b84b-4c21-6d1e-8adc63aea3f7', '334fb2bd-c807-4416-5392-2592b70e774c', 20.97, 3.12, 1.87, 0.01, 0.01),
  ('04b85760-1318-4a0b-76bf-91e7121d4884', '5a9a49d5-a838-4d4c-6a1e-2baae92da564', '771419c5-4e80-4640-65b9-0c068e70806e', 12.5, 2.17, 2.69, 0.01, 0.02),
  ('274a31c4-a628-42e6-46cd-674aea5f02d1', 'fc72664e-4445-4fd1-fb73-8858ecdc6cde', 'dc3c225f-0d75-407f-4e26-1e7e763031e2', 13.47, 2.08, 3.04, 0.01, 0.01),
  ('ab5a2b10-7d7b-47ea-b3ec-dae8aba61f20', 'a1aa51af-2aa7-4062-fff6-60a11b40c222', 'a36fc58c-8719-4a8d-a659-a353c1830c6d', 1.2, 0.4, 0.45, 0.01, 0.02),
  ('8c5eba10-bba7-4ef2-7bf4-6b209abc71d0', 'cfb1652b-c80c-4a60-34b5-898d9a5629ef', '07bb8443-56d9-4954-4453-49663c4fd759', 13.68, 1.91, 5.63, 0.01, 0.02),
  ('09fcd98e-df03-4e10-4306-fec84d710b5a', 'f476bb9f-7fc1-4d5d-ac93-05a64ae21f3c', '1ac96c65-7759-4934-a01c-8d07b5765371', 5.59, 0.44, 4.85, 0.01, 0.01),
  ('cd71a4aa-0582-4538-6606-19702b65ede2', 'c12daeee-a57a-4b2c-5d56-1ddf19a7d3c3', 'd6866b81-c397-4e08-103e-88b35269cddb', 8.57, 1.27, 8.77, 0.01, 0.02);

-- transformers: 111 rows
INSERT INTO "transformers" ("id", "bus_id", "core_type", "remanent_flux_pu", "core_loss_resistance_pu", "rating_kva") VALUES
  ('8996ba05-aeaa-4884-e13a-29a713ab801f', '580b16f7-127c-4e10-bf9b-468ab0163aeb', 'standard', 0.71, 0.92, '50'),
  ('d8147298-1385-4926-267a-4207bae76c4e', 'a6b419aa-7cf6-4673-b19f-df5460ed0a45', 'low_loss', 0.66, 3.18, '50'),
  ('7f6fede8-ea7f-41d3-961a-b11cf6c64e8c', '80d9302b-8fb5-4c20-2c69-1ffe575259c5', 'standard', 0.64, 0.99, '100'),
  ('b55b8500-e43b-44d5-7bd0-2d9c582fcb66', 'b0264dc2-27bd-4b63-2a51-d0f588fed9ab', 'standard', 0.07, 3.22, '167'),
  ('19e2aaad-9817-49f1-8c2e-cd27e8ccce73', 'c95bab6f-d343-4cc4-ae59-6e32b5bc3b25', 'standard', 0.24, 2.12, '50'),
  ('8fafa614-257a-4ec3-d575-8a8de071a873', 'd6866b81-c397-4e08-103e-88b35269cddb', 'standard', 0.36, 3.26, '25'),
  ('d10b135b-9871-4f61-7a5b-e5c33fafe049', '36c46003-c38f-4329-e232-b597f8b3c5fa', 'standard', 0.3, 3.72, '50'),
  ('ceecdf2c-6009-4e95-265c-c142f6a22bd8', '859e521c-0682-43ea-d2a9-f6b473136a80', 'standard', 0.37, 0.73, '100'),
  ('45f77865-e6d7-4e35-8aa7-c1b2fba699dd', 'b4b4ea20-12e3-4a61-be64-db4df8c1c038', 'standard', 0.61, 0.57, '500'),
  ('9495d4f2-477b-4230-1329-fafe6b5a524b', '4a22d06e-0efd-46fb-f8d4-93b8a08dfd3d', 'standard', 0.1, 3.43, '100'),
  ('c4389d6a-5165-4aa2-4c3f-b4d7d1e6d5dc', 'd027fa18-ccd3-4601-2021-03de993f0295', 'standard', 0.76, 3.31, '250'),
  ('ba65d649-9131-4919-83cf-9ca0eb9cc534', '530152ea-25f6-4cfb-02a7-3ca31552b60a', 'standard', 0.68, 2.98, '25'),
  ('010ff99f-cacd-4ce4-6cdd-d04800b2bb77', '2b7b1f1b-e9a5-408a-7130-9715d3c5dd9a', 'standard', 0.46, 1.51, '167'),
  ('e07ea58f-47e8-4e40-3c37-a5736082ded6', 'e0c837d8-6a54-4a62-91df-bb5357665bef', 'standard', 0.24, 1.16, '50'),
  ('5a296a70-7ba4-4967-76e7-059b6d5354fc', 'cf5e5d17-01f8-4bb0-638a-156c854cfdec', 'standard', 0.18, 1.71, '250'),
  ('61da6d1d-b03e-465a-95b8-439309a30e79', 'c8ed9399-64f1-4539-c273-2deaa92baac7', 'standard', 0.32, 1.1, '250'),
  ('1243e69e-be15-4b22-8d80-7b861eb1f6af', '6ce757ef-2cee-4012-5694-10961292cbc0', 'standard', 0.17, 2.05, '167'),
  ('281e47f1-317d-47b9-cdc1-17caa1b8bae1', '4a22d06e-0efd-46fb-f8d4-93b8a08dfd3d', 'standard', 0.08, 2.89, '100'),
  ('dc97fa44-57a1-4d84-2530-20a19b2c875c', '70bee22c-67b2-4230-b648-02b52853ef73', 'standard', 0.73, 2.7, '500'),
  ('c44cf3d0-2e55-4c85-3b12-9090219df2b6', 'db2afff0-1393-4ba8-5298-e1da883374a5', 'standard', 0.58, 2.87, '500'),
  ('0833b2cf-7d1e-494f-d8ae-3f14d9d8f575', 'ad40a429-8685-40e2-4406-02c43734fc4f', 'standard', 0.64, 2.57, '100'),
  ('6dc34f88-d01e-4099-bffe-82c641da9f0b', 'f42f4343-d17b-4f16-9399-a7e7489b2a1c', 'standard', 0.57, 1.47, '50'),
  ('1a44f63b-d490-49ef-1fa4-714a02354b05', '9e51462a-b84b-4c21-6d1e-8adc63aea3f7', 'standard', 0.76, 0.85, '100'),
  ('6268b5a2-2472-493b-ed2a-61404e471ff2', 'fb16a40c-4c85-4f1f-14eb-1721034c1feb', 'standard', 0.69, 0.67, '100'),
  ('b2d4fb47-c099-4d9f-52a6-d89f88b2f8c1', 'cf5e5d17-01f8-4bb0-638a-156c854cfdec', 'standard', 0.23, 2.39, '500'),
  ('3aa465d7-586e-4c63-f85c-b92742d7dc2c', '750e8c22-4149-41b8-4860-38b0af3f86df', 'standard', 0.38, 1.18, '50'),
  ('52bdff0c-dc4f-4999-9c41-12d7310b3f95', '3dda591f-acf0-44e3-87fa-485360fd03c2', 'low_loss', 0.3, 2.41, '500'),
  ('bd84b91c-8a9d-4f19-6fe4-0e0fd9690f26', 'db8028f3-95a9-495c-a1f2-2eb3a2c668ac', 'standard', 0.39, 2.98, '50'),
  ('32558b43-2c8d-49d6-c1fc-29bf6554b03d', 'd9b27326-3fa8-4300-c775-8efb8d06fb02', 'standard', 0.5, 0.62, '25'),
  ('f5d0d27a-9381-4d98-22be-d1f5f6354d17', 'a81ea233-fc18-4455-7a0c-9de1640e163e', 'low_loss', 0.4, 0.94, '50'),
  ('22b39def-c369-470d-e721-6fefdd621db7', '76b80635-0f43-400c-1f94-b35c1e14d054', 'standard', 0.03, 1.97, '1000'),
  ('772280ec-84e8-4b1a-4876-217a6a4436b1', 'b2e8149c-f0c2-4cb8-3216-d9e1c7fe97e8', 'standard', 0.55, 1.78, '167'),
  ('04e55bec-079d-425e-2fec-8d88717ebfd7', '40f30b2d-33a6-4ae8-83bf-a3f600971f58', 'standard', 0.56, 1.71, '167'),
  ('cbdf8576-0579-4f95-4cee-31af456b699c', '41a0b5e3-8b20-4d7f-b9fa-d46dc19fbc41', 'low_loss', 0.32, 1.88, '167'),
  ('d6f98dde-e0eb-4c0f-3569-4d41867fec2f', 'db8028f3-95a9-495c-a1f2-2eb3a2c668ac', 'standard', 0.07, 1.86, '25'),
  ('d3375b81-8532-49e0-614b-553bb8d40190', 'ca92f1a8-f058-42b3-405f-2661a348d231', 'standard', 0.19, 3.34, '25'),
  ('2d97a235-bff6-4784-9a6c-fcbac411e111', '30df2fc6-70ea-463e-3f80-96188003208e', 'standard', 0.26, 2.45, '100'),
  ('3a025eb1-7a03-41cb-9053-0bbdf8b31505', 'f66e81d2-a7de-40bd-b6e9-726b94312ff4', 'standard', 0.48, 1.79, '167'),
  ('afa9b1c7-1680-4fc3-dc6e-32b450eda142', 'c974cb40-f612-4d84-85e9-fa03890aacf7', 'standard', 0.5, 1.45, '50'),
  ('5b9d8774-041b-40b4-2c24-7b9c3a4d28a8', 'a1aa51af-2aa7-4062-fff6-60a11b40c222', 'standard', 0.2, 2.1, '50'),
  ('ccb5cc09-22a1-4f20-0b86-8dabea1bd31b', '3ef2ebd3-1cb0-4dba-e92d-f732b66efe27', 'standard', 0.6, 2.59, '100'),
  ('38abf207-4738-4656-eb52-c6a4bc34d25f', 'd9b27326-3fa8-4300-c775-8efb8d06fb02', 'standard', 0.12, 0.93, '100'),
  ('8af6aad7-889d-4b0d-d19a-245535e6a3aa', '9bb67cc9-7f08-4263-f5fb-708dfe7e110c', 'standard', 0.29, 1.36, '25'),
  ('db0e5026-fa9a-450c-f505-591ffef9c20b', '1208105c-29ba-4c80-20f0-74215d4057b4', 'standard', 0.42, 1.96, '250'),
  ('45c93250-24e2-4a6d-5196-c011e54b1f56', '3ef2ebd3-1cb0-4dba-e92d-f732b66efe27', 'standard', 0.75, 0.78, '500'),
  ('bda067ac-32a0-4bab-75de-3fee77b22971', 'fb0407ff-c752-4983-7066-b611d013d0ca', 'standard', 0.64, 1.36, '250'),
  ('e327e2ed-36b7-4177-a57c-388f15bcb438', '25b372f5-f5a5-4df7-6829-f86253522dd4', 'low_loss', 0.52, 2.56, '100'),
  ('2a1a5625-f603-422d-7021-c8783a994120', 'af9e2c36-6c49-41bf-20be-738c8b2ba782', 'low_loss', 0.37, 3.31, '50'),
  ('462632c4-b3ce-46a5-00dd-292b185eddcc', 'cb5835c2-aac8-4f43-6890-afceb3d2c399', 'standard', 0.51, 3.07, '250'),
  ('9dc32aa3-ab0a-4e38-8fd8-5e8fc771662f', '5c4cba53-6b04-4cb7-af79-34f7fb48a5a5', 'standard', 0.64, 1.48, '500'),
  ('2d052d74-e97e-4a7c-f7d6-ade7dbdaa427', '09289e5e-8ecf-41ee-89e9-c48db72f6e0d', 'standard', 0.31, 1.39, '100'),
  ('66625a79-b68f-4ffe-f702-e84d76662660', 'ca9e40a0-7665-4fc6-78e2-3d71c3cbc9b8', 'standard', 0.37, 3.95, '100'),
  ('1aaec704-1699-4b15-7db7-50b4643f144c', '50618224-78fa-46a6-9c95-5448664461df', 'standard', 0.16, 3.05, '167'),
  ('d456d7e1-fadb-4c30-a8f0-10ddf956714d', '30df2fc6-70ea-463e-3f80-96188003208e', 'low_loss', 0.4, 1.17, '100'),
  ('d8d85157-afe7-4516-7484-05d7d94efff8', '856f518e-70d8-499d-57a4-f1fad18cca0c', 'standard', 0.47, 2.72, '167'),
  ('4acb7c84-437f-4ab6-8996-ba08b699bc32', '37872889-bd49-41df-376d-e07574494a95', 'standard', 0.58, 2.3, '167'),
  ('a4332edf-0a0d-4492-aedc-795222ea8f7e', 'c8d8dce5-b146-4e31-4dec-c14c86c161e8', 'low_loss', 0.24, 3.38, '500'),
  ('abb5f82b-b314-4222-08fc-072218d9b89d', '4028e5e4-babd-4ede-ba74-fce0f867c553', 'standard', 0.44, 1.59, '50'),
  ('9fb16de1-6c8f-4c4f-63d6-500f43cc49bd', 'ee3790f1-8ddb-4ee3-ae66-89126f3e4455', 'standard', 0.04, 2.76, '100'),
  ('efa8de38-6828-41c8-6678-3013d03f1c16', 'b0264dc2-27bd-4b63-2a51-d0f588fed9ab', 'standard', 0.27, 1.14, '50'),
  ('2c95f5da-b0cb-487e-746e-6dad288866db', '1f413b94-5f8b-45f3-ac59-431e7a9849ac', 'standard', 0.35, 3.2, '50'),
  ('e50f8c31-8752-49e7-d089-716c2cbb98a8', 'db8028f3-95a9-495c-a1f2-2eb3a2c668ac', 'standard', 0.1, 3.64, '50'),
  ('27f8b654-1b79-41ed-20b8-47dc8ed1f12c', 'bb042f35-4fa0-4a33-53c5-568f4c84bcdd', 'standard', 0.71, 0.84, '167'),
  ('114b0652-3277-4a22-bf5a-56465192d5f1', 'd7e094cb-7baf-4ead-fa85-e6c9d2c0894b', 'low_loss', 0.46, 1.54, '167'),
  ('1e17e27b-fc8b-41b9-a99b-7a3e833bf2d9', '550ec54e-93dc-4086-4e0d-767915a0ff52', 'standard', 0.55, 1.49, '250'),
  ('45e79848-ed01-48a7-4d26-789da2b935da', '5e669f9f-507a-49e3-d954-467480dfff87', 'low_loss', 0.73, 1.4, '25'),
  ('9b619db0-2b8e-43bb-0915-d33671d0caf7', 'ccb1c75c-ed89-46bc-2331-0ea82a375dd6', 'standard', 0.37, 2.92, '100'),
  ('aec372fd-8abb-4c10-8416-8ecb391c1682', '70bee22c-67b2-4230-b648-02b52853ef73', 'low_loss', 0.08, 2.71, '100'),
  ('44f18953-67e0-499f-df51-6cbd125d2f1e', 'abcd64d5-6f98-4c3d-c93a-72b6023bf22b', 'standard', 0.16, 2.82, '100'),
  ('a6ab4965-cc1c-4d9c-ee6e-7734046ce74a', '580b16f7-127c-4e10-bf9b-468ab0163aeb', 'standard', 0.04, 0.97, '100'),
  ('b89f6981-a29d-452c-53a7-e1b7e617ad8e', 'abef7b95-11e6-4012-8463-e0b0fadce8cd', 'standard', 0.27, 3.98, '500'),
  ('8fe6bdd8-3e42-4bac-7252-6c338a368268', 'c8d8dce5-b146-4e31-4dec-c14c86c161e8', 'low_loss', 0.73, 1.75, '100'),
  ('88f4b5c2-2e70-4ed1-0a3b-c2baab8ea452', '92551dab-a3b0-4fb3-69b1-8d4c30a890cd', 'standard', 0.69, 2.31, '167'),
  ('842eed1e-c58e-4ed0-408c-095dec435888', 'c8df706c-78ff-4785-b54f-167cd054c3cd', 'low_loss', 0.58, 3.28, '100'),
  ('93179bec-9a98-431b-5388-be7e7965bc4a', '771419c5-4e80-4640-65b9-0c068e70806e', 'standard', 0.2, 2.4, '500'),
  ('9ae0b2ba-848b-4d59-40ad-8b1db703de78', '81b1e001-896b-49a2-4609-d08c63b8b88f', 'standard', 0.13, 1.45, '100'),
  ('9180a8fe-36a5-4914-a7d9-aa66138fc4a1', '679f7b82-f364-4b0b-86e1-ea98ba21e819', 'standard', 0.29, 2.28, '50'),
  ('6b9adc75-2776-443f-415f-848ac9375fe8', 'ce634080-069e-4afa-8e33-e051e810bc72', 'standard', 0.25, 1.97, '25'),
  ('162234f6-71ea-4eaa-53b4-60e942af3640', '3120c270-d6bd-451b-6d98-e80d7575d570', 'standard', 0.8, 1.2, '100'),
  ('6ae9b845-dff0-4286-e13a-930dbe9e720c', 'db2afff0-1393-4ba8-5298-e1da883374a5', 'standard', 0.71, 3.64, '100'),
  ('191b345d-9703-4af0-8a03-8d403fc23508', 'e1759e8d-fbba-48cb-0931-42750e2b5dae', 'standard', 0.5, 1.2, '25'),
  ('ae348593-68f1-4344-3174-edaefcf5b73e', 'a367328d-7b66-44d8-34da-33616d503a54', 'standard', 0.03, 1.84, '50'),
  ('15ae9146-f2ac-47a9-1c88-b67b836c099f', 'ac9b89ec-ea1a-4907-4f1c-58b98accb2bd', 'standard', 0.66, 3, '100'),
  ('94622863-6dd3-47da-64ab-21ed5c874ec4', '103f485b-5e3b-4f13-9697-5136dfa4e55a', 'standard', 0.22, 0.9, '50'),
  ('5ce700de-78bc-4f29-aa5d-7a56b499fbf2', 'f47eef0e-3397-499f-224c-6584ce3b618b', 'standard', 0.06, 2.69, '50'),
  ('0500ce75-0a34-4fbb-a7f9-64652d2a2367', '8d26135c-034d-42b2-b16e-a1bc0e04c652', 'standard', 0.4, 3.09, '50'),
  ('106141fd-a6ba-45af-3c6c-85a153940dfc', '583361cd-3714-44e9-e83c-cc4999b8cbb9', 'low_loss', 0.38, 0.9, '167'),
  ('c7688b31-5a51-48f5-5504-96648ab84e34', 'e94624c2-ba46-48f5-177c-23ed488c72d4', 'low_loss', 0.25, 1.38, '100'),
  ('eee188d7-bfa2-4070-3a27-ff9ef9ab2a17', '6917c7ed-f59a-4665-50b2-089ea716c6b3', 'standard', 0.17, 3.18, '500'),
  ('dbeff5f1-fbc2-4d1f-4a3a-846ed5ccaa0c', 'dc3c225f-0d75-407f-4e26-1e7e763031e2', 'low_loss', 0.76, 3.55, '100'),
  ('497cd317-1f0a-4dfb-bb99-fea4972058d0', 'ed560572-209a-44de-c2d2-8d14493ef88b', 'standard', 0.77, 3.86, '167'),
  ('31917c05-ef3f-4681-b020-1a66d7fcd8c4', '71ab05b9-8810-4a8b-f2b6-02f766a5a207', 'standard', 0.18, 2.86, '500'),
  ('904ed949-30c3-4d37-f078-9db8f4848b96', '88fd3bfb-bd7a-48e2-37b5-abc14f057386', 'low_loss', 0.42, 1.15, '500'),
  ('99d68afe-68ab-4a90-8fef-b2f63ab459be', '1986ea72-686e-4dc8-ceb9-b1b0165e731c', 'standard', 0.14, 2.62, '100'),
  ('760f1810-b6d4-494f-b554-d3cf42ca9aee', '9e45ca98-7816-415c-e61f-c3052fe0d227', 'low_loss', 0.46, 1.09, '500'),
  ('71907e81-281d-4714-8848-c31a8c735fbf', '94336018-ae9a-49ba-1ca1-1bba5ffec155', 'standard', 0.79, 1.33, '50'),
  ('c35a3965-e06c-47a7-5788-438b8d41877c', '886e643c-d7b3-4799-fc77-f5c05cda469c', 'standard', 0.7, 3.78, '100'),
  ('1ea514c6-4a00-4181-38b1-5301afcee299', 'f66e81d2-a7de-40bd-b6e9-726b94312ff4', 'standard', 0.2, 1.2, '50'),
  ('e8f39626-c848-4f93-3434-067087017812', '802f4589-3f04-4afb-abbf-b46d2d1b2fbe', 'low_loss', 0.63, 1.12, '250'),
  ('b7d2d79d-1f99-4395-db0c-478409305f0a', '1ac96c65-7759-4934-a01c-8d07b5765371', 'standard', 0.77, 0.78, '167');

INSERT INTO "transformers" ("id", "bus_id", "core_type", "remanent_flux_pu", "core_loss_resistance_pu", "rating_kva") VALUES
  ('4401ca4f-3b6e-4ac1-419f-c5b0ea1e8bb0', 'cf5e5d17-01f8-4bb0-638a-156c854cfdec', 'standard', 0.28, 2.24, '167'),
  ('d8940c30-cc23-4346-ce21-3368bf44e499', '8582a6e1-e6b5-4d4d-7436-00fbb4545322', 'standard', 0.59, 1.61, '167'),
  ('fd2f58b8-0ad6-462d-d705-65612a36fd32', 'f66e81d2-a7de-40bd-b6e9-726b94312ff4', 'standard', 0.33, 2.03, '25'),
  ('32425bc7-e10d-4c34-c3d1-cbfb7a9699e2', '264b44a0-04c2-4d80-c997-90c1dfb5ded4', 'low_loss', 0.09, 1.44, '1000'),
  ('f9bbece8-d178-4e9f-4718-39758cd52811', '50618224-78fa-46a6-9c95-5448664461df', 'standard', 0.53, 1.87, '100'),
  ('03579b4a-42ca-456e-3d8a-5cbbd5094c5c', '02dcb876-fafb-4242-3c00-33a896d3e94c', 'standard', 0.3, 1.21, '500'),
  ('47df02b6-d371-4a01-5848-3af4f74337dc', '679f7b82-f364-4b0b-86e1-ea98ba21e819', 'standard', 0.12, 1.64, '100'),
  ('356892b0-aeb5-4330-4727-1deec6d3ad19', 'd0914eb2-259d-486a-ec8a-d120b834855a', 'standard', 0.77, 3.92, '50'),
  ('869ceda4-126a-4cb7-e110-8baa2ff43869', '148bdfda-33be-4dc0-094b-dbac778cc6a1', 'low_loss', 0.14, 1.76, '50'),
  ('f6310cdc-6cf4-4c0e-c382-cae0669b76b8', 'e6299f61-e47d-49f7-1506-18f2f7f2d1c1', 'standard', 0.04, 3.31, '100'),
  ('437f013b-69dc-4570-42ae-7a4f739a069c', 'db172d92-dce7-43c5-6599-bf1028ff13be', 'standard', 0.48, 1.74, '1000');

-- pv_systems: 111 rows
INSERT INTO "pv_systems" ("id", "bus_id", "irradiance_profile", "capacity_kw", "inverter_type", "grid_forming") VALUES
  ('0c693403-8fbc-4b6a-5e47-6a419d7915c2', 'b72a622b-c216-46b3-984b-92859732fd08', 'clear', 1597.76, 'string', 'false'),
  ('005417d2-a53b-4c56-8e9f-79f0306bb98e', '886e643c-d7b3-4799-fc77-f5c05cda469c', 'clear', 1283.15, 'central', 'false'),
  ('e5f6cd4c-b363-4899-fadc-f83690927a76', '1986ea72-686e-4dc8-ceb9-b1b0165e731c', 'overcast', 2332.36, 'central', 'false'),
  ('da07dacc-771b-4da3-7f5c-f5df6f162d71', 'e1759e8d-fbba-48cb-0931-42750e2b5dae', 'clear', 2997, 'central', 'false'),
  ('d90ec33d-b783-43bc-87ad-43e55f222b3a', '700ccf30-136f-4d74-592f-24cb05e483a8', 'clear', 4566.07, 'microinverter', 'false'),
  ('3c3a814d-eb8f-4f19-df71-164b4104a7b3', '41f75696-0ad0-4573-32ae-f7bb1a804ef8', 'clear', 2076.02, 'central', 'false'),
  ('c1e6fb06-5ee6-4b14-f4cb-29afcfbe6a96', '604eceb6-b1d6-4068-d794-4398da1d06bb', 'clear', 1458.7, 'string', 'false'),
  ('d9052b0c-d71f-439d-dc4c-2b7575fc0944', '075bdc4c-184d-475a-b1c5-5ddbb28ce272', 'overcast', 23.17, 'string', 'false'),
  ('f1fc882b-19de-4e76-74f5-d138cafff9ba', 'db172d92-dce7-43c5-6599-bf1028ff13be', 'partial_cloud', 711.82, 'central', 'false'),
  ('059dcb31-c82f-4df1-79d6-fa842f43efe6', '31ec330b-a214-4f47-8057-253ef9f06ad2', 'clear', 4626.87, 'string', 'true'),
  ('7d782753-c8f9-4acd-25ea-ddf2238fde77', '43a97fbd-23f3-4896-611c-e0047d3bd173', 'clear', 4885.04, 'central', 'false'),
  ('cde3ac12-8526-4bfc-0234-deb99434d876', '06f9edce-e9d2-4659-1c75-452abef6fafc', 'clear', 4146.96, 'string', 'false'),
  ('ee27e668-e947-445d-8711-a85fea8593d7', 'b04ef126-45cd-4c02-8e12-af91fb8ab666', 'partial_cloud', 1326.27, 'central', 'false'),
  ('dbb8eed5-0872-47c9-cb0f-4c1a8b48abcf', 'dc3c225f-0d75-407f-4e26-1e7e763031e2', 'clear', 685.98, 'central', 'false'),
  ('6a109e0a-b46b-46a4-0955-eb1a645bd0f0', '94336018-ae9a-49ba-1ca1-1bba5ffec155', 'clear', 2968.35, 'string', 'false'),
  ('440e2a66-406b-4273-52b7-69aaf04bf0af', '794896bb-343a-4083-1a91-0869008c1b60', 'partial_cloud', 2079.54, 'central', 'false'),
  ('72fe8d21-e1e2-46e2-36f3-6b473e82d031', '5c4cba53-6b04-4cb7-af79-34f7fb48a5a5', 'partial_cloud', 3229.38, 'string', 'true'),
  ('9cdff927-f8df-4c39-b48f-56fd06b915c1', 'cfb1652b-c80c-4a60-34b5-898d9a5629ef', 'partial_cloud', 4931.91, 'microinverter', 'false'),
  ('5ac73b49-738a-470e-fe7f-fee9d65c4434', '802f4589-3f04-4afb-abbf-b46d2d1b2fbe', 'clear', 983.08, 'central', 'false'),
  ('5c4ce39d-0cd9-416d-dc0d-56e3516f9277', '856f518e-70d8-499d-57a4-f1fad18cca0c', 'clear', 1913.66, 'central', 'true'),
  ('6eb66f25-a4b0-4b01-fc82-8b0bd0d63e0b', '81b1e001-896b-49a2-4609-d08c63b8b88f', 'clear', 659.67, 'string', 'false'),
  ('4f189c4e-1e37-4e07-520e-ad98fbf48436', 'e94624c2-ba46-48f5-177c-23ed488c72d4', 'clear', 496.1, 'microinverter', 'false'),
  ('656cead1-8c50-4d88-f99c-cde327ee034b', '33861778-bf4c-4800-3383-5333c31e64da', 'partial_cloud', 4871.81, 'microinverter', 'false'),
  ('f873c18f-e233-40ba-d6f2-3e2da58612f1', '8f0236c4-6731-4c0c-e068-8db4f096b8e7', 'clear', 4182.16, 'string', 'false'),
  ('7d89bfca-8ada-4b88-db3c-c77541ced011', '31ec330b-a214-4f47-8057-253ef9f06ad2', 'overcast', 1127.38, 'microinverter', 'false'),
  ('8118a4d9-9769-463f-b4eb-fd02b05d3284', '25b372f5-f5a5-4df7-6829-f86253522dd4', 'clear', 3660.65, 'string', 'false'),
  ('da0775ad-5cdb-40b4-d6f4-a81034ebadbb', '678f250c-1790-4589-cfd5-cc02f968a94a', 'partial_cloud', 3560.13, 'microinverter', 'false'),
  ('ef8dc5f6-0922-435b-e57d-5944a53bfa2f', '36c46003-c38f-4329-e232-b597f8b3c5fa', 'clear', 3865.41, 'string', 'false'),
  ('e2df37e5-daad-40ce-0e9e-19190588d4df', '750e8c22-4149-41b8-4860-38b0af3f86df', 'partial_cloud', 2580.3, 'central', 'false'),
  ('2b1beeea-e170-4f93-2410-ac25b64bfa65', '33861778-bf4c-4800-3383-5333c31e64da', 'clear', 3039.46, 'central', 'false'),
  ('ca418012-2e41-4d64-c942-b87937c93cdc', '1ac96c65-7759-4934-a01c-8d07b5765371', 'clear', 125.8, 'central', 'false'),
  ('6b00952d-2889-43e0-3d43-74e9b8345234', 'a36fc58c-8719-4a8d-a659-a353c1830c6d', 'overcast', 2345.9, 'string', 'false'),
  ('8508f160-d5e0-4c49-48dd-c1ae7d8b55a9', 'c5fb2703-5069-4f06-66ee-a8ab4b0b9342', 'clear', 2684.76, 'string', 'false'),
  ('b3f3c00f-a767-45a7-598e-a466e1271db1', '41f75696-0ad0-4573-32ae-f7bb1a804ef8', 'partial_cloud', 2448.65, 'central', 'false'),
  ('e86b8591-e142-4fa7-6417-3a3785ecbd18', '40f30b2d-33a6-4ae8-83bf-a3f600971f58', 'clear', 3482.91, 'string', 'false'),
  ('cb1bf356-c617-4d83-7c8f-3b440efea41b', '12cbde25-78a4-4c8f-3eea-f3c7e60cca59', 'clear', 608.17, 'microinverter', 'false'),
  ('f4eddbf6-386a-4401-b96d-af3c338a84b8', 'c8ed9399-64f1-4539-c273-2deaa92baac7', 'partial_cloud', 1510.59, 'central', 'false'),
  ('822929f1-2ee5-449e-3af9-b1f441f1248a', '9bff895d-82a5-414a-e97f-631d46954de3', 'overcast', 4593.18, 'string', 'false'),
  ('9d746ee9-8bfd-4ddd-b87c-f2de69be7541', '075bdc4c-184d-475a-b1c5-5ddbb28ce272', 'overcast', 2154.23, 'central', 'false'),
  ('b06ad94c-63d8-431b-f7a9-1d84cf1119aa', 'c8d8dce5-b146-4e31-4dec-c14c86c161e8', 'clear', 846.32, 'central', 'false'),
  ('9c9e4fa4-6c88-4676-0292-65d20b8d97a6', '530152ea-25f6-4cfb-02a7-3ca31552b60a', 'overcast', 298.44, 'string', 'false'),
  ('e89523fe-c051-4b64-67f7-b6a1fdfda47b', 'fa39b9e7-1fd4-4981-107a-7e8ffe6a43aa', 'overcast', 1622.84, 'string', 'false'),
  ('aba022e8-b120-4efe-a38d-eedcd9d52d72', 'db2afff0-1393-4ba8-5298-e1da883374a5', 'clear', 529.21, 'central', 'false'),
  ('8129c8af-48cd-4b08-5908-8d84053d41e1', 'abef7b95-11e6-4012-8463-e0b0fadce8cd', 'overcast', 4668.47, 'microinverter', 'false'),
  ('4bc0ea54-bac6-4c10-6d11-301fe31ecc7c', '70bee22c-67b2-4230-b648-02b52853ef73', 'overcast', 2829.65, 'string', 'false'),
  ('898cf8f2-4911-4186-dd95-966a752d5d09', 'fa05ff5f-91f3-4fbd-3b0d-ddf9a4cd6633', 'clear', 1006.01, 'central', 'false'),
  ('8b37f6f5-7092-49d4-c33a-45578c63fcce', 'c974cb40-f612-4d84-85e9-fa03890aacf7', 'partial_cloud', 2726.97, 'microinverter', 'false'),
  ('68a5546a-d45b-479b-7625-433b5122ec90', '40354df2-c914-4d34-64b2-345a5b65f605', 'clear', 4293.52, 'microinverter', 'false'),
  ('c206c305-f535-466c-ef46-f4ba3a34f056', '2b7b1f1b-e9a5-408a-7130-9715d3c5dd9a', 'clear', 3870.22, 'central', 'false'),
  ('c6111af9-3a2d-4366-a389-bcada594c2cb', 'abcd64d5-6f98-4c3d-c93a-72b6023bf22b', 'clear', 4561.18, 'string', 'true'),
  ('4d7eba90-5496-4cfd-ecac-8d12cb65f3dc', 'ed560572-209a-44de-c2d2-8d14493ef88b', 'clear', 1772.71, 'string', 'false'),
  ('ac43426c-277c-4067-6d27-dedd5f2cb58b', '94336018-ae9a-49ba-1ca1-1bba5ffec155', 'clear', 3240.57, 'central', 'false'),
  ('23dd7aa6-e038-4a59-f055-4333f70e9809', 'f2893289-2e38-439f-4113-7656fa6c48d6', 'clear', 3366.65, 'central', 'false'),
  ('dd7975f2-348d-4b37-97ba-2f6b7c88480c', '14b5af26-af86-4585-902a-29888b73dc6b', 'clear', 4755.54, 'string', 'false'),
  ('262af533-4052-4f20-79d5-08b91a07a444', '604eceb6-b1d6-4068-d794-4398da1d06bb', 'partial_cloud', 4674.68, 'string', 'false'),
  ('920d6192-c029-44b1-0c62-28fb7a19dad7', '41a0b5e3-8b20-4d7f-b9fa-d46dc19fbc41', 'clear', 1435.14, 'central', 'false'),
  ('7196a995-c167-416e-139b-f6d6d0e7f676', '1735296e-de83-436f-3b8a-f239636ffac7', 'partial_cloud', 2396.52, 'central', 'false'),
  ('e260dce7-8de2-4c05-687c-69ce8176c95e', '46eb30f9-1384-402e-2c4c-6f80f26ab6c4', 'partial_cloud', 2088.98, 'string', 'false'),
  ('442a3c00-cce9-498e-de73-ce4b7bfd8f9e', 'c12daeee-a57a-4b2c-5d56-1ddf19a7d3c3', 'clear', 1723.14, 'string', 'false'),
  ('6d8d363d-2079-46b6-6284-f08882f1bf13', 'fa05ff5f-91f3-4fbd-3b0d-ddf9a4cd6633', 'partial_cloud', 1558.24, 'microinverter', 'false'),
  ('9ac1fa19-d15b-42fa-f108-cc3d65988108', 'c5fb2703-5069-4f06-66ee-a8ab4b0b9342', 'partial_cloud', 3174.5, 'string', 'false'),
  ('bb26f4ab-bae9-446a-018f-ef2c5cdfba05', 'ad40a429-8685-40e2-4406-02c43734fc4f', 'clear', 2896.5, 'central', 'false'),
  ('fc5f9385-164e-455b-9767-fe14f51cb95b', 'd4a59dd9-472a-49fb-a220-c7efedd729b3', 'partial_cloud', 1813.28, 'string', 'false'),
  ('13afc401-94e4-497c-7426-116f9eb478fe', 'dc3c225f-0d75-407f-4e26-1e7e763031e2', 'clear', 4253.89, 'central', 'false'),
  ('bf68d77a-b3fa-4d21-dfed-5866a1c45ddd', '6fdd0f2a-cea1-46ac-4fb4-a756795cd876', 'partial_cloud', 44.38, 'microinverter', 'false'),
  ('533943b3-5468-4f06-8085-57df90def217', 'ffe07583-4014-4ac5-59cc-f9352b1a7358', 'clear', 935.34, 'central', 'false'),
  ('9a1b3e8e-4467-4958-68ea-f8ce2ffffd63', '1ac96c65-7759-4934-a01c-8d07b5765371', 'partial_cloud', 1920.94, 'string', 'false'),
  ('6f4a3487-9f15-4374-3a3a-9705edc38ed3', '4098e6c6-b24b-471a-676a-185dfc0f2980', 'clear', 2028.24, 'central', 'false'),
  ('beb4d53c-4f7b-45fb-a171-5287792216cd', '20b36ebb-b5a0-4c17-0536-4c77551daa76', 'clear', 4231.7, 'string', 'false'),
  ('390193d6-8194-466a-35d3-dd00288f2489', '3cec9781-ac09-4f1b-9d3b-7d3e05b6ec1c', 'overcast', 302.33, 'central', 'false'),
  ('4914619f-9b5f-4f82-2faa-753001a802f9', '583361cd-3714-44e9-e83c-cc4999b8cbb9', 'overcast', 2906.32, 'central', 'false'),
  ('05dafa76-6dbc-43a0-833f-933b9f358689', 'abef7b95-11e6-4012-8463-e0b0fadce8cd', 'clear', 1908.15, 'string', 'false'),
  ('93b44dae-f8a1-4368-d011-2f279905575c', '3d7f668d-a35c-42dd-4b77-aaf799885916', 'partial_cloud', 3700.98, 'string', 'false'),
  ('97291948-aac1-412a-e313-990073507991', '20dc5e89-3383-4e9b-ad83-e0b1542a1d26', 'clear', 4410.69, 'central', 'false'),
  ('48534247-cc76-4da6-61b9-80ed4b2d8409', '4573547d-40d5-4597-dfeb-73f2afa79425', 'clear', 4102.6, 'central', 'false'),
  ('840adbaa-cf15-49bd-d94f-f67398ae68f1', '78cb2ecf-ef18-4047-8fbc-aaf64d108ac1', 'clear', 3613.68, 'central', 'false'),
  ('7b4c92ee-6ec7-4a57-c437-f657b37ab90f', '2c1e48ac-4ccc-4769-cb85-c1eaea7a8616', 'clear', 111.66, 'microinverter', 'false'),
  ('3d8e8c21-a38b-4b13-c6ed-d0b281deeac7', '80d9302b-8fb5-4c20-2c69-1ffe575259c5', 'clear', 2251.16, 'central', 'false'),
  ('096fa390-fb79-4781-f1be-62a2c58770e5', 'ceaa54cf-f49c-4f93-17ac-c5d8cb64d409', 'clear', 356.75, 'string', 'false'),
  ('7217b968-19fc-46f5-6dbb-13de0d4df8d3', 'a34a0632-edaa-4869-65ea-b9cd7c95cd6f', 'partial_cloud', 32.13, 'string', 'false'),
  ('42e3f649-c8f6-43ef-2fa5-b6b1244a9b95', '9e45ca98-7816-415c-e61f-c3052fe0d227', 'partial_cloud', 807.41, 'central', 'false'),
  ('dc73928a-3476-459e-f2a1-cc8f3c301c16', '94336018-ae9a-49ba-1ca1-1bba5ffec155', 'partial_cloud', 3981.62, 'string', 'false'),
  ('68290804-176e-496c-354e-a635134fc3e1', '31ec330b-a214-4f47-8057-253ef9f06ad2', 'clear', 1705.83, 'microinverter', 'true'),
  ('8bb12c26-a160-4c3d-824e-0645910fddc7', '2613380a-749a-4f9a-4552-13859c010d01', 'overcast', 1525.91, 'central', 'false'),
  ('aaf6be74-aef2-4793-e729-f1816caf5dc8', '1986ea72-686e-4dc8-ceb9-b1b0165e731c', 'partial_cloud', 980.52, 'central', 'false'),
  ('e451910c-9899-4a54-dc10-16fc829e8a94', '4702212b-2a4c-4396-5122-4c3ce45f68fc', 'partial_cloud', 4305.41, 'string', 'false'),
  ('23fced86-94ac-47f6-617c-6113b4964114', '12cbde25-78a4-4c8f-3eea-f3c7e60cca59', 'clear', 4303.34, 'microinverter', 'false'),
  ('48f01ac6-235a-47cb-9058-b32a4de98e44', '109ecfb1-9f2f-4eba-abf8-f4ffd7f3ed9c', 'clear', 195.35, 'string', 'false'),
  ('8e470aff-b65e-4dcb-c9da-389ca93f6e7a', '9e45ca98-7816-415c-e61f-c3052fe0d227', 'partial_cloud', 4032.7, 'central', 'false'),
  ('ae712db3-c707-4e54-6fa7-ce67662febd6', '7ab8f261-6277-47e9-b475-f4c219c0b6a6', 'clear', 4061.41, 'string', 'false'),
  ('1d80e528-5414-4d4d-332d-295da691a99e', '71ab05b9-8810-4a8b-f2b6-02f766a5a207', 'overcast', 2841.7, 'central', 'false'),
  ('d33a9fe1-aa12-48a2-8036-67572857de18', '78cb2ecf-ef18-4047-8fbc-aaf64d108ac1', 'overcast', 3640.64, 'string', 'false'),
  ('45282ab0-2f67-4644-9375-c396a13ff28b', '2fa5f007-7638-4a74-952e-1137bb36ff4c', 'overcast', 3253.34, 'central', 'true'),
  ('cea9627f-4575-4985-14c4-b29edbbf2a8a', '802f4589-3f04-4afb-abbf-b46d2d1b2fbe', 'clear', 1960.75, 'central', 'false'),
  ('5ccc9d86-45f6-4875-4d16-5bb4330c5f1a', '109ecfb1-9f2f-4eba-abf8-f4ffd7f3ed9c', 'overcast', 821.67, 'string', 'true'),
  ('4f92dcb3-8b11-44d0-92aa-fc25445fe9ed', '41f75696-0ad0-4573-32ae-f7bb1a804ef8', 'partial_cloud', 3449.66, 'central', 'true'),
  ('4a544e7d-c6d8-456d-49a5-084ad03f0498', 'ee3790f1-8ddb-4ee3-ae66-89126f3e4455', 'partial_cloud', 3270.81, 'central', 'false'),
  ('27ca8fac-2fc1-476f-c9ac-b80358ae485b', 'ff12de8a-3e05-4c7c-1f75-2782f5132d17', 'clear', 2675.56, 'central', 'false'),
  ('4ac7cbdb-6858-4e8a-cc20-d64a8103a356', '53e8b495-2dfa-4be8-6d94-bd8666e31c49', 'partial_cloud', 975.45, 'central', 'false'),
  ('6d0e49fd-9aeb-48a0-ddf3-94f94bdef1e9', '40f30b2d-33a6-4ae8-83bf-a3f600971f58', 'clear', 3587.27, 'central', 'true');

INSERT INTO "pv_systems" ("id", "bus_id", "irradiance_profile", "capacity_kw", "inverter_type", "grid_forming") VALUES
  ('b4b6e087-f426-455c-93f2-a52948991869', '8b65466b-509f-41ef-c1cf-579710113541', 'overcast', 2724.75, 'central', 'false'),
  ('32c3c8dc-0556-4ed9-62f3-5303ba63fe76', '4673fed6-a423-4441-f46f-377976c70561', 'clear', 4484.14, 'central', 'false'),
  ('d2054c22-fc78-4870-820a-6db67cc4c7e2', 'c805e881-2dee-4b67-89db-fbc01b35b283', 'clear', 4441.33, 'microinverter', 'false'),
  ('a2285cd5-5302-4db2-9a38-53b707ae9d0a', 'ba3b5fe3-c32d-4aca-7ef8-da869f486981', 'clear', 2687.47, 'string', 'false'),
  ('136f70cc-37cf-4dcd-3775-13205d433bb6', '580b16f7-127c-4e10-bf9b-468ab0163aeb', 'clear', 2165.18, 'central', 'false'),
  ('58ccad65-ef4d-4e16-e9c4-7aa576da2fc0', '604eceb6-b1d6-4068-d794-4398da1d06bb', 'partial_cloud', 2261.45, 'microinverter', 'false'),
  ('ad884259-fbf1-4ca8-cb34-7393996916e8', '50618224-78fa-46a6-9c95-5448664461df', 'clear', 1412.44, 'string', 'false'),
  ('7b648640-0261-4f49-2ba9-35f44ee8bb87', '8d26135c-034d-42b2-b16e-a1bc0e04c652', 'overcast', 2593.02, 'central', 'false'),
  ('870f2dd4-3874-4f7d-d847-f3b59ab2ab9f', '4573547d-40d5-4597-dfeb-73f2afa79425', 'clear', 3665.71, 'string', 'false'),
  ('1da2fd7e-21ca-4b40-fee6-7f798d4acada', 'd027fa18-ccd3-4601-2021-03de993f0295', 'partial_cloud', 2498.97, 'central', 'false'),
  ('bfbe490d-d845-42db-1c37-2cbea9a87b49', '3dda591f-acf0-44e3-87fa-485360fd03c2', 'clear', 3748.97, 'string', 'false');

-- switching_events: 111 rows
INSERT INTO "switching_events" ("id", "line_id", "transformer_id", "event_type", "switching_angle_deg", "event_time", "operator_initiated", "protection_zone") VALUES
  ('1ac97cbf-f9e4-472b-8866-3633884aeb38', '71fdbaf1-175f-4cf3-e88b-640b5e977702', '3aa465d7-586e-4c63-f85c-b92742d7dc2c', 'load_tap_change', 314.6, '2025-07-23T13:58:29.863Z', 'false', 'zone_2'),
  ('3b1e85a4-7ac6-4315-e037-39fa4a0b75c3', '84143651-8e6c-40ab-4884-32243cb0f83c', '5a296a70-7ba4-4967-76e7-059b6d5354fc', 'line_closing', 44.41, '2026-04-16T19:58:21.180Z', 'true', 'zone_3'),
  ('70c41b47-3221-4647-9bd6-0188810ae79f', '85322be2-86e9-4583-07cb-4fd8d5d2976a', '31917c05-ef3f-4681-b020-1a66d7fcd8c4', 'load_tap_change', 148.94, '2026-01-24T13:38:44.339Z', 'false', 'zone_2'),
  ('b946ad58-0e6c-49a0-33a8-a8f29bcda22b', 'bb956d54-d2a6-4c2e-ca00-429207402ac3', '904ed949-30c3-4d37-f078-9db8f4848b96', 'load_tap_change', 113.57, '2025-05-21T17:28:43.125Z', 'false', 'zone_3'),
  ('8778f141-94dc-431a-c272-9464e6dd0c9a', '73da593b-dd28-499c-1442-7156c1a45400', '31917c05-ef3f-4681-b020-1a66d7fcd8c4', 'capacitor_switching', 351.83, '2025-08-07T08:42:52.573Z', 'false', 'zone_3'),
  ('cb4b80a1-42f5-4629-09a9-d81dd0eb776a', 'b88e54ff-bdb5-422c-fa12-21f0fcdf94cc', 'c4389d6a-5165-4aa2-4c3f-b4d7d1e6d5dc', 'fault_clearing', 291.43, '2025-07-21T10:39:18.339Z', 'true', 'zone_3'),
  ('c7384f61-7e1a-445f-b932-13b77cef6822', 'f3e81380-16d6-4bb0-85d4-7c67d8079831', '2c95f5da-b0cb-487e-746e-6dad288866db', 'fault_clearing', 45.89, '2025-09-28T02:40:59.285Z', 'false', 'zone_3'),
  ('0d8df66e-e2d3-4a1a-30e8-81388d126e8c', '1b047a85-fe97-424f-91ce-ca85b20c6f28', '32425bc7-e10d-4c34-c3d1-cbfb7a9699e2', 'load_tap_change', 158.93, '2026-02-18T09:57:31.069Z', 'false', 'zone_2'),
  ('a59a0762-5929-42c0-b02d-b0397f7221f4', 'ffdeb171-8ab3-474f-77f8-eb7e18d22167', '31917c05-ef3f-4681-b020-1a66d7fcd8c4', 'load_tap_change', 307.39, '2025-09-23T20:09:27.837Z', 'true', 'zone_1'),
  ('0851bdd3-085a-4b5f-0d71-72d11e0bd8cd', 'c31d74fe-5019-4fb4-3bb4-9cb32f0a02fe', '904ed949-30c3-4d37-f078-9db8f4848b96', 'fault_clearing', 30.64, '2026-01-22T14:55:37.987Z', 'false', 'zone_2'),
  ('0208c627-39ee-42b0-47e2-d1d9e9ee8857', 'ab5a2b10-7d7b-47ea-b3ec-dae8aba61f20', '9dc32aa3-ab0a-4e38-8fd8-5e8fc771662f', 'capacitor_switching', 185.98, '2025-07-23T03:58:58.864Z', 'true', 'zone_2'),
  ('8014dbee-3377-45c2-9214-1ace29ac399a', '4e630c90-d362-4fe8-b8d3-2b83b63d1804', 'b55b8500-e43b-44d5-7bd0-2d9c582fcb66', 'load_tap_change', 244.3, '2025-07-23T12:55:02.213Z', 'false', 'zone_1'),
  ('f19720d2-0897-43e2-1e3e-f5c6af48d213', '90fb23b7-10e4-4392-e296-dc2c9eb0307c', '760f1810-b6d4-494f-b554-d3cf42ca9aee', 'capacitor_switching', 313.16, '2026-03-19T11:48:51.240Z', 'false', 'zone_3'),
  ('11e64e59-d7c3-41e8-6cc4-7f3081bc090e', '5ff7775a-9c05-4ec2-b1d5-43a953b6fbce', 'e07ea58f-47e8-4e40-3c37-a5736082ded6', 'line_closing', 314.63, '2026-01-04T02:26:48.705Z', 'true', 'zone_1'),
  ('8f39b3ba-f070-4981-937c-b80bda4969a6', '06e5d328-489b-4763-8236-5ce087c4f18d', '19e2aaad-9817-49f1-8c2e-cd27e8ccce73', 'line_closing', 92.12, '2025-11-16T06:47:11.331Z', 'true', 'zone_2'),
  ('25bc4417-018e-4ad5-1fa0-0fb41c88a13c', 'f768a3d3-262b-44d2-a909-ece1b3081802', '2d052d74-e97e-4a7c-f7d6-ade7dbdaa427', 'line_closing', 209.39, '2025-08-29T06:04:36.659Z', 'true', 'zone_2'),
  ('c2fa001e-2d8f-4023-7d3f-ba5482aee5b2', '0e44f99d-ca40-4fef-2dc5-60eab2612391', '5ce700de-78bc-4f29-aa5d-7a56b499fbf2', 'line_closing', 120.1, '2025-05-01T05:21:03.454Z', 'false', 'zone_1'),
  ('0448931a-b998-447f-b856-cdf2746c0683', 'ba2a0f94-0a0c-4818-f3c5-524ff99c69e2', '9fb16de1-6c8f-4c4f-63d6-500f43cc49bd', 'fault_clearing', 219.76, '2025-08-24T19:47:23.680Z', 'true', 'zone_2'),
  ('84f87e0b-61b6-4502-39fb-a6bb0cb172d6', 'f0d93daf-00c4-4292-29aa-26a42845e14c', '497cd317-1f0a-4dfb-bb99-fea4972058d0', 'capacitor_switching', 310.08, '2025-05-19T11:17:09.589Z', 'false', 'zone_3'),
  ('c2125f9f-3c42-4546-16be-ec083eba204f', 'cd71a4aa-0582-4538-6606-19702b65ede2', '8fe6bdd8-3e42-4bac-7252-6c338a368268', 'load_tap_change', 131.8, '2026-04-26T21:25:18.986Z', 'false', 'zone_3'),
  ('96b138a8-8132-40a9-2055-e7b62c9a2ed2', '4e630c90-d362-4fe8-b8d3-2b83b63d1804', '6268b5a2-2472-493b-ed2a-61404e471ff2', 'load_tap_change', 255.43, '2026-02-09T17:32:56.469Z', 'true', 'zone_3'),
  ('4ce22308-4711-4ac6-5b00-8c2d444efcd2', '6dafca6e-0cd6-42e2-bee1-21d022abcc0c', 'd8147298-1385-4926-267a-4207bae76c4e', 'capacitor_switching', 261.14, '2025-08-08T09:08:29.956Z', 'false', 'zone_3'),
  ('587334b0-599f-4f7e-d135-02040baa0947', '8e40b444-6a9d-4ea1-d7ee-79383e0a1af6', 'bd84b91c-8a9d-4f19-6fe4-0e0fd9690f26', 'capacitor_switching', 244.47, '2025-06-23T06:42:15.244Z', 'true', 'zone_3'),
  ('535d0057-29df-4c06-d1c3-92b5df41f663', '8127db8a-b864-466f-fc3f-a6424bea6e03', '6b9adc75-2776-443f-415f-848ac9375fe8', 'capacitor_switching', 191.63, '2025-06-26T06:12:02.138Z', 'false', 'unzoned'),
  ('ee55ee72-c0a0-4c42-87fb-973bd19c2d96', '0e44f99d-ca40-4fef-2dc5-60eab2612391', '7f6fede8-ea7f-41d3-961a-b11cf6c64e8c', 'load_tap_change', 5.71, '2026-04-09T18:17:05.376Z', 'false', 'zone_3'),
  ('83ca6db5-f3de-4e7d-8ddc-df4832cb0cfa', '8e40b444-6a9d-4ea1-d7ee-79383e0a1af6', '9495d4f2-477b-4230-1329-fafe6b5a524b', 'load_tap_change', 66.43, '2026-04-22T19:25:37.051Z', 'false', 'zone_3'),
  ('472de668-93bc-4092-817b-0ab0c2f67931', 'af6015d5-c92a-4e2c-2172-90a66e23fb15', '760f1810-b6d4-494f-b554-d3cf42ca9aee', 'capacitor_switching', 299.88, '2026-03-02T08:36:46.192Z', 'false', 'zone_3'),
  ('3e25f646-c0fa-4998-f79a-68ab45d2d128', '9f63c0e0-6ef5-497c-a8b1-2dd371cea8fc', '0833b2cf-7d1e-494f-d8ae-3f14d9d8f575', 'capacitor_switching', 173.68, '2025-11-22T18:47:35.541Z', 'false', 'zone_1'),
  ('6420f7bb-5b7c-43e1-6b3a-e91ec48ac394', '87c6bd44-5161-4071-ba0c-920558a91e92', 'ae348593-68f1-4344-3174-edaefcf5b73e', 'line_closing', 244.47, '2025-12-02T12:29:12.661Z', 'false', 'zone_1'),
  ('bc311f68-d00f-44c3-1d96-817af35db81f', '73da593b-dd28-499c-1442-7156c1a45400', '93179bec-9a98-431b-5388-be7e7965bc4a', 'line_closing', 152.36, '2025-08-07T16:07:03.368Z', 'false', 'zone_3'),
  ('ccf86632-746e-4ff9-c468-c602d26f5bec', 'c31d74fe-5019-4fb4-3bb4-9cb32f0a02fe', '9dc32aa3-ab0a-4e38-8fd8-5e8fc771662f', 'load_tap_change', 150.6, '2025-09-04T06:37:59.735Z', 'false', 'zone_3'),
  ('4fd7812b-f713-4165-af60-8c5b889cbf85', '98c9d2a3-336e-4604-f3b4-fabc71bd1e25', '5b9d8774-041b-40b4-2c24-7b9c3a4d28a8', 'load_tap_change', 197.6, '2026-02-11T23:56:36.410Z', 'false', 'zone_2'),
  ('1a33297b-c79a-49b1-c8ad-139964f50c2d', 'e5e66925-d2cf-4d02-758c-5fd13e97f8dc', 'd8940c30-cc23-4346-ce21-3368bf44e499', 'capacitor_switching', 322.92, '2025-10-17T15:45:11.710Z', 'true', 'zone_1'),
  ('523d2fbf-8731-4c3b-3370-6ab4d6548132', '730f8942-8b4a-447c-7925-dc71ac36fc86', 'bda067ac-32a0-4bab-75de-3fee77b22971', 'capacitor_switching', 194.49, '2025-08-18T02:47:15.142Z', 'true', 'zone_3'),
  ('319494bb-f1e7-4553-86ea-7db0e7448d02', '7f390be1-4b6e-46c4-9489-bc33d034105a', '497cd317-1f0a-4dfb-bb99-fea4972058d0', 'capacitor_switching', 168.83, '2025-10-13T16:20:07.473Z', 'false', 'unzoned'),
  ('da6da139-0150-4440-c1b2-8148d20a8a54', '52f6df5c-c080-4bc9-398f-b1d67b1c5ea6', '1ea514c6-4a00-4181-38b1-5301afcee299', 'line_closing', 133.09, '2025-11-14T12:21:59.983Z', 'false', 'zone_3'),
  ('83eebfb2-6118-47e2-36de-f7d74125aeb3', '274a31c4-a628-42e6-46cd-674aea5f02d1', 'b2d4fb47-c099-4d9f-52a6-d89f88b2f8c1', 'capacitor_switching', 187.66, '2025-09-16T18:15:25.422Z', 'true', 'zone_3'),
  ('83b4af2e-d886-49a8-a51c-4d28972e1c98', '6b492ee8-6f0a-41e9-c0b5-4baba42ec155', 'dc97fa44-57a1-4d84-2530-20a19b2c875c', 'capacitor_switching', 357.9, '2025-10-27T01:53:19.467Z', 'false', 'zone_1'),
  ('6237e26d-45ab-47a8-b12d-fa6b2766d775', 'f563e93e-bcc4-45c4-9090-3bc651280b22', '8996ba05-aeaa-4884-e13a-29a713ab801f', 'line_closing', 182.47, '2026-02-02T22:09:00.324Z', 'false', 'zone_3'),
  ('222b96f4-cb86-47df-1598-6fefd63c93e1', '274a31c4-a628-42e6-46cd-674aea5f02d1', '45f77865-e6d7-4e35-8aa7-c1b2fba699dd', 'line_closing', 322.76, '2025-08-26T09:35:08.435Z', 'true', 'zone_2'),
  ('4d21e88a-1187-4d6d-fb12-320d89636f02', '3761cbf1-9e07-4ede-0288-6cb834c3b66e', '2a1a5625-f603-422d-7021-c8783a994120', 'load_tap_change', 244.2, '2026-04-16T21:12:21.291Z', 'true', 'zone_3'),
  ('e247421c-f892-4eba-2d6d-d22e4b6febfc', 'd0a96acf-ed10-4c39-77ca-a56744c7ef13', '162234f6-71ea-4eaa-53b4-60e942af3640', 'load_tap_change', 110.36, '2026-01-02T01:11:33.331Z', 'false', 'zone_3'),
  ('28b80243-06d4-49ce-bf68-16c38ef0e1b8', '47a0bfd2-58a5-42ce-21c5-b19ffdb2c008', '38abf207-4738-4656-eb52-c6a4bc34d25f', 'fault_clearing', 173.54, '2026-02-10T09:17:35.388Z', 'false', 'zone_3'),
  ('ead447ad-d950-4056-68fd-0231f8dd3b83', '5b334f96-ed43-467e-08a7-f20af5e7f7e9', 'd456d7e1-fadb-4c30-a8f0-10ddf956714d', 'line_closing', 40.48, '2025-08-25T12:29:27.018Z', 'false', 'zone_3'),
  ('e8aebe70-cb11-43ef-dee6-42132bbadd23', 'd7a8554f-2302-40dc-ddca-bc5bb9f85eb0', '462632c4-b3ce-46a5-00dd-292b185eddcc', 'line_closing', 296.96, '2025-10-24T13:08:08.868Z', 'false', 'zone_1'),
  ('b20920bb-565f-44f8-701b-f9c8b41d5ebf', 'bff86c9e-d25f-4d13-bfa0-35de1f8da4aa', '22b39def-c369-470d-e721-6fefdd621db7', 'line_closing', 215.27, '2025-12-18T05:32:50.498Z', 'false', 'zone_1'),
  ('ab97d30b-122b-4f24-e1f1-35d68cff5ff0', 'ddfa1477-120e-4cc6-690e-e48c8123aefb', '8fafa614-257a-4ec3-d575-8a8de071a873', 'load_tap_change', 296.8, '2025-12-05T03:47:49.433Z', 'false', 'zone_3'),
  ('d409101e-e852-4971-6b6c-478cf4615b50', '935d3249-9eec-40ee-ee7d-c51eb3e89e3d', '9fb16de1-6c8f-4c4f-63d6-500f43cc49bd', 'capacitor_switching', 293.76, '2025-08-17T13:42:41.621Z', 'true', 'zone_3'),
  ('adc2a44e-2cef-4c2b-e5f7-76f7d773995a', '9293ac40-c3e9-4946-bd11-7e85c1e567c0', '6ae9b845-dff0-4286-e13a-930dbe9e720c', 'load_tap_change', 111.32, '2026-04-21T08:48:36.988Z', 'false', 'zone_2'),
  ('3bcae768-6c2d-441a-2880-ff292775f936', 'd5af739b-d395-4594-929f-02c0da1f45e6', 'bda067ac-32a0-4bab-75de-3fee77b22971', 'capacitor_switching', 188.7, '2025-08-03T01:52:04.442Z', 'false', 'zone_1'),
  ('feff8b33-8e85-429d-1082-6f8b2fe0d884', '8e40b444-6a9d-4ea1-d7ee-79383e0a1af6', '114b0652-3277-4a22-bf5a-56465192d5f1', 'capacitor_switching', 23.37, '2025-09-24T10:26:31.545Z', 'false', 'zone_3'),
  ('0b4be48f-5473-4ac6-9cbe-c10d348c04ac', '8b7bf4d1-c4f0-4618-6639-0583eca39fd3', '03579b4a-42ca-456e-3d8a-5cbbd5094c5c', 'load_tap_change', 350.18, '2026-04-30T19:27:47.609Z', 'true', 'zone_2'),
  ('5a323b56-387d-4883-1462-f3910bf3297f', '0b822200-cff3-4c1e-f5b2-e3b46cf43e90', '0500ce75-0a34-4fbb-a7f9-64652d2a2367', 'capacitor_switching', 15.11, '2025-11-24T00:03:12.167Z', 'false', 'zone_1'),
  ('fe029981-eec1-4ba9-830d-8a362ea63364', '437202ca-af47-4004-14cb-0407ec3acdc7', 'e8f39626-c848-4f93-3434-067087017812', 'line_closing', 249.12, '2026-04-29T03:32:12.515Z', 'false', 'zone_2'),
  ('315fcdde-4d54-4aaa-73f9-baf2d2db2d95', '85322be2-86e9-4583-07cb-4fd8d5d2976a', 'ae348593-68f1-4344-3174-edaefcf5b73e', 'line_closing', 357.03, '2025-06-21T16:14:12.936Z', 'false', 'zone_2'),
  ('354286bd-acc3-47b5-90b0-87094ea7ceab', '2d9b5dc1-87c5-46ec-1972-ebfe68508d82', 'dc97fa44-57a1-4d84-2530-20a19b2c875c', 'load_tap_change', 100.19, '2026-04-21T04:33:48.696Z', 'false', 'zone_2'),
  ('6809e6d2-a6ab-447d-b4f5-e1533cd56a73', '98c9d2a3-336e-4604-f3b4-fabc71bd1e25', '904ed949-30c3-4d37-f078-9db8f4848b96', 'capacitor_switching', 135.83, '2026-02-20T18:37:55.332Z', 'false', 'zone_1'),
  ('cb87289f-bc10-415b-e4bb-ec419b14eec7', '8893c4b1-f4f0-4f01-4f26-bb6240d81aef', 'aec372fd-8abb-4c10-8416-8ecb391c1682', 'line_closing', 77.67, '2025-07-28T19:25:25.465Z', 'false', 'zone_3'),
  ('d7d3e4ca-c228-4a2c-e273-23173dca5f98', '6b492ee8-6f0a-41e9-c0b5-4baba42ec155', '22b39def-c369-470d-e721-6fefdd621db7', 'line_closing', 158.41, '2025-09-06T05:27:48.659Z', 'false', 'zone_2'),
  ('1dc10d7e-e972-4fb7-b60e-f17042c3d029', 'ed757bf6-4f01-4fab-3859-9029777e7817', '88f4b5c2-2e70-4ed1-0a3b-c2baab8ea452', 'capacitor_switching', 22.89, '2025-07-13T07:11:22.363Z', 'false', 'zone_3'),
  ('86ee513f-22b9-46a7-6971-6cf028ecaf49', '98c9d2a3-336e-4604-f3b4-fabc71bd1e25', '114b0652-3277-4a22-bf5a-56465192d5f1', 'capacitor_switching', 45.27, '2025-05-25T15:35:11.169Z', 'false', 'zone_2'),
  ('92ec16f1-cf08-4852-c9fe-968bb7f40de1', '09fcd98e-df03-4e10-4306-fec84d710b5a', 'dbeff5f1-fbc2-4d1f-4a3a-846ed5ccaa0c', 'load_tap_change', 7.88, '2025-08-16T18:24:51.541Z', 'false', 'zone_2'),
  ('72034d7d-8cee-4b38-f226-025f5793397d', 'd5af739b-d395-4594-929f-02c0da1f45e6', 'c44cf3d0-2e55-4c85-3b12-9090219df2b6', 'fault_clearing', 40.99, '2026-01-10T02:53:52.691Z', 'false', 'zone_1'),
  ('1336413e-9b1a-46f1-bc08-94d13a6dd256', '71fdbaf1-175f-4cf3-e88b-640b5e977702', 'efa8de38-6828-41c8-6678-3013d03f1c16', 'load_tap_change', 208.08, '2025-12-29T07:54:21.548Z', 'true', 'zone_2'),
  ('3157e9a5-ad33-4609-b466-351cdbbd2187', 'ddfa1477-120e-4cc6-690e-e48c8123aefb', '0833b2cf-7d1e-494f-d8ae-3f14d9d8f575', 'capacitor_switching', 64.66, '2026-02-11T00:52:33.496Z', 'true', 'zone_2'),
  ('d22ea66e-466e-4601-bdbf-30804f0925fb', '69c740e1-2bab-46b6-a56e-a1b991ab89b5', '6b9adc75-2776-443f-415f-848ac9375fe8', 'capacitor_switching', 233.59, '2025-08-02T14:31:40.726Z', 'false', 'zone_2'),
  ('3c145007-f7e7-4b9d-d86b-fcf653d4e7ef', '95e39adc-07a4-411b-60ae-35e0d6183f41', '8af6aad7-889d-4b0d-d19a-245535e6a3aa', 'line_closing', 240.14, '2026-02-07T15:25:13.617Z', 'true', 'zone_3'),
  ('18dccea6-1196-4c8c-e8c7-0fe16c80f141', '6b492ee8-6f0a-41e9-c0b5-4baba42ec155', '1aaec704-1699-4b15-7db7-50b4643f144c', 'line_closing', 28.28, '2025-05-18T03:46:18.451Z', 'true', 'zone_3'),
  ('0fa87fad-ddf0-4ea8-5cd3-1d8b874a6697', '0b822200-cff3-4c1e-f5b2-e3b46cf43e90', '1ea514c6-4a00-4181-38b1-5301afcee299', 'line_closing', 276.98, '2025-05-24T07:51:19.548Z', 'false', 'zone_2'),
  ('4ff5a72e-77e1-42f7-3e14-8a4cbc5507af', '7f390be1-4b6e-46c4-9489-bc33d034105a', '2a1a5625-f603-422d-7021-c8783a994120', 'load_tap_change', 51.16, '2026-01-11T23:43:51.293Z', 'false', 'zone_3'),
  ('ac2bb7e2-08c5-4c20-3473-107b257c7c63', '437202ca-af47-4004-14cb-0407ec3acdc7', '8fafa614-257a-4ec3-d575-8a8de071a873', 'line_closing', 308.79, '2026-02-16T08:21:08.273Z', 'false', 'zone_2'),
  ('733fd3d4-4023-483b-5b31-9c37a5d96434', '274a31c4-a628-42e6-46cd-674aea5f02d1', 'aec372fd-8abb-4c10-8416-8ecb391c1682', 'capacitor_switching', 250.1, '2025-09-14T16:16:56.363Z', 'false', 'zone_2'),
  ('e55bd921-64ac-4ee6-886b-c4b9f5c675db', '8b6cd7de-fd3d-48fe-37b3-ad67e75a2dda', '32425bc7-e10d-4c34-c3d1-cbfb7a9699e2', 'line_closing', 300.82, '2025-10-14T17:57:39.885Z', 'false', 'zone_3'),
  ('4abe8559-64c4-456e-e502-afdbd6684a59', '47f2f40a-4f0f-47e0-e97b-079279f04ab4', '9180a8fe-36a5-4914-a7d9-aa66138fc4a1', 'load_tap_change', 259.92, '2025-10-30T09:58:14.987Z', 'true', 'zone_3'),
  ('31d5f209-b934-4d34-d2b2-5e0c93d49277', '9419df5f-0111-4438-f22b-405a3122d473', '0833b2cf-7d1e-494f-d8ae-3f14d9d8f575', 'load_tap_change', 131.72, '2025-12-20T23:17:46.059Z', 'false', 'zone_2'),
  ('ef455d52-a82e-4538-ef0a-f3d11297c19d', '9293ac40-c3e9-4946-bd11-7e85c1e567c0', 'ccb5cc09-22a1-4f20-0b86-8dabea1bd31b', 'capacitor_switching', 304.29, '2026-03-17T22:27:10.763Z', 'false', 'zone_2'),
  ('55ef4bb0-69a0-4e7f-576c-09f92d7b9bc1', '98c9d2a3-336e-4604-f3b4-fabc71bd1e25', '1ea514c6-4a00-4181-38b1-5301afcee299', 'load_tap_change', 316.95, '2026-01-13T04:48:47.282Z', 'false', 'zone_2'),
  ('75f4d906-b206-48c4-9d60-494257e4386f', '04b85760-1318-4a0b-76bf-91e7121d4884', '9495d4f2-477b-4230-1329-fafe6b5a524b', 'line_closing', 71.42, '2025-08-15T07:35:13.400Z', 'false', 'zone_3'),
  ('30b2d6ff-2c54-4ee3-3113-803bdd6493bd', '97bdc7f0-ea6c-484d-c5c3-a1ae60b072f9', 'c7688b31-5a51-48f5-5504-96648ab84e34', 'capacitor_switching', 254.68, '2025-07-28T14:30:47.484Z', 'false', 'unzoned'),
  ('3d2b08bd-639d-494c-5292-9f0df81f67f1', '7a1f74f3-58fb-4249-d042-0a36a8f809a8', 'ba65d649-9131-4919-83cf-9ca0eb9cc534', 'line_closing', 141.65, '2025-07-07T00:40:55.568Z', 'false', 'zone_2'),
  ('997e6401-4ff6-4706-cb70-09f5bb02509f', '71fdbaf1-175f-4cf3-e88b-640b5e977702', '6dc34f88-d01e-4099-bffe-82c641da9f0b', 'load_tap_change', 313.11, '2025-11-09T08:42:40.459Z', 'false', 'zone_2'),
  ('58afba7c-529c-4255-46cd-d5c124abe8a0', 'c1b20572-1ae3-4d98-5737-126cb4aa43bc', 'e327e2ed-36b7-4177-a57c-388f15bcb438', 'capacitor_switching', 187.34, '2025-05-14T19:30:49.985Z', 'false', 'unzoned'),
  ('2ccd601f-a34b-4705-71f8-7bc751884319', '97bdc7f0-ea6c-484d-c5c3-a1ae60b072f9', 'abb5f82b-b314-4222-08fc-072218d9b89d', 'line_closing', 230.1, '2025-07-08T22:52:19.407Z', 'true', 'zone_1'),
  ('aa92f339-06ab-4b7c-ab0a-a108f412daac', '85322be2-86e9-4583-07cb-4fd8d5d2976a', '88f4b5c2-2e70-4ed1-0a3b-c2baab8ea452', 'line_closing', 37.94, '2025-09-19T12:45:22.744Z', 'true', 'zone_1'),
  ('60622e36-254a-41a1-79fc-a3a7ef77708d', 'cd71a4aa-0582-4538-6606-19702b65ede2', '281e47f1-317d-47b9-cdc1-17caa1b8bae1', 'line_closing', 150.68, '2025-12-26T21:41:59.471Z', 'false', 'zone_2'),
  ('b5353835-4db9-44bb-db40-fc857726ecb5', '3dc88fec-b0d4-42ef-ce85-2ea575b5b053', '8fafa614-257a-4ec3-d575-8a8de071a873', 'line_closing', 191.16, '2025-09-24T03:27:40.220Z', 'true', 'zone_1'),
  ('c40f78b9-3835-440c-461b-c6fa2be6f3a0', '0e44f99d-ca40-4fef-2dc5-60eab2612391', '772280ec-84e8-4b1a-4876-217a6a4436b1', 'capacitor_switching', 285.06, '2025-12-08T06:46:16.926Z', 'false', 'zone_3'),
  ('f4ac7aff-bccb-42c1-afd1-e4c485a31f42', '551a86ab-4d2b-4730-8cc0-99fa2b45c424', '9180a8fe-36a5-4914-a7d9-aa66138fc4a1', 'load_tap_change', 172.95, '2026-04-12T05:22:15.710Z', 'false', 'zone_1'),
  ('2a72784c-ace7-4b5d-957e-33df8fdc77ce', '2dff58ce-c614-4f2b-c482-abd45c2e70b3', 'c44cf3d0-2e55-4c85-3b12-9090219df2b6', 'line_closing', 312.7, '2025-09-24T23:17:20.149Z', 'true', 'zone_1'),
  ('52c80943-ca01-4d99-9402-f8b97ed0e91c', '8127db8a-b864-466f-fc3f-a6424bea6e03', '1aaec704-1699-4b15-7db7-50b4643f144c', 'line_closing', 143.99, '2025-08-28T23:36:27.600Z', 'true', 'zone_2'),
  ('e2758624-8c74-4507-2df4-f561a10593df', '62cea629-6384-4255-b5aa-51527ee6dda9', '8fe6bdd8-3e42-4bac-7252-6c338a368268', 'capacitor_switching', 216.72, '2025-11-13T18:40:39.362Z', 'false', 'zone_3'),
  ('b8d26265-a50f-484b-d338-f0d78b441251', '0314d822-8255-4f38-05bb-038c357e9cba', '6ae9b845-dff0-4286-e13a-930dbe9e720c', 'capacitor_switching', 187.46, '2026-03-02T04:52:24.455Z', 'false', 'zone_3'),
  ('318bdec4-538d-460e-b058-fb1f98854f56', '839aa6d0-5ff5-4be0-a286-d12b41df50ca', '869ceda4-126a-4cb7-e110-8baa2ff43869', 'capacitor_switching', 323.11, '2025-10-30T03:31:46.562Z', 'true', 'zone_2'),
  ('e8c1b890-925d-4cd5-183f-077b7d0381e6', 'f0d93daf-00c4-4292-29aa-26a42845e14c', 'a6ab4965-cc1c-4d9c-ee6e-7734046ce74a', 'fault_clearing', 306.06, '2025-12-16T00:01:17.760Z', 'true', 'zone_3'),
  ('93d7a7db-e3e7-42d8-f809-61d2cddfbec8', '2d9b5dc1-87c5-46ec-1972-ebfe68508d82', 'aec372fd-8abb-4c10-8416-8ecb391c1682', 'load_tap_change', 77.04, '2025-08-15T00:23:11.878Z', 'false', 'zone_1'),
  ('d0694bd6-f949-4579-08af-6f461bf6020c', '5e9bc51b-cc05-426e-0aa3-c409c135f402', '3a025eb1-7a03-41cb-9053-0bbdf8b31505', 'fault_clearing', 329.59, '2026-04-30T05:14:36.761Z', 'false', 'zone_2'),
  ('3f019cad-2e4b-41d8-3ccc-e965a705f193', '14b85edd-a09c-44ce-c76f-4b78f978c2fa', 'aec372fd-8abb-4c10-8416-8ecb391c1682', 'capacitor_switching', 32.55, '2025-09-06T23:16:03.925Z', 'false', 'unzoned'),
  ('b3abc2a7-948a-4116-79b9-52ce55482851', '14b85edd-a09c-44ce-c76f-4b78f978c2fa', '9dc32aa3-ab0a-4e38-8fd8-5e8fc771662f', 'line_closing', 24.91, '2025-12-31T02:29:31.201Z', 'true', 'zone_3'),
  ('fd2f7921-9360-49cc-4151-3e22861860d2', 'ddfa1477-120e-4cc6-690e-e48c8123aefb', '38abf207-4738-4656-eb52-c6a4bc34d25f', 'load_tap_change', 16.11, '2025-05-01T22:54:28.460Z', 'true', 'zone_3'),
  ('8fc4c19f-8fd7-4aa5-3831-f1ddd813131f', '274a31c4-a628-42e6-46cd-674aea5f02d1', 'f5d0d27a-9381-4d98-22be-d1f5f6354d17', 'line_closing', 18.37, '2025-10-04T01:30:09.601Z', 'false', 'zone_2');

INSERT INTO "switching_events" ("id", "line_id", "transformer_id", "event_type", "switching_angle_deg", "event_time", "operator_initiated", "protection_zone") VALUES
  ('26a75138-3baa-450d-2c75-12b3d5925c0c', '71fdbaf1-175f-4cf3-e88b-640b5e977702', '281e47f1-317d-47b9-cdc1-17caa1b8bae1', 'line_closing', 277.69, '2025-07-10T06:06:26.093Z', 'true', 'zone_3'),
  ('ebf67194-ad44-4954-d0bc-3bc3ea98bddc', '3dc88fec-b0d4-42ef-ce85-2ea575b5b053', '904ed949-30c3-4d37-f078-9db8f4848b96', 'line_closing', 186.67, '2025-05-20T16:54:51.726Z', 'true', 'zone_3'),
  ('87515057-8229-4b0d-17a0-208f29dc1957', '274a31c4-a628-42e6-46cd-674aea5f02d1', 'b7d2d79d-1f99-4395-db0c-478409305f0a', 'capacitor_switching', 26.53, '2025-12-07T04:54:57.729Z', 'false', 'zone_1'),
  ('bd5c8793-8969-4613-f009-3b976d776d4a', '059b5edf-a0cf-42c8-66f4-7d7d437464fb', 'b55b8500-e43b-44d5-7bd0-2d9c582fcb66', 'line_closing', 88.79, '2025-11-29T02:43:32.195Z', 'true', 'zone_3'),
  ('5a2e994f-f426-43f2-ade2-89cb3a80cb65', 'c4b2b8bd-30f4-4dba-2de9-412941abbafe', 'cbdf8576-0579-4f95-4cee-31af456b699c', 'capacitor_switching', 78.55, '2025-06-30T16:22:20.218Z', 'true', 'zone_3'),
  ('98849ab9-b2f2-41cc-499e-3032fa59367e', '9293ac40-c3e9-4946-bd11-7e85c1e567c0', '2a1a5625-f603-422d-7021-c8783a994120', 'capacitor_switching', 331.9, '2025-05-01T08:36:41.160Z', 'false', 'zone_3'),
  ('7d8278e5-56d4-4cd3-b951-a6dc9290d827', 'ab5a2b10-7d7b-47ea-b3ec-dae8aba61f20', 'dbeff5f1-fbc2-4d1f-4a3a-846ed5ccaa0c', 'capacitor_switching', 272.23, '2025-07-01T09:27:53.052Z', 'false', 'zone_3'),
  ('c1c3c801-90f1-4b9c-3fb0-6a5307c2e785', '935d3249-9eec-40ee-ee7d-c51eb3e89e3d', '162234f6-71ea-4eaa-53b4-60e942af3640', 'fault_clearing', 207.02, '2025-08-11T02:53:57.076Z', 'false', 'zone_2'),
  ('70e9ee97-110f-4eb2-b2bc-2a3835e6bb2d', 'ff7539e9-9e64-481c-968d-926091ac3500', 'd10b135b-9871-4f61-7a5b-e5c33fafe049', 'line_closing', 176.29, '2025-05-30T02:40:01.973Z', 'false', 'zone_3'),
  ('62ae6ed4-ba35-4bba-f746-2e8ff2486af8', '77e83b45-7b1a-4c76-b14d-458dd8c14795', 'd10b135b-9871-4f61-7a5b-e5c33fafe049', 'capacitor_switching', 67.03, '2026-01-03T07:37:28.991Z', 'true', 'zone_2'),
  ('2b145fac-9f87-4030-fea9-36fa64bb535e', '9419df5f-0111-4438-f22b-405a3122d473', '497cd317-1f0a-4dfb-bb99-fea4972058d0', 'capacitor_switching', 282.11, '2026-03-19T09:52:04.389Z', 'false', 'unzoned');

-- ferroresonance_events: 111 rows
INSERT INTO "ferroresonance_events" ("id", "line_id", "switching_event_id", "ferro_mode", "is_label_positive", "peak_overvoltage_pu", "duration_ms", "detected_at", "suppressed_by_relay") VALUES
  ('971b760c-359a-452f-0e7b-594c7d12ec31', '73da593b-dd28-499c-1442-7156c1a45400', '3bcae768-6c2d-441a-2880-ff292775f936', 'chaotic', 'false', 2.07, 3511.84, '2025-07-19T11:03:17.193Z', 'true'),
  ('f50ede3b-30b2-4e66-98d8-cdd211258a67', '2d9b5dc1-87c5-46ec-1972-ebfe68508d82', 'ee55ee72-c0a0-4c42-87fb-973bd19c2d96', 'chaotic', 'false', 1.34, 3663.13, '2026-01-07T23:14:23.279Z', 'true'),
  ('91a25b0f-234e-46fb-4410-d1806c36c8a7', '47a0bfd2-58a5-42ce-21c5-b19ffdb2c008', '92ec16f1-cf08-4852-c9fe-968bb7f40de1', 'chaotic', 'false', 1.5, 3742.54, '2025-07-22T00:17:11.722Z', 'true'),
  ('82ef6295-2c61-44ec-2d98-8a127735d36e', 'd2e2c6b3-0f17-49c8-9228-8af3159b40d2', 'b3abc2a7-948a-4116-79b9-52ce55482851', 'chaotic', 'false', 1.59, 2043.19, '2026-03-06T13:03:56.313Z', 'true'),
  ('a88a510e-4a8a-4618-a076-f2d3dd614d49', 'a0081f05-87b1-4e2b-a31a-8a9f2a97211c', 'ef455d52-a82e-4538-ef0a-f3d11297c19d', 'sub_harmonic', 'false', 1.66, 3121.79, '2025-08-24T08:41:05.428Z', 'true'),
  ('a9263e55-aabf-49d3-dd5a-6921686962cb', '551a86ab-4d2b-4730-8cc0-99fa2b45c424', 'bc311f68-d00f-44c3-1d96-817af35db81f', 'chaotic', 'false', 2.76, 1080.56, '2025-09-16T12:25:05.423Z', 'false'),
  ('88356039-d3d4-42e8-1c4f-d812e0ec3a6d', 'd50efcfb-a56b-49ed-6066-7a8e2ad87506', 'e8aebe70-cb11-43ef-dee6-42132bbadd23', 'fundamental', 'false', 2.88, 3719.94, '2026-01-26T02:29:54.961Z', 'false'),
  ('57cfdef1-c9df-4cfd-bdd4-7b89a9f775bd', '90fb23b7-10e4-4392-e296-dc2c9eb0307c', 'c1c3c801-90f1-4b9c-3fb0-6a5307c2e785', 'fundamental', 'false', 4.25, 542.35, '2026-02-09T00:11:11.098Z', 'true'),
  ('290c5dfc-53dd-453d-9c00-dd753a8cf0d4', '09fcd98e-df03-4e10-4306-fec84d710b5a', '8fc4c19f-8fd7-4aa5-3831-f1ddd813131f', 'chaotic', 'false', 1.69, 4787.27, '2026-03-10T05:35:59.038Z', 'true'),
  ('72d9d057-5a61-4fad-a44b-3f83f5ed1535', 'c88f5c71-1016-40c1-0950-c93718ad8cfe', 'bc311f68-d00f-44c3-1d96-817af35db81f', 'sub_harmonic', 'false', 1.19, 105.56, '2026-04-13T23:31:52.231Z', 'true'),
  ('2415f1e8-5adb-44a7-e38c-e491b0f9e280', '69c740e1-2bab-46b6-a56e-a1b991ab89b5', 'e247421c-f892-4eba-2d6d-d22e4b6febfc', 'sub_harmonic', 'false', 1.79, 2005.6, '2026-03-04T01:14:02.181Z', 'false'),
  ('c6a6a693-403d-4887-5d2c-66884ed9714c', 'f563e93e-bcc4-45c4-9090-3bc651280b22', '8f39b3ba-f070-4981-937c-b80bda4969a6', 'sub_harmonic', 'false', 3.64, 561.82, '2025-07-30T10:14:30.290Z', 'true'),
  ('fe9c5d45-a4a7-4fe6-6747-5d41b3e79616', 'a0081f05-87b1-4e2b-a31a-8a9f2a97211c', '0851bdd3-085a-4b5f-0d71-72d11e0bd8cd', 'chaotic', 'false', 1.42, 1758.67, '2025-10-08T09:16:30.791Z', 'true'),
  ('f8045bed-8257-4876-6480-0c451a68b461', '47a0bfd2-58a5-42ce-21c5-b19ffdb2c008', 'bd5c8793-8969-4613-f009-3b976d776d4a', 'chaotic', 'false', 4.13, 1840.91, '2025-05-05T18:46:24.694Z', 'true'),
  ('9bbc6d81-4354-429e-a708-c19da90e765f', 'af8e8882-eff4-477a-402b-aea979d86ee9', 'c40f78b9-3835-440c-461b-c6fa2be6f3a0', 'sub_harmonic', 'false', 3.2, 1487.22, '2026-01-03T07:57:29.641Z', 'false'),
  ('b1263255-ae94-4b69-cb13-3d5511baa9e8', '1182d33a-cebb-489d-376d-e07348ffa238', '83b4af2e-d886-49a8-a51c-4d28972e1c98', 'fundamental', 'false', 4.13, 4581.84, '2025-12-30T23:30:16.046Z', 'false'),
  ('484d81f8-901e-42c6-be84-ae596e50907f', '8c5eba10-bba7-4ef2-7bf4-6b209abc71d0', '18dccea6-1196-4c8c-e8c7-0fe16c80f141', 'sub_harmonic', 'false', 3.02, 4873.11, '2026-01-22T18:07:38.871Z', 'false'),
  ('8275373b-72e7-45c3-6528-6ae769696902', 'e1b872e6-db80-4e27-73b0-e9405e24fb1b', '18dccea6-1196-4c8c-e8c7-0fe16c80f141', 'chaotic', 'false', 1.92, 2990.14, '2026-03-16T22:19:15.043Z', 'false'),
  ('c0f5d604-19c1-42b6-0551-115e6d219284', '0b822200-cff3-4c1e-f5b2-e3b46cf43e90', '3f019cad-2e4b-41d8-3ccc-e965a705f193', 'chaotic', 'false', 2.79, 4169.56, '2025-11-27T19:35:54.745Z', 'false'),
  ('37ad9e93-8b50-47bd-c404-470de1a110dd', '47a0bfd2-58a5-42ce-21c5-b19ffdb2c008', '733fd3d4-4023-483b-5b31-9c37a5d96434', 'chaotic', 'false', 2.3, 4859.91, '2025-07-25T10:33:27.245Z', 'true'),
  ('b9336207-6174-410c-0470-bbcb4aa2d94a', 'ed9b5ec9-21aa-445d-6f73-888fc475a38a', '319494bb-f1e7-4553-86ea-7db0e7448d02', 'fundamental', 'false', 4.3, 632.68, '2025-10-14T20:29:02.097Z', 'false'),
  ('2cc82f0f-42db-4bb7-8491-7ba3083481d1', '69c740e1-2bab-46b6-a56e-a1b991ab89b5', '70c41b47-3221-4647-9bd6-0188810ae79f', 'sub_harmonic', 'false', 3.91, 3896.87, '2025-12-15T07:34:19.955Z', 'true'),
  ('099d1511-907c-4dc9-c30d-45300f2f1c03', '09fcd98e-df03-4e10-4306-fec84d710b5a', '72034d7d-8cee-4b38-f226-025f5793397d', 'sub_harmonic', 'false', 3.52, 423.75, '2026-01-19T15:44:27.692Z', 'true'),
  ('3b9f7662-613e-476b-858f-b4deb0adfbef', '14b85edd-a09c-44ce-c76f-4b78f978c2fa', '8778f141-94dc-431a-c272-9464e6dd0c9a', 'sub_harmonic', 'false', 3.78, 4624.53, '2026-03-12T18:03:12.884Z', 'true'),
  ('f5f288a7-2174-485b-7afd-b75491e11e57', '77f09e93-236a-4aa2-4049-c3e028ed305c', 'b8d26265-a50f-484b-d338-f0d78b441251', 'chaotic', 'false', 2.19, 3281.15, '2025-05-09T23:19:32.874Z', 'true'),
  ('6b946c13-ef45-4759-910d-a8e0108725de', '0e44f99d-ca40-4fef-2dc5-60eab2612391', 'e8c1b890-925d-4cd5-183f-077b7d0381e6', 'fundamental', 'true', 2.12, 3296.77, '2025-11-18T21:04:36.440Z', 'true'),
  ('e0f71699-12ba-4d71-db12-939945328b9c', 'ed9b5ec9-21aa-445d-6f73-888fc475a38a', '997e6401-4ff6-4706-cb70-09f5bb02509f', 'sub_harmonic', 'false', 2.37, 2184.16, '2025-09-18T21:50:19.497Z', 'true'),
  ('75f16cbb-ee3d-4f44-c2e2-eb2e55870251', 'cd71a4aa-0582-4538-6606-19702b65ede2', '11e64e59-d7c3-41e8-6cc4-7f3081bc090e', 'fundamental', 'false', 3.2, 694.14, '2025-06-20T07:02:48.553Z', 'false'),
  ('e88c77cd-4de0-47ea-657e-d08ce82f3329', 'bb956d54-d2a6-4c2e-ca00-429207402ac3', '733fd3d4-4023-483b-5b31-9c37a5d96434', 'sub_harmonic', 'false', 2.22, 497.21, '2026-04-02T20:16:26.900Z', 'true'),
  ('305812ba-96d9-44b7-0b28-b43d50cc5bf8', '84143651-8e6c-40ab-4884-32243cb0f83c', '3b1e85a4-7ac6-4315-e037-39fa4a0b75c3', 'sub_harmonic', 'true', 2.91, 1163.67, '2026-02-06T03:14:48.873Z', 'true'),
  ('ffe62b34-f13a-4e00-e2c8-00f0ec123ac4', '7b21f502-01d0-49eb-195f-cec5ddad855c', 'c7384f61-7e1a-445f-b932-13b77cef6822', 'chaotic', 'false', 4.16, 4212.33, '2026-03-22T08:11:55.533Z', 'false'),
  ('7fa53e59-a327-4727-c174-77e31d24d968', '68121316-b34d-4c29-29bd-6e67d523ca7d', '83eebfb2-6118-47e2-36de-f7d74125aeb3', 'fundamental', 'true', 3.68, 751.13, '2026-02-03T08:59:54.984Z', 'false'),
  ('0859d886-427c-4261-df58-48ca75ef1959', '6d459dff-e2f5-41ca-b565-6555e1addb78', '3d2b08bd-639d-494c-5292-9f0df81f67f1', 'sub_harmonic', 'false', 1.84, 1464.62, '2026-01-25T10:48:16.058Z', 'true'),
  ('de51fadb-0894-4e8b-a55f-3df331b3c438', '9f87335d-d40f-44bb-e481-94d310eaa62d', '11e64e59-d7c3-41e8-6cc4-7f3081bc090e', 'chaotic', 'false', 1.14, 2583.59, '2026-01-22T20:02:42.625Z', 'true'),
  ('13d2240d-c656-442d-5a97-cfdcfe7bf212', 'ffdeb171-8ab3-474f-77f8-eb7e18d22167', 'c40f78b9-3835-440c-461b-c6fa2be6f3a0', 'chaotic', 'false', 2.35, 587.38, '2025-07-30T18:37:11.388Z', 'false'),
  ('6352ce63-2f09-456e-12c7-f3f48fc2c8a2', '730f8942-8b4a-447c-7925-dc71ac36fc86', '1336413e-9b1a-46f1-bc08-94d13a6dd256', 'chaotic', 'false', 2.19, 3896.36, '2025-07-16T07:57:58.017Z', 'true'),
  ('57d3bb39-ab70-4c36-00ee-b7b0bbcd3bfd', 'f45c9861-e25a-4269-a24c-8685894449b6', '0d8df66e-e2d3-4a1a-30e8-81388d126e8c', 'chaotic', 'false', 1.96, 2734.81, '2025-08-05T04:15:55.360Z', 'true'),
  ('7d4a33a7-83cb-4c0a-0f86-d3c8de0554a3', 'af8e8882-eff4-477a-402b-aea979d86ee9', '472de668-93bc-4092-817b-0ab0c2f67931', 'sub_harmonic', 'false', 1.61, 1957.2, '2026-03-28T03:12:10.331Z', 'true'),
  ('e216969f-630d-4949-03bb-0a2d643ed378', '7a1f74f3-58fb-4249-d042-0a36a8f809a8', '0b4be48f-5473-4ac6-9cbe-c10d348c04ac', 'sub_harmonic', 'false', 1.38, 275.35, '2025-09-12T07:13:45.264Z', 'true'),
  ('7886ee89-47bf-4ef0-bb78-add9b218fef5', 'ddfa1477-120e-4cc6-690e-e48c8123aefb', '87515057-8229-4b0d-17a0-208f29dc1957', 'sub_harmonic', 'false', 2.37, 194.17, '2025-11-13T18:02:23.753Z', 'false'),
  ('7b4958d5-93a6-4efc-5e0c-3247e9efa60b', 'ff7539e9-9e64-481c-968d-926091ac3500', '86ee513f-22b9-46a7-6971-6cf028ecaf49', 'chaotic', 'false', 2.28, 2129.68, '2025-05-09T00:35:50.794Z', 'true'),
  ('b9a656c4-cd4a-4bfb-2704-29428c6d4816', 'd3dfdaaa-8854-455b-9aab-732103a24477', '70e9ee97-110f-4eb2-b2bc-2a3835e6bb2d', 'chaotic', 'false', 3.68, 4990.98, '2026-03-13T04:20:18.709Z', 'false'),
  ('eb5050ab-a458-46ef-7c32-288b455063e1', '0b822200-cff3-4c1e-f5b2-e3b46cf43e90', 'b20920bb-565f-44f8-701b-f9c8b41d5ebf', 'sub_harmonic', 'false', 1.67, 3938.64, '2025-08-05T20:37:48.996Z', 'false'),
  ('45aae749-1f4f-408c-18d4-b910a8766226', '059b5edf-a0cf-42c8-66f4-7d7d437464fb', '98849ab9-b2f2-41cc-499e-3032fa59367e', 'sub_harmonic', 'false', 1.33, 1013.39, '2025-05-29T11:11:11.871Z', 'true'),
  ('e1966d1f-cfc9-444d-18b2-6145971b96a6', 'b9ccb928-0ebf-4b20-ee8b-5567dfc75a6d', '354286bd-acc3-47b5-90b0-87094ea7ceab', 'chaotic', 'false', 4.26, 3874.8, '2025-10-02T06:15:37.499Z', 'true'),
  ('62c66317-306f-4d8b-d02e-7a6c06fe7ab2', 'c9565396-e858-494c-6f55-f5ec776147ce', 'ab97d30b-122b-4f24-e1f1-35d68cff5ff0', 'fundamental', 'false', 2.89, 125.2, '2025-12-14T20:37:09.906Z', 'true'),
  ('6e3f305d-207b-4d5b-7dfe-4d6868c739ce', '9cee72b1-d61d-49ae-07c2-a86283895feb', '319494bb-f1e7-4553-86ea-7db0e7448d02', 'fundamental', 'false', 3.4, 3133.61, '2025-05-31T16:27:43.998Z', 'false'),
  ('771c6b46-a949-47d4-1fa1-6899c873fe99', '3a1ffd1a-a970-42b5-caa4-e0fb92f0a7e7', '87515057-8229-4b0d-17a0-208f29dc1957', 'sub_harmonic', 'false', 2.54, 2940.38, '2026-04-01T06:23:29.369Z', 'false'),
  ('b5360923-4b79-4b37-f829-8d9142526f17', 'bff86c9e-d25f-4d13-bfa0-35de1f8da4aa', '84f87e0b-61b6-4502-39fb-a6bb0cb172d6', 'chaotic', 'false', 4.24, 3969.48, '2025-06-16T12:10:24.702Z', 'true'),
  ('c46c1b94-d788-410c-0ef1-76f87950974f', 'ed757bf6-4f01-4fab-3859-9029777e7817', 'ebf67194-ad44-4954-d0bc-3bc3ea98bddc', 'sub_harmonic', 'false', 2.44, 1852.89, '2025-07-21T23:07:06.501Z', 'false'),
  ('cdacec41-c9d1-40d9-6667-1a6cde483edf', '7b21f502-01d0-49eb-195f-cec5ddad855c', '4abe8559-64c4-456e-e502-afdbd6684a59', 'sub_harmonic', 'false', 1.48, 2339.75, '2025-08-07T02:22:37.157Z', 'true'),
  ('23327d0f-6746-4ccb-03a9-4f7fdc3b8f16', '97bdc7f0-ea6c-484d-c5c3-a1ae60b072f9', '8f39b3ba-f070-4981-937c-b80bda4969a6', 'sub_harmonic', 'false', 3.13, 262.29, '2026-01-31T00:40:13.670Z', 'false'),
  ('7bff2601-5b9c-45be-f816-d1f3db79a219', '87c6bd44-5161-4071-ba0c-920558a91e92', '83eebfb2-6118-47e2-36de-f7d74125aeb3', 'fundamental', 'false', 4.17, 2656.91, '2026-03-19T22:58:53.893Z', 'false'),
  ('e912b023-4149-482f-a4ea-e1950bcf7955', '90fb23b7-10e4-4392-e296-dc2c9eb0307c', '83eebfb2-6118-47e2-36de-f7d74125aeb3', 'sub_harmonic', 'false', 4.16, 3678.36, '2025-05-07T00:53:20.221Z', 'false'),
  ('957bc983-b771-4b7d-fea4-fadbf32a3e35', '04b85760-1318-4a0b-76bf-91e7121d4884', '93d7a7db-e3e7-42d8-f809-61d2cddfbec8', 'sub_harmonic', 'false', 4.37, 4994.79, '2026-04-07T08:08:03.436Z', 'false'),
  ('43c0442d-0763-4fae-9b4b-239c2805503a', 'ff7539e9-9e64-481c-968d-926091ac3500', 'feff8b33-8e85-429d-1082-6f8b2fe0d884', 'fundamental', 'false', 4.11, 426.93, '2025-11-09T20:11:03.741Z', 'false'),
  ('b3a023b2-f435-4bbd-342b-12fe06b2b2ce', 'ba2a0f94-0a0c-4818-f3c5-524ff99c69e2', '98849ab9-b2f2-41cc-499e-3032fa59367e', 'sub_harmonic', 'false', 1.42, 3701.97, '2025-12-17T02:10:59.745Z', 'true'),
  ('9f7f0025-bd87-46a4-caa6-e3d0b68bc31b', 'b9ccb928-0ebf-4b20-ee8b-5567dfc75a6d', '62ae6ed4-ba35-4bba-f746-2e8ff2486af8', 'fundamental', 'false', 2.39, 3376.78, '2025-05-02T17:37:42.667Z', 'false'),
  ('e4b6e009-8a4e-4451-804c-6a66d9acb25b', '274a31c4-a628-42e6-46cd-674aea5f02d1', '84f87e0b-61b6-4502-39fb-a6bb0cb172d6', 'fundamental', 'false', 3.2, 3180.71, '2025-08-18T17:25:06.919Z', 'false'),
  ('69dcf55a-62d2-4b02-0b2d-a3a721dbc69f', '69889ab1-49b8-4b76-8110-983bea9aad11', '2b145fac-9f87-4030-fea9-36fa64bb535e', 'sub_harmonic', 'false', 2.94, 1640.04, '2026-03-10T17:53:18.955Z', 'true'),
  ('5a5bea60-076d-4cef-1483-f69f90f43f8f', '2d9b5dc1-87c5-46ec-1972-ebfe68508d82', '3d2b08bd-639d-494c-5292-9f0df81f67f1', 'fundamental', 'false', 2.41, 2896.8, '2025-08-28T11:37:04.736Z', 'false'),
  ('2e4f559b-6df7-4cf4-567c-a6f4b68b7b0f', '14b85edd-a09c-44ce-c76f-4b78f978c2fa', '0fa87fad-ddf0-4ea8-5cd3-1d8b874a6697', 'fundamental', 'false', 3.1, 1721.97, '2025-10-19T03:29:09.347Z', 'true'),
  ('1cd62825-2b14-48e2-3335-05dc8e52278b', 'ed9b5ec9-21aa-445d-6f73-888fc475a38a', '83b4af2e-d886-49a8-a51c-4d28972e1c98', 'sub_harmonic', 'false', 4.38, 2541.02, '2025-05-05T18:22:57.675Z', 'false'),
  ('b1a374ba-1850-4db3-9939-9bf6fbb15aa3', 'f563e93e-bcc4-45c4-9090-3bc651280b22', '6420f7bb-5b7c-43e1-6b3a-e91ec48ac394', 'chaotic', 'false', 2.69, 1658.26, '2026-04-11T19:15:01.962Z', 'true'),
  ('4a1d671f-b232-4894-4c85-08ddd81b34cc', '5ae113e2-b6c1-4479-ee95-0d12176ad251', 'ee55ee72-c0a0-4c42-87fb-973bd19c2d96', 'fundamental', 'false', 3.68, 869.53, '2026-02-25T06:57:50.403Z', 'false'),
  ('0bd43ebd-7ce5-4032-e306-7eec32d50e4d', '69889ab1-49b8-4b76-8110-983bea9aad11', '3d2b08bd-639d-494c-5292-9f0df81f67f1', 'sub_harmonic', 'false', 2.75, 4788.48, '2026-02-02T21:24:53.806Z', 'true'),
  ('5f100fdd-2f88-46b7-9866-b146a1e86e9f', 'f3e81380-16d6-4bb0-85d4-7c67d8079831', 'aa92f339-06ab-4b7c-ab0a-a108f412daac', 'fundamental', 'false', 3.25, 1686.96, '2025-05-10T21:11:19.328Z', 'true'),
  ('5e8a99ed-5859-4784-9089-99e969cd76f0', '4e630c90-d362-4fe8-b8d3-2b83b63d1804', '3d2b08bd-639d-494c-5292-9f0df81f67f1', 'sub_harmonic', 'false', 1.68, 1795.42, '2025-08-18T19:50:46.716Z', 'false'),
  ('13541ba7-7457-4054-11d5-c78e1983919d', '8c5eba10-bba7-4ef2-7bf4-6b209abc71d0', 'b20920bb-565f-44f8-701b-f9c8b41d5ebf', 'fundamental', 'false', 4.14, 2445.12, '2025-09-27T07:34:08.382Z', 'true'),
  ('93b4af32-ef22-4ef0-b22f-3001e5995f4f', '5a46ccfb-2fbd-43a3-3c37-d7a8d18b5f22', '8fc4c19f-8fd7-4aa5-3831-f1ddd813131f', 'chaotic', 'false', 3.96, 2558.44, '2025-07-20T18:56:28.594Z', 'true'),
  ('2ead1b50-11c4-4bcf-cc13-4f7f4cea6e84', '274a31c4-a628-42e6-46cd-674aea5f02d1', '1a33297b-c79a-49b1-c8ad-139964f50c2d', 'fundamental', 'false', 2.77, 3929.35, '2026-01-15T18:31:29.688Z', 'true'),
  ('af93eeff-33de-4a98-d14d-16bb29cca80e', 'd50efcfb-a56b-49ed-6066-7a8e2ad87506', '25bc4417-018e-4ad5-1fa0-0fb41c88a13c', 'fundamental', 'false', 2.23, 3203.44, '2026-01-12T01:21:01.820Z', 'true'),
  ('663aa62d-e434-46a5-b115-c1924c80c89c', '730f8942-8b4a-447c-7925-dc71ac36fc86', '75f4d906-b206-48c4-9d60-494257e4386f', 'sub_harmonic', 'false', 2.79, 2577.88, '2025-09-29T21:50:56.634Z', 'false'),
  ('c8cc523b-6270-4862-8bbd-78ede52f2970', '2d9b5dc1-87c5-46ec-1972-ebfe68508d82', 'b3abc2a7-948a-4116-79b9-52ce55482851', 'fundamental', 'false', 1.27, 2861.17, '2025-08-22T09:17:10.443Z', 'false'),
  ('e7b2c312-870b-4321-b71a-75e1da890207', '8b6cd7de-fd3d-48fe-37b3-ad67e75a2dda', '31d5f209-b934-4d34-d2b2-5e0c93d49277', 'fundamental', 'false', 4.47, 3865.53, '2025-08-30T10:22:56.689Z', 'false'),
  ('1a4fcab2-3f6e-48b7-212b-fb5116a7345a', '730f8942-8b4a-447c-7925-dc71ac36fc86', '3e25f646-c0fa-4998-f79a-68ab45d2d128', 'chaotic', 'false', 1.8, 4409.8, '2026-01-02T12:04:23.473Z', 'true'),
  ('db8e8db9-6352-4c2e-121c-37998fc97c4a', '8b7bf4d1-c4f0-4618-6639-0583eca39fd3', '25bc4417-018e-4ad5-1fa0-0fb41c88a13c', 'fundamental', 'false', 2.11, 2908.54, '2025-06-01T19:51:19.010Z', 'true'),
  ('4de325a5-9711-415d-1925-9709cfd1b914', '8e40b444-6a9d-4ea1-d7ee-79383e0a1af6', '83ca6db5-f3de-4e7d-8ddc-df4832cb0cfa', 'fundamental', 'false', 1.18, 4868.31, '2025-05-18T09:42:47.834Z', 'true'),
  ('3f448382-f5d9-41a1-5339-91b9c89340d8', '5e9bc51b-cc05-426e-0aa3-c409c135f402', '92ec16f1-cf08-4852-c9fe-968bb7f40de1', 'fundamental', 'false', 2.3, 582.88, '2025-12-27T04:55:16.884Z', 'false'),
  ('24d5e3ae-5dbd-4039-4583-09d86aeb38d7', '8127db8a-b864-466f-fc3f-a6424bea6e03', '72034d7d-8cee-4b38-f226-025f5793397d', 'chaotic', 'false', 4.04, 4255.63, '2025-06-27T02:52:15.146Z', 'true'),
  ('8436259a-b2aa-43bc-b1b2-2d929a97b9ec', '1182d33a-cebb-489d-376d-e07348ffa238', '3d2b08bd-639d-494c-5292-9f0df81f67f1', 'chaotic', 'false', 2.76, 3015.57, '2025-11-14T16:12:00.007Z', 'true'),
  ('05d5f920-0279-4343-c593-55959a271583', '5ae113e2-b6c1-4479-ee95-0d12176ad251', '0fa87fad-ddf0-4ea8-5cd3-1d8b874a6697', 'sub_harmonic', 'false', 1.48, 1872.15, '2026-03-18T10:54:33.949Z', 'true'),
  ('a5092ab1-9369-4b5e-b974-9df777b626f7', '98c9d2a3-336e-4604-f3b4-fabc71bd1e25', 'b946ad58-0e6c-49a0-33a8-a8f29bcda22b', 'sub_harmonic', 'false', 3.97, 4588.96, '2026-02-20T22:49:24.907Z', 'false'),
  ('f5151b0f-49e3-4f86-7337-98366e816318', '9f63c0e0-6ef5-497c-a8b1-2dd371cea8fc', '315fcdde-4d54-4aaa-73f9-baf2d2db2d95', 'fundamental', 'false', 2.59, 3102.89, '2025-08-30T07:26:35.164Z', 'true'),
  ('7696382b-bad0-4d15-1fc5-bb76f7b66634', 'e5e66925-d2cf-4d02-758c-5fd13e97f8dc', '315fcdde-4d54-4aaa-73f9-baf2d2db2d95', 'sub_harmonic', 'false', 3.92, 1250.39, '2025-05-13T19:10:55.591Z', 'true'),
  ('2c9996bd-5562-498c-fd78-a43fbcad424e', 'ddfa1477-120e-4cc6-690e-e48c8123aefb', '4d21e88a-1187-4d6d-fb12-320d89636f02', 'fundamental', 'false', 1.86, 3924.45, '2025-07-16T14:11:13.207Z', 'true'),
  ('2d08b932-8ff7-43f5-c777-681c2b9b031a', 'ed757bf6-4f01-4fab-3859-9029777e7817', '83eebfb2-6118-47e2-36de-f7d74125aeb3', 'sub_harmonic', 'false', 1.25, 3660.81, '2025-09-05T14:21:04.440Z', 'true'),
  ('7ddb0ddc-dfcb-461d-65b0-ba348b37d10c', '77f09e93-236a-4aa2-4049-c3e028ed305c', '70e9ee97-110f-4eb2-b2bc-2a3835e6bb2d', 'sub_harmonic', 'false', 1.6, 4965.84, '2025-12-02T02:58:57.825Z', 'true'),
  ('22d9afea-d313-45d1-0466-9a3982762a4f', 'd66cc839-0157-4038-08bf-14d147f1f58a', '222b96f4-cb86-47df-1598-6fefd63c93e1', 'sub_harmonic', 'false', 2.66, 449.86, '2025-07-12T05:25:07.544Z', 'true'),
  ('a8fdb080-1e01-4362-8aaf-2086c359a2a6', '97bdc7f0-ea6c-484d-c5c3-a1ae60b072f9', '4ff5a72e-77e1-42f7-3e14-8a4cbc5507af', 'sub_harmonic', 'false', 2.99, 2754.14, '2025-05-11T10:37:16.568Z', 'true'),
  ('7f330e46-5b0a-4f72-ce29-277df0d31b0d', '7f390be1-4b6e-46c4-9489-bc33d034105a', 'ab97d30b-122b-4f24-e1f1-35d68cff5ff0', 'sub_harmonic', 'false', 3.9, 4007.77, '2025-08-15T01:23:59.287Z', 'false'),
  ('69bfdc1e-4386-4f5e-a2a8-a1fd3be72aa6', '9419df5f-0111-4438-f22b-405a3122d473', '25bc4417-018e-4ad5-1fa0-0fb41c88a13c', 'fundamental', 'false', 2.41, 1628.81, '2025-11-03T08:29:56.921Z', 'false'),
  ('4c995087-f445-4cd4-0b9e-28f36dcb4ead', '3a1ffd1a-a970-42b5-caa4-e0fb92f0a7e7', '587334b0-599f-4f7e-d135-02040baa0947', 'chaotic', 'false', 4.31, 1003.95, '2025-11-13T01:05:26.773Z', 'true'),
  ('627329e4-ee14-40c3-226e-d0c090316327', 'ed9b5ec9-21aa-445d-6f73-888fc475a38a', '70e9ee97-110f-4eb2-b2bc-2a3835e6bb2d', 'chaotic', 'false', 2.49, 4364.9, '2025-08-20T22:25:31.507Z', 'true'),
  ('5b9effa8-430c-45b8-8861-5ea0db81dc3c', 'b88e54ff-bdb5-422c-fa12-21f0fcdf94cc', 'ee55ee72-c0a0-4c42-87fb-973bd19c2d96', 'fundamental', 'false', 3.33, 4558.98, '2025-12-14T23:58:57.975Z', 'true'),
  ('ce1e124e-14da-49d0-54da-a050b2fa09da', '7b21f502-01d0-49eb-195f-cec5ddad855c', '6237e26d-45ab-47a8-b12d-fa6b2766d775', 'fundamental', 'false', 1.53, 931.79, '2025-09-03T07:33:53.149Z', 'true'),
  ('ac6fb6a3-5b42-4900-6801-262fe901620c', '09fcd98e-df03-4e10-4306-fec84d710b5a', '62ae6ed4-ba35-4bba-f746-2e8ff2486af8', 'fundamental', 'false', 4.17, 1283.88, '2025-10-11T17:21:36.610Z', 'true'),
  ('0c9469de-c40b-4ad9-18c2-d0098293df44', 'bff86c9e-d25f-4d13-bfa0-35de1f8da4aa', '997e6401-4ff6-4706-cb70-09f5bb02509f', 'fundamental', 'false', 1.38, 468.17, '2025-11-24T17:21:48.969Z', 'true'),
  ('d7dfadaf-c6a6-4230-51f8-ac759d9a02f6', '1ad7a74f-047b-4d75-66df-98cf7f8b0e5b', 'b20920bb-565f-44f8-701b-f9c8b41d5ebf', 'sub_harmonic', 'false', 3.8, 1319.86, '2026-01-23T03:34:53.966Z', 'false'),
  ('d8971105-5f20-4527-7e88-54d0abe1de65', 'a2d08532-ddac-4e12-a3ee-f995bd11c22f', '3bcae768-6c2d-441a-2880-ff292775f936', 'fundamental', 'false', 1.99, 2591.87, '2025-06-23T06:03:53.964Z', 'false');

INSERT INTO "ferroresonance_events" ("id", "line_id", "switching_event_id", "ferro_mode", "is_label_positive", "peak_overvoltage_pu", "duration_ms", "detected_at", "suppressed_by_relay") VALUES
  ('2e92af1c-75ec-45a4-00e8-d407575eed56', '5ae113e2-b6c1-4479-ee95-0d12176ad251', 'feff8b33-8e85-429d-1082-6f8b2fe0d884', 'fundamental', 'false', 2.35, 2939.12, '2025-12-19T18:13:36.665Z', 'false'),
  ('5aba5025-73da-4628-afbe-8065711d41d5', 'ed9b5ec9-21aa-445d-6f73-888fc475a38a', 'e55bd921-64ac-4ee6-886b-c4b9f5c675db', 'sub_harmonic', 'false', 3.02, 3466.4, '2025-12-09T19:14:01.461Z', 'false'),
  ('2f7a5fa8-75a6-47c7-7975-b1b9322b8624', 'ed757bf6-4f01-4fab-3859-9029777e7817', 'aa92f339-06ab-4b7c-ab0a-a108f412daac', 'fundamental', 'false', 2.56, 4841.78, '2025-05-17T12:54:13.150Z', 'true'),
  ('7e41f221-bafc-4e6a-0f70-dc74745a000e', '14b85edd-a09c-44ce-c76f-4b78f978c2fa', 'f19720d2-0897-43e2-1e3e-f5c6af48d213', 'sub_harmonic', 'false', 3.28, 3668.04, '2025-06-12T12:17:55.571Z', 'true'),
  ('860c8c86-c7e6-45f4-aa98-206bd29eb1b4', '551a86ab-4d2b-4730-8cc0-99fa2b45c424', '75f4d906-b206-48c4-9d60-494257e4386f', 'sub_harmonic', 'false', 3.22, 4787.4, '2026-04-04T17:32:58.395Z', 'false'),
  ('26e39d25-2be3-475f-aa8b-049b8cb3dc1a', '839aa6d0-5ff5-4be0-a286-d12b41df50ca', 'b8d26265-a50f-484b-d338-f0d78b441251', 'sub_harmonic', 'false', 2.96, 4863.42, '2025-05-04T20:23:58.886Z', 'false'),
  ('604150b1-edbf-4f95-5e29-3d28a1144b78', '5b334f96-ed43-467e-08a7-f20af5e7f7e9', 'e8aebe70-cb11-43ef-dee6-42132bbadd23', 'chaotic', 'false', 2.51, 3605.64, '2025-11-02T02:37:23.248Z', 'true'),
  ('2f367cab-f106-4b1b-ece6-28bbeff5984a', '059b5edf-a0cf-42c8-66f4-7d7d437464fb', 'e247421c-f892-4eba-2d6d-d22e4b6febfc', 'sub_harmonic', 'false', 1.31, 4256.93, '2026-01-24T00:06:55.607Z', 'true'),
  ('41ae5f39-e596-4aac-7196-4d2da17f7964', '52f6df5c-c080-4bc9-398f-b1d67b1c5ea6', 'b8d26265-a50f-484b-d338-f0d78b441251', 'fundamental', 'false', 3.38, 781.14, '2025-12-22T05:24:57.576Z', 'true'),
  ('85d530ab-bd13-4d1e-13ba-506ad401bad1', 'd66cc839-0157-4038-08bf-14d147f1f58a', '83eebfb2-6118-47e2-36de-f7d74125aeb3', 'chaotic', 'false', 1.34, 2048.54, '2025-12-22T03:58:13.487Z', 'true'),
  ('95f59198-99ed-4396-8e7e-2b211e74d7fd', '5e9bc51b-cc05-426e-0aa3-c409c135f402', '75f4d906-b206-48c4-9d60-494257e4386f', 'chaotic', 'false', 1.78, 1945.93, '2026-02-18T06:01:33.689Z', 'true');

-- cascade_gradients: 111 rows
INSERT INTO "cascade_gradients" ("id", "ferroresonance_event_id", "line_id", "timestamp", "stress_value", "propagation_depth", "affected_bus_count", "gradient_direction") VALUES
  ('3fbf63ce-8c0c-47dd-e745-f9ecdc1a9743', '1a4fcab2-3f6e-48b7-212b-fb5116a7345a', 'f3e81380-16d6-4bb0-85d4-7c67d8079831', '2025-05-27T06:23:21.815Z', 429.79, 6, 15, 'downstream'),
  ('2c42b128-b205-4989-e53a-c095d91c4638', 'a8fdb080-1e01-4362-8aaf-2086c359a2a6', 'cd71a4aa-0582-4538-6606-19702b65ede2', '2025-09-06T09:40:26.218Z', 431.05, 6, 22, 'downstream'),
  ('f4ca1a68-bd6e-4849-6682-5774e6d0f5ef', '627329e4-ee14-40c3-226e-d0c090316327', 'd50efcfb-a56b-49ed-6066-7a8e2ad87506', '2026-03-29T13:02:02.600Z', 284.3, 5, 2, 'downstream'),
  ('7b804291-13d5-4fb3-7893-bf0184a5f57f', '099d1511-907c-4dc9-c30d-45300f2f1c03', 'ed9b5ec9-21aa-445d-6f73-888fc475a38a', '2025-05-08T17:27:24.946Z', 225.01, 2, 18, 'downstream'),
  ('449f8fbf-db8d-44c1-ee1f-bf6acb78c586', '1cd62825-2b14-48e2-3335-05dc8e52278b', 'c4b2b8bd-30f4-4dba-2de9-412941abbafe', '2026-03-01T19:22:44.285Z', 284.49, 3, 12, 'downstream'),
  ('b4582339-974e-4dbf-0555-50bb398dd181', 'e0f71699-12ba-4d71-db12-939945328b9c', 'ed757bf6-4f01-4fab-3859-9029777e7817', '2025-05-12T23:18:08.413Z', 122.2, 3, 23, 'downstream'),
  ('ada0ebc6-1e91-40e2-40b2-25eae9b6f6ba', 'b3a023b2-f435-4bbd-342b-12fe06b2b2ce', 'c5b3f4e4-dfe7-4f23-2921-dbb3b45a6cbd', '2026-01-07T01:26:32.454Z', 380.63, 5, 20, 'downstream'),
  ('a65b06c9-933d-485a-3b13-c4fb93320504', '95f59198-99ed-4396-8e7e-2b211e74d7fd', 'c1b20572-1ae3-4d98-5737-126cb4aa43bc', '2025-07-08T17:22:26.009Z', 383.82, 6, 12, 'downstream'),
  ('81a287ca-daab-4ad1-69aa-6bc9f88cb26b', 'cdacec41-c9d1-40d9-6667-1a6cde483edf', 'ddfa1477-120e-4cc6-690e-e48c8123aefb', '2025-12-31T13:00:10.289Z', 103.29, 6, 21, 'upstream'),
  ('09d9aca4-a03a-463c-c416-1f6234716eb5', 'b9a656c4-cd4a-4bfb-2704-29428c6d4816', '14b85edd-a09c-44ce-c76f-4b78f978c2fa', '2025-08-07T23:04:22.268Z', 50.47, 8, 15, 'downstream'),
  ('53930491-1194-4447-1a0b-0488c92335fa', '7d4a33a7-83cb-4c0a-0f86-d3c8de0554a3', 'a2d08532-ddac-4e12-a3ee-f995bd11c22f', '2025-12-31T18:22:21.171Z', 438.7, 8, 1, 'upstream'),
  ('ddb999fb-03c9-425a-95cc-5997cd0aa036', '6352ce63-2f09-456e-12c7-f3f48fc2c8a2', 'bff86c9e-d25f-4d13-bfa0-35de1f8da4aa', '2026-03-24T05:40:17.410Z', 221.87, 3, 13, 'downstream'),
  ('6c579bb5-0cdc-424c-2820-cc5b37d73528', '7bff2601-5b9c-45be-f816-d1f3db79a219', '6b492ee8-6f0a-41e9-c0b5-4baba42ec155', '2025-12-01T23:40:27.487Z', 463.23, 3, 6, 'downstream'),
  ('2639c133-e26a-48b1-7b43-61a96dd2be85', '23327d0f-6746-4ccb-03a9-4f7fdc3b8f16', '2d9b5dc1-87c5-46ec-1972-ebfe68508d82', '2025-12-12T22:02:29.036Z', 187.19, 8, 5, 'downstream'),
  ('e18f5583-0cc8-4599-06cd-53d9677efbef', '484d81f8-901e-42c6-be84-ae596e50907f', '8127db8a-b864-466f-fc3f-a6424bea6e03', '2026-01-15T04:10:17.135Z', 39.69, 1, 9, 'upstream'),
  ('2e543a47-9d7f-4d89-6902-c972350ffab1', '1cd62825-2b14-48e2-3335-05dc8e52278b', '437202ca-af47-4004-14cb-0407ec3acdc7', '2026-03-24T11:59:29.435Z', 292.9, 4, 13, 'downstream'),
  ('be0d4ed7-a18f-471a-b190-5226c1d61421', '604150b1-edbf-4f95-5e29-3d28a1144b78', '91c5d2f4-b8b1-422a-099c-db3dbb742c3b', '2026-02-14T00:30:12.181Z', 110.38, 3, 17, 'downstream'),
  ('78b693a1-6028-4c26-498a-b1acf3985a2f', '2ead1b50-11c4-4bcf-cc13-4f7f4cea6e84', '5a46ccfb-2fbd-43a3-3c37-d7a8d18b5f22', '2025-07-29T21:24:09.035Z', 355.54, 2, 22, 'lateral'),
  ('a4b561e3-71e6-4539-c709-06166069db3b', 'a8fdb080-1e01-4362-8aaf-2086c359a2a6', 'bff86c9e-d25f-4d13-bfa0-35de1f8da4aa', '2025-05-18T16:55:25.780Z', 32.54, 6, 16, 'downstream'),
  ('8c0aeb98-bc5c-40c0-cb7d-483a1405346f', '45aae749-1f4f-408c-18d4-b910a8766226', '437202ca-af47-4004-14cb-0407ec3acdc7', '2025-05-30T16:01:14.695Z', 112.5, 5, 25, 'downstream'),
  ('3cfc190d-174c-4840-c2d9-f771834fa433', '7fa53e59-a327-4727-c174-77e31d24d968', '7af1fb3c-1e17-43c4-f849-5ea33e2cc2d9', '2025-09-10T00:42:08.229Z', 32.18, 7, 15, 'downstream'),
  ('96a32f1b-b752-4b2c-a63c-0192fc34d08c', '2d08b932-8ff7-43f5-c777-681c2b9b031a', '2dff58ce-c614-4f2b-c482-abd45c2e70b3', '2025-08-12T09:09:38.296Z', 259.26, 4, 23, 'upstream'),
  ('dbfac5ba-2aab-474e-d8c5-b70e8eaad34d', 'f5151b0f-49e3-4f86-7337-98366e816318', '9cee72b1-d61d-49ae-07c2-a86283895feb', '2025-06-18T09:47:13.322Z', 164.65, 7, 3, 'downstream'),
  ('c5c6ebe3-3a11-46ba-a842-72832932bd23', '13541ba7-7457-4054-11d5-c78e1983919d', '87c6bd44-5161-4071-ba0c-920558a91e92', '2025-07-07T10:38:45.971Z', 395.02, 2, 15, 'downstream'),
  ('f3fb1fec-fb2d-4d7f-5087-e732fb653ef4', 'ac6fb6a3-5b42-4900-6801-262fe901620c', '47a0bfd2-58a5-42ce-21c5-b19ffdb2c008', '2026-03-08T06:43:47.816Z', 14.52, 7, 1, 'lateral'),
  ('d9e32bfb-c691-48e6-2e9e-7be1d52c0f1d', 'ce1e124e-14da-49d0-54da-a050b2fa09da', '85322be2-86e9-4583-07cb-4fd8d5d2976a', '2025-06-16T12:45:22.643Z', 73.29, 1, 6, 'downstream'),
  ('9941fec6-5aa9-457b-0ced-b622d8db11b2', '5aba5025-73da-4628-afbe-8065711d41d5', '0e44f99d-ca40-4fef-2dc5-60eab2612391', '2026-02-28T04:30:28.481Z', 205.54, 4, 2, 'downstream'),
  ('571f2453-931c-4182-d21f-3bbf2664b652', '2e4f559b-6df7-4cf4-567c-a6f4b68b7b0f', 'a0081f05-87b1-4e2b-a31a-8a9f2a97211c', '2025-09-17T02:31:29.068Z', 12.46, 3, 23, 'downstream'),
  ('b6dee05d-2887-457c-925b-942e784dcaa8', 'eb5050ab-a458-46ef-7c32-288b455063e1', '9419df5f-0111-4438-f22b-405a3122d473', '2025-06-12T06:47:36.205Z', 60.9, 1, 23, 'upstream'),
  ('aee56e2c-9627-4bfd-1c3a-4dbdb296d160', '7d4a33a7-83cb-4c0a-0f86-d3c8de0554a3', '059b5edf-a0cf-42c8-66f4-7d7d437464fb', '2025-08-31T22:57:33.307Z', 225.15, 4, 6, 'upstream'),
  ('9e8daa7b-28ef-4cfb-3dff-db00b03d55c0', '37ad9e93-8b50-47bd-c404-470de1a110dd', '8c5eba10-bba7-4ef2-7bf4-6b209abc71d0', '2025-07-05T01:28:24.862Z', 473.52, 4, 8, 'lateral'),
  ('aaaebb27-63de-4bde-cb0d-cef39ebcfeab', '2f7a5fa8-75a6-47c7-7975-b1b9322b8624', '6b492ee8-6f0a-41e9-c0b5-4baba42ec155', '2026-01-21T07:25:56.232Z', 178.72, 7, 21, 'downstream'),
  ('f980577b-66bd-474a-8f18-ee42c59dc927', 'cdacec41-c9d1-40d9-6667-1a6cde483edf', '6dafca6e-0cd6-42e2-bee1-21d022abcc0c', '2025-09-21T21:44:42.907Z', 90.64, 7, 15, 'upstream'),
  ('c7d49d91-f80f-4217-9785-73b5ff69812b', '45aae749-1f4f-408c-18d4-b910a8766226', '9419df5f-0111-4438-f22b-405a3122d473', '2025-05-22T12:32:13.939Z', 67.18, 7, 15, 'upstream'),
  ('4d6d327a-8575-4d15-1ede-b6ce732a6023', '6352ce63-2f09-456e-12c7-f3f48fc2c8a2', 'c9565396-e858-494c-6f55-f5ec776147ce', '2026-01-19T00:15:13.885Z', 111.07, 5, 15, 'downstream'),
  ('86014238-359e-4b67-5a63-f06292acc5a8', 'c0f5d604-19c1-42b6-0551-115e6d219284', 'f0d93daf-00c4-4292-29aa-26a42845e14c', '2025-10-30T20:12:04.231Z', 315.03, 2, 18, 'downstream'),
  ('f90dea02-d98e-4aa4-b4b6-bd61a3727cdc', '45aae749-1f4f-408c-18d4-b910a8766226', '7af1fb3c-1e17-43c4-f849-5ea33e2cc2d9', '2025-07-01T11:05:44.786Z', 389.59, 2, 13, 'upstream'),
  ('a5a14f40-bc97-4af3-eaa2-1633d7c0539d', '24d5e3ae-5dbd-4039-4583-09d86aeb38d7', '2dff58ce-c614-4f2b-c482-abd45c2e70b3', '2025-08-04T01:20:43.240Z', 383.69, 6, 6, 'downstream'),
  ('3443b12f-5526-40ea-ac09-335eaf364dd4', '95f59198-99ed-4396-8e7e-2b211e74d7fd', '8b6cd7de-fd3d-48fe-37b3-ad67e75a2dda', '2025-11-29T17:52:32.663Z', 255.06, 8, 20, 'downstream'),
  ('f48195a8-7376-4c2a-1a13-cc768b363ffe', 'e7b2c312-870b-4321-b71a-75e1da890207', 'd0a96acf-ed10-4c39-77ca-a56744c7ef13', '2025-07-15T21:39:03.861Z', 469.71, 6, 18, 'upstream'),
  ('0c2cc8e3-6b02-45da-e2de-e9cee21a3fbc', '2d08b932-8ff7-43f5-c777-681c2b9b031a', '52f6df5c-c080-4bc9-398f-b1d67b1c5ea6', '2025-07-01T07:13:36.418Z', 91.38, 3, 22, 'downstream'),
  ('a25c03c0-bf7b-4839-6ae9-9fa1a4c83d78', 'e1966d1f-cfc9-444d-18b2-6145971b96a6', '7af1fb3c-1e17-43c4-f849-5ea33e2cc2d9', '2026-01-12T09:31:51.105Z', 438.35, 3, 17, 'upstream'),
  ('6746a90d-e18b-44ef-4513-50f9f71f9702', 'f5151b0f-49e3-4f86-7337-98366e816318', '0314d822-8255-4f38-05bb-038c357e9cba', '2026-04-15T18:15:14.311Z', 370.77, 4, 24, 'lateral'),
  ('a3893c0d-0ae7-4f5f-f530-8bccc1fe21d8', '41ae5f39-e596-4aac-7196-4d2da17f7964', '9f63c0e0-6ef5-497c-a8b1-2dd371cea8fc', '2025-07-24T17:52:16.739Z', 313.26, 5, 11, 'downstream'),
  ('d4cfce48-8398-4841-3726-0e5aaf7d7ae1', '5a5bea60-076d-4cef-1483-f69f90f43f8f', '6d459dff-e2f5-41ca-b565-6555e1addb78', '2025-09-17T06:31:11.898Z', 353.33, 2, 5, 'upstream'),
  ('1ca69103-b1c1-44e1-0ae0-bce990f03ac5', 'e4b6e009-8a4e-4451-804c-6a66d9acb25b', 'e1b872e6-db80-4e27-73b0-e9405e24fb1b', '2025-09-19T22:07:49.900Z', 61.98, 3, 25, 'lateral'),
  ('bb63b9c7-0b92-4844-d6c6-8298741c709e', '2cc82f0f-42db-4bb7-8491-7ba3083481d1', '1182d33a-cebb-489d-376d-e07348ffa238', '2025-10-08T13:40:17.920Z', 382.94, 5, 1, 'upstream'),
  ('21b61bc2-37c8-4d3d-8cca-dfc8f99a97bf', 'f50ede3b-30b2-4e66-98d8-cdd211258a67', 'a2d08532-ddac-4e12-a3ee-f995bd11c22f', '2026-02-03T08:21:49.698Z', 377.25, 5, 8, 'lateral'),
  ('c8e74305-6350-444b-f66c-28d31b1ef205', '0859d886-427c-4261-df58-48ca75ef1959', '4f636c52-8377-4904-535d-ef20868fffa4', '2025-07-21T12:23:22.620Z', 47.65, 3, 2, 'downstream'),
  ('a366a607-d0a7-41d9-9297-0dfea4797996', '5aba5025-73da-4628-afbe-8065711d41d5', '71fdbaf1-175f-4cf3-e88b-640b5e977702', '2025-05-28T02:54:23.280Z', 249.57, 5, 13, 'downstream'),
  ('9a019809-cade-4936-193b-d4f3a892968b', 'b1263255-ae94-4b69-cb13-3d5511baa9e8', '274a31c4-a628-42e6-46cd-674aea5f02d1', '2025-08-19T06:31:42.843Z', 222.84, 4, 13, 'downstream'),
  ('87fdb5db-0b0b-41b7-a80e-321af8e9a69e', 'ce1e124e-14da-49d0-54da-a050b2fa09da', 'c88f5c71-1016-40c1-0950-c93718ad8cfe', '2025-08-03T03:37:14.371Z', 480.73, 5, 15, 'downstream'),
  ('77751c2d-2d23-45c5-2d48-af5c1e64a2ba', 'b5360923-4b79-4b37-f829-8d9142526f17', 'ba2a0f94-0a0c-4818-f3c5-524ff99c69e2', '2025-12-24T08:56:21.349Z', 364.62, 2, 2, 'lateral'),
  ('401d33f7-a541-4268-d1c5-725e232df3a0', 'e912b023-4149-482f-a4ea-e1950bcf7955', '9f87335d-d40f-44bb-e481-94d310eaa62d', '2025-09-03T04:12:34.258Z', 145.09, 3, 23, 'downstream'),
  ('35cfc732-53a3-4b0b-3513-00e394d56671', '69bfdc1e-4386-4f5e-a2a8-a1fd3be72aa6', '98c9d2a3-336e-4604-f3b4-fabc71bd1e25', '2025-06-03T06:48:08.668Z', 207.07, 4, 2, 'upstream'),
  ('45b4f290-d984-46da-f460-c2c83c28da70', '75f16cbb-ee3d-4f44-c2e2-eb2e55870251', 'ba2a0f94-0a0c-4818-f3c5-524ff99c69e2', '2025-09-20T01:42:24.779Z', 393.92, 8, 12, 'lateral'),
  ('489f999e-0f5d-4162-3ef1-0575af4dfd10', '957bc983-b771-4b7d-fea4-fadbf32a3e35', '274a31c4-a628-42e6-46cd-674aea5f02d1', '2026-01-29T11:24:38.379Z', 429.35, 3, 17, 'lateral'),
  ('f27bdee0-fa90-482c-98a9-c72035c4add7', 'fe9c5d45-a4a7-4fe6-6747-5d41b3e79616', 'f3e81380-16d6-4bb0-85d4-7c67d8079831', '2025-07-25T03:16:11.157Z', 238.61, 4, 22, 'upstream'),
  ('9e1cf5c9-d835-4054-3090-3df79acc0987', 'a5092ab1-9369-4b5e-b974-9df777b626f7', '69c740e1-2bab-46b6-a56e-a1b991ab89b5', '2025-11-06T14:30:51.242Z', 26.42, 4, 21, 'upstream'),
  ('b51b9022-6228-4566-a91f-d89f38833a51', '484d81f8-901e-42c6-be84-ae596e50907f', '06e5d328-489b-4763-8236-5ce087c4f18d', '2026-02-18T14:52:26.866Z', 391.68, 6, 7, 'downstream'),
  ('5ef9e6ab-8c58-429d-18ed-2e8f5750f7bb', '604150b1-edbf-4f95-5e29-3d28a1144b78', '274a31c4-a628-42e6-46cd-674aea5f02d1', '2025-05-13T21:33:58.852Z', 426.17, 1, 21, 'upstream'),
  ('5136a8f8-ece8-4de5-4288-c4dd6783d02f', '72d9d057-5a61-4fad-a44b-3f83f5ed1535', '5e9bc51b-cc05-426e-0aa3-c409c135f402', '2025-10-30T00:26:21.029Z', 216.36, 8, 15, 'downstream'),
  ('278c9dc8-1a26-431c-7910-8a7d67c49d75', '860c8c86-c7e6-45f4-aa98-206bd29eb1b4', 'b88e54ff-bdb5-422c-fa12-21f0fcdf94cc', '2025-05-13T05:05:21.750Z', 457.9, 7, 20, 'downstream'),
  ('044b328c-b360-4709-51af-61811c5c6607', 'c8cc523b-6270-4862-8bbd-78ede52f2970', 'eba21de8-b3db-4434-44fd-075cbc81100f', '2025-06-28T01:54:20.068Z', 157.46, 1, 1, 'downstream'),
  ('f6c49639-de43-4ba6-2cc5-5a7574553b94', '13541ba7-7457-4054-11d5-c78e1983919d', 'ff7539e9-9e64-481c-968d-926091ac3500', '2025-08-14T19:55:51.233Z', 269.4, 6, 24, 'downstream'),
  ('028704d1-ff7e-4ecf-faba-b89c637cffb8', '69dcf55a-62d2-4b02-0b2d-a3a721dbc69f', '5e9bc51b-cc05-426e-0aa3-c409c135f402', '2025-07-09T22:28:58.974Z', 246.26, 6, 17, 'downstream'),
  ('f25833d2-02be-4d11-3466-6e192d6e07d0', '7f330e46-5b0a-4f72-ce29-277df0d31b0d', 'bb956d54-d2a6-4c2e-ca00-429207402ac3', '2025-11-17T14:32:39.997Z', 316.6, 3, 5, 'upstream'),
  ('daf019dc-62f0-4f8c-f861-15f955a8ac56', '24d5e3ae-5dbd-4039-4583-09d86aeb38d7', '4f636c52-8377-4904-535d-ef20868fffa4', '2026-04-20T18:13:03.956Z', 267.51, 5, 20, 'downstream'),
  ('04314af2-a6d7-4138-769d-b07e4d5babe4', '2d08b932-8ff7-43f5-c777-681c2b9b031a', '14b85edd-a09c-44ce-c76f-4b78f978c2fa', '2025-07-31T10:19:32.538Z', 291.04, 7, 17, 'downstream'),
  ('8fd18add-9b48-42c9-71ae-48585675e6c4', 'b9a656c4-cd4a-4bfb-2704-29428c6d4816', 'a0081f05-87b1-4e2b-a31a-8a9f2a97211c', '2025-06-10T19:07:19.367Z', 136.41, 6, 5, 'upstream'),
  ('890b463d-cfb9-42bb-373d-f8b89d225c1f', '6352ce63-2f09-456e-12c7-f3f48fc2c8a2', '8127db8a-b864-466f-fc3f-a6424bea6e03', '2025-09-29T06:43:18.758Z', 455.51, 1, 6, 'upstream'),
  ('4902c3e3-a142-497d-0cdc-83ad75f58ad5', '957bc983-b771-4b7d-fea4-fadbf32a3e35', '97bdc7f0-ea6c-484d-c5c3-a1ae60b072f9', '2025-10-05T19:57:43.606Z', 491.31, 5, 5, 'downstream'),
  ('80f82b28-9779-4f21-67f1-18ff6a542e53', 'db8e8db9-6352-4c2e-121c-37998fc97c4a', '8e40b444-6a9d-4ea1-d7ee-79383e0a1af6', '2025-12-14T21:35:19.651Z', 7.91, 8, 4, 'upstream'),
  ('3936db74-e3d9-4d28-4a2b-a5b69050c09c', '13541ba7-7457-4054-11d5-c78e1983919d', '85322be2-86e9-4583-07cb-4fd8d5d2976a', '2025-09-28T00:35:42.001Z', 395.89, 5, 18, 'upstream'),
  ('81b4df2c-b594-4dd0-2226-c1181aec9dda', 'c46c1b94-d788-410c-0ef1-76f87950974f', '9293ac40-c3e9-4946-bd11-7e85c1e567c0', '2026-01-06T07:05:43.918Z', 291.47, 7, 25, 'downstream'),
  ('07fa8f58-b306-4bd9-638f-adb908be59f4', '5b9effa8-430c-45b8-8861-5ea0db81dc3c', 'd5c47d8f-56d5-4b11-4f6a-f0924271b7f4', '2025-11-26T22:47:47.416Z', 368.85, 8, 10, 'lateral'),
  ('ebbc6332-8122-45bb-bc5c-4ef5f0a115d1', '88356039-d3d4-42e8-1c4f-d812e0ec3a6d', '9293ac40-c3e9-4946-bd11-7e85c1e567c0', '2025-06-19T20:08:09.084Z', 366.14, 4, 2, 'downstream'),
  ('ce7f72d5-f2f8-4e84-7106-7cd3d87ae295', 'e4b6e009-8a4e-4451-804c-6a66d9acb25b', '03a2a087-f419-4d05-0ead-68c45ef36fe9', '2026-03-25T03:14:08.925Z', 355.22, 1, 23, 'upstream'),
  ('4d0b62ba-d73c-4406-52ec-cefdb4f319f8', '3b9f7662-613e-476b-858f-b4deb0adfbef', '839aa6d0-5ff5-4be0-a286-d12b41df50ca', '2026-02-13T22:47:22.297Z', 278.15, 6, 17, 'downstream'),
  ('5f1d1905-8132-4832-80bf-09405d9358b8', '8275373b-72e7-45c3-6528-6ae769696902', '3dc88fec-b0d4-42ef-ce85-2ea575b5b053', '2025-05-17T04:46:40.091Z', 166.19, 7, 11, 'downstream'),
  ('7e150e8f-94d8-439a-c638-f93211949263', '6352ce63-2f09-456e-12c7-f3f48fc2c8a2', '84143651-8e6c-40ab-4884-32243cb0f83c', '2026-04-30T17:01:34.232Z', 55.19, 4, 14, 'downstream'),
  ('8482aabb-de0b-4205-674b-7e1774555976', '69bfdc1e-4386-4f5e-a2a8-a1fd3be72aa6', 'd5af739b-d395-4594-929f-02c0da1f45e6', '2026-01-28T22:12:04.533Z', 268.56, 6, 6, 'upstream'),
  ('82e0fa7a-79b5-4d3e-e998-24efd5264672', 'b1263255-ae94-4b69-cb13-3d5511baa9e8', 'a2d08532-ddac-4e12-a3ee-f995bd11c22f', '2025-09-13T23:54:13.318Z', 277.06, 6, 19, 'upstream'),
  ('80752a41-0ddd-48a4-2d13-334aaa0435ec', '2415f1e8-5adb-44a7-e38c-e491b0f9e280', '85322be2-86e9-4583-07cb-4fd8d5d2976a', '2025-06-24T16:41:23.655Z', 23.4, 3, 12, 'upstream'),
  ('764b2377-72b5-4c17-feec-35628d9cdcc1', '971b760c-359a-452f-0e7b-594c7d12ec31', 'ed9b5ec9-21aa-445d-6f73-888fc475a38a', '2026-01-25T05:07:29.298Z', 282.88, 4, 23, 'downstream'),
  ('44bbe4c0-5ba5-4b65-d080-04e1fb28d37d', '24d5e3ae-5dbd-4039-4583-09d86aeb38d7', '7f390be1-4b6e-46c4-9489-bc33d034105a', '2025-09-03T13:09:28.512Z', 77.25, 8, 14, 'lateral'),
  ('5d6f991a-afc7-4b23-4c28-5dd459897216', 'db8e8db9-6352-4c2e-121c-37998fc97c4a', '87c6bd44-5161-4071-ba0c-920558a91e92', '2025-11-09T05:09:13.660Z', 115.81, 5, 23, 'upstream'),
  ('23252c98-902b-41e7-65ff-d19d609c7700', 'eb5050ab-a458-46ef-7c32-288b455063e1', '47a0bfd2-58a5-42ce-21c5-b19ffdb2c008', '2025-06-08T00:59:21.301Z', 106.71, 7, 3, 'downstream'),
  ('f115299d-65ae-4c18-88ae-7fee02a8cf0d', 'a9263e55-aabf-49d3-dd5a-6921686962cb', 'c1b20572-1ae3-4d98-5737-126cb4aa43bc', '2025-07-18T10:36:58.277Z', 445.1, 7, 15, 'upstream'),
  ('7bc92c89-e445-462f-b065-3e72689f9d96', '05d5f920-0279-4343-c593-55959a271583', 'eba21de8-b3db-4434-44fd-075cbc81100f', '2025-12-24T11:36:55.996Z', 393.34, 2, 14, 'upstream'),
  ('706006ca-2169-4892-803b-46335647af02', '85d530ab-bd13-4d1e-13ba-506ad401bad1', 'fde90211-bd5a-4988-c657-066f3eabab12', '2025-11-04T09:34:05.479Z', 284.29, 4, 8, 'downstream'),
  ('db856ebb-5a21-470e-82bc-c076272ade7b', 'e0f71699-12ba-4d71-db12-939945328b9c', '7af1fb3c-1e17-43c4-f849-5ea33e2cc2d9', '2025-07-01T13:59:32.553Z', 470.95, 3, 3, 'downstream'),
  ('ee218e6f-b035-44f0-9702-3e2f2b977cb7', '57cfdef1-c9df-4cfd-bdd4-7b89a9f775bd', 'f768a3d3-262b-44d2-a909-ece1b3081802', '2025-06-03T02:47:20.717Z', 208.94, 7, 10, 'upstream'),
  ('52e8e7f4-bafb-47c9-0aa4-7e1f7daf97c5', '9f7f0025-bd87-46a4-caa6-e3d0b68bc31b', '47f2f40a-4f0f-47e0-e97b-079279f04ab4', '2025-07-13T03:40:35.683Z', 149.7, 1, 11, 'downstream'),
  ('865bb854-267a-4a8c-e979-d2a510f85aec', '5e8a99ed-5859-4784-9089-99e969cd76f0', '3dc88fec-b0d4-42ef-ce85-2ea575b5b053', '2025-09-09T04:04:32.009Z', 244.68, 5, 16, 'lateral'),
  ('5829e6e0-e619-4b64-a244-0a3208a69ffd', '1a4fcab2-3f6e-48b7-212b-fb5116a7345a', '4f636c52-8377-4904-535d-ef20868fffa4', '2025-09-12T09:53:21.337Z', 459.06, 8, 19, 'downstream'),
  ('436c98f8-6092-4250-9594-b6b5a0076f9f', '971b760c-359a-452f-0e7b-594c7d12ec31', 'ed757bf6-4f01-4fab-3859-9029777e7817', '2025-05-24T19:34:57.628Z', 61.93, 7, 22, 'downstream'),
  ('7e5f1f6c-5e0c-4a69-5510-0ba51ad8c04b', 'a88a510e-4a8a-4618-a076-f2d3dd614d49', '2d04cde1-359e-49e7-5848-eddedf32a557', '2025-07-12T03:14:14.667Z', 271.3, 3, 16, 'downstream'),
  ('d812822f-d8be-45bc-1841-64244121d850', '860c8c86-c7e6-45f4-aa98-206bd29eb1b4', 'd5af739b-d395-4594-929f-02c0da1f45e6', '2026-02-20T02:26:19.984Z', 474.64, 2, 21, 'lateral'),
  ('38a19b30-57d3-4c46-b354-e81cd3feb195', '7f330e46-5b0a-4f72-ce29-277df0d31b0d', '8e40b444-6a9d-4ea1-d7ee-79383e0a1af6', '2025-08-05T06:23:34.482Z', 265.21, 6, 19, 'upstream');

INSERT INTO "cascade_gradients" ("id", "ferroresonance_event_id", "line_id", "timestamp", "stress_value", "propagation_depth", "affected_bus_count", "gradient_direction") VALUES
  ('f1bb5a5e-4670-4261-83f9-bdcad241b484', '7e41f221-bafc-4e6a-0f70-dc74745a000e', '7b21f502-01d0-49eb-195f-cec5ddad855c', '2026-03-02T10:45:10.556Z', 0.35, 4, 15, 'downstream'),
  ('ee102209-733a-439c-d573-397ab54bd3ab', '1cd62825-2b14-48e2-3335-05dc8e52278b', 'af8e8882-eff4-477a-402b-aea979d86ee9', '2025-10-26T18:10:33.312Z', 349.2, 8, 14, 'lateral'),
  ('54b8605d-32a4-49e5-9a78-aaad26a361ae', 'cdacec41-c9d1-40d9-6667-1a6cde483edf', 'ed9b5ec9-21aa-445d-6f73-888fc475a38a', '2025-09-01T06:32:11.178Z', 187.35, 7, 1, 'upstream'),
  ('123b8dce-0904-43df-1549-a0bda222346b', 'db8e8db9-6352-4c2e-121c-37998fc97c4a', '03a2a087-f419-4d05-0ead-68c45ef36fe9', '2025-07-30T01:59:44.144Z', 273.96, 6, 21, 'upstream'),
  ('09c62b68-204b-40ec-2185-2458c5ccdf34', '2d08b932-8ff7-43f5-c777-681c2b9b031a', '4f636c52-8377-4904-535d-ef20868fffa4', '2025-12-20T09:29:45.236Z', 457.97, 8, 18, 'lateral'),
  ('dfaea0e4-17fa-4ef5-f017-a1369f604df7', 'b5360923-4b79-4b37-f829-8d9142526f17', 'd50efcfb-a56b-49ed-6066-7a8e2ad87506', '2026-01-22T04:09:20.394Z', 160.32, 6, 19, 'downstream'),
  ('264b17a8-5ee9-416c-6a76-7c91921684c8', '663aa62d-e434-46a5-b115-c1924c80c89c', 'ff7539e9-9e64-481c-968d-926091ac3500', '2025-11-20T07:34:58.896Z', 217.44, 1, 11, 'downstream'),
  ('eaec0287-e059-4676-332c-f506b139b4a9', '6e3f305d-207b-4d5b-7dfe-4d6868c739ce', '551a86ab-4d2b-4730-8cc0-99fa2b45c424', '2025-10-01T10:16:02.783Z', 446.36, 2, 9, 'upstream'),
  ('d35a45ed-0f97-4782-af90-2a452c462ec2', '85d530ab-bd13-4d1e-13ba-506ad401bad1', 'c31d74fe-5019-4fb4-3bb4-9cb32f0a02fe', '2025-06-21T17:15:04.913Z', 190.45, 1, 5, 'downstream'),
  ('8dc92f10-6de6-4bcc-f899-04616d501acd', '62c66317-306f-4d8b-d02e-7a6c06fe7ab2', '5ff7775a-9c05-4ec2-b1d5-43a953b6fbce', '2025-05-18T13:17:19.315Z', 214, 3, 8, 'lateral'),
  ('a829905d-25a3-4a84-c361-5073da9d78f4', 'e0f71699-12ba-4d71-db12-939945328b9c', '68121316-b34d-4c29-29bd-6e67d523ca7d', '2025-12-19T23:34:34.239Z', 147.74, 3, 14, 'downstream');

-- tda_features: 111 rows
INSERT INTO "tda_features" ("id", "switching_event_id", "line_id", "beta0", "beta1", "d_beta0_dt", "persistence_entropy", "betti_ratio", "wasserstein_distance", "computed_at") VALUES
  ('621c2988-8022-455f-f79c-c31b19f704d3', '4abe8559-64c4-456e-e502-afdbd6684a59', 'd5af739b-d395-4594-929f-02c0da1f45e6', 12, 1, -187.53, 3.78, 6.98, 2.28, '2026-03-15T07:36:17.437Z'),
  ('95777c49-b2be-4623-4b39-b8f48480d98a', '222b96f4-cb86-47df-1598-6fefd63c93e1', 'ab5a2b10-7d7b-47ea-b3ec-dae8aba61f20', 4, 2, 74.22, 4.68, 5.61, 2.38, '2026-01-27T15:04:47.921Z'),
  ('21b7761c-a40f-412f-6fb9-f2b0ed89c465', '4fd7812b-f713-4165-af60-8c5b889cbf85', 'd50efcfb-a56b-49ed-6066-7a8e2ad87506', 12, 0, -91.93, 3.62, 7.82, 2.52, '2025-07-23T19:15:43.689Z'),
  ('6120eb18-ac67-4364-be8c-8388f595be05', '30b2d6ff-2c54-4ee3-3113-803bdd6493bd', '839aa6d0-5ff5-4be0-a286-d12b41df50ca', 12, 7, -63.86, 2.7, 5.58, 0.95, '2025-10-08T06:13:54.026Z'),
  ('618719bd-c0b8-4284-b916-55cf308fce20', 'c1c3c801-90f1-4b9c-3fb0-6a5307c2e785', 'ab5a2b10-7d7b-47ea-b3ec-dae8aba61f20', 3, 8, 172.35, 4.67, 3.38, 2.63, '2026-04-18T02:02:31.150Z'),
  ('497c1c4e-620f-49b5-3609-0f5594b7d269', '84f87e0b-61b6-4502-39fb-a6bb0cb172d6', '9cee72b1-d61d-49ae-07c2-a86283895feb', 10, 2, 3.41, 1.03, 5.17, 1.74, '2025-12-13T21:56:44.086Z'),
  ('4fd8cbdf-7cbd-4cae-2b9b-3e8a4561c119', 'd7d3e4ca-c228-4a2c-e273-23173dca5f98', '5ff7775a-9c05-4ec2-b1d5-43a953b6fbce', 15, 2, 181.13, 3.82, 5.47, 1.39, '2025-06-24T16:03:44.374Z'),
  ('2c94d554-c01e-4cb1-a45b-e52a91ebb70b', '8f39b3ba-f070-4981-937c-b80bda4969a6', 'af6015d5-c92a-4e2c-2172-90a66e23fb15', 9, 6, 177.76, 3.7, 7.13, 0.35, '2026-02-12T17:46:14.351Z'),
  ('752501b6-dc9f-48d7-9d5a-16567e87b891', '6809e6d2-a6ab-447d-b4f5-e1533cd56a73', '9419df5f-0111-4438-f22b-405a3122d473', 8, 3, 7.29, 0.46, 5.49, 0.73, '2025-12-22T09:07:15.613Z'),
  ('dcaf8e5a-9f6b-4a4d-c583-b1d25aa6fbc7', '72034d7d-8cee-4b38-f226-025f5793397d', '7b21f502-01d0-49eb-195f-cec5ddad855c', 7, 1, 131.49, 2.07, 2.35, 0.16, '2026-04-22T08:26:53.395Z'),
  ('769e172e-4f99-43ce-110f-fd7908c61409', '5a323b56-387d-4883-1462-f3910bf3297f', '2dff58ce-c614-4f2b-c482-abd45c2e70b3', 6, 3, -169.32, 1.22, 0.79, 1.23, '2025-12-25T02:51:05.424Z'),
  ('c29e33d7-5f29-41d3-302d-72ea94b929e8', 'b5353835-4db9-44bb-db40-fc857726ecb5', 'd7a8554f-2302-40dc-ddca-bc5bb9f85eb0', 6, 3, -142.79, 4.41, 9, 1.95, '2025-11-21T21:52:05.817Z'),
  ('9a5af87b-1bec-4a0c-316a-f78c713ae52f', 'ee55ee72-c0a0-4c42-87fb-973bd19c2d96', 'fde90211-bd5a-4988-c657-066f3eabab12', 7, 2, 161.93, 0.15, 0.25, 2.85, '2025-08-15T01:42:07.320Z'),
  ('06c5518b-83b2-4145-36f4-ad39a7d79f95', 'd409101e-e852-4971-6b6c-478cf4615b50', 'c4b2b8bd-30f4-4dba-2de9-412941abbafe', 7, 3, -102.88, 2.51, 8.78, 1.09, '2025-08-19T00:12:28.562Z'),
  ('a3e3f84b-d7e4-4f4d-8b98-c63b021631a4', '93d7a7db-e3e7-42d8-f809-61d2cddfbec8', '69c740e1-2bab-46b6-a56e-a1b991ab89b5', 9, 2, -178.23, 3.78, 4.61, 3, '2025-06-26T08:20:34.426Z'),
  ('720db216-19c8-46bc-9c53-edbb8d423c10', '25bc4417-018e-4ad5-1fa0-0fb41c88a13c', 'f45c9861-e25a-4269-a24c-8685894449b6', 6, 4, 49.24, 2.18, 5.52, 1, '2025-12-28T01:41:47.991Z'),
  ('b53ec3dc-dc62-4782-821e-17ddd56a9fe8', '318bdec4-538d-460e-b058-fb1f98854f56', 'd50efcfb-a56b-49ed-6066-7a8e2ad87506', 9, 0, -23.82, 1.64, 4.26, 1.04, '2025-08-26T10:32:31.616Z'),
  ('b6d2a384-a5ab-4554-7e57-fef6869cc755', '18dccea6-1196-4c8c-e8c7-0fe16c80f141', '730f8942-8b4a-447c-7925-dc71ac36fc86', 8, 0, 95.45, 4.67, 8.79, 1.12, '2026-01-20T23:54:54.055Z'),
  ('abe889e2-7140-4419-21b1-b21c2b306758', '2a72784c-ace7-4b5d-957e-33df8fdc77ce', 'd2e2c6b3-0f17-49c8-9228-8af3159b40d2', 13, 5, 16.35, 1.46, 0.77, 0.39, '2026-03-27T21:41:40.160Z'),
  ('24b1baac-3e3d-4231-53a5-bd6e534e3bfb', '8014dbee-3377-45c2-9214-1ace29ac399a', '2dff58ce-c614-4f2b-c482-abd45c2e70b3', 8, 2, -126.01, 0.21, 1.33, 2.91, '2025-09-18T02:47:52.390Z'),
  ('9948be2b-25df-40dc-9524-720c6e20c409', '3bcae768-6c2d-441a-2880-ff292775f936', '87c6bd44-5161-4071-ba0c-920558a91e92', 7, 1, 148.38, 1.43, 9.37, 2.03, '2026-01-28T18:21:11.800Z'),
  ('b9575e58-832d-4da5-20f4-1b9d17e6c6e4', '83eebfb2-6118-47e2-36de-f7d74125aeb3', '8893c4b1-f4f0-4f01-4f26-bb6240d81aef', 14, 6, 166.58, 1.71, 1.73, 0.05, '2025-05-09T16:23:35.181Z'),
  ('445849e8-24d3-4d8b-e2b3-9b4f80c22921', '4fd7812b-f713-4165-af60-8c5b889cbf85', 'bff86c9e-d25f-4d13-bfa0-35de1f8da4aa', 7, 8, 98.13, 0.52, 3.98, 2.9, '2026-03-17T09:13:23.683Z'),
  ('5e513800-56b0-451b-5be1-c9f2d1d194a3', 'e247421c-f892-4eba-2d6d-d22e4b6febfc', '730f8942-8b4a-447c-7925-dc71ac36fc86', 1, 4, 54.48, 0.52, 7.96, 2.29, '2025-06-26T00:46:24.564Z'),
  ('e1ee35ab-17b5-48ef-4fb4-f8cb5e94feac', '18dccea6-1196-4c8c-e8c7-0fe16c80f141', '84143651-8e6c-40ab-4884-32243cb0f83c', 6, 5, -3.72, 3.09, 4.05, 0.06, '2026-03-14T14:52:32.290Z'),
  ('e52e0e27-a145-479b-6865-ca0666c9d2c3', 'adc2a44e-2cef-4c2b-e5f7-76f7d773995a', '9f63c0e0-6ef5-497c-a8b1-2dd371cea8fc', 6, 8, 130.81, 0.79, 9.46, 0.97, '2025-12-16T17:26:37.293Z'),
  ('b348cddc-91fc-42bc-1c09-f3ef5de1b9a7', '98849ab9-b2f2-41cc-499e-3032fa59367e', '8b6cd7de-fd3d-48fe-37b3-ad67e75a2dda', 9, 8, 98.67, 2.67, 9.03, 2.27, '2025-06-30T15:02:13.665Z'),
  ('6bdc70a3-220a-473d-b7b7-d36f0d359ef8', 'e8c1b890-925d-4cd5-183f-077b7d0381e6', '0b822200-cff3-4c1e-f5b2-e3b46cf43e90', 11, 8, -98.86, 1.63, 8.99, 2.75, '2025-09-12T11:08:54.419Z'),
  ('473466e5-9d60-476b-9348-16be19a7d851', '4ce22308-4711-4ac6-5b00-8c2d444efcd2', 'c88f5c71-1016-40c1-0950-c93718ad8cfe', 3, 7, -24.99, 0.66, 1.74, 0.68, '2026-01-05T06:21:35.060Z'),
  ('216fb0fb-fb56-41a3-ef39-cbb1d484e394', '83ca6db5-f3de-4e7d-8ddc-df4832cb0cfa', '7af1fb3c-1e17-43c4-f849-5ea33e2cc2d9', 10, 4, -104.58, 3.42, 6.86, 1.16, '2025-11-15T04:40:25.280Z'),
  ('117bfb4e-0253-410c-2012-fa1fead0878a', '2ccd601f-a34b-4705-71f8-7bc751884319', '95e39adc-07a4-411b-60ae-35e0d6183f41', 6, 1, -28.29, 4.66, 8.19, 1.03, '2026-04-26T12:18:15.842Z'),
  ('cb511bbf-5d3f-41c2-3f86-f524c04b2a8a', '3e25f646-c0fa-4998-f79a-68ab45d2d128', '8e40b444-6a9d-4ea1-d7ee-79383e0a1af6', 9, 5, -109.21, 4.31, 7.28, 1.66, '2025-10-09T05:43:46.172Z'),
  ('45745fb5-18ec-445e-72b4-0dcb6e138630', 'e8aebe70-cb11-43ef-dee6-42132bbadd23', '9293ac40-c3e9-4946-bd11-7e85c1e567c0', 8, 8, 6.17, 2.6, 0.78, 1.5, '2025-09-05T03:23:25.549Z'),
  ('a3060f96-bcfd-4a72-9685-dba6637bd142', '1336413e-9b1a-46f1-bc08-94d13a6dd256', '09fcd98e-df03-4e10-4306-fec84d710b5a', 14, 7, 178.75, 3.9, 9.55, 0.35, '2025-08-20T17:34:43.004Z'),
  ('048e3b96-adca-4d46-29cf-dcd30cd792d7', 'c7384f61-7e1a-445f-b932-13b77cef6822', '7b21f502-01d0-49eb-195f-cec5ddad855c', 5, 8, 20.36, 2.32, 5.68, 1.54, '2026-02-01T00:00:56.572Z'),
  ('5af8e2cd-bf2c-4ab1-833b-90779311140b', 'a59a0762-5929-42c0-b02d-b0397f7221f4', 'c31d74fe-5019-4fb4-3bb4-9cb32f0a02fe', 8, 7, -22.14, 3.19, 2.22, 2.74, '2026-03-21T08:51:53.453Z'),
  ('873e43ef-9ca6-4249-a3fd-7218cdb78882', '318bdec4-538d-460e-b058-fb1f98854f56', '1b047a85-fe97-424f-91ce-ca85b20c6f28', 6, 3, 85.46, 3.97, 2.1, 2.02, '2026-04-14T02:55:13.258Z'),
  ('87973c89-869e-4769-8d3f-481d8bdc24af', 'b8d26265-a50f-484b-d338-f0d78b441251', '2d9b5dc1-87c5-46ec-1972-ebfe68508d82', 14, 3, 151.9, 0.28, 6.38, 1.99, '2026-01-17T20:09:09.641Z'),
  ('9cef3149-34d2-45a0-0184-9a9512c8e4f4', '3157e9a5-ad33-4609-b466-351cdbbd2187', 'ddfa1477-120e-4cc6-690e-e48c8123aefb', 11, 2, 119.96, 1.54, 0.56, 1.24, '2026-03-05T14:52:45.087Z'),
  ('b77a8e00-c67e-4072-3b62-33d89a25eef3', '0448931a-b998-447f-b856-cdf2746c0683', '0e44f99d-ca40-4fef-2dc5-60eab2612391', 7, 5, -94.06, 2.26, 5.64, 0.96, '2026-03-16T06:04:14.690Z'),
  ('917ec305-f98b-4109-200a-7d4fc629ef84', 'adc2a44e-2cef-4c2b-e5f7-76f7d773995a', '77f09e93-236a-4aa2-4049-c3e028ed305c', 3, 0, -117.1, 0.45, 2.51, 2.65, '2025-05-11T19:25:04.205Z'),
  ('e53b57d7-45e9-4f29-80e1-ec20d1f373ae', '3157e9a5-ad33-4609-b466-351cdbbd2187', '8e40b444-6a9d-4ea1-d7ee-79383e0a1af6', 2, 0, -38.45, 1.25, 7.67, 0.24, '2025-06-25T16:15:48.502Z'),
  ('ab3bd516-29a4-4304-f0cd-aa5b13c44bc2', 'e247421c-f892-4eba-2d6d-d22e4b6febfc', 'f45c9861-e25a-4269-a24c-8685894449b6', 14, 7, 125.53, 1.44, 7.72, 0.34, '2025-11-29T09:00:46.262Z'),
  ('3b7a4c1b-c796-457f-4836-69d22435315c', '6420f7bb-5b7c-43e1-6b3a-e91ec48ac394', '8b6cd7de-fd3d-48fe-37b3-ad67e75a2dda', 13, 7, 119.93, 2.24, 2.23, 0.14, '2025-08-04T00:49:03.446Z'),
  ('43bd31c8-23bf-4653-fba1-29b002068c1b', '6809e6d2-a6ab-447d-b4f5-e1533cd56a73', 'ffdeb171-8ab3-474f-77f8-eb7e18d22167', 3, 6, -94.51, 4.03, 2.36, 2.9, '2025-11-27T09:10:55.346Z'),
  ('dc9ee1ef-0194-476c-ab6b-6fa0d49a3a34', '733fd3d4-4023-483b-5b31-9c37a5d96434', '0b822200-cff3-4c1e-f5b2-e3b46cf43e90', 9, 6, 36.86, 4.1, 1.3, 2.69, '2025-07-17T03:55:58.639Z'),
  ('0a13b626-13c0-475d-2200-515a6a54ca1e', '354286bd-acc3-47b5-90b0-87094ea7ceab', '87c6bd44-5161-4071-ba0c-920558a91e92', 6, 3, 50.14, 1.63, 3.2, 0.27, '2025-06-17T07:29:30.945Z'),
  ('73ed3735-0e46-4cf8-072b-b3b90ccb904b', '83ca6db5-f3de-4e7d-8ddc-df4832cb0cfa', '90fb23b7-10e4-4392-e296-dc2c9eb0307c', 9, 8, 50.52, 1.1, 6.75, 2.55, '2026-01-19T21:32:33.712Z'),
  ('77f4eaab-ff99-4288-c7db-b6bbcdd5cf2c', '86ee513f-22b9-46a7-6971-6cf028ecaf49', 'ba2a0f94-0a0c-4818-f3c5-524ff99c69e2', 11, 5, -163.85, 2.54, 5.48, 0.97, '2025-11-10T08:30:09.088Z'),
  ('2701424c-d1d3-4ce3-a82b-eb674d6f482f', '587334b0-599f-4f7e-d135-02040baa0947', 'ed9b5ec9-21aa-445d-6f73-888fc475a38a', 14, 6, -9.36, 2.54, 0.08, 2.05, '2026-03-13T18:27:38.980Z'),
  ('19f53594-e448-4668-9b3e-2f6fc3520549', 'e2758624-8c74-4507-2df4-f561a10593df', '8c5eba10-bba7-4ef2-7bf4-6b209abc71d0', 14, 5, -17.04, 1.83, 5.87, 2.56, '2026-04-28T18:24:26.589Z'),
  ('47efaddf-1421-49c9-b286-b49455f6db4c', '4abe8559-64c4-456e-e502-afdbd6684a59', '7f390be1-4b6e-46c4-9489-bc33d034105a', 3, 6, 157.1, 4.07, 9.18, 0.95, '2025-12-24T09:49:44.651Z'),
  ('d03532cd-fa21-44f3-fd4b-e4aa02a863b2', 'ab97d30b-122b-4f24-e1f1-35d68cff5ff0', '95e39adc-07a4-411b-60ae-35e0d6183f41', 6, 0, -53.59, 0.37, 1.54, 0.94, '2026-01-31T19:46:18.018Z'),
  ('6d6ad08d-3e6b-408b-1bea-82e750f3771c', 'a59a0762-5929-42c0-b02d-b0397f7221f4', 'c4b2b8bd-30f4-4dba-2de9-412941abbafe', 13, 2, 153.88, 2.25, 1.13, 1.72, '2025-05-31T11:07:09.160Z'),
  ('5bb98f1c-4c40-403c-51d5-292acaaf2f79', '30b2d6ff-2c54-4ee3-3113-803bdd6493bd', '480bcb6d-b531-4b0e-541a-9d3a67d80d51', 14, 8, 135.39, 4.27, 7.2, 1.05, '2025-07-26T21:10:01.762Z'),
  ('f0cdf664-0fb2-4048-3633-4af06c9391b1', 'c7384f61-7e1a-445f-b932-13b77cef6822', '7a1f74f3-58fb-4249-d042-0a36a8f809a8', 9, 0, -125.74, 1.32, 1.93, 2.94, '2025-12-08T01:59:41.789Z'),
  ('c5e1028c-67d2-42b8-3062-995fea7fe0a2', 'b3abc2a7-948a-4116-79b9-52ce55482851', '07d28612-48ce-492a-024a-550c4704055a', 14, 6, 97.44, 4.8, 0.82, 0.15, '2025-08-31T18:15:01.334Z'),
  ('3f787184-8c56-47ca-2511-b6aacf3f8b00', '0fa87fad-ddf0-4ea8-5cd3-1d8b874a6697', 'f0d93daf-00c4-4292-29aa-26a42845e14c', 7, 0, -14.32, 0.73, 9.51, 2.27, '2026-02-21T17:24:19.398Z'),
  ('9f5dab22-484e-4bc2-23bc-52a5af10a6c8', '83ca6db5-f3de-4e7d-8ddc-df4832cb0cfa', 'd0a96acf-ed10-4c39-77ca-a56744c7ef13', 2, 1, -157.12, 0.14, 4.23, 1.17, '2025-07-21T01:01:03.652Z'),
  ('445aaa5f-08db-42bc-4938-3e009b92304e', 'e2758624-8c74-4507-2df4-f561a10593df', '91c5d2f4-b8b1-422a-099c-db3dbb742c3b', 11, 8, -136.98, 4.36, 5.14, 1.1, '2025-07-09T21:07:10.172Z'),
  ('cdbb2b01-a851-40a9-88be-d3547943c934', '60622e36-254a-41a1-79fc-a3a7ef77708d', 'b88e54ff-bdb5-422c-fa12-21f0fcdf94cc', 1, 6, -32.31, 2.23, 3.57, 2.49, '2026-02-11T11:35:20.238Z'),
  ('f67aa915-2a98-4aa9-39da-c2ddf7b2cf36', '72034d7d-8cee-4b38-f226-025f5793397d', 'eba21de8-b3db-4434-44fd-075cbc81100f', 8, 1, 65.29, 3.72, 1.59, 0.35, '2025-06-25T04:08:18.718Z'),
  ('284ce036-5365-47f3-a6e6-c48d002570a8', '0d8df66e-e2d3-4a1a-30e8-81388d126e8c', '7f390be1-4b6e-46c4-9489-bc33d034105a', 13, 2, 96.38, 2.87, 1.63, 1.44, '2025-05-15T20:10:17.542Z'),
  ('e261dd14-a5b4-4464-d250-afb95f5be954', 'aa92f339-06ab-4b7c-ab0a-a108f412daac', '47f2f40a-4f0f-47e0-e97b-079279f04ab4', 9, 5, -5.57, 0.41, 2.12, 2.2, '2026-01-25T02:28:32.936Z'),
  ('dad95608-44de-4ed3-a589-34efd4f88e8d', 'b20920bb-565f-44f8-701b-f9c8b41d5ebf', 'a2d08532-ddac-4e12-a3ee-f995bd11c22f', 3, 3, 175.25, 2.99, 1.63, 1.51, '2026-02-12T13:38:03.415Z'),
  ('0924fcf0-caf4-4ac1-a21f-d0369663ab1a', 'd7d3e4ca-c228-4a2c-e273-23173dca5f98', '9293ac40-c3e9-4946-bd11-7e85c1e567c0', 10, 2, -9.32, 2.12, 2.06, 1.03, '2025-12-16T11:44:11.375Z'),
  ('36a37f47-7f07-4c4c-b630-a7e8eb98a7ac', 'd0694bd6-f949-4579-08af-6f461bf6020c', 'c9565396-e858-494c-6f55-f5ec776147ce', 1, 6, -15.3, 1.25, 5.85, 1.8, '2025-06-29T20:53:04.650Z'),
  ('a8014287-a2b7-4060-43a2-ad35beb2a66e', '1ac97cbf-f9e4-472b-8866-3633884aeb38', '8e40b444-6a9d-4ea1-d7ee-79383e0a1af6', 13, 6, -91.14, 3.79, 4.95, 1.68, '2026-01-07T08:42:32.021Z'),
  ('b0148341-316a-4c97-42ab-a3b33503ea31', 'b3abc2a7-948a-4116-79b9-52ce55482851', '7f390be1-4b6e-46c4-9489-bc33d034105a', 13, 5, 7.66, 1.35, 4.58, 0.46, '2025-08-28T08:06:49.638Z'),
  ('7fe4e687-76c4-4b0d-f62e-f8eede08f08b', '58afba7c-529c-4255-46cd-d5c124abe8a0', '7f390be1-4b6e-46c4-9489-bc33d034105a', 4, 2, 99, 2.68, 3.54, 0.32, '2025-11-04T08:40:34.412Z'),
  ('670e8d58-5ff4-481b-f6db-5f2c8da2e3ee', '472de668-93bc-4092-817b-0ab0c2f67931', '8e40b444-6a9d-4ea1-d7ee-79383e0a1af6', 11, 5, 128.18, 4.83, 1.05, 0.34, '2026-02-14T08:53:29.962Z'),
  ('d580c787-9b68-4699-8896-9357b900a6f9', '55ef4bb0-69a0-4e7f-576c-09f92d7b9bc1', '8b7bf4d1-c4f0-4618-6639-0583eca39fd3', 8, 7, 82.43, 1.3, 1.86, 2.63, '2025-06-10T14:09:15.217Z'),
  ('8e1065da-14e3-43cd-1061-24e7a8f97422', '523d2fbf-8731-4c3b-3370-6ab4d6548132', '8b7bf4d1-c4f0-4618-6639-0583eca39fd3', 4, 5, 198.45, 1.58, 6.14, 1.92, '2025-10-28T17:32:19.948Z'),
  ('09030d14-4f0a-4a6b-e152-ea097367115f', '354286bd-acc3-47b5-90b0-87094ea7ceab', 'd50efcfb-a56b-49ed-6066-7a8e2ad87506', 6, 8, 183.59, 3.1, 6.75, 0.8, '2025-06-10T00:06:01.892Z'),
  ('b6bc2ceb-6585-4b72-81d2-6c6e347867af', '4fd7812b-f713-4165-af60-8c5b889cbf85', 'f45c9861-e25a-4269-a24c-8685894449b6', 2, 7, -112.57, 1.13, 9.58, 1.48, '2025-08-01T02:48:58.111Z'),
  ('0ca30e3f-a60f-47ba-018e-72a6b49a9e43', '52c80943-ca01-4d99-9402-f8b97ed0e91c', 'd2e2c6b3-0f17-49c8-9228-8af3159b40d2', 11, 8, -27.89, 2.12, 6.02, 0.53, '2025-11-07T12:11:32.171Z'),
  ('7b00a908-2aab-4d5e-c907-7ce466e703a1', 'ebf67194-ad44-4954-d0bc-3bc3ea98bddc', '77e83b45-7b1a-4c76-b14d-458dd8c14795', 5, 8, -123.98, 4.4, 2.58, 1.16, '2026-01-08T03:43:16.552Z'),
  ('5d070f73-626b-42cf-22a3-bee2357c4b27', '72034d7d-8cee-4b38-f226-025f5793397d', '69889ab1-49b8-4b76-8110-983bea9aad11', 4, 6, 160.47, 2.18, 7.77, 1, '2026-03-13T00:49:18.726Z'),
  ('b56b63b7-ba2c-4fec-fef0-6ccbafa2a205', '4ff5a72e-77e1-42f7-3e14-8a4cbc5507af', '98c9d2a3-336e-4604-f3b4-fabc71bd1e25', 4, 0, 22.34, 4.54, 7.98, 1.77, '2025-11-20T21:40:17.213Z'),
  ('b5b59ce8-2c65-4109-fd94-ea29d4ac47e3', 'b8d26265-a50f-484b-d338-f0d78b441251', 'bff86c9e-d25f-4d13-bfa0-35de1f8da4aa', 6, 6, 148.62, 4.11, 7.35, 1.79, '2025-08-21T07:46:30.928Z'),
  ('4ea100e9-35f0-4440-69f7-4f45a3ef5f1e', '7d8278e5-56d4-4cd3-b951-a6dc9290d827', 'a2d08532-ddac-4e12-a3ee-f995bd11c22f', 10, 2, 67.93, 2.6, 3.69, 1.16, '2025-12-30T23:58:23.838Z'),
  ('6598b674-d7ee-4cf9-5cbf-7329f430ca95', '4ff5a72e-77e1-42f7-3e14-8a4cbc5507af', 'b88e54ff-bdb5-422c-fa12-21f0fcdf94cc', 9, 8, -169.17, 0.6, 1.93, 0.04, '2025-12-08T07:00:43.166Z'),
  ('5c8d2dfa-f547-419b-c994-2a9c18328333', '6809e6d2-a6ab-447d-b4f5-e1533cd56a73', '52f6df5c-c080-4bc9-398f-b1d67b1c5ea6', 2, 6, 77.14, 0.51, 9.82, 1.26, '2026-02-17T06:24:41.792Z'),
  ('e718c31d-9a19-4112-f0ad-efa998f88cf3', '3bcae768-6c2d-441a-2880-ff292775f936', 'ddfa1477-120e-4cc6-690e-e48c8123aefb', 15, 3, 86.65, 1.7, 4.24, 0.64, '2025-11-17T02:31:41.942Z'),
  ('2d6b4706-6f48-4e85-6b88-33e400ee045a', '3157e9a5-ad33-4609-b466-351cdbbd2187', '06e5d328-489b-4763-8236-5ce087c4f18d', 3, 8, -91.39, 2.2, 6.11, 1.71, '2025-06-20T07:49:20.111Z'),
  ('b316fcb7-5c95-49aa-3af5-7847550b650d', '8fc4c19f-8fd7-4aa5-3831-f1ddd813131f', '437202ca-af47-4004-14cb-0407ec3acdc7', 10, 2, 66.79, 0.15, 4.01, 0.26, '2025-12-26T13:17:41.128Z'),
  ('99a8aeb7-1dd5-44de-9aeb-b8625264c2d9', '4ff5a72e-77e1-42f7-3e14-8a4cbc5507af', '77e83b45-7b1a-4c76-b14d-458dd8c14795', 3, 8, 104.5, 1.33, 8.31, 1.86, '2026-04-11T16:44:31.556Z'),
  ('e40e0941-df5b-4199-5abf-ffc19a5948c6', '7d8278e5-56d4-4cd3-b951-a6dc9290d827', 'd7a8554f-2302-40dc-ddca-bc5bb9f85eb0', 12, 2, 16.09, 1.39, 2.17, 2.89, '2025-11-14T00:31:38.661Z'),
  ('88717c32-256a-49fd-55ad-fb275cf7323a', '5a323b56-387d-4883-1462-f3910bf3297f', '910555e6-6bff-48df-c64a-dff5209b2451', 5, 3, -61.98, 4.55, 0.64, 1.86, '2025-07-29T13:05:58.121Z'),
  ('e770a415-ac13-4493-09ea-a4a6cc01037c', 'aa92f339-06ab-4b7c-ab0a-a108f412daac', 'b9ccb928-0ebf-4b20-ee8b-5567dfc75a6d', 12, 7, 140.49, 1.13, 4.94, 2.19, '2025-10-20T03:54:15.121Z'),
  ('6db265a6-b606-4388-d5ea-1639d074d7e9', '2a72784c-ace7-4b5d-957e-33df8fdc77ce', '4f636c52-8377-4904-535d-ef20868fffa4', 2, 2, 162.14, 1.1, 3.28, 0.03, '2026-01-20T05:11:31.701Z'),
  ('722c83d4-0e1e-4998-16ed-e2ef81ebc021', '96b138a8-8132-40a9-2055-e7b62c9a2ed2', '69889ab1-49b8-4b76-8110-983bea9aad11', 11, 2, -30.29, 4.65, 0.27, 2.07, '2026-02-25T03:14:51.360Z'),
  ('899c1a34-56e4-4855-6b90-8331d2cc4fc8', '2ccd601f-a34b-4705-71f8-7bc751884319', '0314d822-8255-4f38-05bb-038c357e9cba', 10, 2, 114.9, 1.07, 4.51, 2.3, '2025-06-26T05:25:30.288Z'),
  ('cc500c95-189d-4e87-e3ff-24a40fb02cf5', '25bc4417-018e-4ad5-1fa0-0fb41c88a13c', 'af8e8882-eff4-477a-402b-aea979d86ee9', 10, 0, 190.96, 3.43, 8.04, 1.94, '2025-12-24T00:24:22.583Z'),
  ('dfdd02ac-1947-4c41-f7f5-19bc4b483385', 'ebf67194-ad44-4954-d0bc-3bc3ea98bddc', '77e83b45-7b1a-4c76-b14d-458dd8c14795', 2, 4, 116.85, 1.52, 3.11, 0.16, '2025-09-14T16:28:30.349Z'),
  ('48c863e0-4a74-4b74-448f-7b3144234095', '55ef4bb0-69a0-4e7f-576c-09f92d7b9bc1', '551a86ab-4d2b-4730-8cc0-99fa2b45c424', 7, 3, -188.32, 4.1, 6.82, 0.51, '2026-03-01T02:11:56.817Z'),
  ('b21125b0-7df9-4452-d97a-f302b9dd1c9e', '3e25f646-c0fa-4998-f79a-68ab45d2d128', '551a86ab-4d2b-4730-8cc0-99fa2b45c424', 8, 1, 135.16, 2.76, 3.45, 2.84, '2025-08-02T03:38:45.469Z'),
  ('dcff7562-bfa9-407d-8bc2-360df9299ca2', 'fe029981-eec1-4ba9-830d-8a362ea63364', '274a31c4-a628-42e6-46cd-674aea5f02d1', 11, 3, -32.03, 0.14, 6.42, 0.55, '2025-10-13T17:10:46.946Z'),
  ('34ff96b7-6fdb-444d-910b-946fd141d305', 'b8d26265-a50f-484b-d338-f0d78b441251', '9f63c0e0-6ef5-497c-a8b1-2dd371cea8fc', 8, 4, 44.57, 3.25, 8.01, 1.22, '2025-07-14T04:28:26.441Z'),
  ('89b3930c-72da-4498-a1a8-15c3061ac451', 'feff8b33-8e85-429d-1082-6f8b2fe0d884', '8b7bf4d1-c4f0-4618-6639-0583eca39fd3', 13, 1, 39.73, 4.09, 6.91, 1.57, '2026-03-31T03:00:56.387Z');

INSERT INTO "tda_features" ("id", "switching_event_id", "line_id", "beta0", "beta1", "d_beta0_dt", "persistence_entropy", "betti_ratio", "wasserstein_distance", "computed_at") VALUES
  ('9f4d6b81-6b11-4e24-49b4-5f5e362afb7b', '3f019cad-2e4b-41d8-3ccc-e965a705f193', '85322be2-86e9-4583-07cb-4fd8d5d2976a', 4, 7, -151.89, 4.89, 8.59, 0.88, '2025-11-14T13:40:54.912Z'),
  ('17cc918c-aef3-48ee-d35a-097038f05e3a', '4fd7812b-f713-4165-af60-8c5b889cbf85', '3761cbf1-9e07-4ede-0288-6cb834c3b66e', 9, 0, 156.92, 4.62, 6, 2.12, '2025-06-09T03:27:04.818Z'),
  ('91aa13e1-5ba7-4b74-21aa-8207f686915f', '1dc10d7e-e972-4fb7-b60e-f17042c3d029', '52f6df5c-c080-4bc9-398f-b1d67b1c5ea6', 8, 6, -102.32, 2.13, 4.66, 1.24, '2025-06-22T03:58:53.369Z'),
  ('ddabace5-d746-40e4-5d08-27c0fe3354ac', 'c1c3c801-90f1-4b9c-3fb0-6a5307c2e785', '98c9d2a3-336e-4604-f3b4-fabc71bd1e25', 10, 8, -176.94, 3.86, 9.72, 0.34, '2025-09-17T09:35:50.815Z'),
  ('0c5e8897-1b39-4c1d-cb5e-1409a9d49735', '70c41b47-3221-4647-9bd6-0188810ae79f', '935d3249-9eec-40ee-ee7d-c51eb3e89e3d', 4, 1, -170.41, 4.57, 3.26, 1.75, '2026-01-21T14:01:06.258Z'),
  ('3fa14709-6d89-4396-d0b8-3c692ea1585c', 'adc2a44e-2cef-4c2b-e5f7-76f7d773995a', 'f0d93daf-00c4-4292-29aa-26a42845e14c', 15, 6, -61.66, 3.65, 3.56, 1.16, '2025-08-21T13:07:49.239Z'),
  ('ff08ea41-9c49-42c1-9a13-27eb903a69e5', '1a33297b-c79a-49b1-c8ad-139964f50c2d', '8893c4b1-f4f0-4f01-4f26-bb6240d81aef', 1, 6, -98.75, 2.05, 6.33, 2, '2026-04-29T04:11:40.547Z'),
  ('cd2a9f84-1d53-4d3f-820d-cc0dfd64f344', '11e64e59-d7c3-41e8-6cc4-7f3081bc090e', 'ed757bf6-4f01-4fab-3859-9029777e7817', 7, 0, -81.22, 1.64, 2.09, 1.73, '2026-01-26T03:38:22.421Z'),
  ('c3dd9bec-1afb-47bd-5a42-a3b45b212e27', '523d2fbf-8731-4c3b-3370-6ab4d6548132', '3761cbf1-9e07-4ede-0288-6cb834c3b66e', 1, 4, 47.69, 4.53, 4.92, 0.43, '2025-05-28T09:58:21.910Z'),
  ('d45fe53a-a3a8-4295-c106-6bb0e5166c92', '6420f7bb-5b7c-43e1-6b3a-e91ec48ac394', '1ad7a74f-047b-4d75-66df-98cf7f8b0e5b', 8, 8, 16.33, 3.89, 3.67, 2.42, '2026-03-12T21:38:38.921Z'),
  ('c17df414-b7f7-4839-6b29-cb8c06b2ce9e', 'adc2a44e-2cef-4c2b-e5f7-76f7d773995a', '1a3142e8-49d9-43a6-e1d1-a80f93a39eeb', 1, 6, 120.42, 0.71, 1.09, 2.39, '2025-06-11T16:08:16.128Z');

-- ============================================
-- REALITYDB DATASET WATERMARK (unsigned)
-- Certify: realitydb certify <file> --pack <pack>
-- ============================================
CREATE TABLE IF NOT EXISTS "_realitydb_meta" (
  "key" TEXT PRIMARY KEY,
  "value" TEXT NOT NULL
);

INSERT INTO "_realitydb_meta" ("key", "value") VALUES
  ('generator', 'realitydb-cli'),
  ('version', '2.38.0'),
  ('template', 'grid_silent_cascade'),
  ('template_hash', 'sha256:c5d9645987a94deb766c27c95521d872'),
  ('tables', '8'),
  ('total_rows', '998'),
  ('seed', 'random'),
  ('generated_at', '2026-05-01T05:08:53.111Z'),
  ('content_hash', 'sha256:121be78724d8ee36ee92d69b758a333d');
