-- ============================================
-- Generated by RealityDB CLI v2.38.0
-- Template: studio-export
-- Total rows: 104
-- Generated at: 2026-05-01T05:00:35.199Z
-- ============================================

-- ============================================
-- SCHEMA
-- ============================================

CREATE TABLE "Patients" (
  "id" UUID NOT NULL PRIMARY KEY DEFAULT gen_random_uuid(),
  "name" VARCHAR(255) NOT NULL,
  "date_of_birth" VARCHAR(255) NOT NULL,
  "gender" VARCHAR(50) NOT NULL,
  "created_at" VARCHAR(255) NOT NULL
);

CREATE TABLE "Doctors" (
  "id" UUID NOT NULL PRIMARY KEY DEFAULT gen_random_uuid(),
  "specialty" VARCHAR(255) NOT NULL,
  "license_number" VARCHAR(255) NOT NULL,
  "created_at" VARCHAR(255) NOT NULL
);

CREATE TABLE "Appointments" (
  "id" UUID NOT NULL PRIMARY KEY DEFAULT gen_random_uuid(),
  "patient_id" UUID NOT NULL,
  "doctor_id" UUID NOT NULL,
  "appointment_date" VARCHAR(255) NOT NULL,
  "status" VARCHAR(50) NOT NULL,
  "completed_at" VARCHAR(255) NOT NULL,
  "created_at" VARCHAR(255) NOT NULL,
  CONSTRAINT "fk_Appointments_patient_id" FOREIGN KEY ("patient_id") REFERENCES "Patients"("id"),
  CONSTRAINT "fk_Appointments_doctor_id" FOREIGN KEY ("doctor_id") REFERENCES "Doctors"("id")
);

CREATE TABLE "Medications" (
  "id" UUID NOT NULL PRIMARY KEY DEFAULT gen_random_uuid(),
  "name" VARCHAR(255) NOT NULL,
  "dosage" VARCHAR(255) NOT NULL,
  "created_at" VARCHAR(255) NOT NULL
);

CREATE TABLE "Prescriptions" (
  "id" UUID NOT NULL PRIMARY KEY DEFAULT gen_random_uuid(),
  "patient_id" UUID NOT NULL,
  "medication_id" UUID NOT NULL,
  "prescribed_at" VARCHAR(255) NOT NULL,
  "status" VARCHAR(50) NOT NULL,
  "dispensed_at" VARCHAR(255) NOT NULL,
  "created_at" VARCHAR(255) NOT NULL,
  CONSTRAINT "fk_Prescriptions_patient_id" FOREIGN KEY ("patient_id") REFERENCES "Patients"("id"),
  CONSTRAINT "fk_Prescriptions_medication_id" FOREIGN KEY ("medication_id") REFERENCES "Medications"("id")
);

CREATE TABLE "Pharmacy_Inventory" (
  "id" UUID NOT NULL PRIMARY KEY DEFAULT gen_random_uuid(),
  "medication_id" UUID NOT NULL,
  "quantity" INTEGER NOT NULL,
  "created_at" VARCHAR(255) NOT NULL,
  CONSTRAINT "fk_Pharmacy_Inventory_medication_id" FOREIGN KEY ("medication_id") REFERENCES "Medications"("id")
);

CREATE TABLE "Medical_Records" (
  "id" UUID NOT NULL PRIMARY KEY DEFAULT gen_random_uuid(),
  "patient_id" UUID NOT NULL,
  "diagnosis" VARCHAR(255) NOT NULL,
  "test_results" VARCHAR(255) NOT NULL,
  "discharge_status" VARCHAR(50) NOT NULL,
  "created_at" VARCHAR(255) NOT NULL,
  CONSTRAINT "fk_Medical_Records_patient_id" FOREIGN KEY ("patient_id") REFERENCES "Patients"("id")
);

CREATE TABLE "Lab_Tests" (
  "id" UUID NOT NULL PRIMARY KEY DEFAULT gen_random_uuid(),
  "patient_id" UUID NOT NULL,
  "test_type" VARCHAR(255) NOT NULL,
  "result" VARCHAR(50) NOT NULL,
  "created_at" VARCHAR(255) NOT NULL,
  CONSTRAINT "fk_Lab_Tests_patient_id" FOREIGN KEY ("patient_id") REFERENCES "Patients"("id")
);

CREATE TABLE "Billing_Invoices" (
  "id" UUID NOT NULL PRIMARY KEY DEFAULT gen_random_uuid(),
  "patient_id" UUID NOT NULL,
  "amount" NUMERIC(12,2) NOT NULL,
  "status" VARCHAR(50) NOT NULL,
  "created_at" VARCHAR(255) NOT NULL,
  CONSTRAINT "fk_Billing_Invoices_patient_id" FOREIGN KEY ("patient_id") REFERENCES "Patients"("id")
);

CREATE TABLE "Insurance_Claims" (
  "id" UUID NOT NULL PRIMARY KEY DEFAULT gen_random_uuid(),
  "patient_id" UUID NOT NULL,
  "claim_amount" NUMERIC(12,2) NOT NULL,
  "status" VARCHAR(50) NOT NULL,
  "created_at" VARCHAR(255) NOT NULL,
  CONSTRAINT "fk_Insurance_Claims_patient_id" FOREIGN KEY ("patient_id") REFERENCES "Patients"("id")
);

CREATE TABLE "Staff" (
  "id" UUID NOT NULL PRIMARY KEY DEFAULT gen_random_uuid(),
  "name" VARCHAR(255) NOT NULL,
  "role" VARCHAR(255) NOT NULL,
  "created_at" VARCHAR(255) NOT NULL
);

CREATE TABLE "Departments" (
  "id" UUID NOT NULL PRIMARY KEY DEFAULT gen_random_uuid(),
  "name" VARCHAR(255) NOT NULL,
  "created_at" VARCHAR(255) NOT NULL
);

CREATE TABLE "Hospital_Wards" (
  "id" UUID NOT NULL PRIMARY KEY DEFAULT gen_random_uuid(),
  "department_id" UUID NOT NULL,
  "bed_count" INTEGER NOT NULL,
  "created_at" VARCHAR(255) NOT NULL,
  CONSTRAINT "fk_Hospital_Wards_department_id" FOREIGN KEY ("department_id") REFERENCES "Departments"("id")
);

CREATE TABLE "Shift_Schedules" (
  "id" UUID NOT NULL PRIMARY KEY DEFAULT gen_random_uuid(),
  "staff_id" UUID NOT NULL,
  "shift_type" VARCHAR(50) NOT NULL,
  "shift_date" VARCHAR(255) NOT NULL,
  "created_at" VARCHAR(255) NOT NULL,
  CONSTRAINT "fk_Shift_Schedules_staff_id" FOREIGN KEY ("staff_id") REFERENCES "Staff"("id")
);

-- ============================================
-- DATA
-- ============================================

-- Patients: 10 rows
INSERT INTO "Patients" ("id", "name", "date_of_birth", "gender", "created_at") VALUES
  ('b8aa36c1-43fe-4a74-7253-306ab86a0204', 'Sarah Kim', '2023-11-20T21:35:08.268Z', 'male', '2025-06-16T20:19:39.898Z'),
  ('aa435050-3af7-4c49-b630-81d7b0e67ac0', 'Omar Johnson', '2025-06-13T02:46:58.792Z', 'female', '2026-04-07T23:47:53.380Z'),
  ('06f13b26-e12c-491a-abda-777afb485d06', 'Priya Kim', '2023-12-11T01:52:39.945Z', 'female', '2023-09-20T11:55:20.260Z'),
  ('90b3394d-d4c4-4e25-b437-c7d9676acbb2', 'Alex Kim', '2023-09-25T15:18:50.859Z', 'female', '2023-10-11T12:51:19.007Z'),
  ('5d9329a3-2aa4-413d-d901-52897405f1ee', 'James Ali', '2024-09-17T20:33:29.673Z', 'female', '2025-02-19T17:19:16.510Z'),
  ('4316c20d-b0a3-44b1-5727-9d7a91e589a6', 'Omar Garcia', '2024-01-26T15:10:18.904Z', 'male', '2024-10-16T11:19:01.932Z'),
  ('e32f6907-e48a-4539-d73c-743ec462aa90', 'Priya Brown', '2023-08-25T06:47:18.905Z', 'female', '2024-08-20T05:41:07.907Z'),
  ('f3835d08-4e76-41c8-8f0c-02c1daaf7243', 'James Kim', '2026-04-21T09:43:42.288Z', 'male', '2024-04-03T18:01:59.419Z'),
  ('918e007f-0000-4fb6-2c93-220b0b5e29a0', 'Omar Smith', '2025-11-19T09:42:34.058Z', 'female', '2024-08-01T15:28:40.984Z'),
  ('dcd1b7d9-b0ee-4038-bc1c-ecb83fa0d7e5', 'Fatima Brown', '2024-06-03T15:37:42.366Z', 'male', '2024-06-01T20:09:05.682Z');

-- Doctors: 10 rows
INSERT INTO "Doctors" ("id", "specialty", "license_number", "created_at") VALUES
  ('3e94618f-9471-4e71-1ecc-5a313a72755d', 'item_2388', 'item_8164', '2025-05-26T00:16:50.311Z'),
  ('617266b5-331e-4858-8666-da3239184fc7', 'item_6636', 'item_2328', '2025-08-24T18:41:46.607Z'),
  ('9b6d67ea-6523-4a34-1f41-6ddb74dc8ba6', 'item_2771', 'item_2958', '2024-07-07T08:28:45.340Z'),
  ('62887e32-f55c-44c2-2072-bf18920c973e', 'item_4211', 'item_3379', '2025-01-07T02:05:53.001Z'),
  ('a1652ea6-6f62-4023-7538-3c107c412048', 'item_7044', 'item_9226', '2023-11-11T05:38:31.909Z'),
  ('e31bdb5d-70f0-475a-6b4b-f4ea843af771', 'item_5657', 'item_3229', '2024-09-03T03:25:58.622Z'),
  ('ad746b42-0f56-4ff3-4c4d-6544754858db', 'item_8957', 'item_7859', '2023-05-11T01:04:11.306Z'),
  ('20120495-a0f2-4fd7-fd41-47d5a54d3476', 'item_4025', 'item_5249', '2025-07-19T06:37:14.560Z'),
  ('0e10a733-6dc4-4b58-7f62-e26a7ebe4278', 'item_1865', 'item_4511', '2025-06-16T03:07:29.448Z'),
  ('b7f5fabe-5284-4649-3e83-b1cb003273e8', 'item_1347', 'item_988', '2025-11-30T09:06:02.414Z');

-- Appointments: 6 rows
INSERT INTO "Appointments" ("id", "patient_id", "doctor_id", "appointment_date", "status", "completed_at", "created_at") VALUES
  ('a7b26449-d9e8-40c3-5849-1c6d20bd2b8e', 'b8aa36c1-43fe-4a74-7253-306ab86a0204', 'b7f5fabe-5284-4649-3e83-b1cb003273e8', '2025-06-06T08:41:47.992Z', 'completed', '2025-04-21T00:20:25.782Z', '2024-09-30T00:11:59.987Z'),
  ('5225342b-d028-45e0-db9d-653ca33ed0a3', '5d9329a3-2aa4-413d-d901-52897405f1ee', '9b6d67ea-6523-4a34-1f41-6ddb74dc8ba6', '2025-04-18T21:56:18.628Z', 'cancelled', '2024-11-29T00:24:21.737Z', '2025-04-15T02:42:45.516Z'),
  ('3d5eb0bf-e4fa-4ddd-75ab-c3e2aa6df92e', 'aa435050-3af7-4c49-b630-81d7b0e67ac0', '20120495-a0f2-4fd7-fd41-47d5a54d3476', '2024-04-01T22:05:30.242Z', 'completed', '2025-03-10T02:46:04.073Z', '2024-12-04T12:31:03.156Z'),
  ('e65e89cb-caae-4a2a-bde3-83fd456af4c4', 'f3835d08-4e76-41c8-8f0c-02c1daaf7243', 'b7f5fabe-5284-4649-3e83-b1cb003273e8', '2024-10-13T09:27:32.766Z', 'completed', '2024-11-09T01:39:34.667Z', '2025-11-27T23:50:03.059Z'),
  ('e6275dd1-a11a-496d-c351-8156680a749c', '4316c20d-b0a3-44b1-5727-9d7a91e589a6', 'a1652ea6-6f62-4023-7538-3c107c412048', '2026-01-28T23:20:18.442Z', 'cancelled', '2024-12-29T11:22:38.434Z', '2025-11-14T10:04:30.704Z'),
  ('67ddf174-5f5d-4aeb-6656-d93aa15266dd', '5d9329a3-2aa4-413d-d901-52897405f1ee', '20120495-a0f2-4fd7-fd41-47d5a54d3476', '2024-03-17T15:26:44.279Z', 'completed', '2023-09-12T17:20:25.701Z', '2025-06-03T15:25:33.439Z');

-- Medications: 10 rows
INSERT INTO "Medications" ("id", "name", "dosage", "created_at") VALUES
  ('f77867c0-a6cc-432a-ef8d-277a5d9505d6', 'Omar Garcia', 'item_5643', '2025-07-21T13:52:58.667Z'),
  ('22377a9c-766b-4629-9111-4b730e0b82a0', 'James Johnson', 'item_2141', '2023-12-18T02:42:08.981Z'),
  ('adc23436-19ce-45a6-9516-7daee1fff073', 'Fatima Smith', 'item_8452', '2024-03-02T19:15:20.550Z'),
  ('f5075531-ad3a-41e6-5173-7fb51ee34706', 'Chen Wang', 'item_2318', '2025-08-03T19:48:40.428Z'),
  ('15e869eb-df78-4c2b-12d5-ac2f89316bd2', 'James Garcia', 'item_9460', '2025-04-13T22:55:31.179Z'),
  ('b8114873-132d-4cdb-947c-a3ed0e8133f6', 'Omar Kim', 'item_5769', '2025-02-07T13:39:33.990Z'),
  ('e2bba094-7201-4d1a-1906-19f385221518', 'Sarah Patel', 'item_555', '2024-11-05T07:43:57.536Z'),
  ('374b0832-7d3a-4090-7ce6-6cde0f393df2', 'Omar Wang', 'item_6638', '2024-02-22T05:24:47.572Z'),
  ('d0e9fe23-d0a7-464f-491d-af40a0f8517f', 'James Patel', 'item_9382', '2025-05-27T10:23:37.581Z'),
  ('bcf1dd54-3e56-4be0-90a6-e5809de5be33', 'Alex Smith', 'item_6878', '2025-07-17T02:05:59.099Z');

-- Prescriptions: 6 rows
INSERT INTO "Prescriptions" ("id", "patient_id", "medication_id", "prescribed_at", "status", "dispensed_at", "created_at") VALUES
  ('c215aa66-b799-4868-b847-8cad85c6db41', '918e007f-0000-4fb6-2c93-220b0b5e29a0', 'b8114873-132d-4cdb-947c-a3ed0e8133f6', '2025-06-09T14:10:11.339Z', 'filled', '2024-02-26T00:45:27.744Z', '2026-04-13T02:13:19.956Z'),
  ('9fca0059-cca2-4a92-15bf-a650b8e73fda', '918e007f-0000-4fb6-2c93-220b0b5e29a0', 'adc23436-19ce-45a6-9516-7daee1fff073', '2023-06-01T22:07:39.880Z', 'unfilled', '2024-09-26T12:34:13.833Z', '2023-10-09T22:38:43.995Z'),
  ('64d7261b-3998-49c2-f840-86fdb05d5aac', 'aa435050-3af7-4c49-b630-81d7b0e67ac0', 'adc23436-19ce-45a6-9516-7daee1fff073', '2023-09-15T13:50:48.755Z', 'unfilled', '2023-06-05T13:14:41.068Z', '2023-09-04T13:15:33.336Z'),
  ('e260c86d-7014-473d-727f-cf8679deccd2', '918e007f-0000-4fb6-2c93-220b0b5e29a0', '374b0832-7d3a-4090-7ce6-6cde0f393df2', '2025-03-28T21:04:52.142Z', 'unfilled', '2024-04-21T18:31:08.433Z', '2024-05-31T07:53:28.655Z'),
  ('ec8caaf2-c145-4073-845e-07eec0a90831', '5d9329a3-2aa4-413d-d901-52897405f1ee', 'd0e9fe23-d0a7-464f-491d-af40a0f8517f', '2026-02-02T07:18:59.309Z', 'filled', '2024-01-23T07:28:01.180Z', '2025-07-02T23:07:53.792Z'),
  ('b1810616-df70-47d4-4965-981553a73712', '918e007f-0000-4fb6-2c93-220b0b5e29a0', 'f5075531-ad3a-41e6-5173-7fb51ee34706', '2025-01-09T06:48:51.316Z', 'filled', '2025-01-31T17:25:31.418Z', '2023-10-16T18:12:38.116Z');

-- Pharmacy_Inventory: 6 rows
INSERT INTO "Pharmacy_Inventory" ("id", "medication_id", "quantity", "created_at") VALUES
  ('2a6bc36a-dd49-40fc-68b9-1c1a9aaa600f', '15e869eb-df78-4c2b-12d5-ac2f89316bd2', 784, '2026-03-08T14:44:59.019Z'),
  ('5c8435b3-9235-47f3-8efd-76279fdc5a66', 'b8114873-132d-4cdb-947c-a3ed0e8133f6', 515, '2023-10-14T08:22:23.614Z'),
  ('81fc7dcb-072f-4739-4276-e777aa801a0a', '22377a9c-766b-4629-9111-4b730e0b82a0', 60, '2025-02-27T20:17:15.496Z'),
  ('35084b70-2bf8-47d4-9ce7-4d5a4f148024', 'b8114873-132d-4cdb-947c-a3ed0e8133f6', 978, '2024-12-06T14:45:24.942Z'),
  ('76740648-4541-4aa5-8783-ea4887bc852a', 'e2bba094-7201-4d1a-1906-19f385221518', 99, '2026-04-27T08:41:09.199Z'),
  ('f9e0f96a-4c58-484b-7ede-71aecd95ee32', 'b8114873-132d-4cdb-947c-a3ed0e8133f6', 716, '2025-10-27T04:39:18.638Z');

-- Medical_Records: 6 rows
INSERT INTO "Medical_Records" ("id", "patient_id", "diagnosis", "test_results", "discharge_status", "created_at") VALUES
  ('3319b7e4-3421-4d4a-2c0c-c95114057097', 'b8aa36c1-43fe-4a74-7253-306ab86a0204', 'item_8705', 'item_8689', 'routine', '2025-10-06T20:35:24.734Z'),
  ('f07511d0-10d6-448c-6038-b1794d322794', 'f3835d08-4e76-41c8-8f0c-02c1daaf7243', 'item_2432', 'item_1484', 'routine', '2025-09-26T02:56:34.245Z'),
  ('8e2fafb1-5916-454b-aaca-4deb868cb606', 'b8aa36c1-43fe-4a74-7253-306ab86a0204', 'item_6499', 'item_9759', 'routine', '2023-11-01T02:45:52.094Z'),
  ('fce62f7e-7e07-4043-dfc6-9492ff6dad71', 'b8aa36c1-43fe-4a74-7253-306ab86a0204', 'item_1257', 'item_9606', 'routine', '2025-11-25T16:01:13.896Z'),
  ('2f18ef29-0579-43fe-ca9e-2047f3a423a6', 'aa435050-3af7-4c49-b630-81d7b0e67ac0', 'item_5103', 'item_1425', 'routine', '2023-11-17T19:46:53.190Z'),
  ('437503e8-8915-4130-5012-67505f2037c0', '918e007f-0000-4fb6-2c93-220b0b5e29a0', 'item_4085', 'item_5534', 'routine', '2026-04-16T06:04:20.233Z');

-- Lab_Tests: 6 rows
INSERT INTO "Lab_Tests" ("id", "patient_id", "test_type", "result", "created_at") VALUES
  ('5b93b753-b2e1-4e06-4b0b-2da9bca18e69', 'aa435050-3af7-4c49-b630-81d7b0e67ac0', 'item_1762', 'normal', '2023-05-22T08:59:01.045Z'),
  ('b28dd25d-296f-4107-7bb2-339ed7e09020', '4316c20d-b0a3-44b1-5727-9d7a91e589a6', 'item_785', 'normal', '2023-05-22T10:41:29.348Z'),
  ('76a44dde-0b2b-4a2e-0711-ddacf093afff', '4316c20d-b0a3-44b1-5727-9d7a91e589a6', 'item_7861', 'normal', '2024-10-24T19:53:42.294Z'),
  ('bc79a949-9ec1-4295-9076-925d115e3f13', 'e32f6907-e48a-4539-d73c-743ec462aa90', 'item_4548', 'normal', '2026-01-26T01:58:50.012Z'),
  ('3c236db1-59cf-4ebd-ac2c-eb5837aafbb7', '5d9329a3-2aa4-413d-d901-52897405f1ee', 'item_246', 'normal', '2023-11-02T04:48:37.497Z'),
  ('ab4901da-0c17-4fec-3ce9-94b9fa488768', '90b3394d-d4c4-4e25-b437-c7d9676acbb2', 'item_424', 'normal', '2024-06-25T19:46:41.432Z');

-- Billing_Invoices: 6 rows
INSERT INTO "Billing_Invoices" ("id", "patient_id", "amount", "status", "created_at") VALUES
  ('e1c7fee7-40b7-4762-a2e8-87b3d289f1dd', 'aa435050-3af7-4c49-b630-81d7b0e67ac0', 770.25, 'unpaid', '2023-05-02T12:19:55.520Z'),
  ('d4855619-837b-458e-db34-a25eca7c7cfa', '90b3394d-d4c4-4e25-b437-c7d9676acbb2', 438.22, 'unpaid', '2024-11-30T10:12:51.080Z'),
  ('d842a78a-23ca-4d8d-ec9d-a5d91a69e2f8', 'aa435050-3af7-4c49-b630-81d7b0e67ac0', 582.06, 'unpaid', '2026-04-11T11:28:19.748Z'),
  ('4024b753-5c37-4857-0e04-432b65435e3b', '4316c20d-b0a3-44b1-5727-9d7a91e589a6', 550.65, 'paid', '2024-12-31T15:20:52.133Z'),
  ('4693b651-d5cf-45d1-2f9d-2043b79cf80c', 'e32f6907-e48a-4539-d73c-743ec462aa90', 680.14, 'paid', '2023-05-27T12:38:05.848Z'),
  ('0547ca77-c511-423c-d374-ae3fde6f640f', 'aa435050-3af7-4c49-b630-81d7b0e67ac0', 343.11, 'paid', '2024-01-10T02:24:20.615Z');

-- Insurance_Claims: 6 rows
INSERT INTO "Insurance_Claims" ("id", "patient_id", "claim_amount", "status", "created_at") VALUES
  ('8c9bdca8-68bb-442b-bdcf-a88efb7c60c3', 'dcd1b7d9-b0ee-4038-bc1c-ecb83fa0d7e5', 289.99, 'approved', '2025-11-01T23:23:55.356Z'),
  ('e140f8ec-895e-4da7-6afa-5430a50b1750', '5d9329a3-2aa4-413d-d901-52897405f1ee', 164.57, 'approved', '2026-04-26T23:08:59.574Z'),
  ('2e385c06-4103-48b4-8f00-f9d5be6b26ec', '06f13b26-e12c-491a-abda-777afb485d06', 355.31, 'approved', '2023-05-13T22:02:21.310Z'),
  ('bce82bb1-6fd8-4e9c-4836-a82fd1952ee8', '4316c20d-b0a3-44b1-5727-9d7a91e589a6', 323.68, 'approved', '2026-01-11T22:24:48.693Z'),
  ('22e3f108-27c5-42de-9e12-d35bb832c525', '90b3394d-d4c4-4e25-b437-c7d9676acbb2', 353.45, 'approved', '2023-05-16T08:33:06.900Z'),
  ('d9fed47a-4795-4c19-1e03-065b1b58a6f2', '5d9329a3-2aa4-413d-d901-52897405f1ee', 784.29, 'approved', '2024-07-31T15:43:28.975Z');

-- Staff: 10 rows
INSERT INTO "Staff" ("id", "name", "role", "created_at") VALUES
  ('3b4088b9-c41e-4450-5727-96692fdec1f9', 'Fatima Wang', 'item_7185', '2023-12-20T19:11:34.879Z'),
  ('8138ae93-fb38-44a0-0da7-5d6b8c3d9faa', 'Priya Patel', 'item_3409', '2024-12-06T16:17:17.234Z'),
  ('40f13a81-aa41-417d-a3bf-d9f8ffa081f8', 'Omar Patel', 'item_353', '2025-06-02T05:46:54.515Z'),
  ('582004db-954b-4c14-0e59-779e8b3bb780', 'Chen Brown', 'item_4061', '2023-09-20T06:49:44.987Z'),
  ('1d77fd50-271f-41c7-9ed8-1f2bb8ec8b20', 'Maria Garcia', 'item_9901', '2024-08-23T12:30:58.259Z'),
  ('81dcc95d-3dae-4464-541b-80f5eaa3e0f4', 'Priya Patel', 'item_2481', '2024-11-07T13:48:04.488Z'),
  ('0de91881-5ff5-432a-d916-254e27ff0941', 'Alex Wang', 'item_7428', '2025-06-10T21:18:37.294Z'),
  ('b66ac4a2-8903-4bb9-8aa9-1cad59fe3641', 'Maria Ali', 'item_8311', '2025-03-20T13:47:37.491Z'),
  ('3c6dee1c-bad2-4f00-235b-fd151872ea6b', 'James Garcia', 'item_4385', '2023-11-25T06:28:42.124Z'),
  ('38fd4339-edd7-4657-34d2-ca79af98b81d', 'Omar Johnson', 'item_3680', '2023-06-28T05:23:56.163Z');

-- Departments: 10 rows
INSERT INTO "Departments" ("id", "name", "created_at") VALUES
  ('09975493-c884-4571-cee2-6a97e997c0e6', 'Chen Smith', '2025-08-06T13:25:43.476Z'),
  ('8679f311-4651-4dc1-b1a1-708ad6f038c5', 'Sarah Smith', '2026-01-25T08:07:36.210Z'),
  ('e9cdaf85-bd0d-4729-a6a6-a1e855cd40b8', 'Priya Kim', '2025-07-09T13:56:28.701Z'),
  ('260ff5f0-f351-49a1-909c-c007a3ba1206', 'Chen Garcia', '2026-03-12T16:36:42.969Z'),
  ('e6ef1f44-4686-498d-1374-72aea55215af', 'Omar Garcia', '2025-12-01T10:22:31.689Z'),
  ('d70c4f71-1550-426e-b70f-b9e778a454a6', 'Sarah Patel', '2024-07-12T19:49:14.249Z'),
  ('9e435cc8-f78c-49a4-aa99-3ddde1009a8f', 'Sarah Patel', '2024-03-15T20:02:33.544Z'),
  ('4e5b95e7-ffb0-4cbb-067c-f858a363341e', 'Priya Garcia', '2024-12-29T21:57:47.888Z'),
  ('4b075060-6031-4c09-3846-524d49a2f5fe', 'Maria Johnson', '2026-04-18T07:36:46.505Z'),
  ('77ad1228-b16a-40ff-35b6-702bd5ab24a4', 'Fatima Garcia', '2025-04-27T14:21:29.988Z');

-- Hospital_Wards: 6 rows
INSERT INTO "Hospital_Wards" ("id", "department_id", "bed_count", "created_at") VALUES
  ('aa262227-5758-42ef-c0f8-d58d33a82d9f', '09975493-c884-4571-cee2-6a97e997c0e6', 157, '2026-03-17T03:19:36.564Z'),
  ('1cacb1bc-f26c-4f38-4749-64ffd5383d2e', '260ff5f0-f351-49a1-909c-c007a3ba1206', 820, '2025-02-24T10:14:26.877Z'),
  ('de9ca3a9-8230-4e35-f22d-4ff0ea68711c', '9e435cc8-f78c-49a4-aa99-3ddde1009a8f', 691, '2023-11-30T00:57:25.716Z'),
  ('c91b2277-18b9-4232-cfee-e7982c564e73', '9e435cc8-f78c-49a4-aa99-3ddde1009a8f', 637, '2025-05-03T07:59:07.541Z'),
  ('301492fc-cdfb-460b-72c4-9768ba34a0fa', '4b075060-6031-4c09-3846-524d49a2f5fe', 908, '2025-12-29T19:46:41.408Z'),
  ('8a706eac-33c6-4d1a-67a8-3266a6805b8a', 'e9cdaf85-bd0d-4729-a6a6-a1e855cd40b8', 577, '2026-04-13T13:00:55.553Z');

-- Shift_Schedules: 6 rows
INSERT INTO "Shift_Schedules" ("id", "staff_id", "shift_type", "shift_date", "created_at") VALUES
  ('5fc50883-e94d-4cb4-2925-ff6d767da21f', '582004db-954b-4c14-0e59-779e8b3bb780', 'evening', '2024-01-02T09:06:44.992Z', '2025-08-09T05:45:29.519Z'),
  ('18bb20cb-150c-4542-9247-ceb175bc4a3f', '8138ae93-fb38-44a0-0da7-5d6b8c3d9faa', 'evening', '2023-08-13T19:18:04.183Z', '2026-01-20T16:12:13.507Z'),
  ('bda74ffb-48d1-43f5-5807-7f666881243c', '40f13a81-aa41-417d-a3bf-d9f8ffa081f8', 'morning', '2025-04-23T05:23:32.847Z', '2024-02-22T18:33:48.294Z'),
  ('6491361b-b396-4938-e2ef-c8f85fb1a4c1', '3c6dee1c-bad2-4f00-235b-fd151872ea6b', 'night', '2024-03-17T22:28:44.265Z', '2026-04-18T11:29:49.282Z'),
  ('4428f2eb-4894-4951-da84-4b8c35c4aae8', '3b4088b9-c41e-4450-5727-96692fdec1f9', 'night', '2024-11-22T13:08:52.569Z', '2025-11-11T21:20:06.160Z'),
  ('34b02e5b-54c1-4230-27a5-8a9ff7da1cb1', '40f13a81-aa41-417d-a3bf-d9f8ffa081f8', 'evening', '2024-01-29T14:49:52.495Z', '2025-04-05T22:56:16.134Z');

-- ============================================
-- REALITYDB DATASET WATERMARK (unsigned)
-- Certify: realitydb certify <file> --pack <pack>
-- ============================================
CREATE TABLE IF NOT EXISTS "_realitydb_meta" (
  "key" TEXT PRIMARY KEY,
  "value" TEXT NOT NULL
);

INSERT INTO "_realitydb_meta" ("key", "value") VALUES
  ('generator', 'realitydb-cli'),
  ('version', '2.38.0'),
  ('template', 'studio-export'),
  ('template_hash', 'sha256:819712806eab860b8426c44144c39356'),
  ('tables', '14'),
  ('total_rows', '104'),
  ('seed', 'random'),
  ('generated_at', '2026-05-01T05:00:35.208Z'),
  ('content_hash', 'sha256:dd2f8975a2afbe9fdfc988e74e8ab858');
