-- AI/ML events platform schema and sample data
CREATE TABLE models (
  id UUID PRIMARY KEY DEFAULT gen_random_uuid(),
  name VARCHAR(255) NOT NULL,
  version VARCHAR(50) NOT NULL,
  framework VARCHAR(100) NOT NULL,
  task_type VARCHAR(100) NOT NULL,
  parameters_millions NUMERIC(10,1) NOT NULL,
  status VARCHAR(50) NOT NULL DEFAULT 'active',
  created_at TIMESTAMP NOT NULL DEFAULT now()
);

CREATE TABLE experiments (
  id UUID PRIMARY KEY DEFAULT gen_random_uuid(),
  model_id UUID NOT NULL REFERENCES models(id),
  name VARCHAR(255) NOT NULL,
  dataset VARCHAR(255) NOT NULL,
  status VARCHAR(50) NOT NULL DEFAULT 'completed',
  accuracy NUMERIC(5,4),
  loss NUMERIC(8,6),
  epochs INTEGER NOT NULL,
  learning_rate NUMERIC(10,8) NOT NULL,
  started_at TIMESTAMP NOT NULL,
  completed_at TIMESTAMP
);

CREATE TABLE deployments (
  id UUID PRIMARY KEY DEFAULT gen_random_uuid(),
  model_id UUID NOT NULL REFERENCES models(id),
  environment VARCHAR(50) NOT NULL,
  endpoint_url VARCHAR(255) NOT NULL,
  status VARCHAR(50) NOT NULL DEFAULT 'active',
  requests_per_day INTEGER NOT NULL DEFAULT 0,
  avg_latency_ms NUMERIC(8,2) NOT NULL,
  deployed_at TIMESTAMP NOT NULL DEFAULT now()
);

CREATE TABLE events (
  id UUID PRIMARY KEY DEFAULT gen_random_uuid(),
  deployment_id UUID NOT NULL REFERENCES deployments(id),
  event_type VARCHAR(50) NOT NULL,
  input_tokens INTEGER NOT NULL,
  output_tokens INTEGER NOT NULL,
  latency_ms NUMERIC(8,2) NOT NULL,
  status_code INTEGER NOT NULL DEFAULT 200,
  error_message TEXT,
  created_at TIMESTAMP NOT NULL DEFAULT now()
);


-- Models (15)

INSERT INTO models (id, name, version, framework, task_type, parameters_millions, status, created_at) VALUES
('aa000000-0000-0000-0000-000000000001', 'fraud_detector_v3', 'v3.2.1', 'scikit-learn', 'anomaly_detection', 0.5, 'active', '2023-06-15 10:00:00'),
('aa000000-0000-0000-0000-000000000002', 'churn_predictor', 'v2.1.0', 'XGBoost', 'classification', 2.3, 'active', '2023-08-01 09:00:00'),
('aa000000-0000-0000-0000-000000000003', 'recommendation_engine', 'v4.0.2', 'PyTorch', 'recommendation', 450.0, 'active', '2023-09-15 11:00:00'),
('aa000000-0000-0000-0000-000000000004', 'sentiment_analyzer', 'v2.3.1', 'TensorFlow', 'sentiment_analysis', 110.0, 'active', '2023-11-01 08:00:00'),
('aa000000-0000-0000-0000-000000000005', 'image_classifier', 'v1.8.0', 'TensorFlow', 'image_classification', 350.0, 'active', '2024-01-10 09:00:00'),
('aa000000-0000-0000-0000-000000000006', 'text_summarizer', 'v3.1.0', 'PyTorch', 'summarization', 7000.0, 'active', '2024-03-01 10:00:00'),
('aa000000-0000-0000-0000-000000000007', 'anomaly_detector', 'v1.5.3', 'scikit-learn', 'anomaly_detection', 1.2, 'active', '2024-04-15 08:00:00'),
('aa000000-0000-0000-0000-000000000008', 'demand_forecaster', 'v2.0.0', 'TensorFlow', 'forecasting', 85.0, 'active', '2024-06-01 09:00:00'),
('aa000000-0000-0000-0000-000000000009', 'customer_segmentation', 'v1.2.0', 'scikit-learn', 'segmentation', 0.8, 'active', '2024-07-10 10:00:00'),
('aa000000-0000-0000-0000-000000000010', 'speech_to_text', 'v2.0.0', 'PyTorch', 'speech_recognition', 1550.0, 'active', '2024-08-20 11:00:00'),
('aa000000-0000-0000-0000-000000000011', 'code_assistant', 'v4.2.0', 'PyTorch', 'code_generation', 13000.0, 'active', '2024-10-01 08:00:00'),
('aa000000-0000-0000-0000-000000000012', 'translation_engine', 'v1.5.2', 'TensorFlow', 'translation', 600.0, 'active', '2025-01-15 09:00:00'),
('aa000000-0000-0000-0000-000000000013', 'content_moderator', 'v2.1.0', 'PyTorch', 'moderation', 350.0, 'deprecated', '2023-07-01 10:00:00'),
('aa000000-0000-0000-0000-000000000014', 'price_optimizer', 'v1.0.1', 'XGBoost', 'optimization', 5.5, 'deprecated', '2023-10-01 08:00:00'),
('aa000000-0000-0000-0000-000000000015', 'document_parser', 'v3.0.0', 'custom', 'document_extraction', 1200.0, 'archived', '2023-06-20 09:00:00');


-- Experiments (100)

INSERT INTO experiments (id, model_id, name, dataset, status, accuracy, loss, epochs, learning_rate, started_at, completed_at) VALUES
('bb000000-0000-0000-0000-000000000001', 'aa000000-0000-0000-0000-000000000011', 'code_assistant fine-tune on CommonCrawl-2024', 'CommonCrawl-2024', 'completed', 0.8571, 0.714822, 95, 0.02751018, '2025-04-22 00:00:00', '2025-04-22 13:00:00'),
('bb000000-0000-0000-0000-000000000002', 'aa000000-0000-0000-0000-000000000010', 'speech_to_text fine-tune on Fashion-MNIST', 'Fashion-MNIST', 'completed', 0.6101, 0.167082, 4, 0.00937859, '2026-01-03 00:00:00', '2026-01-06 13:00:00'),
('bb000000-0000-0000-0000-000000000003', 'aa000000-0000-0000-0000-000000000012', 'translation_engine domain adaptation MBPP', 'MBPP', 'completed', 0.8883, 0.136131, 29, 0.04492641, '2025-03-04 00:00:00', '2025-03-06 08:00:00'),
('bb000000-0000-0000-0000-000000000004', 'aa000000-0000-0000-0000-000000000006', 'text_summarizer evaluation MNLI', 'MNLI', 'completed', 0.7444, 0.293594, 28, 0.09572174, '2025-04-17 00:00:00', '2025-04-18 22:00:00'),
('bb000000-0000-0000-0000-000000000005', 'aa000000-0000-0000-0000-000000000010', 'speech_to_text fine-tune on MNLI', 'MNLI', 'completed', 0.6299, 0.241611, 94, 0.04594789, '2025-09-10 00:00:00', '2025-09-13 10:00:00'),
('bb000000-0000-0000-0000-000000000006', 'aa000000-0000-0000-0000-000000000010', 'speech_to_text ablation study Kaggle-Retail-2024', 'Kaggle-Retail-2024', 'completed', 0.6866, 0.238616, 74, 0.01923694, '2026-02-02 00:00:00', '2026-02-02 12:00:00'),
('bb000000-0000-0000-0000-000000000007', 'aa000000-0000-0000-0000-000000000014', 'price_optimizer benchmark on OpenWebText', 'OpenWebText', 'completed', 0.6618, 0.290664, 49, 0.02780458, '2024-06-08 00:00:00', '2024-06-11 15:00:00'),
('bb000000-0000-0000-0000-000000000008', 'aa000000-0000-0000-0000-000000000005', 'image_classifier benchmark on TweetEval-2024', 'TweetEval-2024', 'completed', 0.6621, 0.30977, 78, 0.06350148, '2025-07-04 00:00:00', '2025-07-09 00:00:00'),
('bb000000-0000-0000-0000-000000000009', 'aa000000-0000-0000-0000-000000000011', 'code_assistant training run TweetEval-2024', 'TweetEval-2024', 'completed', 0.687, 0.035359, 88, 0.03243503, '2023-07-28 00:00:00', '2023-07-29 18:00:00'),
('bb000000-0000-0000-0000-000000000010', 'aa000000-0000-0000-0000-000000000007', 'anomaly_detector benchmark on MNLI', 'MNLI', 'completed', 0.6808, 0.404393, 28, 0.09131448, '2025-08-09 00:00:00', '2025-08-13 19:00:00'),
('bb000000-0000-0000-0000-000000000011', 'aa000000-0000-0000-0000-000000000015', 'document_parser transfer learning MedQA-2024', 'MedQA-2024', 'completed', 0.8048, 0.600141, 19, 0.02649537, '2025-12-13 00:00:00', '2025-12-15 08:00:00'),
('bb000000-0000-0000-0000-000000000012', 'aa000000-0000-0000-0000-000000000015', 'document_parser domain adaptation MultiPL-E', 'MultiPL-E', 'completed', 0.7875, 0.607068, 47, 0.02193988, '2024-11-03 00:00:00', '2024-11-07 16:00:00'),
('bb000000-0000-0000-0000-000000000013', 'aa000000-0000-0000-0000-000000000002', 'churn_predictor evaluation COCO-2024', 'COCO-2024', 'completed', 0.8264, 0.379759, 88, 0.04222178, '2025-09-12 00:00:00', '2025-09-13 10:00:00'),
('bb000000-0000-0000-0000-000000000014', 'aa000000-0000-0000-0000-000000000009', 'customer_segmentation fine-tune on CaseLaw-50k', 'CaseLaw-50k', 'completed', 0.8853, 0.617193, 88, 0.07207497, '2024-12-01 00:00:00', '2024-12-02 21:00:00'),
('bb000000-0000-0000-0000-000000000015', 'aa000000-0000-0000-0000-000000000002', 'churn_predictor domain adaptation SST-2', 'SST-2', 'completed', 0.8735, 0.777792, 21, 0.04537783, '2025-11-13 00:00:00', '2025-11-17 03:00:00'),
('bb000000-0000-0000-0000-000000000016', 'aa000000-0000-0000-0000-000000000003', 'recommendation_engine benchmark on HumanEval-Plus', 'HumanEval-Plus', 'completed', 0.6756, 0.305392, 81, 0.02985149, '2025-02-13 00:00:00', '2025-02-13 22:00:00'),
('bb000000-0000-0000-0000-000000000017', 'aa000000-0000-0000-0000-000000000009', 'customer_segmentation fine-tune on CUAD-v2', 'CUAD-v2', 'completed', 0.9339, 0.667016, 77, 0.03242236, '2025-09-02 00:00:00', '2025-09-03 17:00:00'),
('bb000000-0000-0000-0000-000000000018', 'aa000000-0000-0000-0000-000000000004', 'sentiment_analyzer training run GLUE', 'GLUE', 'completed', 0.9101, 0.782608, 73, 0.09469548, '2025-11-04 00:00:00', '2025-11-06 22:00:00'),
('bb000000-0000-0000-0000-000000000019', 'aa000000-0000-0000-0000-000000000013', 'content_moderator evaluation COCO-2024', 'COCO-2024', 'completed', 0.8005, 0.489209, 85, 0.04753348, '2025-07-14 00:00:00', '2025-07-15 05:00:00'),
('bb000000-0000-0000-0000-000000000020', 'aa000000-0000-0000-0000-000000000015', 'document_parser training run MBPP', 'MBPP', 'completed', 0.7419, 0.720695, 92, 0.03117851, '2025-03-27 00:00:00', '2025-03-29 11:00:00'),
('bb000000-0000-0000-0000-000000000021', 'aa000000-0000-0000-0000-000000000002', 'churn_predictor training run OpenWebText', 'OpenWebText', 'completed', 0.8236, 0.015681, 9, 0.03381518, '2025-06-26 00:00:00', '2025-06-29 20:00:00'),
('bb000000-0000-0000-0000-000000000022', 'aa000000-0000-0000-0000-000000000011', 'code_assistant training run GLUE', 'GLUE', 'completed', 0.7954, 0.229997, 9, 0.09054295, '2023-08-12 00:00:00', '2023-08-14 16:00:00'),
('bb000000-0000-0000-0000-000000000023', 'aa000000-0000-0000-0000-000000000004', 'sentiment_analyzer evaluation MBPP', 'MBPP', 'completed', 0.6923, 0.383649, 93, 0.09355207, '2025-10-29 00:00:00', '2025-10-31 06:00:00'),
('bb000000-0000-0000-0000-000000000024', 'aa000000-0000-0000-0000-000000000004', 'sentiment_analyzer benchmark on CommonCrawl-2024', 'CommonCrawl-2024', 'completed', 0.9283, 0.052795, 85, 0.04311081, '2025-10-26 00:00:00', '2025-10-29 13:00:00'),
('bb000000-0000-0000-0000-000000000025', 'aa000000-0000-0000-0000-000000000011', 'code_assistant fine-tune on CommonCrawl-2024', 'CommonCrawl-2024', 'completed', 0.6945, 0.160265, 52, 0.07282408, '2023-09-20 00:00:00', '2023-09-22 11:00:00'),
('bb000000-0000-0000-0000-000000000026', 'aa000000-0000-0000-0000-000000000003', 'recommendation_engine evaluation Fashion-MNIST', 'Fashion-MNIST', 'completed', 0.7684, 0.690466, 36, 0.04626818, '2023-08-17 00:00:00', '2023-08-20 00:00:00'),
('bb000000-0000-0000-0000-000000000027', 'aa000000-0000-0000-0000-000000000002', 'churn_predictor fine-tune on GLUE', 'GLUE', 'completed', 0.7544, 0.390273, 12, 0.09263743, '2023-11-18 00:00:00', '2023-11-22 16:00:00'),
('bb000000-0000-0000-0000-000000000028', 'aa000000-0000-0000-0000-000000000007', 'anomaly_detector fine-tune on Kaggle-Retail-2024', 'Kaggle-Retail-2024', 'completed', 0.9521, 0.630252, 22, 0.03790352, '2024-02-27 00:00:00', '2024-02-28 14:00:00'),
('bb000000-0000-0000-0000-000000000029', 'aa000000-0000-0000-0000-000000000007', 'anomaly_detector transfer learning TweetEval-2024', 'TweetEval-2024', 'completed', 0.8201, 0.438334, 20, 0.01899789, '2025-03-30 00:00:00', '2025-04-03 01:00:00'),
('bb000000-0000-0000-0000-000000000030', 'aa000000-0000-0000-0000-000000000006', 'text_summarizer fine-tune on GLUE', 'GLUE', 'completed', 0.6598, 0.769015, 75, 0.04768408, '2024-11-25 00:00:00', '2024-11-25 12:00:00'),
('bb000000-0000-0000-0000-000000000031', 'aa000000-0000-0000-0000-000000000014', 'price_optimizer benchmark on WMT-2024-ENES', 'WMT-2024-ENES', 'completed', 0.6456, 0.713327, 77, 0.00680541, '2024-07-18 00:00:00', '2024-07-19 09:00:00'),
('bb000000-0000-0000-0000-000000000032', 'aa000000-0000-0000-0000-000000000010', 'speech_to_text fine-tune on IEEE-CIS-Fraud', 'IEEE-CIS-Fraud', 'completed', 0.7987, 0.748418, 80, 0.00820752, '2024-12-30 00:00:00', '2024-12-31 04:00:00'),
('bb000000-0000-0000-0000-000000000033', 'aa000000-0000-0000-0000-000000000011', 'code_assistant ablation study TweetEval-2024', 'TweetEval-2024', 'completed', 0.714, 0.25978, 31, 0.0265688, '2026-01-25 00:00:00', '2026-01-29 02:00:00'),
('bb000000-0000-0000-0000-000000000034', 'aa000000-0000-0000-0000-000000000015', 'document_parser fine-tune on SQuAD-2.0', 'SQuAD-2.0', 'completed', 0.6278, 0.178392, 59, 0.06211971, '2025-04-21 00:00:00', '2025-04-22 11:00:00'),
('bb000000-0000-0000-0000-000000000035', 'aa000000-0000-0000-0000-000000000003', 'recommendation_engine ablation study NYC-Taxi-2024', 'NYC-Taxi-2024', 'completed', 0.7665, 0.439142, 9, 0.08792823, '2025-05-20 00:00:00', '2025-05-21 16:00:00'),
('bb000000-0000-0000-0000-000000000036', 'aa000000-0000-0000-0000-000000000010', 'speech_to_text fine-tune on SROIE-2024', 'SROIE-2024', 'completed', 0.6394, 0.70372, 86, 0.08171224, '2026-02-03 00:00:00', '2026-02-04 11:00:00'),
('bb000000-0000-0000-0000-000000000037', 'aa000000-0000-0000-0000-000000000002', 'churn_predictor benchmark on Kaggle-Retail-2024', 'Kaggle-Retail-2024', 'completed', 0.68, 0.280875, 96, 0.05532683, '2026-01-04 00:00:00', '2026-01-07 17:00:00'),
('bb000000-0000-0000-0000-000000000038', 'aa000000-0000-0000-0000-000000000011', 'code_assistant hyperparameter sweep CaseLaw-50k', 'CaseLaw-50k', 'completed', 0.6193, 0.511085, 65, 0.0488583, '2025-10-14 00:00:00', '2025-10-18 12:00:00'),
('bb000000-0000-0000-0000-000000000039', 'aa000000-0000-0000-0000-000000000005', 'image_classifier fine-tune on GLUE', 'GLUE', 'completed', 0.6614, 0.35905, 43, 0.07711421, '2024-02-24 00:00:00', '2024-02-27 20:00:00'),
('bb000000-0000-0000-0000-000000000040', 'aa000000-0000-0000-0000-000000000007', 'anomaly_detector fine-tune on MBPP', 'MBPP', 'completed', 0.6566, 0.038462, 15, 0.00753363, '2025-12-12 00:00:00', '2025-12-14 01:00:00'),
('bb000000-0000-0000-0000-000000000041', 'aa000000-0000-0000-0000-000000000010', 'speech_to_text evaluation MBPP', 'MBPP', 'completed', 0.9416, 0.17596, 56, 0.01275328, '2025-03-21 00:00:00', '2025-03-22 09:00:00'),
('bb000000-0000-0000-0000-000000000042', 'aa000000-0000-0000-0000-000000000011', 'code_assistant ablation study CommonCrawl-2024', 'CommonCrawl-2024', 'completed', 0.8359, 0.132097, 100, 0.05599275, '2026-02-22 00:00:00', '2026-02-23 08:00:00'),
('bb000000-0000-0000-0000-000000000043', 'aa000000-0000-0000-0000-000000000014', 'price_optimizer evaluation WMT-2024-ENES', 'WMT-2024-ENES', 'completed', 0.8973, 0.335253, 53, 0.00248839, '2024-05-06 00:00:00', '2024-05-09 15:00:00'),
('bb000000-0000-0000-0000-000000000044', 'aa000000-0000-0000-0000-000000000014', 'price_optimizer training run CommonVoice-15', 'CommonVoice-15', 'completed', 0.9314, 0.688289, 35, 0.01592819, '2024-06-26 00:00:00', '2024-06-27 06:00:00'),
('bb000000-0000-0000-0000-000000000045', 'aa000000-0000-0000-0000-000000000004', 'sentiment_analyzer transfer learning RustBench-2024', 'RustBench-2024', 'completed', 0.6847, 0.531426, 45, 0.03052603, '2024-01-20 00:00:00', '2024-01-22 05:00:00'),
('bb000000-0000-0000-0000-000000000046', 'aa000000-0000-0000-0000-000000000006', 'text_summarizer benchmark on MNLI', 'MNLI', 'completed', 0.8582, 0.676492, 99, 0.02791971, '2024-07-14 00:00:00', '2024-07-15 20:00:00'),
('bb000000-0000-0000-0000-000000000047', 'aa000000-0000-0000-0000-000000000001', 'fraud_detector_v3 hyperparameter sweep CommonCrawl-2024', 'CommonCrawl-2024', 'completed', 0.6412, 0.353305, 23, 0.05806317, '2023-07-10 00:00:00', '2023-07-13 23:00:00'),
('bb000000-0000-0000-0000-000000000048', 'aa000000-0000-0000-0000-000000000013', 'content_moderator domain adaptation CoNLL-2003', 'CoNLL-2003', 'completed', 0.6722, 0.045065, 78, 0.09842374, '2025-12-21 00:00:00', '2025-12-23 09:00:00'),
('bb000000-0000-0000-0000-000000000049', 'aa000000-0000-0000-0000-000000000001', 'fraud_detector_v3 training run HumanEval-Plus', 'HumanEval-Plus', 'completed', 0.7255, 0.257993, 47, 0.04313543, '2025-12-29 00:00:00', '2026-01-02 14:00:00'),
('bb000000-0000-0000-0000-000000000050', 'aa000000-0000-0000-0000-000000000002', 'churn_predictor hyperparameter sweep CommonVoice-15', 'CommonVoice-15', 'completed', 0.8649, 0.447986, 65, 0.03093537, '2025-09-23 00:00:00', '2025-09-24 02:00:00');

INSERT INTO experiments (id, model_id, name, dataset, status, accuracy, loss, epochs, learning_rate, started_at, completed_at) VALUES
('bb000000-0000-0000-0000-000000000051', 'aa000000-0000-0000-0000-000000000007', 'anomaly_detector domain adaptation ChestX-ray14', 'ChestX-ray14', 'running', NULL, NULL, 87, 0.07481597, '2025-12-17 00:00:00', NULL),
('bb000000-0000-0000-0000-000000000052', 'aa000000-0000-0000-0000-000000000005', 'image_classifier fine-tune on CIFAR-100', 'CIFAR-100', 'running', NULL, NULL, 39, 0.0286985, '2025-12-22 00:00:00', NULL),
('bb000000-0000-0000-0000-000000000053', 'aa000000-0000-0000-0000-000000000010', 'speech_to_text ablation study MedQA-2024', 'MedQA-2024', 'running', NULL, NULL, 60, 0.04418418, '2024-11-05 00:00:00', NULL),
('bb000000-0000-0000-0000-000000000054', 'aa000000-0000-0000-0000-000000000008', 'demand_forecaster evaluation SROIE-2024', 'SROIE-2024', 'running', NULL, NULL, 85, 0.00848871, '2026-01-19 00:00:00', NULL),
('bb000000-0000-0000-0000-000000000055', 'aa000000-0000-0000-0000-000000000010', 'speech_to_text benchmark on CoNLL-2003', 'CoNLL-2003', 'running', NULL, NULL, 97, 0.02349451, '2025-06-10 00:00:00', NULL),
('bb000000-0000-0000-0000-000000000056', 'aa000000-0000-0000-0000-000000000003', 'recommendation_engine fine-tune on ImageNet-1k', 'ImageNet-1k', 'running', NULL, NULL, 32, 0.09839376, '2025-07-26 00:00:00', NULL),
('bb000000-0000-0000-0000-000000000057', 'aa000000-0000-0000-0000-000000000002', 'churn_predictor domain adaptation IMDB-Reviews', 'IMDB-Reviews', 'running', NULL, NULL, 81, 0.05757133, '2024-06-28 00:00:00', NULL),
('bb000000-0000-0000-0000-000000000058', 'aa000000-0000-0000-0000-000000000008', 'demand_forecaster training run CIFAR-100', 'CIFAR-100', 'running', NULL, NULL, 19, 0.06560924, '2025-04-24 00:00:00', NULL),
('bb000000-0000-0000-0000-000000000059', 'aa000000-0000-0000-0000-000000000013', 'content_moderator training run Fashion-MNIST', 'Fashion-MNIST', 'running', NULL, NULL, 23, 0.08041294, '2024-09-18 00:00:00', NULL),
('bb000000-0000-0000-0000-000000000060', 'aa000000-0000-0000-0000-000000000001', 'fraud_detector_v3 training run MBPP', 'MBPP', 'running', NULL, NULL, 16, 0.04565162, '2025-04-14 00:00:00', NULL),
('bb000000-0000-0000-0000-000000000061', 'aa000000-0000-0000-0000-000000000009', 'customer_segmentation ablation study MBPP', 'MBPP', 'running', NULL, NULL, 97, 0.08914368, '2025-06-06 00:00:00', NULL),
('bb000000-0000-0000-0000-000000000062', 'aa000000-0000-0000-0000-000000000015', 'document_parser domain adaptation HumanEval-Plus', 'HumanEval-Plus', 'running', NULL, NULL, 71, 0.0445969, '2025-10-30 00:00:00', NULL),
('bb000000-0000-0000-0000-000000000063', 'aa000000-0000-0000-0000-000000000008', 'demand_forecaster training run MNLI', 'MNLI', 'running', NULL, NULL, 82, 0.02773836, '2024-10-09 00:00:00', NULL),
('bb000000-0000-0000-0000-000000000064', 'aa000000-0000-0000-0000-000000000011', 'code_assistant hyperparameter sweep OpenWebText', 'OpenWebText', 'running', NULL, NULL, 57, 0.00775756, '2025-07-18 00:00:00', NULL),
('bb000000-0000-0000-0000-000000000065', 'aa000000-0000-0000-0000-000000000006', 'text_summarizer benchmark on CoNLL-2003', 'CoNLL-2003', 'running', NULL, NULL, 18, 0.01509156, '2025-05-18 00:00:00', NULL),
('bb000000-0000-0000-0000-000000000066', 'aa000000-0000-0000-0000-000000000012', 'translation_engine benchmark on WikiText-103', 'WikiText-103', 'running', NULL, NULL, 54, 0.04076586, '2025-09-29 00:00:00', NULL),
('bb000000-0000-0000-0000-000000000067', 'aa000000-0000-0000-0000-000000000001', 'fraud_detector_v3 domain adaptation WikiText-103', 'WikiText-103', 'running', NULL, NULL, 50, 0.0904848, '2026-02-20 00:00:00', NULL),
('bb000000-0000-0000-0000-000000000068', 'aa000000-0000-0000-0000-000000000001', 'fraud_detector_v3 domain adaptation CaseLaw-50k', 'CaseLaw-50k', 'running', NULL, NULL, 62, 0.00059955, '2025-09-16 00:00:00', NULL),
('bb000000-0000-0000-0000-000000000069', 'aa000000-0000-0000-0000-000000000014', 'price_optimizer domain adaptation Kaggle-Retail-2024', 'Kaggle-Retail-2024', 'running', NULL, NULL, 69, 0.07475409, '2026-01-03 00:00:00', NULL),
('bb000000-0000-0000-0000-000000000070', 'aa000000-0000-0000-0000-000000000015', 'document_parser transfer learning OpenWebText', 'OpenWebText', 'running', NULL, NULL, 29, 0.0273008, '2025-09-16 00:00:00', NULL),
('bb000000-0000-0000-0000-000000000071', 'aa000000-0000-0000-0000-000000000006', 'text_summarizer domain adaptation ChestX-ray14', 'ChestX-ray14', 'failed', 0.4923, 1.173887, 93, 0.01651282, '2025-05-05 00:00:00', '2025-05-05 13:00:00'),
('bb000000-0000-0000-0000-000000000072', 'aa000000-0000-0000-0000-000000000010', 'speech_to_text fine-tune on MultiPL-E', 'MultiPL-E', 'failed', 0.1727, 0.982109, 11, 0.06427854, '2025-10-23 00:00:00', '2025-10-23 11:00:00'),
('bb000000-0000-0000-0000-000000000073', 'aa000000-0000-0000-0000-000000000004', 'sentiment_analyzer ablation study IMDB-Reviews', 'IMDB-Reviews', 'failed', 0.2009, 0.857334, 44, 0.07612536, '2025-10-02 00:00:00', '2025-10-02 01:00:00'),
('bb000000-0000-0000-0000-000000000074', 'aa000000-0000-0000-0000-000000000012', 'translation_engine fine-tune on MBPP', 'MBPP', 'failed', 0.1161, 0.821721, 45, 0.02242997, '2026-01-28 00:00:00', '2026-01-28 08:00:00'),
('bb000000-0000-0000-0000-000000000075', 'aa000000-0000-0000-0000-000000000004', 'sentiment_analyzer fine-tune on RustBench-2024', 'RustBench-2024', 'failed', 0.1458, 1.46343, 80, 0.01524671, '2026-02-06 00:00:00', '2026-02-06 15:00:00'),
('bb000000-0000-0000-0000-000000000076', 'aa000000-0000-0000-0000-000000000012', 'translation_engine ablation study MNLI', 'MNLI', 'failed', 0.1458, 1.373511, 22, 0.06059321, '2025-06-05 00:00:00', '2025-06-05 10:00:00'),
('bb000000-0000-0000-0000-000000000077', 'aa000000-0000-0000-0000-000000000002', 'churn_predictor fine-tune on MultiPL-E', 'MultiPL-E', 'failed', 0.2587, 1.30051, 40, 0.05758391, '2024-06-19 00:00:00', '2024-06-19 03:00:00'),
('bb000000-0000-0000-0000-000000000078', 'aa000000-0000-0000-0000-000000000010', 'speech_to_text training run TweetEval-2024', 'TweetEval-2024', 'failed', 0.3402, 0.884739, 14, 0.06972233, '2026-02-14 00:00:00', '2026-02-14 19:00:00'),
('bb000000-0000-0000-0000-000000000079', 'aa000000-0000-0000-0000-000000000013', 'content_moderator ablation study GLUE', 'GLUE', 'failed', 0.359, 0.808857, 69, 0.04284352, '2025-11-15 00:00:00', '2025-11-15 14:00:00'),
('bb000000-0000-0000-0000-000000000080', 'aa000000-0000-0000-0000-000000000014', 'price_optimizer benchmark on Amazon-Reviews-2024', 'Amazon-Reviews-2024', 'failed', 0.2839, 0.907094, 56, 0.09607915, '2025-09-26 00:00:00', '2025-09-26 06:00:00'),
('bb000000-0000-0000-0000-000000000081', 'aa000000-0000-0000-0000-000000000012', 'translation_engine hyperparameter sweep HumanEval-Plus', 'HumanEval-Plus', 'failed', 0.2859, 1.378014, 79, 0.08082184, '2025-11-03 00:00:00', '2025-11-03 19:00:00'),
('bb000000-0000-0000-0000-000000000082', 'aa000000-0000-0000-0000-000000000005', 'image_classifier training run CoNLL-2003', 'CoNLL-2003', 'failed', 0.3279, 1.267732, 12, 0.02790004, '2025-10-24 00:00:00', '2025-10-24 11:00:00'),
('bb000000-0000-0000-0000-000000000083', 'aa000000-0000-0000-0000-000000000001', 'fraud_detector_v3 ablation study Amazon-Reviews-2024', 'Amazon-Reviews-2024', 'failed', 0.2361, 1.416224, 24, 0.04876012, '2025-07-11 00:00:00', '2025-07-11 23:00:00'),
('bb000000-0000-0000-0000-000000000084', 'aa000000-0000-0000-0000-000000000015', 'document_parser fine-tune on MNLI', 'MNLI', 'failed', 0.2954, 1.330715, 67, 0.09480678, '2025-09-25 00:00:00', '2025-09-25 23:00:00'),
('bb000000-0000-0000-0000-000000000085', 'aa000000-0000-0000-0000-000000000008', 'demand_forecaster transfer learning MedQA-2024', 'MedQA-2024', 'failed', 0.2618, 0.970314, 58, 0.07929536, '2025-06-22 00:00:00', '2025-06-22 22:00:00'),
('bb000000-0000-0000-0000-000000000086', 'aa000000-0000-0000-0000-000000000010', 'speech_to_text transfer learning AG-News', 'AG-News', 'queued', NULL, NULL, 71, 0.05309688, '2025-12-07 00:00:00', NULL),
('bb000000-0000-0000-0000-000000000087', 'aa000000-0000-0000-0000-000000000006', 'text_summarizer transfer learning AG-News', 'AG-News', 'queued', NULL, NULL, 35, 0.03066923, '2025-06-07 00:00:00', NULL),
('bb000000-0000-0000-0000-000000000088', 'aa000000-0000-0000-0000-000000000006', 'text_summarizer evaluation CommonCrawl-2024', 'CommonCrawl-2024', 'queued', NULL, NULL, 25, 0.0216463, '2025-12-27 00:00:00', NULL),
('bb000000-0000-0000-0000-000000000089', 'aa000000-0000-0000-0000-000000000013', 'content_moderator hyperparameter sweep HumanEval-Plus', 'HumanEval-Plus', 'queued', NULL, NULL, 13, 0.08326451, '2025-09-01 00:00:00', NULL),
('bb000000-0000-0000-0000-000000000090', 'aa000000-0000-0000-0000-000000000003', 'recommendation_engine fine-tune on SST-2', 'SST-2', 'queued', NULL, NULL, 91, 0.05341817, '2025-03-28 00:00:00', NULL),
('bb000000-0000-0000-0000-000000000091', 'aa000000-0000-0000-0000-000000000009', 'customer_segmentation evaluation SST-2', 'SST-2', 'queued', NULL, NULL, 82, 0.08684744, '2025-03-07 00:00:00', NULL),
('bb000000-0000-0000-0000-000000000092', 'aa000000-0000-0000-0000-000000000010', 'speech_to_text transfer learning SST-2', 'SST-2', 'queued', NULL, NULL, 62, 0.04405248, '2025-03-27 00:00:00', NULL),
('bb000000-0000-0000-0000-000000000093', 'aa000000-0000-0000-0000-000000000005', 'image_classifier transfer learning CaseLaw-50k', 'CaseLaw-50k', 'queued', NULL, NULL, 15, 0.08221334, '2025-04-07 00:00:00', NULL),
('bb000000-0000-0000-0000-000000000094', 'aa000000-0000-0000-0000-000000000010', 'speech_to_text fine-tune on MedQA-2024', 'MedQA-2024', 'queued', NULL, NULL, 20, 0.01492827, '2025-08-03 00:00:00', NULL),
('bb000000-0000-0000-0000-000000000095', 'aa000000-0000-0000-0000-000000000002', 'churn_predictor benchmark on OpenWebText', 'OpenWebText', 'queued', NULL, NULL, 72, 0.0764467, '2025-08-18 00:00:00', NULL),
('bb000000-0000-0000-0000-000000000096', 'aa000000-0000-0000-0000-000000000010', 'speech_to_text domain adaptation OpenWebText', 'OpenWebText', 'cancelled', NULL, NULL, 58, 0.09085135, '2025-12-27 00:00:00', NULL),
('bb000000-0000-0000-0000-000000000097', 'aa000000-0000-0000-0000-000000000007', 'anomaly_detector fine-tune on SST-2', 'SST-2', 'cancelled', NULL, NULL, 79, 0.09601128, '2025-06-15 00:00:00', NULL),
('bb000000-0000-0000-0000-000000000098', 'aa000000-0000-0000-0000-000000000011', 'code_assistant hyperparameter sweep WikiText-103', 'WikiText-103', 'cancelled', NULL, NULL, 85, 0.00812793, '2025-12-08 00:00:00', NULL),
('bb000000-0000-0000-0000-000000000099', 'aa000000-0000-0000-0000-000000000002', 'churn_predictor fine-tune on WMT-2024-ENES', 'WMT-2024-ENES', 'cancelled', NULL, NULL, 53, 0.04505587, '2025-07-28 00:00:00', NULL),
('bb000000-0000-0000-0000-000000000100', 'aa000000-0000-0000-0000-000000000001', 'fraud_detector_v3 hyperparameter sweep OpenWebText', 'OpenWebText', 'cancelled', NULL, NULL, 91, 0.02827901, '2023-08-12 00:00:00', NULL);


-- Deployments (40)

INSERT INTO deployments (id, model_id, environment, endpoint_url, status, requests_per_day, avg_latency_ms, deployed_at) VALUES
('cc000000-0000-0000-0000-000000000001', 'aa000000-0000-0000-0000-000000000001', 'production', 'https://api.platform.ai/v3/fraud_detector_v3/infer', 'active', 1320841, 31.54, '2023-12-20 00:00:00'),
('cc000000-0000-0000-0000-000000000002', 'aa000000-0000-0000-0000-000000000002', 'production', 'https://api.platform.ai/v1/churn_predictor/detect', 'active', 1152030, 15.12, '2025-07-15 00:00:00'),
('cc000000-0000-0000-0000-000000000003', 'aa000000-0000-0000-0000-000000000003', 'production', 'https://api.platform.ai/v1/recommendation_engine/infer', 'active', 135070, 124.67, '2025-12-17 00:00:00'),
('cc000000-0000-0000-0000-000000000004', 'aa000000-0000-0000-0000-000000000004', 'production', 'https://api.platform.ai/v4/sentiment_analyzer/analyze', 'active', 270788, 260.91, '2025-09-23 00:00:00'),
('cc000000-0000-0000-0000-000000000005', 'aa000000-0000-0000-0000-000000000005', 'production', 'https://api.platform.ai/v4/image_classifier/analyze', 'active', 928046, 86.2, '2025-10-08 00:00:00'),
('cc000000-0000-0000-0000-000000000006', 'aa000000-0000-0000-0000-000000000006', 'production', 'https://api.platform.ai/v3/text_summarizer/analyze', 'active', 64242, 638.37, '2025-10-04 00:00:00'),
('cc000000-0000-0000-0000-000000000007', 'aa000000-0000-0000-0000-000000000007', 'production', 'https://api.platform.ai/v1/anomaly_detector/generate', 'active', 1419876, 41.96, '2025-05-29 00:00:00'),
('cc000000-0000-0000-0000-000000000008', 'aa000000-0000-0000-0000-000000000008', 'production', 'https://api.platform.ai/v4/demand_forecaster/detect', 'active', 593336, 52.67, '2026-01-20 00:00:00'),
('cc000000-0000-0000-0000-000000000009', 'aa000000-0000-0000-0000-000000000009', 'production', 'https://api.platform.ai/v1/customer_segmentation/detect', 'active', 995683, 20.66, '2026-02-07 00:00:00'),
('cc000000-0000-0000-0000-000000000010', 'aa000000-0000-0000-0000-000000000010', 'production', 'https://api.platform.ai/v2/speech_to_text/predict', 'active', 701648, 2175.9, '2026-02-03 00:00:00'),
('cc000000-0000-0000-0000-000000000011', 'aa000000-0000-0000-0000-000000000011', 'production', 'https://api.platform.ai/v1/code_assistant/detect', 'active', 963839, 622.69, '2025-04-29 00:00:00'),
('cc000000-0000-0000-0000-000000000012', 'aa000000-0000-0000-0000-000000000012', 'production', 'https://api.platform.ai/v1/translation_engine/detect', 'active', 1389213, 441.22, '2025-03-28 00:00:00'),
('cc000000-0000-0000-0000-000000000013', 'aa000000-0000-0000-0000-000000000013', 'production', 'https://api.platform.ai/v3/content_moderator/infer', 'active', 1315757, 390.4, '2025-07-18 00:00:00'),
('cc000000-0000-0000-0000-000000000014', 'aa000000-0000-0000-0000-000000000014', 'production', 'https://api.platform.ai/v2/price_optimizer/predict', 'active', 570057, 29.71, '2024-08-22 00:00:00'),
('cc000000-0000-0000-0000-000000000015', 'aa000000-0000-0000-0000-000000000015', 'production', 'https://api.platform.ai/v1/document_parser/detect', 'active', 70543, 4871.1, '2024-02-01 00:00:00'),
('cc000000-0000-0000-0000-000000000016', 'aa000000-0000-0000-0000-000000000001', 'production', 'https://api.platform.ai/v3/fraud_detector_v3/infer', 'active', 1165193, 5.62, '2025-06-24 00:00:00'),
('cc000000-0000-0000-0000-000000000017', 'aa000000-0000-0000-0000-000000000002', 'staging', 'https://staging.platform.ai/v4/churn_predictor/predict', 'active', 2024, 34.15, '2025-07-28 00:00:00'),
('cc000000-0000-0000-0000-000000000018', 'aa000000-0000-0000-0000-000000000003', 'staging', 'https://staging.platform.ai/v3/recommendation_engine/analyze', 'active', 6907, 425.63, '2024-02-05 00:00:00'),
('cc000000-0000-0000-0000-000000000019', 'aa000000-0000-0000-0000-000000000004', 'staging', 'https://staging.platform.ai/v2/sentiment_analyzer/infer', 'active', 6384, 135.77, '2025-05-09 00:00:00'),
('cc000000-0000-0000-0000-000000000020', 'aa000000-0000-0000-0000-000000000005', 'staging', 'https://staging.platform.ai/v3/image_classifier/predict', 'active', 6898, 202.94, '2024-02-29 00:00:00'),
('cc000000-0000-0000-0000-000000000021', 'aa000000-0000-0000-0000-000000000006', 'staging', 'https://staging.platform.ai/v3/text_summarizer/predict', 'active', 4991, 4219.88, '2026-02-01 00:00:00'),
('cc000000-0000-0000-0000-000000000022', 'aa000000-0000-0000-0000-000000000007', 'staging', 'https://staging.platform.ai/v2/anomaly_detector/infer', 'active', 7416, 29.24, '2025-12-08 00:00:00'),
('cc000000-0000-0000-0000-000000000023', 'aa000000-0000-0000-0000-000000000008', 'staging', 'https://staging.platform.ai/v4/demand_forecaster/analyze', 'active', 7560, 187.91, '2025-05-15 00:00:00'),
('cc000000-0000-0000-0000-000000000024', 'aa000000-0000-0000-0000-000000000009', 'staging', 'https://staging.platform.ai/v4/customer_segmentation/predict', 'active', 3926, 43.52, '2025-08-10 00:00:00'),
('cc000000-0000-0000-0000-000000000025', 'aa000000-0000-0000-0000-000000000010', 'staging', 'https://staging.platform.ai/v4/speech_to_text/analyze', 'rolled_back', 0, 3585.09, '2024-06-30 00:00:00'),
('cc000000-0000-0000-0000-000000000026', 'aa000000-0000-0000-0000-000000000011', 'staging', 'https://staging.platform.ai/v2/code_assistant/analyze', 'rolled_back', 0, 2577.58, '2025-11-13 00:00:00'),
('cc000000-0000-0000-0000-000000000027', 'aa000000-0000-0000-0000-000000000012', 'staging', 'https://staging.platform.ai/v3/translation_engine/analyze', 'rolled_back', 0, 441.37, '2024-08-24 00:00:00'),
('cc000000-0000-0000-0000-000000000028', 'aa000000-0000-0000-0000-000000000013', 'staging', 'https://staging.platform.ai/v4/content_moderator/predict', 'rolled_back', 0, 56.91, '2026-01-30 00:00:00'),
('cc000000-0000-0000-0000-000000000029', 'aa000000-0000-0000-0000-000000000014', 'staging', 'https://staging.platform.ai/v1/price_optimizer/predict', 'rolled_back', 0, 26.13, '2024-05-12 00:00:00'),
('cc000000-0000-0000-0000-000000000030', 'aa000000-0000-0000-0000-000000000015', 'staging', 'https://staging.platform.ai/v4/document_parser/analyze', 'rolled_back', 0, 3319.22, '2025-10-20 00:00:00'),
('cc000000-0000-0000-0000-000000000031', 'aa000000-0000-0000-0000-000000000001', 'development', 'https://dev.platform.ai/v4/fraud_detector_v3/predict', 'canary', 498, 19.25, '2025-07-17 00:00:00'),
('cc000000-0000-0000-0000-000000000032', 'aa000000-0000-0000-0000-000000000002', 'development', 'https://dev.platform.ai/v4/churn_predictor/predict', 'canary', 456, 29.35, '2024-01-27 00:00:00'),
('cc000000-0000-0000-0000-000000000033', 'aa000000-0000-0000-0000-000000000003', 'development', 'https://dev.platform.ai/v3/recommendation_engine/predict', 'canary', 126, 386.04, '2025-04-20 00:00:00'),
('cc000000-0000-0000-0000-000000000034', 'aa000000-0000-0000-0000-000000000004', 'development', 'https://dev.platform.ai/v1/sentiment_analyzer/predict', 'canary', 237, 124.86, '2025-03-15 00:00:00'),
('cc000000-0000-0000-0000-000000000035', 'aa000000-0000-0000-0000-000000000005', 'development', 'https://dev.platform.ai/v1/image_classifier/predict', 'canary', 176, 408.26, '2025-09-08 00:00:00'),
('cc000000-0000-0000-0000-000000000036', 'aa000000-0000-0000-0000-000000000006', 'development', 'https://dev.platform.ai/v4/text_summarizer/predict', 'canary', 84, 1372.15, '2026-02-13 00:00:00'),
('cc000000-0000-0000-0000-000000000037', 'aa000000-0000-0000-0000-000000000007', 'development', 'https://dev.platform.ai/v2/anomaly_detector/predict', 'deprecated', 0, 12.65, '2025-09-12 00:00:00'),
('cc000000-0000-0000-0000-000000000038', 'aa000000-0000-0000-0000-000000000008', 'development', 'https://dev.platform.ai/v2/demand_forecaster/predict', 'deprecated', 0, 109.58, '2025-06-27 00:00:00'),
('cc000000-0000-0000-0000-000000000039', 'aa000000-0000-0000-0000-000000000009', 'development', 'https://dev.platform.ai/v4/customer_segmentation/predict', 'deprecated', 0, 33.71, '2026-02-05 00:00:00'),
('cc000000-0000-0000-0000-000000000040', 'aa000000-0000-0000-0000-000000000010', 'development', 'https://dev.platform.ai/v1/speech_to_text/predict', 'deprecated', 0, 4514.76, '2025-07-26 00:00:00');


-- Events (500)

INSERT INTO events (id, deployment_id, event_type, input_tokens, output_tokens, latency_ms, status_code, error_message, created_at) VALUES
('dd000000-0000-0000-0000-000000000001', 'cc000000-0000-0000-0000-000000000006', 'prediction', 19462, 1859, 4731.65, 500, 'Unexpected error during prediction', '2025-05-07 00:00:00'),
('dd000000-0000-0000-0000-000000000002', 'cc000000-0000-0000-0000-000000000034', 'prediction', 2524, 204, 499.71, 400, 'Token limit exceeded: max 4096 tokens', '2025-08-31 00:00:00'),
('dd000000-0000-0000-0000-000000000003', 'cc000000-0000-0000-0000-000000000023', 'prediction', 614, 12, 195.81, 200, NULL, '2025-12-15 00:00:00'),
('dd000000-0000-0000-0000-000000000004', 'cc000000-0000-0000-0000-000000000004', 'prediction', 4119, 853, 454.95, 200, NULL, '2025-02-11 00:00:00'),
('dd000000-0000-0000-0000-000000000005', 'cc000000-0000-0000-0000-000000000015', 'prediction', 49941, 2593, 1328.07, 200, NULL, '2025-04-28 00:00:00'),
('dd000000-0000-0000-0000-000000000006', 'cc000000-0000-0000-0000-000000000007', 'prediction', 463, 41, 53.48, 200, NULL, '2025-12-22 00:00:00'),
('dd000000-0000-0000-0000-000000000007', 'cc000000-0000-0000-0000-000000000005', 'prediction', 788, 932, 168.7, 200, NULL, '2025-05-07 00:00:00'),
('dd000000-0000-0000-0000-000000000008', 'cc000000-0000-0000-0000-000000000035', 'prediction', 3047, 544, 265.84, 200, NULL, '2025-11-02 00:00:00'),
('dd000000-0000-0000-0000-000000000009', 'cc000000-0000-0000-0000-000000000019', 'prediction', 2824, 824, 84.13, 429, 'Rate limit exceeded. Retry after 30 seconds.', '2025-06-11 00:00:00'),
('dd000000-0000-0000-0000-000000000010', 'cc000000-0000-0000-0000-000000000013', 'prediction', 4615, 375, 72.44, 200, NULL, '2025-05-03 00:00:00'),
('dd000000-0000-0000-0000-000000000011', 'cc000000-0000-0000-0000-000000000022', 'prediction', 384, 44, 24.66, 200, NULL, '2024-06-15 00:00:00'),
('dd000000-0000-0000-0000-000000000012', 'cc000000-0000-0000-0000-000000000008', 'prediction', 975, 13, 127.71, 500, 'Unexpected error during prediction', '2025-04-02 00:00:00'),
('dd000000-0000-0000-0000-000000000013', 'cc000000-0000-0000-0000-000000000015', 'prediction', 79317, 2709, 2100.65, 200, NULL, '2024-04-07 00:00:00'),
('dd000000-0000-0000-0000-000000000014', 'cc000000-0000-0000-0000-000000000008', 'prediction', 209, 121, 178.58, 200, NULL, '2026-02-07 00:00:00'),
('dd000000-0000-0000-0000-000000000015', 'cc000000-0000-0000-0000-000000000035', 'prediction', 3483, 602, 378.87, 200, NULL, '2025-04-20 00:00:00'),
('dd000000-0000-0000-0000-000000000016', 'cc000000-0000-0000-0000-000000000040', 'prediction', 107085, 3896, 4762.46, 200, NULL, '2025-10-14 00:00:00'),
('dd000000-0000-0000-0000-000000000017', 'cc000000-0000-0000-0000-000000000008', 'prediction', 1761, 186, 28.88, 200, NULL, '2026-01-25 00:00:00'),
('dd000000-0000-0000-0000-000000000018', 'cc000000-0000-0000-0000-000000000013', 'prediction', 2310, 195, 485.06, 503, 'Service temporarily unavailable: model replica restarting', '2025-03-19 00:00:00'),
('dd000000-0000-0000-0000-000000000019', 'cc000000-0000-0000-0000-000000000001', 'prediction', 26, 22, 23.27, 200, NULL, '2025-04-05 00:00:00'),
('dd000000-0000-0000-0000-000000000020', 'cc000000-0000-0000-0000-000000000036', 'prediction', 54405, 2451, 1158.16, 500, 'CUDA out of memory: tried to allocate 2.5 GiB', '2025-01-31 00:00:00'),
('dd000000-0000-0000-0000-000000000021', 'cc000000-0000-0000-0000-000000000034', 'prediction', 1235, 134, 283.9, 200, NULL, '2025-03-14 00:00:00'),
('dd000000-0000-0000-0000-000000000022', 'cc000000-0000-0000-0000-000000000012', 'prediction', 1999, 603, 182.17, 200, NULL, '2025-10-02 00:00:00'),
('dd000000-0000-0000-0000-000000000023', 'cc000000-0000-0000-0000-000000000024', 'prediction', 33, 31, 38.62, 200, NULL, '2025-10-18 00:00:00'),
('dd000000-0000-0000-0000-000000000024', 'cc000000-0000-0000-0000-000000000020', 'prediction', 405, 745, 398.12, 504, 'Request timed out after 30 seconds', '2025-03-16 00:00:00'),
('dd000000-0000-0000-0000-000000000025', 'cc000000-0000-0000-0000-000000000016', 'prediction', 434, 26, 36.97, 200, NULL, '2024-08-28 00:00:00'),
('dd000000-0000-0000-0000-000000000026', 'cc000000-0000-0000-0000-000000000003', 'prediction', 2688, 623, 99.72, 200, NULL, '2025-01-20 00:00:00'),
('dd000000-0000-0000-0000-000000000027', 'cc000000-0000-0000-0000-000000000011', 'prediction', 99951, 2496, 2699.73, 200, NULL, '2023-09-10 00:00:00'),
('dd000000-0000-0000-0000-000000000028', 'cc000000-0000-0000-0000-000000000004', 'prediction', 4566, 739, 436.78, 200, NULL, '2024-07-28 00:00:00'),
('dd000000-0000-0000-0000-000000000029', 'cc000000-0000-0000-0000-000000000015', 'prediction', 104624, 1753, 3675.1, 200, NULL, '2025-07-09 00:00:00'),
('dd000000-0000-0000-0000-000000000030', 'cc000000-0000-0000-0000-000000000005', 'prediction', 3935, 69, 72.88, 200, NULL, '2025-09-07 00:00:00'),
('dd000000-0000-0000-0000-000000000031', 'cc000000-0000-0000-0000-000000000036', 'prediction', 15823, 2452, 4787.46, 200, NULL, '2024-07-25 00:00:00'),
('dd000000-0000-0000-0000-000000000032', 'cc000000-0000-0000-0000-000000000022', 'prediction', 482, 49, 36.72, 400, 'Missing required field: input_text', '2024-05-26 00:00:00'),
('dd000000-0000-0000-0000-000000000033', 'cc000000-0000-0000-0000-000000000017', 'prediction', 109, 10, 54.26, 200, NULL, '2025-12-10 00:00:00'),
('dd000000-0000-0000-0000-000000000034', 'cc000000-0000-0000-0000-000000000031', 'prediction', 143, 37, 21.96, 200, NULL, '2026-01-13 00:00:00'),
('dd000000-0000-0000-0000-000000000035', 'cc000000-0000-0000-0000-000000000021', 'prediction', 146045, 157, 3084.08, 200, NULL, '2023-06-30 00:00:00'),
('dd000000-0000-0000-0000-000000000036', 'cc000000-0000-0000-0000-000000000023', 'prediction', 1571, 159, 185.09, 200, NULL, '2025-05-13 00:00:00'),
('dd000000-0000-0000-0000-000000000037', 'cc000000-0000-0000-0000-000000000013', 'prediction', 620, 146, 378.26, 400, 'Token limit exceeded: max 4096 tokens', '2025-10-19 00:00:00'),
('dd000000-0000-0000-0000-000000000038', 'cc000000-0000-0000-0000-000000000012', 'prediction', 2602, 739, 182.46, 504, 'Gateway timeout: upstream service did not respond within 5000ms', '2023-11-07 00:00:00'),
('dd000000-0000-0000-0000-000000000039', 'cc000000-0000-0000-0000-000000000020', 'prediction', 457, 691, 68.34, 200, NULL, '2026-01-05 00:00:00'),
('dd000000-0000-0000-0000-000000000040', 'cc000000-0000-0000-0000-000000000009', 'prediction', 111, 49, 43.43, 200, NULL, '2026-02-11 00:00:00'),
('dd000000-0000-0000-0000-000000000041', 'cc000000-0000-0000-0000-000000000016', 'prediction', 270, 43, 28.13, 200, NULL, '2023-07-27 00:00:00'),
('dd000000-0000-0000-0000-000000000042', 'cc000000-0000-0000-0000-000000000010', 'prediction', 55473, 3193, 772.45, 200, NULL, '2025-03-04 00:00:00'),
('dd000000-0000-0000-0000-000000000043', 'cc000000-0000-0000-0000-000000000014', 'prediction', 90, 9, 33.52, 200, NULL, '2026-02-06 00:00:00'),
('dd000000-0000-0000-0000-000000000044', 'cc000000-0000-0000-0000-000000000005', 'prediction', 3302, 883, 378.76, 200, NULL, '2025-04-09 00:00:00'),
('dd000000-0000-0000-0000-000000000045', 'cc000000-0000-0000-0000-000000000037', 'prediction', 220, 37, 35.33, 200, NULL, '2025-09-24 00:00:00'),
('dd000000-0000-0000-0000-000000000046', 'cc000000-0000-0000-0000-000000000011', 'prediction', 45155, 3332, 4743.31, 200, NULL, '2024-06-05 00:00:00'),
('dd000000-0000-0000-0000-000000000047', 'cc000000-0000-0000-0000-000000000034', 'prediction', 917, 250, 234.77, 200, NULL, '2025-08-06 00:00:00'),
('dd000000-0000-0000-0000-000000000048', 'cc000000-0000-0000-0000-000000000008', 'prediction', 692, 399, 41.95, 200, NULL, '2025-11-17 00:00:00'),
('dd000000-0000-0000-0000-000000000049', 'cc000000-0000-0000-0000-000000000031', 'prediction', 179, 23, 59.55, 200, NULL, '2024-01-28 00:00:00'),
('dd000000-0000-0000-0000-000000000050', 'cc000000-0000-0000-0000-000000000009', 'prediction', 102, 12, 50.18, 200, NULL, '2023-11-29 00:00:00');

INSERT INTO events (id, deployment_id, event_type, input_tokens, output_tokens, latency_ms, status_code, error_message, created_at) VALUES
('dd000000-0000-0000-0000-000000000051', 'cc000000-0000-0000-0000-000000000032', 'prediction', 238, 49, 47.28, 200, NULL, '2025-11-20 00:00:00'),
('dd000000-0000-0000-0000-000000000052', 'cc000000-0000-0000-0000-000000000021', 'prediction', 84827, 3589, 4857.77, 200, NULL, '2025-10-27 00:00:00'),
('dd000000-0000-0000-0000-000000000053', 'cc000000-0000-0000-0000-000000000010', 'prediction', 72104, 2472, 375.24, 200, NULL, '2025-10-18 00:00:00'),
('dd000000-0000-0000-0000-000000000054', 'cc000000-0000-0000-0000-000000000012', 'prediction', 2401, 79, 332.99, 400, 'Invalid model parameters', '2025-12-09 00:00:00'),
('dd000000-0000-0000-0000-000000000055', 'cc000000-0000-0000-0000-000000000003', 'prediction', 3734, 931, 410.61, 200, NULL, '2025-10-30 00:00:00'),
('dd000000-0000-0000-0000-000000000056', 'cc000000-0000-0000-0000-000000000002', 'prediction', 231, 7, 65.82, 200, NULL, '2023-08-26 00:00:00'),
('dd000000-0000-0000-0000-000000000057', 'cc000000-0000-0000-0000-000000000006', 'prediction', 10360, 1064, 3567.35, 504, 'Gateway timeout: upstream service did not respond within 5000ms', '2025-07-23 00:00:00'),
('dd000000-0000-0000-0000-000000000058', 'cc000000-0000-0000-0000-000000000031', 'prediction', 174, 44, 49.84, 200, NULL, '2023-08-07 00:00:00'),
('dd000000-0000-0000-0000-000000000059', 'cc000000-0000-0000-0000-000000000018', 'prediction', 3216, 291, 148.44, 504, 'Gateway timeout: upstream service did not respond within 5000ms', '2025-12-24 00:00:00'),
('dd000000-0000-0000-0000-000000000060', 'cc000000-0000-0000-0000-000000000036', 'prediction', 91803, 1320, 4841.71, 200, NULL, '2025-12-30 00:00:00'),
('dd000000-0000-0000-0000-000000000061', 'cc000000-0000-0000-0000-000000000003', 'prediction', 2586, 573, 207.04, 200, NULL, '2025-04-17 00:00:00'),
('dd000000-0000-0000-0000-000000000062', 'cc000000-0000-0000-0000-000000000024', 'prediction', 351, 34, 12.01, 200, NULL, '2025-03-10 00:00:00'),
('dd000000-0000-0000-0000-000000000063', 'cc000000-0000-0000-0000-000000000006', 'prediction', 56249, 1449, 4743.57, 200, NULL, '2025-05-10 00:00:00'),
('dd000000-0000-0000-0000-000000000064', 'cc000000-0000-0000-0000-000000000010', 'prediction', 26613, 2129, 3877.29, 200, NULL, '2023-07-09 00:00:00'),
('dd000000-0000-0000-0000-000000000065', 'cc000000-0000-0000-0000-000000000035', 'prediction', 1123, 612, 207.06, 200, NULL, '2025-07-29 00:00:00'),
('dd000000-0000-0000-0000-000000000066', 'cc000000-0000-0000-0000-000000000035', 'prediction', 1406, 739, 235.71, 200, NULL, '2024-01-30 00:00:00'),
('dd000000-0000-0000-0000-000000000067', 'cc000000-0000-0000-0000-000000000040', 'prediction', 74792, 3131, 3767.83, 200, NULL, '2025-08-06 00:00:00'),
('dd000000-0000-0000-0000-000000000068', 'cc000000-0000-0000-0000-000000000031', 'prediction', 463, 13, 32.59, 503, 'Backend service unavailable', '2025-08-05 00:00:00'),
('dd000000-0000-0000-0000-000000000069', 'cc000000-0000-0000-0000-000000000017', 'prediction', 215, 11, 66.27, 200, NULL, '2025-07-07 00:00:00'),
('dd000000-0000-0000-0000-000000000070', 'cc000000-0000-0000-0000-000000000016', 'prediction', 448, 24, 46.59, 200, NULL, '2025-10-19 00:00:00'),
('dd000000-0000-0000-0000-000000000071', 'cc000000-0000-0000-0000-000000000003', 'prediction', 1363, 280, 241.18, 200, NULL, '2023-09-02 00:00:00'),
('dd000000-0000-0000-0000-000000000072', 'cc000000-0000-0000-0000-000000000015', 'prediction', 118360, 3673, 1812.97, 200, NULL, '2025-11-13 00:00:00'),
('dd000000-0000-0000-0000-000000000073', 'cc000000-0000-0000-0000-000000000013', 'prediction', 718, 384, 135.53, 200, NULL, '2026-01-18 00:00:00'),
('dd000000-0000-0000-0000-000000000074', 'cc000000-0000-0000-0000-000000000005', 'prediction', 1177, 40, 164.83, 200, NULL, '2023-10-21 00:00:00'),
('dd000000-0000-0000-0000-000000000075', 'cc000000-0000-0000-0000-000000000016', 'prediction', 230, 40, 5.39, 200, NULL, '2025-05-16 00:00:00'),
('dd000000-0000-0000-0000-000000000076', 'cc000000-0000-0000-0000-000000000024', 'prediction', 312, 34, 36.74, 200, NULL, '2025-05-02 00:00:00'),
('dd000000-0000-0000-0000-000000000077', 'cc000000-0000-0000-0000-000000000014', 'prediction', 328, 40, 39.28, 200, NULL, '2025-02-01 00:00:00'),
('dd000000-0000-0000-0000-000000000078', 'cc000000-0000-0000-0000-000000000021', 'prediction', 135202, 2405, 1285.5, 200, NULL, '2026-01-09 00:00:00'),
('dd000000-0000-0000-0000-000000000079', 'cc000000-0000-0000-0000-000000000019', 'prediction', 3462, 192, 342.25, 200, NULL, '2023-08-09 00:00:00'),
('dd000000-0000-0000-0000-000000000080', 'cc000000-0000-0000-0000-000000000035', 'prediction', 4206, 806, 494.52, 200, NULL, '2025-10-27 00:00:00'),
('dd000000-0000-0000-0000-000000000081', 'cc000000-0000-0000-0000-000000000013', 'prediction', 3108, 260, 381.24, 200, NULL, '2025-07-02 00:00:00'),
('dd000000-0000-0000-0000-000000000082', 'cc000000-0000-0000-0000-000000000021', 'prediction', 27274, 3210, 2951.33, 200, NULL, '2025-08-28 00:00:00'),
('dd000000-0000-0000-0000-000000000083', 'cc000000-0000-0000-0000-000000000033', 'prediction', 1484, 851, 396.2, 200, NULL, '2025-03-08 00:00:00'),
('dd000000-0000-0000-0000-000000000084', 'cc000000-0000-0000-0000-000000000005', 'prediction', 566, 734, 394.81, 200, NULL, '2025-03-23 00:00:00'),
('dd000000-0000-0000-0000-000000000085', 'cc000000-0000-0000-0000-000000000035', 'prediction', 393, 324, 468.68, 200, NULL, '2024-12-08 00:00:00'),
('dd000000-0000-0000-0000-000000000086', 'cc000000-0000-0000-0000-000000000002', 'prediction', 386, 42, 19.33, 200, NULL, '2025-11-03 00:00:00'),
('dd000000-0000-0000-0000-000000000087', 'cc000000-0000-0000-0000-000000000009', 'prediction', 64, 24, 37.77, 200, NULL, '2025-09-14 00:00:00'),
('dd000000-0000-0000-0000-000000000088', 'cc000000-0000-0000-0000-000000000006', 'prediction', 130176, 2884, 2537.86, 504, 'Request timed out after 30 seconds', '2025-06-14 00:00:00'),
('dd000000-0000-0000-0000-000000000089', 'cc000000-0000-0000-0000-000000000014', 'prediction', 309, 12, 45.91, 200, NULL, '2026-02-02 00:00:00'),
('dd000000-0000-0000-0000-000000000090', 'cc000000-0000-0000-0000-000000000015', 'prediction', 158073, 2989, 2187.97, 200, NULL, '2025-03-22 00:00:00'),
('dd000000-0000-0000-0000-000000000091', 'cc000000-0000-0000-0000-000000000036', 'prediction', 92521, 2568, 4990.94, 200, NULL, '2026-01-26 00:00:00'),
('dd000000-0000-0000-0000-000000000092', 'cc000000-0000-0000-0000-000000000022', 'prediction', 327, 26, 32.25, 200, NULL, '2026-01-31 00:00:00'),
('dd000000-0000-0000-0000-000000000093', 'cc000000-0000-0000-0000-000000000034', 'prediction', 3639, 36, 89.33, 200, NULL, '2024-06-05 00:00:00'),
('dd000000-0000-0000-0000-000000000094', 'cc000000-0000-0000-0000-000000000019', 'prediction', 315, 620, 102.12, 200, NULL, '2025-10-14 00:00:00'),
('dd000000-0000-0000-0000-000000000095', 'cc000000-0000-0000-0000-000000000019', 'prediction', 1177, 543, 202.47, 200, NULL, '2025-04-28 00:00:00'),
('dd000000-0000-0000-0000-000000000096', 'cc000000-0000-0000-0000-000000000006', 'prediction', 130921, 2170, 1996.24, 200, NULL, '2025-07-12 00:00:00'),
('dd000000-0000-0000-0000-000000000097', 'cc000000-0000-0000-0000-000000000007', 'prediction', 314, 19, 57.05, 429, 'Rate limit exceeded. Retry after 30 seconds.', '2025-04-07 00:00:00'),
('dd000000-0000-0000-0000-000000000098', 'cc000000-0000-0000-0000-000000000035', 'prediction', 3696, 90, 410.94, 500, 'Unexpected error during prediction', '2025-04-03 00:00:00'),
('dd000000-0000-0000-0000-000000000099', 'cc000000-0000-0000-0000-000000000010', 'prediction', 78731, 3537, 871.78, 200, NULL, '2023-11-26 00:00:00'),
('dd000000-0000-0000-0000-000000000100', 'cc000000-0000-0000-0000-000000000017', 'prediction', 115, 8, 78.88, 200, NULL, '2025-11-08 00:00:00');

INSERT INTO events (id, deployment_id, event_type, input_tokens, output_tokens, latency_ms, status_code, error_message, created_at) VALUES
('dd000000-0000-0000-0000-000000000101', 'cc000000-0000-0000-0000-000000000018', 'prediction', 4738, 378, 249.68, 429, 'Quota exceeded for current billing period', '2023-08-07 00:00:00'),
('dd000000-0000-0000-0000-000000000102', 'cc000000-0000-0000-0000-000000000023', 'prediction', 1482, 246, 109.88, 200, NULL, '2023-08-15 00:00:00'),
('dd000000-0000-0000-0000-000000000103', 'cc000000-0000-0000-0000-000000000011', 'prediction', 19541, 1893, 2382.58, 200, NULL, '2025-12-08 00:00:00'),
('dd000000-0000-0000-0000-000000000104', 'cc000000-0000-0000-0000-000000000006', 'prediction', 33925, 1822, 2564.03, 400, 'Token limit exceeded: max 4096 tokens', '2025-05-22 00:00:00'),
('dd000000-0000-0000-0000-000000000105', 'cc000000-0000-0000-0000-000000000023', 'prediction', 471, 178, 190.02, 200, NULL, '2025-04-10 00:00:00'),
('dd000000-0000-0000-0000-000000000106', 'cc000000-0000-0000-0000-000000000021', 'prediction', 144499, 1174, 713.33, 200, NULL, '2025-11-13 00:00:00'),
('dd000000-0000-0000-0000-000000000107', 'cc000000-0000-0000-0000-000000000019', 'prediction', 4806, 158, 110.46, 200, NULL, '2024-05-11 00:00:00'),
('dd000000-0000-0000-0000-000000000108', 'cc000000-0000-0000-0000-000000000037', 'prediction', 22, 2, 11.09, 504, 'Request timed out after 30 seconds', '2025-07-25 00:00:00'),
('dd000000-0000-0000-0000-000000000109', 'cc000000-0000-0000-0000-000000000020', 'prediction', 298, 510, 447.83, 200, NULL, '2024-04-05 00:00:00'),
('dd000000-0000-0000-0000-000000000110', 'cc000000-0000-0000-0000-000000000032', 'prediction', 414, 44, 35.46, 200, NULL, '2023-11-09 00:00:00'),
('dd000000-0000-0000-0000-000000000111', 'cc000000-0000-0000-0000-000000000016', 'prediction', 238, 14, 30.51, 200, NULL, '2024-04-22 00:00:00'),
('dd000000-0000-0000-0000-000000000112', 'cc000000-0000-0000-0000-000000000034', 'prediction', 2879, 999, 217.4, 200, NULL, '2025-04-24 00:00:00'),
('dd000000-0000-0000-0000-000000000113', 'cc000000-0000-0000-0000-000000000015', 'prediction', 32218, 1145, 2303.02, 200, NULL, '2025-09-13 00:00:00'),
('dd000000-0000-0000-0000-000000000114', 'cc000000-0000-0000-0000-000000000027', 'prediction', 2083, 986, 436.69, 200, NULL, '2025-12-21 00:00:00'),
('dd000000-0000-0000-0000-000000000115', 'cc000000-0000-0000-0000-000000000007', 'prediction', 391, 11, 42.37, 200, NULL, '2025-08-05 00:00:00'),
('dd000000-0000-0000-0000-000000000116', 'cc000000-0000-0000-0000-000000000003', 'prediction', 3271, 518, 244.9, 200, NULL, '2025-03-25 00:00:00'),
('dd000000-0000-0000-0000-000000000117', 'cc000000-0000-0000-0000-000000000016', 'prediction', 306, 42, 55.44, 200, NULL, '2025-04-25 00:00:00'),
('dd000000-0000-0000-0000-000000000118', 'cc000000-0000-0000-0000-000000000035', 'prediction', 2216, 745, 201.92, 200, NULL, '2025-03-27 00:00:00'),
('dd000000-0000-0000-0000-000000000119', 'cc000000-0000-0000-0000-000000000007', 'prediction', 186, 36, 26.65, 200, NULL, '2025-12-07 00:00:00'),
('dd000000-0000-0000-0000-000000000120', 'cc000000-0000-0000-0000-000000000020', 'prediction', 1023, 132, 488.29, 200, NULL, '2024-05-13 00:00:00'),
('dd000000-0000-0000-0000-000000000121', 'cc000000-0000-0000-0000-000000000012', 'prediction', 1231, 204, 313.16, 200, NULL, '2025-03-20 00:00:00'),
('dd000000-0000-0000-0000-000000000122', 'cc000000-0000-0000-0000-000000000011', 'prediction', 124289, 2177, 2339.24, 200, NULL, '2025-08-15 00:00:00'),
('dd000000-0000-0000-0000-000000000123', 'cc000000-0000-0000-0000-000000000021', 'prediction', 42698, 1659, 4954.02, 200, NULL, '2025-08-20 00:00:00'),
('dd000000-0000-0000-0000-000000000124', 'cc000000-0000-0000-0000-000000000017', 'prediction', 273, 32, 58.16, 200, NULL, '2024-06-12 00:00:00'),
('dd000000-0000-0000-0000-000000000125', 'cc000000-0000-0000-0000-000000000004', 'prediction', 3462, 598, 174.61, 400, 'Invalid model parameters', '2026-01-30 00:00:00'),
('dd000000-0000-0000-0000-000000000126', 'cc000000-0000-0000-0000-000000000031', 'prediction', 297, 37, 22.07, 200, NULL, '2025-11-24 00:00:00'),
('dd000000-0000-0000-0000-000000000127', 'cc000000-0000-0000-0000-000000000020', 'prediction', 3164, 152, 416.18, 200, NULL, '2026-02-22 00:00:00'),
('dd000000-0000-0000-0000-000000000128', 'cc000000-0000-0000-0000-000000000001', 'prediction', 226, 21, 36.41, 200, NULL, '2025-11-12 00:00:00'),
('dd000000-0000-0000-0000-000000000129', 'cc000000-0000-0000-0000-000000000036', 'prediction', 123728, 3625, 4257.05, 200, NULL, '2024-11-13 00:00:00'),
('dd000000-0000-0000-0000-000000000130', 'cc000000-0000-0000-0000-000000000011', 'prediction', 125502, 2202, 1946.44, 503, 'Model warming up, please retry', '2025-08-29 00:00:00'),
('dd000000-0000-0000-0000-000000000131', 'cc000000-0000-0000-0000-000000000034', 'prediction', 2215, 625, 257.56, 500, 'Unexpected error during prediction', '2025-07-31 00:00:00'),
('dd000000-0000-0000-0000-000000000132', 'cc000000-0000-0000-0000-000000000023', 'prediction', 434, 354, 143.95, 200, NULL, '2025-07-19 00:00:00'),
('dd000000-0000-0000-0000-000000000133', 'cc000000-0000-0000-0000-000000000019', 'prediction', 4499, 389, 451.01, 200, NULL, '2025-05-14 00:00:00'),
('dd000000-0000-0000-0000-000000000134', 'cc000000-0000-0000-0000-000000000010', 'prediction', 20817, 1468, 4627.65, 200, NULL, '2024-01-06 00:00:00'),
('dd000000-0000-0000-0000-000000000135', 'cc000000-0000-0000-0000-000000000018', 'prediction', 2271, 956, 294.15, 200, NULL, '2025-12-26 00:00:00'),
('dd000000-0000-0000-0000-000000000136', 'cc000000-0000-0000-0000-000000000002', 'prediction', 343, 34, 21.93, 200, NULL, '2025-08-17 00:00:00'),
('dd000000-0000-0000-0000-000000000137', 'cc000000-0000-0000-0000-000000000004', 'prediction', 1176, 6, 483.32, 429, 'Too many requests. Please slow down.', '2025-11-18 00:00:00'),
('dd000000-0000-0000-0000-000000000138', 'cc000000-0000-0000-0000-000000000031', 'prediction', 334, 13, 61.69, 200, NULL, '2025-03-31 00:00:00'),
('dd000000-0000-0000-0000-000000000139', 'cc000000-0000-0000-0000-000000000006', 'prediction', 150605, 1001, 2722.25, 200, NULL, '2025-12-22 00:00:00'),
('dd000000-0000-0000-0000-000000000140', 'cc000000-0000-0000-0000-000000000027', 'prediction', 1490, 957, 462.23, 503, 'Backend service unavailable', '2025-07-27 00:00:00'),
('dd000000-0000-0000-0000-000000000141', 'cc000000-0000-0000-0000-000000000001', 'prediction', 153, 37, 50.21, 500, 'Internal server error: model inference failed', '2026-01-23 00:00:00'),
('dd000000-0000-0000-0000-000000000142', 'cc000000-0000-0000-0000-000000000016', 'prediction', 456, 9, 68.83, 200, NULL, '2025-04-27 00:00:00'),
('dd000000-0000-0000-0000-000000000143', 'cc000000-0000-0000-0000-000000000024', 'prediction', 235, 42, 24.29, 200, NULL, '2025-08-18 00:00:00'),
('dd000000-0000-0000-0000-000000000144', 'cc000000-0000-0000-0000-000000000022', 'prediction', 388, 13, 18.16, 503, 'Backend service unavailable', '2025-04-14 00:00:00'),
('dd000000-0000-0000-0000-000000000145', 'cc000000-0000-0000-0000-000000000004', 'prediction', 1563, 144, 254.4, 400, 'Missing required field: input_text', '2025-10-15 00:00:00'),
('dd000000-0000-0000-0000-000000000146', 'cc000000-0000-0000-0000-000000000011', 'prediction', 79253, 2435, 3642.12, 200, NULL, '2025-05-10 00:00:00'),
('dd000000-0000-0000-0000-000000000147', 'cc000000-0000-0000-0000-000000000022', 'prediction', 61, 30, 28.01, 200, NULL, '2026-02-24 00:00:00'),
('dd000000-0000-0000-0000-000000000148', 'cc000000-0000-0000-0000-000000000023', 'prediction', 250, 328, 184.06, 200, NULL, '2024-01-11 00:00:00'),
('dd000000-0000-0000-0000-000000000149', 'cc000000-0000-0000-0000-000000000031', 'prediction', 79, 30, 61.08, 200, NULL, '2025-12-07 00:00:00'),
('dd000000-0000-0000-0000-000000000150', 'cc000000-0000-0000-0000-000000000035', 'prediction', 1839, 781, 146.31, 200, NULL, '2023-08-23 00:00:00');

INSERT INTO events (id, deployment_id, event_type, input_tokens, output_tokens, latency_ms, status_code, error_message, created_at) VALUES
('dd000000-0000-0000-0000-000000000151', 'cc000000-0000-0000-0000-000000000017', 'prediction', 361, 24, 10.86, 200, NULL, '2025-12-06 00:00:00'),
('dd000000-0000-0000-0000-000000000152', 'cc000000-0000-0000-0000-000000000013', 'prediction', 4741, 550, 100.43, 200, NULL, '2025-04-29 00:00:00'),
('dd000000-0000-0000-0000-000000000153', 'cc000000-0000-0000-0000-000000000023', 'prediction', 1204, 251, 27.28, 200, NULL, '2024-09-07 00:00:00'),
('dd000000-0000-0000-0000-000000000154', 'cc000000-0000-0000-0000-000000000014', 'prediction', 234, 37, 9.33, 200, NULL, '2025-06-10 00:00:00'),
('dd000000-0000-0000-0000-000000000155', 'cc000000-0000-0000-0000-000000000009', 'prediction', 419, 1, 60.94, 200, NULL, '2025-08-24 00:00:00'),
('dd000000-0000-0000-0000-000000000156', 'cc000000-0000-0000-0000-000000000018', 'prediction', 543, 958, 450.28, 503, 'Service temporarily unavailable: model replica restarting', '2025-06-01 00:00:00'),
('dd000000-0000-0000-0000-000000000157', 'cc000000-0000-0000-0000-000000000031', 'prediction', 329, 47, 53.44, 200, NULL, '2024-06-26 00:00:00'),
('dd000000-0000-0000-0000-000000000158', 'cc000000-0000-0000-0000-000000000036', 'prediction', 99058, 1588, 493.22, 504, 'Gateway timeout: upstream service did not respond within 5000ms', '2024-05-22 00:00:00'),
('dd000000-0000-0000-0000-000000000159', 'cc000000-0000-0000-0000-000000000018', 'prediction', 3269, 542, 89.85, 400, 'Invalid input format: expected JSON', '2024-09-17 00:00:00'),
('dd000000-0000-0000-0000-000000000160', 'cc000000-0000-0000-0000-000000000018', 'prediction', 3524, 545, 208.26, 200, NULL, '2025-05-19 00:00:00'),
('dd000000-0000-0000-0000-000000000161', 'cc000000-0000-0000-0000-000000000036', 'prediction', 29681, 181, 4066.44, 200, NULL, '2025-11-21 00:00:00'),
('dd000000-0000-0000-0000-000000000162', 'cc000000-0000-0000-0000-000000000016', 'prediction', 106, 5, 12.57, 200, NULL, '2026-02-24 00:00:00'),
('dd000000-0000-0000-0000-000000000163', 'cc000000-0000-0000-0000-000000000016', 'prediction', 380, 3, 35.17, 200, NULL, '2025-03-29 00:00:00'),
('dd000000-0000-0000-0000-000000000164', 'cc000000-0000-0000-0000-000000000010', 'prediction', 61484, 3391, 4590.35, 200, NULL, '2026-02-08 00:00:00'),
('dd000000-0000-0000-0000-000000000165', 'cc000000-0000-0000-0000-000000000016', 'prediction', 155, 10, 78.93, 200, NULL, '2025-07-19 00:00:00'),
('dd000000-0000-0000-0000-000000000166', 'cc000000-0000-0000-0000-000000000019', 'prediction', 1484, 642, 349.01, 200, NULL, '2025-08-24 00:00:00'),
('dd000000-0000-0000-0000-000000000167', 'cc000000-0000-0000-0000-000000000025', 'prediction', 137584, 1355, 3511.91, 200, NULL, '2025-06-03 00:00:00'),
('dd000000-0000-0000-0000-000000000168', 'cc000000-0000-0000-0000-000000000016', 'prediction', 124, 15, 27.56, 200, NULL, '2025-12-23 00:00:00'),
('dd000000-0000-0000-0000-000000000169', 'cc000000-0000-0000-0000-000000000014', 'prediction', 496, 27, 46.8, 200, NULL, '2025-06-13 00:00:00'),
('dd000000-0000-0000-0000-000000000170', 'cc000000-0000-0000-0000-000000000003', 'prediction', 3734, 868, 204.41, 200, NULL, '2023-07-23 00:00:00'),
('dd000000-0000-0000-0000-000000000171', 'cc000000-0000-0000-0000-000000000022', 'prediction', 310, 39, 7.97, 200, NULL, '2025-01-22 00:00:00'),
('dd000000-0000-0000-0000-000000000172', 'cc000000-0000-0000-0000-000000000018', 'prediction', 1827, 491, 128.18, 500, 'CUDA out of memory: tried to allocate 2.5 GiB', '2025-06-06 00:00:00'),
('dd000000-0000-0000-0000-000000000173', 'cc000000-0000-0000-0000-000000000008', 'prediction', 1539, 387, 100.99, 200, NULL, '2023-12-27 00:00:00'),
('dd000000-0000-0000-0000-000000000174', 'cc000000-0000-0000-0000-000000000008', 'prediction', 1140, 165, 157.35, 200, NULL, '2025-08-31 00:00:00'),
('dd000000-0000-0000-0000-000000000175', 'cc000000-0000-0000-0000-000000000012', 'prediction', 4250, 904, 263.72, 200, NULL, '2024-09-23 00:00:00'),
('dd000000-0000-0000-0000-000000000176', 'cc000000-0000-0000-0000-000000000011', 'prediction', 53348, 1568, 1633.32, 200, NULL, '2025-06-29 00:00:00'),
('dd000000-0000-0000-0000-000000000177', 'cc000000-0000-0000-0000-000000000009', 'prediction', 284, 38, 48.44, 200, NULL, '2025-08-16 00:00:00'),
('dd000000-0000-0000-0000-000000000178', 'cc000000-0000-0000-0000-000000000019', 'prediction', 2063, 512, 288.8, 500, 'Internal server error: model inference failed', '2024-10-13 00:00:00'),
('dd000000-0000-0000-0000-000000000179', 'cc000000-0000-0000-0000-000000000032', 'prediction', 236, 11, 59.96, 200, NULL, '2025-12-05 00:00:00'),
('dd000000-0000-0000-0000-000000000180', 'cc000000-0000-0000-0000-000000000036', 'prediction', 142217, 2678, 4790.46, 200, NULL, '2023-08-16 00:00:00'),
('dd000000-0000-0000-0000-000000000181', 'cc000000-0000-0000-0000-000000000004', 'prediction', 102, 423, 94.62, 200, NULL, '2025-05-17 00:00:00'),
('dd000000-0000-0000-0000-000000000182', 'cc000000-0000-0000-0000-000000000017', 'prediction', 234, 24, 9.53, 200, NULL, '2025-12-21 00:00:00'),
('dd000000-0000-0000-0000-000000000183', 'cc000000-0000-0000-0000-000000000016', 'prediction', 9, 1, 44.92, 200, NULL, '2025-07-19 00:00:00'),
('dd000000-0000-0000-0000-000000000184', 'cc000000-0000-0000-0000-000000000010', 'prediction', 4593, 2107, 4084.47, 200, NULL, '2025-12-18 00:00:00'),
('dd000000-0000-0000-0000-000000000185', 'cc000000-0000-0000-0000-000000000036', 'prediction', 25348, 2197, 829.6, 200, NULL, '2025-08-29 00:00:00'),
('dd000000-0000-0000-0000-000000000186', 'cc000000-0000-0000-0000-000000000013', 'prediction', 697, 383, 480.87, 200, NULL, '2026-02-20 00:00:00'),
('dd000000-0000-0000-0000-000000000187', 'cc000000-0000-0000-0000-000000000022', 'prediction', 424, 6, 54.03, 400, 'Invalid input format: expected JSON', '2025-09-10 00:00:00'),
('dd000000-0000-0000-0000-000000000188', 'cc000000-0000-0000-0000-000000000002', 'prediction', 327, 1, 57.71, 200, NULL, '2025-03-22 00:00:00'),
('dd000000-0000-0000-0000-000000000189', 'cc000000-0000-0000-0000-000000000019', 'prediction', 831, 917, 278.23, 200, NULL, '2026-02-18 00:00:00'),
('dd000000-0000-0000-0000-000000000190', 'cc000000-0000-0000-0000-000000000031', 'prediction', 139, 3, 74.31, 200, NULL, '2025-12-04 00:00:00'),
('dd000000-0000-0000-0000-000000000191', 'cc000000-0000-0000-0000-000000000002', 'prediction', 92, 21, 6.17, 200, NULL, '2026-02-28 00:00:00'),
('dd000000-0000-0000-0000-000000000192', 'cc000000-0000-0000-0000-000000000005', 'prediction', 2501, 167, 295.06, 200, NULL, '2025-04-24 00:00:00'),
('dd000000-0000-0000-0000-000000000193', 'cc000000-0000-0000-0000-000000000022', 'prediction', 197, 49, 60.48, 200, NULL, '2023-08-20 00:00:00'),
('dd000000-0000-0000-0000-000000000194', 'cc000000-0000-0000-0000-000000000012', 'prediction', 489, 101, 235.43, 200, NULL, '2026-01-09 00:00:00'),
('dd000000-0000-0000-0000-000000000195', 'cc000000-0000-0000-0000-000000000026', 'prediction', 85657, 171, 3207.2, 200, NULL, '2025-06-25 00:00:00'),
('dd000000-0000-0000-0000-000000000196', 'cc000000-0000-0000-0000-000000000013', 'prediction', 3587, 191, 349.46, 200, NULL, '2026-01-11 00:00:00'),
('dd000000-0000-0000-0000-000000000197', 'cc000000-0000-0000-0000-000000000008', 'prediction', 1470, 38, 25.59, 200, NULL, '2025-03-11 00:00:00'),
('dd000000-0000-0000-0000-000000000198', 'cc000000-0000-0000-0000-000000000013', 'prediction', 2644, 370, 80.08, 200, NULL, '2025-09-01 00:00:00'),
('dd000000-0000-0000-0000-000000000199', 'cc000000-0000-0000-0000-000000000004', 'prediction', 1135, 90, 118.07, 200, NULL, '2025-09-25 00:00:00'),
('dd000000-0000-0000-0000-000000000200', 'cc000000-0000-0000-0000-000000000003', 'prediction', 2949, 568, 73.74, 200, NULL, '2025-09-14 00:00:00');

INSERT INTO events (id, deployment_id, event_type, input_tokens, output_tokens, latency_ms, status_code, error_message, created_at) VALUES
('dd000000-0000-0000-0000-000000000201', 'cc000000-0000-0000-0000-000000000014', 'training', 199, 50, 11.35, 429, 'Quota exceeded for current billing period', '2026-02-14 00:00:00'),
('dd000000-0000-0000-0000-000000000202', 'cc000000-0000-0000-0000-000000000005', 'training', 2252, 309, 156.15, 200, NULL, '2025-07-20 00:00:00'),
('dd000000-0000-0000-0000-000000000203', 'cc000000-0000-0000-0000-000000000016', 'training', 401, 5, 32.08, 503, 'Model warming up, please retry', '2024-09-11 00:00:00'),
('dd000000-0000-0000-0000-000000000204', 'cc000000-0000-0000-0000-000000000010', 'training', 1874, 3936, 2038.89, 200, NULL, '2025-08-16 00:00:00'),
('dd000000-0000-0000-0000-000000000205', 'cc000000-0000-0000-0000-000000000014', 'training', 418, 42, 78.07, 200, NULL, '2026-02-19 00:00:00'),
('dd000000-0000-0000-0000-000000000206', 'cc000000-0000-0000-0000-000000000011', 'training', 46666, 4000, 2051.37, 200, NULL, '2025-03-10 00:00:00'),
('dd000000-0000-0000-0000-000000000207', 'cc000000-0000-0000-0000-000000000019', 'training', 2035, 334, 206.75, 200, NULL, '2025-04-28 00:00:00'),
('dd000000-0000-0000-0000-000000000208', 'cc000000-0000-0000-0000-000000000013', 'training', 4901, 559, 114.57, 200, NULL, '2025-10-23 00:00:00'),
('dd000000-0000-0000-0000-000000000209', 'cc000000-0000-0000-0000-000000000014', 'training', 225, 19, 67.35, 200, NULL, '2025-08-23 00:00:00'),
('dd000000-0000-0000-0000-000000000210', 'cc000000-0000-0000-0000-000000000016', 'training', 72, 41, 27.71, 200, NULL, '2025-10-03 00:00:00'),
('dd000000-0000-0000-0000-000000000211', 'cc000000-0000-0000-0000-000000000003', 'training', 3728, 613, 255.24, 200, NULL, '2026-02-18 00:00:00'),
('dd000000-0000-0000-0000-000000000212', 'cc000000-0000-0000-0000-000000000002', 'training', 405, 24, 57.62, 200, NULL, '2025-04-13 00:00:00'),
('dd000000-0000-0000-0000-000000000213', 'cc000000-0000-0000-0000-000000000008', 'training', 1356, 341, 77.45, 200, NULL, '2026-01-25 00:00:00'),
('dd000000-0000-0000-0000-000000000214', 'cc000000-0000-0000-0000-000000000013', 'training', 2766, 989, 404.23, 200, NULL, '2025-06-22 00:00:00'),
('dd000000-0000-0000-0000-000000000215', 'cc000000-0000-0000-0000-000000000017', 'training', 286, 38, 56.57, 200, NULL, '2025-10-24 00:00:00'),
('dd000000-0000-0000-0000-000000000216', 'cc000000-0000-0000-0000-000000000019', 'training', 4149, 155, 192.13, 200, NULL, '2025-09-29 00:00:00'),
('dd000000-0000-0000-0000-000000000217', 'cc000000-0000-0000-0000-000000000006', 'training', 30526, 3455, 4709.31, 200, NULL, '2025-10-20 00:00:00'),
('dd000000-0000-0000-0000-000000000218', 'cc000000-0000-0000-0000-000000000017', 'training', 248, 23, 40.71, 200, NULL, '2024-04-22 00:00:00'),
('dd000000-0000-0000-0000-000000000219', 'cc000000-0000-0000-0000-000000000002', 'training', 415, 46, 13.63, 200, NULL, '2025-04-24 00:00:00'),
('dd000000-0000-0000-0000-000000000220', 'cc000000-0000-0000-0000-000000000016', 'training', 265, 12, 46.39, 200, NULL, '2025-10-23 00:00:00'),
('dd000000-0000-0000-0000-000000000221', 'cc000000-0000-0000-0000-000000000013', 'training', 1561, 191, 331.03, 200, NULL, '2026-01-09 00:00:00'),
('dd000000-0000-0000-0000-000000000222', 'cc000000-0000-0000-0000-000000000029', 'training', 304, 28, 34.16, 200, NULL, '2026-02-24 00:00:00'),
('dd000000-0000-0000-0000-000000000223', 'cc000000-0000-0000-0000-000000000005', 'training', 4779, 105, 405.77, 200, NULL, '2025-06-09 00:00:00'),
('dd000000-0000-0000-0000-000000000224', 'cc000000-0000-0000-0000-000000000009', 'training', 344, 32, 44.58, 200, NULL, '2026-01-07 00:00:00'),
('dd000000-0000-0000-0000-000000000225', 'cc000000-0000-0000-0000-000000000004', 'training', 2900, 361, 427.39, 200, NULL, '2025-05-23 00:00:00'),
('dd000000-0000-0000-0000-000000000226', 'cc000000-0000-0000-0000-000000000040', 'training', 154809, 397, 3393.34, 200, NULL, '2025-04-29 00:00:00'),
('dd000000-0000-0000-0000-000000000227', 'cc000000-0000-0000-0000-000000000023', 'training', 299, 262, 83.81, 200, NULL, '2025-10-03 00:00:00'),
('dd000000-0000-0000-0000-000000000228', 'cc000000-0000-0000-0000-000000000021', 'training', 140970, 2890, 4603.89, 429, 'Quota exceeded for current billing period', '2025-07-26 00:00:00'),
('dd000000-0000-0000-0000-000000000229', 'cc000000-0000-0000-0000-000000000011', 'training', 118327, 2587, 362.7, 200, NULL, '2025-05-09 00:00:00'),
('dd000000-0000-0000-0000-000000000230', 'cc000000-0000-0000-0000-000000000013', 'training', 4650, 518, 336.94, 200, NULL, '2026-02-27 00:00:00'),
('dd000000-0000-0000-0000-000000000231', 'cc000000-0000-0000-0000-000000000032', 'training', 86, 6, 47.4, 200, NULL, '2025-03-17 00:00:00'),
('dd000000-0000-0000-0000-000000000232', 'cc000000-0000-0000-0000-000000000018', 'training', 2414, 173, 396.95, 200, NULL, '2024-10-20 00:00:00'),
('dd000000-0000-0000-0000-000000000233', 'cc000000-0000-0000-0000-000000000004', 'training', 4741, 117, 155.91, 200, NULL, '2024-12-07 00:00:00'),
('dd000000-0000-0000-0000-000000000234', 'cc000000-0000-0000-0000-000000000003', 'training', 3665, 560, 132.71, 200, NULL, '2025-03-31 00:00:00'),
('dd000000-0000-0000-0000-000000000235', 'cc000000-0000-0000-0000-000000000010', 'training', 8549, 1892, 1387.79, 400, 'Invalid model parameters', '2023-09-29 00:00:00'),
('dd000000-0000-0000-0000-000000000236', 'cc000000-0000-0000-0000-000000000008', 'training', 439, 416, 150.15, 200, NULL, '2025-02-14 00:00:00'),
('dd000000-0000-0000-0000-000000000237', 'cc000000-0000-0000-0000-000000000006', 'training', 36599, 3264, 1112.44, 200, NULL, '2025-08-27 00:00:00'),
('dd000000-0000-0000-0000-000000000238', 'cc000000-0000-0000-0000-000000000020', 'training', 4463, 173, 182.12, 200, NULL, '2025-07-15 00:00:00'),
('dd000000-0000-0000-0000-000000000239', 'cc000000-0000-0000-0000-000000000033', 'training', 830, 139, 482.5, 200, NULL, '2024-03-10 00:00:00'),
('dd000000-0000-0000-0000-000000000240', 'cc000000-0000-0000-0000-000000000009', 'training', 360, 9, 23.73, 200, NULL, '2025-07-19 00:00:00'),
('dd000000-0000-0000-0000-000000000241', 'cc000000-0000-0000-0000-000000000026', 'training', 128408, 632, 2929.39, 200, NULL, '2025-10-18 00:00:00'),
('dd000000-0000-0000-0000-000000000242', 'cc000000-0000-0000-0000-000000000032', 'training', 451, 50, 11.98, 200, NULL, '2025-09-05 00:00:00'),
('dd000000-0000-0000-0000-000000000243', 'cc000000-0000-0000-0000-000000000016', 'training', 168, 38, 5.19, 200, NULL, '2025-06-18 00:00:00'),
('dd000000-0000-0000-0000-000000000244', 'cc000000-0000-0000-0000-000000000023', 'training', 1751, 33, 161.18, 200, NULL, '2025-09-22 00:00:00'),
('dd000000-0000-0000-0000-000000000245', 'cc000000-0000-0000-0000-000000000009', 'training', 166, 19, 30.33, 200, NULL, '2025-11-04 00:00:00'),
('dd000000-0000-0000-0000-000000000246', 'cc000000-0000-0000-0000-000000000035', 'training', 446, 48, 76.8, 200, NULL, '2025-05-03 00:00:00'),
('dd000000-0000-0000-0000-000000000247', 'cc000000-0000-0000-0000-000000000011', 'training', 115780, 1919, 103.31, 429, 'Quota exceeded for current billing period', '2025-11-20 00:00:00'),
('dd000000-0000-0000-0000-000000000248', 'cc000000-0000-0000-0000-000000000006', 'training', 71932, 432, 3307.48, 200, NULL, '2026-01-27 00:00:00'),
('dd000000-0000-0000-0000-000000000249', 'cc000000-0000-0000-0000-000000000013', 'training', 2552, 744, 358.74, 200, NULL, '2025-05-21 00:00:00'),
('dd000000-0000-0000-0000-000000000250', 'cc000000-0000-0000-0000-000000000007', 'training', 245, 5, 14.95, 200, NULL, '2023-06-10 00:00:00');

INSERT INTO events (id, deployment_id, event_type, input_tokens, output_tokens, latency_ms, status_code, error_message, created_at) VALUES
('dd000000-0000-0000-0000-000000000251', 'cc000000-0000-0000-0000-000000000011', 'training', 31712, 3573, 2169.34, 200, NULL, '2025-09-13 00:00:00'),
('dd000000-0000-0000-0000-000000000252', 'cc000000-0000-0000-0000-000000000032', 'training', 53, 7, 28.5, 429, 'Too many requests. Please slow down.', '2025-07-11 00:00:00'),
('dd000000-0000-0000-0000-000000000253', 'cc000000-0000-0000-0000-000000000010', 'training', 18033, 2222, 2860.13, 200, NULL, '2025-08-27 00:00:00'),
('dd000000-0000-0000-0000-000000000254', 'cc000000-0000-0000-0000-000000000021', 'training', 39781, 3817, 2117.38, 200, NULL, '2023-08-28 00:00:00'),
('dd000000-0000-0000-0000-000000000255', 'cc000000-0000-0000-0000-000000000009', 'training', 386, 8, 49.22, 200, NULL, '2024-04-18 00:00:00'),
('dd000000-0000-0000-0000-000000000256', 'cc000000-0000-0000-0000-000000000008', 'training', 577, 331, 26.01, 200, NULL, '2025-02-12 00:00:00'),
('dd000000-0000-0000-0000-000000000257', 'cc000000-0000-0000-0000-000000000023', 'training', 64, 435, 170.94, 429, 'Quota exceeded for current billing period', '2023-12-11 00:00:00'),
('dd000000-0000-0000-0000-000000000258', 'cc000000-0000-0000-0000-000000000010', 'training', 14404, 3260, 4499.77, 503, 'Backend service unavailable', '2025-11-11 00:00:00'),
('dd000000-0000-0000-0000-000000000259', 'cc000000-0000-0000-0000-000000000003', 'training', 4377, 911, 489.52, 500, 'CUDA out of memory: tried to allocate 2.5 GiB', '2025-12-17 00:00:00'),
('dd000000-0000-0000-0000-000000000260', 'cc000000-0000-0000-0000-000000000018', 'training', 1465, 782, 251.38, 400, 'Invalid input format: expected JSON', '2025-03-08 00:00:00'),
('dd000000-0000-0000-0000-000000000261', 'cc000000-0000-0000-0000-000000000002', 'training', 473, 4, 76.15, 200, NULL, '2026-02-28 00:00:00'),
('dd000000-0000-0000-0000-000000000262', 'cc000000-0000-0000-0000-000000000014', 'training', 217, 45, 35.17, 200, NULL, '2025-05-18 00:00:00'),
('dd000000-0000-0000-0000-000000000263', 'cc000000-0000-0000-0000-000000000010', 'training', 20815, 2144, 4612.53, 429, 'Quota exceeded for current billing period', '2025-12-26 00:00:00'),
('dd000000-0000-0000-0000-000000000264', 'cc000000-0000-0000-0000-000000000033', 'training', 591, 318, 358.38, 200, NULL, '2023-07-30 00:00:00'),
('dd000000-0000-0000-0000-000000000265', 'cc000000-0000-0000-0000-000000000036', 'training', 113997, 525, 2321.52, 200, NULL, '2026-01-31 00:00:00'),
('dd000000-0000-0000-0000-000000000266', 'cc000000-0000-0000-0000-000000000004', 'training', 153, 725, 94.49, 200, NULL, '2025-08-25 00:00:00'),
('dd000000-0000-0000-0000-000000000267', 'cc000000-0000-0000-0000-000000000032', 'training', 422, 47, 24.44, 200, NULL, '2025-11-11 00:00:00'),
('dd000000-0000-0000-0000-000000000268', 'cc000000-0000-0000-0000-000000000035', 'training', 1017, 790, 452.95, 200, NULL, '2025-11-24 00:00:00'),
('dd000000-0000-0000-0000-000000000269', 'cc000000-0000-0000-0000-000000000023', 'training', 1190, 322, 24.64, 200, NULL, '2025-11-11 00:00:00'),
('dd000000-0000-0000-0000-000000000270', 'cc000000-0000-0000-0000-000000000011', 'training', 96487, 694, 1350.07, 200, NULL, '2025-04-29 00:00:00'),
('dd000000-0000-0000-0000-000000000271', 'cc000000-0000-0000-0000-000000000017', 'training', 2, 3, 69.4, 200, NULL, '2025-09-03 00:00:00'),
('dd000000-0000-0000-0000-000000000272', 'cc000000-0000-0000-0000-000000000005', 'training', 1516, 954, 481.36, 200, NULL, '2025-06-01 00:00:00'),
('dd000000-0000-0000-0000-000000000273', 'cc000000-0000-0000-0000-000000000014', 'training', 115, 21, 23.62, 500, 'Internal server error: model inference failed', '2025-01-06 00:00:00'),
('dd000000-0000-0000-0000-000000000274', 'cc000000-0000-0000-0000-000000000017', 'training', 345, 4, 18.45, 200, NULL, '2026-02-01 00:00:00'),
('dd000000-0000-0000-0000-000000000275', 'cc000000-0000-0000-0000-000000000035', 'training', 3860, 887, 162.68, 200, NULL, '2025-12-09 00:00:00'),
('dd000000-0000-0000-0000-000000000276', 'cc000000-0000-0000-0000-000000000012', 'drift_detected', 1693, 299, 294.99, 200, NULL, '2024-09-18 00:00:00'),
('dd000000-0000-0000-0000-000000000277', 'cc000000-0000-0000-0000-000000000016', 'drift_detected', 396, 50, 19.66, 429, 'Rate limit exceeded. Retry after 30 seconds.', '2025-09-26 00:00:00'),
('dd000000-0000-0000-0000-000000000278', 'cc000000-0000-0000-0000-000000000018', 'drift_detected', 2887, 652, 424.6, 500, 'CUDA out of memory: tried to allocate 2.5 GiB', '2024-06-20 00:00:00'),
('dd000000-0000-0000-0000-000000000279', 'cc000000-0000-0000-0000-000000000020', 'drift_detected', 901, 211, 279.01, 200, NULL, '2025-03-31 00:00:00'),
('dd000000-0000-0000-0000-000000000280', 'cc000000-0000-0000-0000-000000000010', 'drift_detected', 73454, 431, 315.11, 200, NULL, '2024-07-27 00:00:00'),
('dd000000-0000-0000-0000-000000000281', 'cc000000-0000-0000-0000-000000000012', 'drift_detected', 3805, 998, 381.51, 200, NULL, '2026-01-21 00:00:00'),
('dd000000-0000-0000-0000-000000000282', 'cc000000-0000-0000-0000-000000000005', 'drift_detected', 4898, 582, 59.27, 200, NULL, '2025-07-28 00:00:00'),
('dd000000-0000-0000-0000-000000000283', 'cc000000-0000-0000-0000-000000000011', 'drift_detected', 103110, 2920, 4176.31, 200, NULL, '2025-06-28 00:00:00'),
('dd000000-0000-0000-0000-000000000284', 'cc000000-0000-0000-0000-000000000007', 'drift_detected', 70, 50, 62.76, 200, NULL, '2025-10-17 00:00:00'),
('dd000000-0000-0000-0000-000000000285', 'cc000000-0000-0000-0000-000000000014', 'drift_detected', 62, 35, 31.87, 200, NULL, '2025-10-24 00:00:00'),
('dd000000-0000-0000-0000-000000000286', 'cc000000-0000-0000-0000-000000000004', 'drift_detected', 790, 162, 409.57, 200, NULL, '2025-02-07 00:00:00'),
('dd000000-0000-0000-0000-000000000287', 'cc000000-0000-0000-0000-000000000033', 'drift_detected', 2735, 152, 72.87, 200, NULL, '2025-11-18 00:00:00'),
('dd000000-0000-0000-0000-000000000288', 'cc000000-0000-0000-0000-000000000010', 'drift_detected', 68301, 3409, 4954.32, 200, NULL, '2025-10-18 00:00:00'),
('dd000000-0000-0000-0000-000000000289', 'cc000000-0000-0000-0000-000000000018', 'drift_detected', 2096, 97, 247.16, 200, NULL, '2025-03-07 00:00:00'),
('dd000000-0000-0000-0000-000000000290', 'cc000000-0000-0000-0000-000000000031', 'drift_detected', 114, 9, 19.86, 200, NULL, '2026-01-16 00:00:00'),
('dd000000-0000-0000-0000-000000000291', 'cc000000-0000-0000-0000-000000000019', 'drift_detected', 4851, 266, 461.19, 200, NULL, '2023-12-20 00:00:00'),
('dd000000-0000-0000-0000-000000000292', 'cc000000-0000-0000-0000-000000000029', 'drift_detected', 415, 9, 11.9, 200, NULL, '2023-10-04 00:00:00'),
('dd000000-0000-0000-0000-000000000293', 'cc000000-0000-0000-0000-000000000015', 'drift_detected', 13374, 738, 4628.25, 200, NULL, '2024-10-21 00:00:00'),
('dd000000-0000-0000-0000-000000000294', 'cc000000-0000-0000-0000-000000000022', 'drift_detected', 219, 12, 31.55, 500, 'Internal server error: model inference failed', '2025-05-16 00:00:00'),
('dd000000-0000-0000-0000-000000000295', 'cc000000-0000-0000-0000-000000000020', 'drift_detected', 2063, 663, 168.7, 200, NULL, '2025-04-01 00:00:00'),
('dd000000-0000-0000-0000-000000000296', 'cc000000-0000-0000-0000-000000000013', 'drift_detected', 1174, 430, 123.75, 504, 'Gateway timeout: upstream service did not respond within 5000ms', '2025-08-30 00:00:00'),
('dd000000-0000-0000-0000-000000000297', 'cc000000-0000-0000-0000-000000000001', 'drift_detected', 196, 46, 31.93, 200, NULL, '2025-12-15 00:00:00'),
('dd000000-0000-0000-0000-000000000298', 'cc000000-0000-0000-0000-000000000013', 'drift_detected', 2265, 185, 42.25, 200, NULL, '2025-07-22 00:00:00'),
('dd000000-0000-0000-0000-000000000299', 'cc000000-0000-0000-0000-000000000016', 'drift_detected', 272, 23, 62.51, 429, 'Rate limit exceeded. Retry after 30 seconds.', '2025-07-02 00:00:00'),
('dd000000-0000-0000-0000-000000000300', 'cc000000-0000-0000-0000-000000000033', 'drift_detected', 508, 783, 498.3, 200, NULL, '2025-08-25 00:00:00');

INSERT INTO events (id, deployment_id, event_type, input_tokens, output_tokens, latency_ms, status_code, error_message, created_at) VALUES
('dd000000-0000-0000-0000-000000000301', 'cc000000-0000-0000-0000-000000000036', 'drift_detected', 45637, 771, 1259.1, 200, NULL, '2024-06-02 00:00:00'),
('dd000000-0000-0000-0000-000000000302', 'cc000000-0000-0000-0000-000000000002', 'drift_detected', 361, 45, 31.38, 200, NULL, '2025-06-05 00:00:00'),
('dd000000-0000-0000-0000-000000000303', 'cc000000-0000-0000-0000-000000000032', 'drift_detected', 278, 20, 18.17, 200, NULL, '2026-01-03 00:00:00'),
('dd000000-0000-0000-0000-000000000304', 'cc000000-0000-0000-0000-000000000017', 'drift_detected', 245, 1, 29.88, 200, NULL, '2024-05-14 00:00:00'),
('dd000000-0000-0000-0000-000000000305', 'cc000000-0000-0000-0000-000000000036', 'drift_detected', 84926, 293, 207.37, 200, NULL, '2025-08-01 00:00:00'),
('dd000000-0000-0000-0000-000000000306', 'cc000000-0000-0000-0000-000000000017', 'drift_detected', 441, 24, 77.04, 200, NULL, '2024-07-10 00:00:00'),
('dd000000-0000-0000-0000-000000000307', 'cc000000-0000-0000-0000-000000000011', 'drift_detected', 79205, 1371, 768.61, 200, NULL, '2025-08-19 00:00:00'),
('dd000000-0000-0000-0000-000000000308', 'cc000000-0000-0000-0000-000000000016', 'drift_detected', 333, 21, 18.07, 504, 'Request timed out after 30 seconds', '2025-12-27 00:00:00'),
('dd000000-0000-0000-0000-000000000309', 'cc000000-0000-0000-0000-000000000025', 'drift_detected', 80531, 3056, 3473.64, 200, NULL, '2026-01-27 00:00:00'),
('dd000000-0000-0000-0000-000000000310', 'cc000000-0000-0000-0000-000000000019', 'drift_detected', 3257, 872, 497.31, 400, 'Token limit exceeded: max 4096 tokens', '2025-12-30 00:00:00'),
('dd000000-0000-0000-0000-000000000311', 'cc000000-0000-0000-0000-000000000040', 'drift_detected', 58006, 2669, 2871.2, 429, 'Too many requests. Please slow down.', '2024-01-30 00:00:00'),
('dd000000-0000-0000-0000-000000000312', 'cc000000-0000-0000-0000-000000000011', 'drift_detected', 44110, 2655, 4438.07, 200, NULL, '2025-03-16 00:00:00'),
('dd000000-0000-0000-0000-000000000313', 'cc000000-0000-0000-0000-000000000011', 'drift_detected', 117181, 96, 1399.54, 200, NULL, '2025-07-10 00:00:00'),
('dd000000-0000-0000-0000-000000000314', 'cc000000-0000-0000-0000-000000000024', 'drift_detected', 1, 4, 33.95, 200, NULL, '2025-11-22 00:00:00'),
('dd000000-0000-0000-0000-000000000315', 'cc000000-0000-0000-0000-000000000035', 'drift_detected', 3152, 360, 286.63, 200, NULL, '2025-12-21 00:00:00'),
('dd000000-0000-0000-0000-000000000316', 'cc000000-0000-0000-0000-000000000022', 'drift_detected', 116, 11, 38.85, 200, NULL, '2025-03-11 00:00:00'),
('dd000000-0000-0000-0000-000000000317', 'cc000000-0000-0000-0000-000000000004', 'drift_detected', 657, 351, 109.95, 200, NULL, '2024-12-12 00:00:00'),
('dd000000-0000-0000-0000-000000000318', 'cc000000-0000-0000-0000-000000000006', 'drift_detected', 88691, 2483, 4927.85, 400, 'Invalid model parameters', '2023-11-16 00:00:00'),
('dd000000-0000-0000-0000-000000000319', 'cc000000-0000-0000-0000-000000000014', 'drift_detected', 81, 4, 12.59, 200, NULL, '2026-02-20 00:00:00'),
('dd000000-0000-0000-0000-000000000320', 'cc000000-0000-0000-0000-000000000036', 'drift_detected', 141690, 1136, 3336.93, 200, NULL, '2025-09-18 00:00:00'),
('dd000000-0000-0000-0000-000000000321', 'cc000000-0000-0000-0000-000000000033', 'drift_detected', 4071, 158, 55.62, 200, NULL, '2026-02-02 00:00:00'),
('dd000000-0000-0000-0000-000000000322', 'cc000000-0000-0000-0000-000000000016', 'drift_detected', 103, 7, 6.93, 200, NULL, '2025-04-11 00:00:00'),
('dd000000-0000-0000-0000-000000000323', 'cc000000-0000-0000-0000-000000000004', 'drift_detected', 2576, 804, 216.81, 200, NULL, '2023-09-02 00:00:00'),
('dd000000-0000-0000-0000-000000000324', 'cc000000-0000-0000-0000-000000000013', 'drift_detected', 1564, 380, 446.18, 200, NULL, '2025-07-13 00:00:00'),
('dd000000-0000-0000-0000-000000000325', 'cc000000-0000-0000-0000-000000000009', 'drift_detected', 116, 18, 47.32, 200, NULL, '2023-09-08 00:00:00'),
('dd000000-0000-0000-0000-000000000326', 'cc000000-0000-0000-0000-000000000012', 'alert', 4485, 424, 486.23, 200, NULL, '2025-09-15 00:00:00'),
('dd000000-0000-0000-0000-000000000327', 'cc000000-0000-0000-0000-000000000027', 'alert', 4436, 704, 437.44, 200, NULL, '2024-09-30 00:00:00'),
('dd000000-0000-0000-0000-000000000328', 'cc000000-0000-0000-0000-000000000013', 'alert', 334, 515, 298.47, 200, NULL, '2026-01-12 00:00:00'),
('dd000000-0000-0000-0000-000000000329', 'cc000000-0000-0000-0000-000000000031', 'alert', 230, 12, 76.18, 200, NULL, '2025-06-07 00:00:00'),
('dd000000-0000-0000-0000-000000000330', 'cc000000-0000-0000-0000-000000000014', 'alert', 41, 44, 37.65, 429, 'Quota exceeded for current billing period', '2025-04-04 00:00:00'),
('dd000000-0000-0000-0000-000000000331', 'cc000000-0000-0000-0000-000000000018', 'alert', 3305, 566, 183.28, 200, NULL, '2025-03-07 00:00:00'),
('dd000000-0000-0000-0000-000000000332', 'cc000000-0000-0000-0000-000000000020', 'alert', 4863, 536, 397.39, 200, NULL, '2025-12-16 00:00:00'),
('dd000000-0000-0000-0000-000000000333', 'cc000000-0000-0000-0000-000000000031', 'alert', 494, 7, 74.37, 200, NULL, '2025-07-25 00:00:00'),
('dd000000-0000-0000-0000-000000000334', 'cc000000-0000-0000-0000-000000000023', 'alert', 1807, 211, 60.19, 200, NULL, '2025-10-29 00:00:00'),
('dd000000-0000-0000-0000-000000000335', 'cc000000-0000-0000-0000-000000000009', 'alert', 207, 10, 51.37, 200, NULL, '2025-09-19 00:00:00'),
('dd000000-0000-0000-0000-000000000336', 'cc000000-0000-0000-0000-000000000022', 'alert', 354, 16, 8.7, 200, NULL, '2025-09-07 00:00:00'),
('dd000000-0000-0000-0000-000000000337', 'cc000000-0000-0000-0000-000000000033', 'alert', 2532, 319, 161.76, 200, NULL, '2023-09-09 00:00:00'),
('dd000000-0000-0000-0000-000000000338', 'cc000000-0000-0000-0000-000000000015', 'alert', 35328, 1280, 4873.68, 200, NULL, '2024-03-02 00:00:00'),
('dd000000-0000-0000-0000-000000000339', 'cc000000-0000-0000-0000-000000000020', 'alert', 781, 193, 237.61, 503, 'Model warming up, please retry', '2025-11-20 00:00:00'),
('dd000000-0000-0000-0000-000000000340', 'cc000000-0000-0000-0000-000000000004', 'alert', 4271, 811, 104.72, 200, NULL, '2025-05-09 00:00:00'),
('dd000000-0000-0000-0000-000000000341', 'cc000000-0000-0000-0000-000000000017', 'alert', 451, 37, 7.17, 200, NULL, '2025-10-05 00:00:00'),
('dd000000-0000-0000-0000-000000000342', 'cc000000-0000-0000-0000-000000000002', 'alert', 234, 4, 73.85, 200, NULL, '2025-10-24 00:00:00'),
('dd000000-0000-0000-0000-000000000343', 'cc000000-0000-0000-0000-000000000021', 'alert', 32572, 2840, 249.76, 200, NULL, '2025-05-30 00:00:00'),
('dd000000-0000-0000-0000-000000000344', 'cc000000-0000-0000-0000-000000000031', 'alert', 301, 36, 31.23, 200, NULL, '2025-07-06 00:00:00'),
('dd000000-0000-0000-0000-000000000345', 'cc000000-0000-0000-0000-000000000006', 'alert', 74829, 162, 1994.17, 200, NULL, '2025-06-18 00:00:00'),
('dd000000-0000-0000-0000-000000000346', 'cc000000-0000-0000-0000-000000000015', 'alert', 54293, 1152, 3292.78, 200, NULL, '2026-02-15 00:00:00'),
('dd000000-0000-0000-0000-000000000347', 'cc000000-0000-0000-0000-000000000001', 'alert', 243, 9, 53.55, 200, NULL, '2025-07-08 00:00:00'),
('dd000000-0000-0000-0000-000000000348', 'cc000000-0000-0000-0000-000000000010', 'alert', 72288, 1785, 4487.87, 503, 'Backend service unavailable', '2025-08-02 00:00:00'),
('dd000000-0000-0000-0000-000000000349', 'cc000000-0000-0000-0000-000000000033', 'alert', 3303, 599, 78.09, 200, NULL, '2025-10-11 00:00:00'),
('dd000000-0000-0000-0000-000000000350', 'cc000000-0000-0000-0000-000000000036', 'alert', 155753, 2544, 1485.12, 200, NULL, '2025-08-20 00:00:00');

INSERT INTO events (id, deployment_id, event_type, input_tokens, output_tokens, latency_ms, status_code, error_message, created_at) VALUES
('dd000000-0000-0000-0000-000000000351', 'cc000000-0000-0000-0000-000000000021', 'alert', 72683, 1119, 3314.99, 500, 'CUDA out of memory: tried to allocate 2.5 GiB', '2025-07-02 00:00:00'),
('dd000000-0000-0000-0000-000000000352', 'cc000000-0000-0000-0000-000000000039', 'alert', 207, 43, 28.97, 200, NULL, '2025-11-10 00:00:00'),
('dd000000-0000-0000-0000-000000000353', 'cc000000-0000-0000-0000-000000000017', 'alert', 465, 27, 35.34, 200, NULL, '2025-12-18 00:00:00'),
('dd000000-0000-0000-0000-000000000354', 'cc000000-0000-0000-0000-000000000022', 'alert', 372, 46, 21.68, 200, NULL, '2025-12-15 00:00:00'),
('dd000000-0000-0000-0000-000000000355', 'cc000000-0000-0000-0000-000000000023', 'alert', 1048, 154, 170.63, 200, NULL, '2023-12-03 00:00:00'),
('dd000000-0000-0000-0000-000000000356', 'cc000000-0000-0000-0000-000000000016', 'alert', 66, 48, 24.4, 200, NULL, '2023-12-05 00:00:00'),
('dd000000-0000-0000-0000-000000000357', 'cc000000-0000-0000-0000-000000000022', 'alert', 336, 6, 21.67, 200, NULL, '2024-08-04 00:00:00'),
('dd000000-0000-0000-0000-000000000358', 'cc000000-0000-0000-0000-000000000011', 'alert', 97534, 1117, 2969.3, 200, NULL, '2025-03-28 00:00:00'),
('dd000000-0000-0000-0000-000000000359', 'cc000000-0000-0000-0000-000000000038', 'alert', 1198, 484, 127.92, 200, NULL, '2025-05-01 00:00:00'),
('dd000000-0000-0000-0000-000000000360', 'cc000000-0000-0000-0000-000000000025', 'alert', 138993, 1272, 2124.23, 429, 'Rate limit exceeded. Retry after 30 seconds.', '2024-05-16 00:00:00'),
('dd000000-0000-0000-0000-000000000361', 'cc000000-0000-0000-0000-000000000019', 'alert', 3798, 147, 178.7, 200, NULL, '2024-10-12 00:00:00'),
('dd000000-0000-0000-0000-000000000362', 'cc000000-0000-0000-0000-000000000006', 'alert', 82259, 2648, 384.27, 200, NULL, '2025-05-26 00:00:00'),
('dd000000-0000-0000-0000-000000000363', 'cc000000-0000-0000-0000-000000000006', 'alert', 128439, 3266, 3841.49, 200, NULL, '2025-03-10 00:00:00'),
('dd000000-0000-0000-0000-000000000364', 'cc000000-0000-0000-0000-000000000014', 'alert', 495, 31, 33.75, 200, NULL, '2025-09-08 00:00:00'),
('dd000000-0000-0000-0000-000000000365', 'cc000000-0000-0000-0000-000000000021', 'alert', 139307, 830, 187.79, 200, NULL, '2024-01-18 00:00:00'),
('dd000000-0000-0000-0000-000000000366', 'cc000000-0000-0000-0000-000000000012', 'alert', 2606, 133, 78.27, 200, NULL, '2025-04-03 00:00:00'),
('dd000000-0000-0000-0000-000000000367', 'cc000000-0000-0000-0000-000000000020', 'alert', 2432, 467, 372.08, 200, NULL, '2026-02-15 00:00:00'),
('dd000000-0000-0000-0000-000000000368', 'cc000000-0000-0000-0000-000000000022', 'alert', 462, 32, 31.94, 200, NULL, '2025-12-27 00:00:00'),
('dd000000-0000-0000-0000-000000000369', 'cc000000-0000-0000-0000-000000000002', 'alert', 117, 15, 59.54, 200, NULL, '2025-01-24 00:00:00'),
('dd000000-0000-0000-0000-000000000370', 'cc000000-0000-0000-0000-000000000004', 'alert', 3053, 729, 335.75, 200, NULL, '2024-02-17 00:00:00'),
('dd000000-0000-0000-0000-000000000371', 'cc000000-0000-0000-0000-000000000020', 'alert', 448, 609, 497.5, 200, NULL, '2023-06-21 00:00:00'),
('dd000000-0000-0000-0000-000000000372', 'cc000000-0000-0000-0000-000000000004', 'alert', 3464, 455, 208.72, 200, NULL, '2025-05-18 00:00:00'),
('dd000000-0000-0000-0000-000000000373', 'cc000000-0000-0000-0000-000000000022', 'alert', 323, 1, 27.58, 200, NULL, '2024-03-03 00:00:00'),
('dd000000-0000-0000-0000-000000000374', 'cc000000-0000-0000-0000-000000000023', 'alert', 290, 215, 167.82, 200, NULL, '2023-09-29 00:00:00'),
('dd000000-0000-0000-0000-000000000375', 'cc000000-0000-0000-0000-000000000032', 'alert', 55, 32, 19.9, 200, NULL, '2025-11-23 00:00:00'),
('dd000000-0000-0000-0000-000000000376', 'cc000000-0000-0000-0000-000000000023', 'deployment', 1450, 210, 66.12, 200, NULL, '2025-06-15 00:00:00'),
('dd000000-0000-0000-0000-000000000377', 'cc000000-0000-0000-0000-000000000016', 'deployment', 170, 16, 5.21, 200, NULL, '2025-10-03 00:00:00'),
('dd000000-0000-0000-0000-000000000378', 'cc000000-0000-0000-0000-000000000016', 'deployment', 77, 6, 63.46, 200, NULL, '2025-12-13 00:00:00'),
('dd000000-0000-0000-0000-000000000379', 'cc000000-0000-0000-0000-000000000008', 'deployment', 945, 152, 60.18, 200, NULL, '2025-11-12 00:00:00'),
('dd000000-0000-0000-0000-000000000380', 'cc000000-0000-0000-0000-000000000010', 'deployment', 94528, 3333, 3416.16, 200, NULL, '2025-03-24 00:00:00'),
('dd000000-0000-0000-0000-000000000381', 'cc000000-0000-0000-0000-000000000005', 'deployment', 1446, 337, 198.04, 200, NULL, '2025-11-16 00:00:00'),
('dd000000-0000-0000-0000-000000000382', 'cc000000-0000-0000-0000-000000000012', 'deployment', 2857, 188, 83.5, 200, NULL, '2025-09-14 00:00:00'),
('dd000000-0000-0000-0000-000000000383', 'cc000000-0000-0000-0000-000000000016', 'deployment', 410, 27, 53.66, 200, NULL, '2026-02-20 00:00:00'),
('dd000000-0000-0000-0000-000000000384', 'cc000000-0000-0000-0000-000000000034', 'deployment', 1355, 107, 225.53, 200, NULL, '2025-04-25 00:00:00'),
('dd000000-0000-0000-0000-000000000385', 'cc000000-0000-0000-0000-000000000020', 'deployment', 3160, 798, 198.54, 200, NULL, '2025-10-06 00:00:00'),
('dd000000-0000-0000-0000-000000000386', 'cc000000-0000-0000-0000-000000000035', 'deployment', 1120, 495, 462.59, 200, NULL, '2025-03-24 00:00:00'),
('dd000000-0000-0000-0000-000000000387', 'cc000000-0000-0000-0000-000000000021', 'deployment', 82475, 100, 3552.38, 200, NULL, '2025-01-11 00:00:00'),
('dd000000-0000-0000-0000-000000000388', 'cc000000-0000-0000-0000-000000000008', 'deployment', 1967, 343, 175.9, 200, NULL, '2025-02-23 00:00:00'),
('dd000000-0000-0000-0000-000000000389', 'cc000000-0000-0000-0000-000000000022', 'deployment', 373, 16, 41.14, 200, NULL, '2023-10-31 00:00:00'),
('dd000000-0000-0000-0000-000000000390', 'cc000000-0000-0000-0000-000000000036', 'deployment', 14404, 97, 3252.65, 200, NULL, '2025-10-20 00:00:00'),
('dd000000-0000-0000-0000-000000000391', 'cc000000-0000-0000-0000-000000000006', 'deployment', 19725, 3127, 2509.08, 200, NULL, '2023-07-22 00:00:00'),
('dd000000-0000-0000-0000-000000000392', 'cc000000-0000-0000-0000-000000000018', 'deployment', 3151, 413, 414.04, 200, NULL, '2025-12-19 00:00:00'),
('dd000000-0000-0000-0000-000000000393', 'cc000000-0000-0000-0000-000000000034', 'deployment', 4133, 458, 178.55, 400, 'Invalid input format: expected JSON', '2025-03-19 00:00:00'),
('dd000000-0000-0000-0000-000000000394', 'cc000000-0000-0000-0000-000000000001', 'deployment', 423, 6, 64.38, 500, 'Unexpected error during prediction', '2026-01-30 00:00:00'),
('dd000000-0000-0000-0000-000000000395', 'cc000000-0000-0000-0000-000000000011', 'deployment', 95348, 3430, 365.95, 200, NULL, '2025-12-12 00:00:00'),
('dd000000-0000-0000-0000-000000000396', 'cc000000-0000-0000-0000-000000000020', 'deployment', 3925, 734, 338.87, 200, NULL, '2026-02-01 00:00:00'),
('dd000000-0000-0000-0000-000000000397', 'cc000000-0000-0000-0000-000000000011', 'deployment', 93197, 3449, 3204.94, 200, NULL, '2025-09-08 00:00:00'),
('dd000000-0000-0000-0000-000000000398', 'cc000000-0000-0000-0000-000000000002', 'deployment', 460, 11, 41.93, 200, NULL, '2024-07-24 00:00:00'),
('dd000000-0000-0000-0000-000000000399', 'cc000000-0000-0000-0000-000000000020', 'deployment', 1654, 193, 86.75, 429, 'Too many requests. Please slow down.', '2023-12-13 00:00:00'),
('dd000000-0000-0000-0000-000000000400', 'cc000000-0000-0000-0000-000000000004', 'deployment', 3445, 48, 465.51, 200, NULL, '2025-10-17 00:00:00');

INSERT INTO events (id, deployment_id, event_type, input_tokens, output_tokens, latency_ms, status_code, error_message, created_at) VALUES
('dd000000-0000-0000-0000-000000000401', 'cc000000-0000-0000-0000-000000000019', 'deployment', 4180, 138, 483.01, 200, NULL, '2024-12-18 00:00:00'),
('dd000000-0000-0000-0000-000000000402', 'cc000000-0000-0000-0000-000000000038', 'deployment', 999, 474, 106.58, 429, 'Quota exceeded for current billing period', '2025-05-05 00:00:00'),
('dd000000-0000-0000-0000-000000000403', 'cc000000-0000-0000-0000-000000000022', 'deployment', 308, 39, 71.2, 200, NULL, '2026-01-06 00:00:00'),
('dd000000-0000-0000-0000-000000000404', 'cc000000-0000-0000-0000-000000000016', 'deployment', 141, 26, 77.27, 503, 'Service temporarily unavailable: model replica restarting', '2026-01-03 00:00:00'),
('dd000000-0000-0000-0000-000000000405', 'cc000000-0000-0000-0000-000000000024', 'deployment', 263, 20, 68.23, 200, NULL, '2025-12-09 00:00:00'),
('dd000000-0000-0000-0000-000000000406', 'cc000000-0000-0000-0000-000000000007', 'deployment', 108, 40, 58.58, 200, NULL, '2023-10-14 00:00:00'),
('dd000000-0000-0000-0000-000000000407', 'cc000000-0000-0000-0000-000000000012', 'deployment', 4177, 556, 356.33, 200, NULL, '2025-08-28 00:00:00'),
('dd000000-0000-0000-0000-000000000408', 'cc000000-0000-0000-0000-000000000019', 'deployment', 4724, 966, 343.56, 200, NULL, '2025-10-09 00:00:00'),
('dd000000-0000-0000-0000-000000000409', 'cc000000-0000-0000-0000-000000000035', 'deployment', 3510, 828, 36.0, 200, NULL, '2025-03-28 00:00:00'),
('dd000000-0000-0000-0000-000000000410', 'cc000000-0000-0000-0000-000000000007', 'deployment', 137, 49, 63.91, 500, 'CUDA out of memory: tried to allocate 2.5 GiB', '2025-05-08 00:00:00'),
('dd000000-0000-0000-0000-000000000411', 'cc000000-0000-0000-0000-000000000007', 'deployment', 386, 35, 7.42, 200, NULL, '2026-02-09 00:00:00'),
('dd000000-0000-0000-0000-000000000412', 'cc000000-0000-0000-0000-000000000034', 'deployment', 1887, 761, 334.15, 200, NULL, '2026-02-20 00:00:00'),
('dd000000-0000-0000-0000-000000000413', 'cc000000-0000-0000-0000-000000000022', 'deployment', 25, 25, 34.07, 500, 'Unexpected error during prediction', '2025-07-07 00:00:00'),
('dd000000-0000-0000-0000-000000000414', 'cc000000-0000-0000-0000-000000000034', 'deployment', 3679, 850, 136.01, 200, NULL, '2024-06-11 00:00:00'),
('dd000000-0000-0000-0000-000000000415', 'cc000000-0000-0000-0000-000000000018', 'deployment', 4992, 202, 394.79, 500, 'Internal server error: model inference failed', '2026-02-13 00:00:00'),
('dd000000-0000-0000-0000-000000000416', 'cc000000-0000-0000-0000-000000000006', 'deployment', 134801, 538, 1948.27, 200, NULL, '2025-05-06 00:00:00'),
('dd000000-0000-0000-0000-000000000417', 'cc000000-0000-0000-0000-000000000034', 'deployment', 2139, 6, 185.36, 200, NULL, '2025-05-18 00:00:00'),
('dd000000-0000-0000-0000-000000000418', 'cc000000-0000-0000-0000-000000000039', 'deployment', 27, 50, 74.93, 200, NULL, '2024-10-15 00:00:00'),
('dd000000-0000-0000-0000-000000000419', 'cc000000-0000-0000-0000-000000000018', 'deployment', 2983, 75, 398.49, 200, NULL, '2025-06-03 00:00:00'),
('dd000000-0000-0000-0000-000000000420', 'cc000000-0000-0000-0000-000000000032', 'deployment', 259, 11, 36.19, 200, NULL, '2025-06-22 00:00:00'),
('dd000000-0000-0000-0000-000000000421', 'cc000000-0000-0000-0000-000000000022', 'deployment', 170, 24, 27.02, 504, 'Request timed out after 30 seconds', '2025-09-21 00:00:00'),
('dd000000-0000-0000-0000-000000000422', 'cc000000-0000-0000-0000-000000000021', 'deployment', 2407, 519, 3377.8, 200, NULL, '2025-02-18 00:00:00'),
('dd000000-0000-0000-0000-000000000423', 'cc000000-0000-0000-0000-000000000016', 'deployment', 491, 3, 56.19, 200, NULL, '2026-01-23 00:00:00'),
('dd000000-0000-0000-0000-000000000424', 'cc000000-0000-0000-0000-000000000009', 'deployment', 277, 47, 26.21, 500, 'Unexpected error during prediction', '2024-08-30 00:00:00'),
('dd000000-0000-0000-0000-000000000425', 'cc000000-0000-0000-0000-000000000010', 'deployment', 50565, 1362, 2618.08, 429, 'Quota exceeded for current billing period', '2026-01-15 00:00:00'),
('dd000000-0000-0000-0000-000000000426', 'cc000000-0000-0000-0000-000000000022', 'error', 323, 50, 20.99, 200, NULL, '2023-12-28 00:00:00'),
('dd000000-0000-0000-0000-000000000427', 'cc000000-0000-0000-0000-000000000023', 'error', 1809, 500, 150.86, 200, NULL, '2023-08-13 00:00:00'),
('dd000000-0000-0000-0000-000000000428', 'cc000000-0000-0000-0000-000000000005', 'error', 244, 471, 366.93, 200, NULL, '2025-05-31 00:00:00'),
('dd000000-0000-0000-0000-000000000429', 'cc000000-0000-0000-0000-000000000018', 'error', 627, 589, 416.16, 503, 'Backend service unavailable', '2025-09-24 00:00:00'),
('dd000000-0000-0000-0000-000000000430', 'cc000000-0000-0000-0000-000000000001', 'error', 200, 44, 13.87, 200, NULL, '2023-08-04 00:00:00'),
('dd000000-0000-0000-0000-000000000431', 'cc000000-0000-0000-0000-000000000019', 'error', 422, 718, 428.68, 200, NULL, '2025-07-27 00:00:00'),
('dd000000-0000-0000-0000-000000000432', 'cc000000-0000-0000-0000-000000000010', 'error', 159107, 404, 1479.44, 503, 'Backend service unavailable', '2023-07-02 00:00:00'),
('dd000000-0000-0000-0000-000000000433', 'cc000000-0000-0000-0000-000000000018', 'error', 1851, 140, 380.97, 200, NULL, '2024-03-29 00:00:00'),
('dd000000-0000-0000-0000-000000000434', 'cc000000-0000-0000-0000-000000000010', 'error', 78233, 2824, 4446.19, 500, 'CUDA out of memory: tried to allocate 2.5 GiB', '2025-12-10 00:00:00'),
('dd000000-0000-0000-0000-000000000435', 'cc000000-0000-0000-0000-000000000002', 'error', 3, 37, 49.75, 200, NULL, '2024-04-08 00:00:00'),
('dd000000-0000-0000-0000-000000000436', 'cc000000-0000-0000-0000-000000000024', 'error', 463, 47, 30.79, 200, NULL, '2024-11-06 00:00:00'),
('dd000000-0000-0000-0000-000000000437', 'cc000000-0000-0000-0000-000000000006', 'error', 57978, 2576, 4190.27, 200, NULL, '2025-12-16 00:00:00'),
('dd000000-0000-0000-0000-000000000438', 'cc000000-0000-0000-0000-000000000036', 'error', 121017, 2690, 2793.36, 200, NULL, '2025-04-20 00:00:00'),
('dd000000-0000-0000-0000-000000000439', 'cc000000-0000-0000-0000-000000000019', 'error', 4041, 975, 185.5, 200, NULL, '2023-09-11 00:00:00'),
('dd000000-0000-0000-0000-000000000440', 'cc000000-0000-0000-0000-000000000003', 'error', 1635, 326, 258.35, 200, NULL, '2025-05-11 00:00:00'),
('dd000000-0000-0000-0000-000000000441', 'cc000000-0000-0000-0000-000000000019', 'error', 4693, 374, 409.62, 429, 'Rate limit exceeded. Retry after 30 seconds.', '2025-06-22 00:00:00'),
('dd000000-0000-0000-0000-000000000442', 'cc000000-0000-0000-0000-000000000021', 'error', 114427, 1183, 4216.54, 200, NULL, '2025-11-15 00:00:00'),
('dd000000-0000-0000-0000-000000000443', 'cc000000-0000-0000-0000-000000000015', 'error', 94141, 3223, 1596.81, 200, NULL, '2026-01-05 00:00:00'),
('dd000000-0000-0000-0000-000000000444', 'cc000000-0000-0000-0000-000000000009', 'error', 440, 9, 71.85, 200, NULL, '2025-03-03 00:00:00'),
('dd000000-0000-0000-0000-000000000445', 'cc000000-0000-0000-0000-000000000003', 'error', 202, 870, 268.37, 200, NULL, '2025-09-24 00:00:00'),
('dd000000-0000-0000-0000-000000000446', 'cc000000-0000-0000-0000-000000000007', 'error', 465, 3, 46.37, 200, NULL, '2024-09-26 00:00:00'),
('dd000000-0000-0000-0000-000000000447', 'cc000000-0000-0000-0000-000000000005', 'error', 3046, 402, 134.95, 200, NULL, '2024-03-24 00:00:00'),
('dd000000-0000-0000-0000-000000000448', 'cc000000-0000-0000-0000-000000000017', 'error', 262, 6, 34.76, 200, NULL, '2025-10-16 00:00:00'),
('dd000000-0000-0000-0000-000000000449', 'cc000000-0000-0000-0000-000000000040', 'error', 43574, 3151, 2619.27, 200, NULL, '2025-12-15 00:00:00'),
('dd000000-0000-0000-0000-000000000450', 'cc000000-0000-0000-0000-000000000005', 'error', 4010, 962, 198.63, 200, NULL, '2025-04-02 00:00:00');

INSERT INTO events (id, deployment_id, event_type, input_tokens, output_tokens, latency_ms, status_code, error_message, created_at) VALUES
('dd000000-0000-0000-0000-000000000451', 'cc000000-0000-0000-0000-000000000008', 'error', 97, 343, 49.29, 500, 'Internal server error: model inference failed', '2025-10-19 00:00:00'),
('dd000000-0000-0000-0000-000000000452', 'cc000000-0000-0000-0000-000000000003', 'error', 2704, 106, 360.76, 200, NULL, '2025-10-02 00:00:00'),
('dd000000-0000-0000-0000-000000000453', 'cc000000-0000-0000-0000-000000000019', 'error', 4509, 584, 111.71, 200, NULL, '2026-01-29 00:00:00'),
('dd000000-0000-0000-0000-000000000454', 'cc000000-0000-0000-0000-000000000005', 'error', 4282, 258, 206.87, 504, 'Request timed out after 30 seconds', '2025-08-24 00:00:00'),
('dd000000-0000-0000-0000-000000000455', 'cc000000-0000-0000-0000-000000000016', 'error', 455, 39, 5.49, 503, 'Service temporarily unavailable: model replica restarting', '2025-11-19 00:00:00'),
('dd000000-0000-0000-0000-000000000456', 'cc000000-0000-0000-0000-000000000007', 'error', 77, 12, 16.8, 200, NULL, '2025-04-07 00:00:00'),
('dd000000-0000-0000-0000-000000000457', 'cc000000-0000-0000-0000-000000000032', 'error', 170, 47, 13.5, 200, NULL, '2025-12-28 00:00:00'),
('dd000000-0000-0000-0000-000000000458', 'cc000000-0000-0000-0000-000000000033', 'error', 3416, 23, 144.53, 200, NULL, '2025-05-08 00:00:00'),
('dd000000-0000-0000-0000-000000000459', 'cc000000-0000-0000-0000-000000000002', 'error', 457, 37, 16.01, 200, NULL, '2024-11-11 00:00:00'),
('dd000000-0000-0000-0000-000000000460', 'cc000000-0000-0000-0000-000000000039', 'error', 497, 37, 52.82, 500, 'CUDA out of memory: tried to allocate 2.5 GiB', '2026-01-05 00:00:00'),
('dd000000-0000-0000-0000-000000000461', 'cc000000-0000-0000-0000-000000000031', 'error', 88, 15, 67.28, 200, NULL, '2025-09-18 00:00:00'),
('dd000000-0000-0000-0000-000000000462', 'cc000000-0000-0000-0000-000000000020', 'error', 4234, 271, 108.83, 200, NULL, '2025-01-31 00:00:00'),
('dd000000-0000-0000-0000-000000000463', 'cc000000-0000-0000-0000-000000000008', 'error', 784, 198, 35.12, 200, NULL, '2025-11-14 00:00:00'),
('dd000000-0000-0000-0000-000000000464', 'cc000000-0000-0000-0000-000000000033', 'error', 1275, 621, 75.26, 200, NULL, '2023-07-10 00:00:00'),
('dd000000-0000-0000-0000-000000000465', 'cc000000-0000-0000-0000-000000000035', 'error', 4173, 771, 85.23, 200, NULL, '2026-01-03 00:00:00'),
('dd000000-0000-0000-0000-000000000466', 'cc000000-0000-0000-0000-000000000001', 'retraining', 460, 50, 55.89, 200, NULL, '2025-03-23 00:00:00'),
('dd000000-0000-0000-0000-000000000467', 'cc000000-0000-0000-0000-000000000014', 'retraining', 118, 31, 64.22, 200, NULL, '2026-02-20 00:00:00'),
('dd000000-0000-0000-0000-000000000468', 'cc000000-0000-0000-0000-000000000014', 'retraining', 69, 17, 40.79, 200, NULL, '2024-03-17 00:00:00'),
('dd000000-0000-0000-0000-000000000469', 'cc000000-0000-0000-0000-000000000018', 'retraining', 3397, 264, 118.84, 200, NULL, '2025-01-12 00:00:00'),
('dd000000-0000-0000-0000-000000000470', 'cc000000-0000-0000-0000-000000000017', 'retraining', 4, 25, 54.09, 200, NULL, '2025-09-02 00:00:00'),
('dd000000-0000-0000-0000-000000000471', 'cc000000-0000-0000-0000-000000000014', 'retraining', 334, 38, 24.02, 503, 'Model warming up, please retry', '2025-07-20 00:00:00'),
('dd000000-0000-0000-0000-000000000472', 'cc000000-0000-0000-0000-000000000026', 'retraining', 53497, 1742, 2805.31, 200, NULL, '2025-12-12 00:00:00'),
('dd000000-0000-0000-0000-000000000473', 'cc000000-0000-0000-0000-000000000009', 'retraining', 158, 37, 30.83, 200, NULL, '2025-10-23 00:00:00'),
('dd000000-0000-0000-0000-000000000474', 'cc000000-0000-0000-0000-000000000008', 'retraining', 1541, 118, 94.85, 200, NULL, '2025-06-18 00:00:00'),
('dd000000-0000-0000-0000-000000000475', 'cc000000-0000-0000-0000-000000000032', 'retraining', 174, 36, 51.05, 200, NULL, '2025-09-16 00:00:00'),
('dd000000-0000-0000-0000-000000000476', 'cc000000-0000-0000-0000-000000000001', 'retraining', 412, 6, 66.74, 200, NULL, '2023-08-30 00:00:00'),
('dd000000-0000-0000-0000-000000000477', 'cc000000-0000-0000-0000-000000000008', 'retraining', 769, 41, 125.72, 200, NULL, '2024-07-15 00:00:00'),
('dd000000-0000-0000-0000-000000000478', 'cc000000-0000-0000-0000-000000000017', 'retraining', 147, 46, 77.26, 200, NULL, '2023-11-27 00:00:00'),
('dd000000-0000-0000-0000-000000000479', 'cc000000-0000-0000-0000-000000000015', 'retraining', 2907, 876, 4267.78, 504, 'Request timed out after 30 seconds', '2026-01-01 00:00:00'),
('dd000000-0000-0000-0000-000000000480', 'cc000000-0000-0000-0000-000000000023', 'retraining', 484, 315, 42.2, 200, NULL, '2025-03-01 00:00:00'),
('dd000000-0000-0000-0000-000000000481', 'cc000000-0000-0000-0000-000000000006', 'retraining', 72435, 3243, 2057.23, 200, NULL, '2025-06-11 00:00:00'),
('dd000000-0000-0000-0000-000000000482', 'cc000000-0000-0000-0000-000000000024', 'retraining', 361, 5, 73.94, 200, NULL, '2024-12-24 00:00:00'),
('dd000000-0000-0000-0000-000000000483', 'cc000000-0000-0000-0000-000000000023', 'retraining', 721, 494, 164.95, 200, NULL, '2024-09-08 00:00:00'),
('dd000000-0000-0000-0000-000000000484', 'cc000000-0000-0000-0000-000000000037', 'retraining', 3, 17, 18.13, 200, NULL, '2025-11-13 00:00:00'),
('dd000000-0000-0000-0000-000000000485', 'cc000000-0000-0000-0000-000000000004', 'retraining', 4254, 980, 151.12, 200, NULL, '2024-02-12 00:00:00'),
('dd000000-0000-0000-0000-000000000486', 'cc000000-0000-0000-0000-000000000013', 'retraining', 4663, 496, 391.88, 200, NULL, '2024-09-12 00:00:00'),
('dd000000-0000-0000-0000-000000000487', 'cc000000-0000-0000-0000-000000000035', 'retraining', 4857, 883, 42.85, 200, NULL, '2026-01-19 00:00:00'),
('dd000000-0000-0000-0000-000000000488', 'cc000000-0000-0000-0000-000000000008', 'retraining', 1396, 360, 53.69, 200, NULL, '2024-11-10 00:00:00'),
('dd000000-0000-0000-0000-000000000489', 'cc000000-0000-0000-0000-000000000023', 'retraining', 1714, 135, 57.17, 200, NULL, '2025-09-18 00:00:00'),
('dd000000-0000-0000-0000-000000000490', 'cc000000-0000-0000-0000-000000000018', 'retraining', 1512, 488, 177.52, 200, NULL, '2025-06-02 00:00:00'),
('dd000000-0000-0000-0000-000000000491', 'cc000000-0000-0000-0000-000000000013', 'retraining', 4137, 755, 123.84, 200, NULL, '2023-12-29 00:00:00'),
('dd000000-0000-0000-0000-000000000492', 'cc000000-0000-0000-0000-000000000033', 'retraining', 2095, 857, 320.74, 200, NULL, '2025-04-10 00:00:00'),
('dd000000-0000-0000-0000-000000000493', 'cc000000-0000-0000-0000-000000000022', 'retraining', 253, 40, 5.5, 400, 'Invalid model parameters', '2025-08-09 00:00:00'),
('dd000000-0000-0000-0000-000000000494', 'cc000000-0000-0000-0000-000000000035', 'retraining', 4756, 890, 159.12, 200, NULL, '2024-11-05 00:00:00'),
('dd000000-0000-0000-0000-000000000495', 'cc000000-0000-0000-0000-000000000008', 'retraining', 1546, 296, 34.37, 200, NULL, '2025-12-02 00:00:00'),
('dd000000-0000-0000-0000-000000000496', 'cc000000-0000-0000-0000-000000000012', 'retraining', 3275, 882, 352.58, 200, NULL, '2025-05-16 00:00:00'),
('dd000000-0000-0000-0000-000000000497', 'cc000000-0000-0000-0000-000000000011', 'retraining', 2306, 98, 3403.1, 200, NULL, '2025-09-02 00:00:00'),
('dd000000-0000-0000-0000-000000000498', 'cc000000-0000-0000-0000-000000000009', 'retraining', 96, 36, 24.71, 200, NULL, '2024-05-17 00:00:00'),
('dd000000-0000-0000-0000-000000000499', 'cc000000-0000-0000-0000-000000000016', 'retraining', 218, 14, 36.43, 200, NULL, '2025-09-22 00:00:00'),
('dd000000-0000-0000-0000-000000000500', 'cc000000-0000-0000-0000-000000000006', 'retraining', 149891, 587, 4898.44, 200, NULL, '2025-06-08 00:00:00');
