-- Cybersecurity / security operations schema and sample data
CREATE TABLE assets (
  id UUID PRIMARY KEY DEFAULT gen_random_uuid(),
  hostname VARCHAR(255) NOT NULL UNIQUE,
  ip_address VARCHAR(45) NOT NULL,
  os VARCHAR(100) NOT NULL,
  asset_type VARCHAR(50) NOT NULL,
  department VARCHAR(100) NOT NULL,
  criticality VARCHAR(20) NOT NULL DEFAULT 'medium',
  last_scan_at TIMESTAMP,
  created_at TIMESTAMP NOT NULL DEFAULT now()
);

CREATE TABLE vulnerabilities (
  id UUID PRIMARY KEY DEFAULT gen_random_uuid(),
  asset_id UUID NOT NULL REFERENCES assets(id),
  cve_id VARCHAR(20) NOT NULL,
  severity VARCHAR(20) NOT NULL,
  cvss_score NUMERIC(3,1) NOT NULL,
  description TEXT NOT NULL,
  status VARCHAR(50) NOT NULL DEFAULT 'open',
  discovered_at TIMESTAMP NOT NULL DEFAULT now(),
  remediated_at TIMESTAMP
);

CREATE TABLE incidents (
  id UUID PRIMARY KEY DEFAULT gen_random_uuid(),
  title VARCHAR(255) NOT NULL,
  severity VARCHAR(20) NOT NULL,
  status VARCHAR(50) NOT NULL DEFAULT 'open',
  attack_type VARCHAR(100) NOT NULL,
  source_ip VARCHAR(45),
  affected_asset_id UUID REFERENCES assets(id),
  description TEXT NOT NULL,
  detected_at TIMESTAMP NOT NULL DEFAULT now(),
  resolved_at TIMESTAMP
);

CREATE TABLE scan_results (
  id UUID PRIMARY KEY DEFAULT gen_random_uuid(),
  asset_id UUID NOT NULL REFERENCES assets(id),
  scan_type VARCHAR(50) NOT NULL,
  findings_count INTEGER NOT NULL,
  critical_count INTEGER NOT NULL DEFAULT 0,
  high_count INTEGER NOT NULL DEFAULT 0,
  medium_count INTEGER NOT NULL DEFAULT 0,
  low_count INTEGER NOT NULL DEFAULT 0,
  scanned_at TIMESTAMP NOT NULL DEFAULT now()
);


-- Assets (80)

INSERT INTO assets (id, hostname, ip_address, os, asset_type, department, criticality, last_scan_at, created_at) VALUES
('e0000000-0000-0000-0000-000000000001', 'prod-web-01', '10.0.1.10', 'Ubuntu 22.04 LTS', 'server', 'Engineering', 'critical', '2025-03-09 00:00:00', '2024-10-16 00:00:00'),
('e0000000-0000-0000-0000-000000000002', 'prod-api-01', '10.0.1.11', 'Red Hat Enterprise Linux 9', 'server', 'IT', 'critical', '2025-03-25 00:00:00', '2023-01-26 00:00:00'),
('e0000000-0000-0000-0000-000000000003', 'prod-db-01', '10.0.1.12', 'Ubuntu 24.04 LTS', 'server', 'Human Resources', 'critical', '2024-07-15 00:00:00', '2023-10-09 00:00:00'),
('e0000000-0000-0000-0000-000000000004', 'staging-web-01', '10.0.1.13', 'Debian 12', 'server', 'Finance', 'critical', '2024-02-05 00:00:00', '2023-08-17 00:00:00'),
('e0000000-0000-0000-0000-000000000005', 'staging-api-01', '10.0.1.14', 'CentOS Stream 9', 'server', 'Marketing', 'critical', '2025-04-06 00:00:00', '2023-04-15 00:00:00'),
('e0000000-0000-0000-0000-000000000006', 'staging-db-01', '10.0.1.15', 'Ubuntu 22.04 LTS', 'server', 'Sales', 'critical', '2024-11-08 00:00:00', '2024-07-12 00:00:00'),
('e0000000-0000-0000-0000-000000000007', 'dev-web-01', '10.0.1.16', 'Red Hat Enterprise Linux 9', 'server', 'Executive', 'critical', '2025-12-02 00:00:00', '2024-08-27 00:00:00'),
('e0000000-0000-0000-0000-000000000008', 'prod-cache-01', '10.0.1.17', 'Ubuntu 24.04 LTS', 'server', 'Operations', 'critical', '2023-04-03 00:00:00', '2023-02-02 00:00:00'),
('e0000000-0000-0000-0000-000000000009', 'prod-queue-01', '10.0.1.18', 'Debian 12', 'server', 'Engineering', 'critical', '2023-12-15 00:00:00', '2023-04-06 00:00:00'),
('e0000000-0000-0000-0000-000000000010', 'prod-search-01', '10.0.1.19', 'CentOS Stream 9', 'server', 'IT', 'critical', '2025-02-24 00:00:00', '2023-08-27 00:00:00'),
('e0000000-0000-0000-0000-000000000011', 'prod-auth-01', '10.0.2.10', 'Ubuntu 22.04 LTS', 'server', 'Human Resources', 'critical', '2024-11-04 00:00:00', '2024-09-08 00:00:00'),
('e0000000-0000-0000-0000-000000000012', 'prod-cdn-01', '10.0.2.11', 'Red Hat Enterprise Linux 9', 'server', 'Finance', 'critical', '2025-03-18 00:00:00', '2024-07-28 00:00:00'),
('e0000000-0000-0000-0000-000000000013', 'prod-web-02', '10.0.2.12', 'Ubuntu 24.04 LTS', 'server', 'Marketing', 'high', '2026-02-11 00:00:00', '2024-10-27 00:00:00'),
('e0000000-0000-0000-0000-000000000014', 'prod-api-02', '10.0.2.13', 'Debian 12', 'server', 'Sales', 'high', '2024-11-15 00:00:00', '2024-03-05 00:00:00'),
('e0000000-0000-0000-0000-000000000015', 'prod-db-02', '10.0.2.14', 'CentOS Stream 9', 'server', 'Executive', 'high', '2025-12-28 00:00:00', '2024-04-04 00:00:00'),
('e0000000-0000-0000-0000-000000000016', 'staging-web-02', '10.0.2.15', 'Ubuntu 22.04 LTS', 'server', 'Operations', 'high', '2026-02-16 00:00:00', '2023-10-12 00:00:00'),
('e0000000-0000-0000-0000-000000000017', 'staging-api-02', '10.0.2.16', 'Red Hat Enterprise Linux 9', 'server', 'Engineering', 'high', '2025-03-24 00:00:00', '2023-01-07 00:00:00'),
('e0000000-0000-0000-0000-000000000018', 'staging-db-02', '10.0.2.17', 'Ubuntu 24.04 LTS', 'server', 'IT', 'high', '2025-06-26 00:00:00', '2023-06-13 00:00:00'),
('e0000000-0000-0000-0000-000000000019', 'dev-web-02', '10.0.2.18', 'Debian 12', 'server', 'Human Resources', 'high', '2025-03-21 00:00:00', '2024-03-08 00:00:00'),
('e0000000-0000-0000-0000-000000000020', 'prod-cache-02', '10.0.2.19', 'CentOS Stream 9', 'server', 'Finance', 'high', '2024-04-18 00:00:00', '2023-10-12 00:00:00'),
('e0000000-0000-0000-0000-000000000021', 'prod-queue-02', '10.0.3.10', 'Ubuntu 22.04 LTS', 'server', 'Marketing', 'high', '2025-10-28 00:00:00', '2023-08-09 00:00:00'),
('e0000000-0000-0000-0000-000000000022', 'prod-search-02', '10.0.3.11', 'Red Hat Enterprise Linux 9', 'server', 'Sales', 'high', '2024-04-23 00:00:00', '2023-12-11 00:00:00'),
('e0000000-0000-0000-0000-000000000023', 'prod-auth-02', '10.0.3.12', 'Ubuntu 24.04 LTS', 'server', 'Executive', 'high', '2024-05-28 00:00:00', '2023-04-05 00:00:00'),
('e0000000-0000-0000-0000-000000000024', 'prod-cdn-02', '10.0.3.13', 'Debian 12', 'server', 'Operations', 'high', '2024-05-11 00:00:00', '2023-04-10 00:00:00'),
('e0000000-0000-0000-0000-000000000025', 'eng-ws-001', '10.2.1.10', 'Windows 11 Pro', 'workstation', 'Engineering', 'high', '2025-09-27 00:00:00', '2023-12-19 00:00:00'),
('e0000000-0000-0000-0000-000000000026', 'it-ws-002', '10.2.1.11', 'macOS 14 Sonoma', 'workstation', 'IT', 'high', '2026-01-31 00:00:00', '2023-09-28 00:00:00'),
('e0000000-0000-0000-0000-000000000027', 'hr-ws-003', '10.2.1.12', 'macOS 15 Sequoia', 'workstation', 'Human Resources', 'high', '2025-04-01 00:00:00', '2023-02-14 00:00:00'),
('e0000000-0000-0000-0000-000000000028', 'fin-ws-004', '10.2.1.13', 'Windows 11 Enterprise', 'workstation', 'Finance', 'high', '2025-11-15 00:00:00', '2024-04-15 00:00:00'),
('e0000000-0000-0000-0000-000000000029', 'mkt-ws-005', '10.2.1.14', 'Ubuntu 22.04 LTS', 'workstation', 'Marketing', 'high', '2024-06-28 00:00:00', '2023-05-08 00:00:00'),
('e0000000-0000-0000-0000-000000000030', 'sales-ws-006', '10.2.1.15', 'Windows 11 Pro', 'workstation', 'Sales', 'high', '2024-11-06 00:00:00', '2023-03-22 00:00:00'),
('e0000000-0000-0000-0000-000000000031', 'exec-ws-007', '10.2.1.16', 'macOS 14 Sonoma', 'workstation', 'Executive', 'high', '2026-02-08 00:00:00', '2023-10-28 00:00:00'),
('e0000000-0000-0000-0000-000000000032', 'ops-ws-008', '10.2.1.17', 'macOS 15 Sequoia', 'workstation', 'Operations', 'high', '2025-10-30 00:00:00', '2024-09-25 00:00:00'),
('e0000000-0000-0000-0000-000000000033', 'eng-ws-009', '10.2.1.18', 'Windows 11 Enterprise', 'workstation', 'Engineering', 'medium', '2025-03-28 00:00:00', '2024-08-14 00:00:00'),
('e0000000-0000-0000-0000-000000000034', 'it-ws-010', '10.2.1.19', 'Ubuntu 22.04 LTS', 'workstation', 'IT', 'medium', '2023-05-28 00:00:00', '2023-03-13 00:00:00'),
('e0000000-0000-0000-0000-000000000035', 'hr-ws-011', '10.2.1.20', 'Windows 11 Pro', 'workstation', 'Human Resources', 'medium', '2025-07-29 00:00:00', '2024-11-08 00:00:00'),
('e0000000-0000-0000-0000-000000000036', 'fin-ws-012', '10.2.1.21', 'macOS 14 Sonoma', 'workstation', 'Finance', 'medium', '2024-02-12 00:00:00', '2023-10-24 00:00:00'),
('e0000000-0000-0000-0000-000000000037', 'mkt-ws-013', '10.2.1.22', 'macOS 15 Sequoia', 'workstation', 'Marketing', 'medium', '2024-01-07 00:00:00', '2023-08-27 00:00:00'),
('e0000000-0000-0000-0000-000000000038', 'sales-ws-014', '10.2.1.23', 'Windows 11 Enterprise', 'workstation', 'Sales', 'medium', '2024-12-04 00:00:00', '2024-01-25 00:00:00'),
('e0000000-0000-0000-0000-000000000039', 'exec-ws-015', '10.2.1.24', 'Ubuntu 22.04 LTS', 'workstation', 'Executive', 'medium', '2026-02-18 00:00:00', '2024-04-09 00:00:00'),
('e0000000-0000-0000-0000-000000000040', 'ops-ws-016', '10.2.1.25', 'Windows 11 Pro', 'workstation', 'Operations', 'medium', '2024-07-23 00:00:00', '2024-01-09 00:00:00'),
('e0000000-0000-0000-0000-000000000041', 'eng-ws-017', '10.2.1.26', 'macOS 14 Sonoma', 'workstation', 'Engineering', 'medium', '2025-02-11 00:00:00', '2024-01-15 00:00:00'),
('e0000000-0000-0000-0000-000000000042', 'it-ws-018', '10.2.1.27', 'macOS 15 Sequoia', 'workstation', 'IT', 'medium', '2025-07-19 00:00:00', '2023-08-03 00:00:00'),
('e0000000-0000-0000-0000-000000000043', 'hr-ws-019', '10.2.1.28', 'Windows 11 Enterprise', 'workstation', 'Human Resources', 'medium', '2025-10-18 00:00:00', '2023-10-01 00:00:00'),
('e0000000-0000-0000-0000-000000000044', 'fin-ws-020', '10.2.1.29', 'Ubuntu 22.04 LTS', 'workstation', 'Finance', 'medium', '2026-02-26 00:00:00', '2024-11-30 00:00:00'),
('e0000000-0000-0000-0000-000000000045', 'fw-edge-01', '10.0.0.1', 'Palo Alto PAN-OS 11.1', 'network_device', 'IT', 'medium', '2026-02-23 00:00:00', '2024-09-15 00:00:00'),
('e0000000-0000-0000-0000-000000000046', 'sw-core-01', '10.0.0.2', 'Cisco IOS XE 17.9', 'network_device', 'IT', 'medium', '2026-02-21 00:00:00', '2024-06-30 00:00:00'),
('e0000000-0000-0000-0000-000000000047', 'sw-access-01', '10.0.0.3', 'Juniper Junos 23.4', 'network_device', 'IT', 'medium', '2024-11-01 00:00:00', '2023-06-17 00:00:00'),
('e0000000-0000-0000-0000-000000000048', 'vpn-gw-01', '10.0.0.4', 'Arista EOS 4.31', 'network_device', 'IT', 'medium', '2024-11-25 00:00:00', '2024-01-24 00:00:00'),
('e0000000-0000-0000-0000-000000000049', 'lb-prod-01', '10.0.0.5', 'FortiOS 7.4', 'network_device', 'IT', 'medium', '2026-02-11 00:00:00', '2024-10-17 00:00:00'),
('e0000000-0000-0000-0000-000000000050', 'wap-floor-01', '10.0.0.6', 'Palo Alto PAN-OS 11.1', 'network_device', 'IT', 'medium', '2025-08-13 00:00:00', '2023-08-13 00:00:00');

INSERT INTO assets (id, hostname, ip_address, os, asset_type, department, criticality, last_scan_at, created_at) VALUES
('e0000000-0000-0000-0000-000000000051', 'rt-border-01', '10.0.0.7', 'Cisco IOS XE 17.9', 'network_device', 'IT', 'medium', '2026-02-04 00:00:00', '2023-11-29 00:00:00'),
('e0000000-0000-0000-0000-000000000052', 'sw-dist-01', '10.0.0.8', 'Juniper Junos 23.4', 'network_device', 'IT', 'medium', '2023-11-18 00:00:00', '2023-02-27 00:00:00'),
('e0000000-0000-0000-0000-000000000053', 'fw-dmz-01', '10.0.0.9', 'Arista EOS 4.31', 'network_device', 'IT', 'medium', '2025-06-05 00:00:00', '2023-02-02 00:00:00'),
('e0000000-0000-0000-0000-000000000054', 'ids-inline-01', '10.0.0.10', 'FortiOS 7.4', 'network_device', 'IT', 'medium', '2025-02-02 00:00:00', '2023-11-20 00:00:00'),
('e0000000-0000-0000-0000-000000000055', 'sw-mgmt-01', '10.0.0.11', 'Palo Alto PAN-OS 11.1', 'network_device', 'IT', 'medium', '2024-01-07 00:00:00', '2023-10-02 00:00:00'),
('e0000000-0000-0000-0000-000000000056', 'wlc-main-01', '10.0.0.12', 'Cisco IOS XE 17.9', 'network_device', 'IT', 'medium', '2025-04-06 00:00:00', '2023-08-05 00:00:00'),
('e0000000-0000-0000-0000-000000000057', 'aws-ec2-prod-01', '172.16.1.10', 'Amazon Linux 2023', 'cloud_instance', 'Engineering', 'medium', '2024-07-23 00:00:00', '2023-11-19 00:00:00'),
('e0000000-0000-0000-0000-000000000058', 'aws-ec2-staging-01', '172.16.1.11', 'Ubuntu 22.04 LTS', 'cloud_instance', 'IT', 'medium', '2026-02-16 00:00:00', '2024-11-02 00:00:00'),
('e0000000-0000-0000-0000-000000000059', 'gcp-gke-prod-01', '172.16.1.12', 'Debian 12', 'cloud_instance', 'Human Resources', 'medium', '2026-02-24 00:00:00', '2024-10-20 00:00:00'),
('e0000000-0000-0000-0000-000000000060', 'gcp-gke-staging-01', '172.16.1.13', 'Container-Optimized OS', 'cloud_instance', 'Finance', 'medium', '2024-03-19 00:00:00', '2023-09-29 00:00:00'),
('e0000000-0000-0000-0000-000000000061', 'aws-rds-prod-01', '172.16.1.14', 'Windows Server 2022', 'cloud_instance', 'Marketing', 'medium', '2025-11-10 00:00:00', '2023-09-10 00:00:00'),
('e0000000-0000-0000-0000-000000000062', 'aws-lambda-prod-01', '172.16.1.15', 'Amazon Linux 2023', 'cloud_instance', 'Sales', 'medium', '2026-02-20 00:00:00', '2024-07-28 00:00:00'),
('e0000000-0000-0000-0000-000000000063', 'azure-vm-prod-01', '172.16.1.16', 'Ubuntu 22.04 LTS', 'cloud_instance', 'Executive', 'medium', '2025-12-02 00:00:00', '2024-08-21 00:00:00'),
('e0000000-0000-0000-0000-000000000064', 'aws-ecs-prod-01', '172.16.1.17', 'Debian 12', 'cloud_instance', 'Operations', 'medium', '2025-11-01 00:00:00', '2024-08-20 00:00:00'),
('e0000000-0000-0000-0000-000000000065', 'gcp-compute-dev-01', '172.16.1.18', 'Container-Optimized OS', 'cloud_instance', 'Engineering', 'low', '2024-09-16 00:00:00', '2024-01-06 00:00:00'),
('e0000000-0000-0000-0000-000000000066', 'aws-eks-prod-01', '172.16.1.19', 'Windows Server 2022', 'cloud_instance', 'IT', 'low', '2024-11-23 00:00:00', '2023-05-22 00:00:00'),
('e0000000-0000-0000-0000-000000000067', 'azure-aks-prod-01', '172.16.2.10', 'Amazon Linux 2023', 'cloud_instance', 'Human Resources', 'low', '2024-09-20 00:00:00', '2024-05-20 00:00:00'),
('e0000000-0000-0000-0000-000000000068', 'aws-ec2-dev-01', '172.16.2.11', 'Ubuntu 22.04 LTS', 'cloud_instance', 'Finance', 'low', '2023-07-10 00:00:00', '2023-02-18 00:00:00'),
('e0000000-0000-0000-0000-000000000069', 'mobile-exec-001', '10.3.0.1', 'iOS 17', 'mobile', 'Marketing', 'low', NULL, '2023-06-06 00:00:00'),
('e0000000-0000-0000-0000-000000000070', 'mobile-sales-002', '10.3.0.2', 'iOS 18', 'mobile', 'Sales', 'low', NULL, '2024-11-27 00:00:00'),
('e0000000-0000-0000-0000-000000000071', 'mobile-field-003', '10.3.0.3', 'Android 14', 'mobile', 'Executive', 'low', '2025-10-27 00:00:00', '2024-01-26 00:00:00'),
('e0000000-0000-0000-0000-000000000072', 'mobile-eng-004', '10.3.0.4', 'Android 15', 'mobile', 'Operations', 'low', '2025-04-08 00:00:00', '2024-06-25 00:00:00'),
('e0000000-0000-0000-0000-000000000073', 'mobile-mgr-005', '10.3.0.5', 'iOS 17', 'mobile', 'Engineering', 'low', '2025-01-07 00:00:00', '2023-01-12 00:00:00'),
('e0000000-0000-0000-0000-000000000074', 'mobile-support-006', '10.3.0.6', 'iOS 18', 'mobile', 'IT', 'low', NULL, '2024-11-29 00:00:00'),
('e0000000-0000-0000-0000-000000000075', 'mobile-admin-007', '10.3.0.7', 'Android 14', 'mobile', 'Human Resources', 'low', NULL, '2024-10-18 00:00:00'),
('e0000000-0000-0000-0000-000000000076', 'mobile-ops-008', '10.3.0.8', 'Android 15', 'mobile', 'Finance', 'low', '2024-09-28 00:00:00', '2024-03-21 00:00:00'),
('e0000000-0000-0000-0000-000000000077', 'iot-camera-001', '10.4.0.1', 'Custom Firmware 2.1', 'iot', 'Marketing', 'low', '2025-03-22 00:00:00', '2023-09-27 00:00:00'),
('e0000000-0000-0000-0000-000000000078', 'iot-sensor-temp-002', '10.4.0.2', 'Embedded Linux 5.15', 'iot', 'Sales', 'low', '2024-10-19 00:00:00', '2024-06-03 00:00:00'),
('e0000000-0000-0000-0000-000000000079', 'iot-badge-reader-003', '10.4.0.3', 'FreeRTOS 10.5', 'iot', 'Executive', 'low', '2026-02-08 00:00:00', '2023-11-02 00:00:00'),
('e0000000-0000-0000-0000-000000000080', 'iot-hvac-ctrl-004', '10.4.0.4', 'Zephyr RTOS 3.5', 'iot', 'Operations', 'low', NULL, '2023-07-23 00:00:00');


-- Vulnerabilities (150)

INSERT INTO vulnerabilities (id, asset_id, cve_id, severity, cvss_score, description, status, discovered_at, remediated_at) VALUES
('f0000000-0000-0000-0000-000000000001', 'e0000000-0000-0000-0000-000000000021', 'CVE-2024-44757', 'critical', 9.9, 'Remote command injection through management interface', 'open', '2025-04-27 00:00:00', NULL),
('f0000000-0000-0000-0000-000000000002', 'e0000000-0000-0000-0000-000000000047', 'CVE-2024-25692', 'critical', 9.1, 'Authentication bypass allowing unauthorized admin access', 'open', '2025-11-04 00:00:00', NULL),
('f0000000-0000-0000-0000-000000000003', 'e0000000-0000-0000-0000-000000000009', 'CVE-2025-44911', 'critical', 9.8, 'SQL injection in login endpoint allowing data exfiltration', 'open', '2026-01-25 00:00:00', NULL),
('f0000000-0000-0000-0000-000000000004', 'e0000000-0000-0000-0000-000000000071', 'CVE-2024-27370', 'critical', 9.5, 'Critical memory corruption in SSL/TLS implementation', 'open', '2026-01-07 00:00:00', NULL),
('f0000000-0000-0000-0000-000000000005', 'e0000000-0000-0000-0000-000000000070', 'CVE-2025-57836', 'critical', 9.7, 'Privilege escalation to root via kernel vulnerability', 'open', '2026-02-07 00:00:00', NULL),
('f0000000-0000-0000-0000-000000000006', 'e0000000-0000-0000-0000-000000000048', 'CVE-2024-43919', 'critical', 9.5, 'Unauthenticated remote code execution via deserialization', 'open', '2025-08-21 00:00:00', NULL),
('f0000000-0000-0000-0000-000000000007', 'e0000000-0000-0000-0000-000000000003', 'CVE-2025-46301', 'critical', 9.2, 'Unauthenticated remote code execution via deserialization', 'open', '2026-02-26 00:00:00', NULL),
('f0000000-0000-0000-0000-000000000008', 'e0000000-0000-0000-0000-000000000008', 'CVE-2024-14417', 'critical', 9.9, 'Remote command injection through management interface', 'open', '2025-06-30 00:00:00', NULL),
('f0000000-0000-0000-0000-000000000009', 'e0000000-0000-0000-0000-000000000036', 'CVE-2025-41812', 'high', 7.4, 'Insecure direct object reference allowing data access', 'open', '2025-11-20 00:00:00', NULL),
('f0000000-0000-0000-0000-000000000010', 'e0000000-0000-0000-0000-000000000074', 'CVE-2025-40976', 'high', 7.5, 'Insufficient logging and monitoring of auth events', 'open', '2023-12-12 00:00:00', NULL),
('f0000000-0000-0000-0000-000000000011', 'e0000000-0000-0000-0000-000000000013', 'CVE-2023-53187', 'high', 7.8, 'Broken access control in user management module', 'open', '2025-03-28 00:00:00', NULL),
('f0000000-0000-0000-0000-000000000012', 'e0000000-0000-0000-0000-000000000013', 'CVE-2023-36386', 'high', 8.4, 'Server-side request forgery (SSRF) in API endpoint', 'open', '2025-06-06 00:00:00', NULL),
('f0000000-0000-0000-0000-000000000013', 'e0000000-0000-0000-0000-000000000069', 'CVE-2024-19186', 'high', 7.8, 'Path traversal vulnerability in file upload', 'open', '2025-04-08 00:00:00', NULL),
('f0000000-0000-0000-0000-000000000014', 'e0000000-0000-0000-0000-000000000057', 'CVE-2025-16416', 'high', 7.1, 'Hardcoded credentials in configuration file', 'open', '2026-02-17 00:00:00', NULL),
('f0000000-0000-0000-0000-000000000015', 'e0000000-0000-0000-0000-000000000012', 'CVE-2025-25491', 'high', 7.3, 'Insufficient logging and monitoring of auth events', 'open', '2025-09-22 00:00:00', NULL),
('f0000000-0000-0000-0000-000000000016', 'e0000000-0000-0000-0000-000000000008', 'CVE-2024-34836', 'high', 7.0, 'Broken access control in user management module', 'open', '2025-10-19 00:00:00', NULL),
('f0000000-0000-0000-0000-000000000017', 'e0000000-0000-0000-0000-000000000037', 'CVE-2024-55651', 'high', 8.8, 'Hardcoded credentials in configuration file', 'open', '2024-10-11 00:00:00', NULL),
('f0000000-0000-0000-0000-000000000018', 'e0000000-0000-0000-0000-000000000020', 'CVE-2024-29445', 'high', 7.4, 'Cross-site scripting (XSS) in web application', 'open', '2025-12-03 00:00:00', NULL),
('f0000000-0000-0000-0000-000000000019', 'e0000000-0000-0000-0000-000000000008', 'CVE-2025-30552', 'high', 7.1, 'Unpatched OpenSSH vulnerability allowing remote access', 'open', '2025-11-27 00:00:00', NULL),
('f0000000-0000-0000-0000-000000000020', 'e0000000-0000-0000-0000-000000000021', 'CVE-2023-43281', 'high', 7.2, 'Insecure direct object reference allowing data access', 'open', '2025-04-04 00:00:00', NULL),
('f0000000-0000-0000-0000-000000000021', 'e0000000-0000-0000-0000-000000000031', 'CVE-2024-17856', 'high', 8.8, 'Unpatched OpenSSH vulnerability allowing remote access', 'open', '2025-12-30 00:00:00', NULL),
('f0000000-0000-0000-0000-000000000022', 'e0000000-0000-0000-0000-000000000006', 'CVE-2025-15372', 'high', 7.8, 'Unpatched OpenSSH vulnerability allowing remote access', 'open', '2025-08-09 00:00:00', NULL),
('f0000000-0000-0000-0000-000000000023', 'e0000000-0000-0000-0000-000000000034', 'CVE-2024-53891', 'high', 8.4, 'Missing authentication on administrative API', 'open', '2025-05-07 00:00:00', NULL),
('f0000000-0000-0000-0000-000000000024', 'e0000000-0000-0000-0000-000000000039', 'CVE-2024-30720', 'high', 8.8, 'Server-side request forgery (SSRF) in API endpoint', 'open', '2026-01-13 00:00:00', NULL),
('f0000000-0000-0000-0000-000000000025', 'e0000000-0000-0000-0000-000000000073', 'CVE-2023-14801', 'high', 8.0, 'Hardcoded credentials in configuration file', 'open', '2025-08-26 00:00:00', NULL),
('f0000000-0000-0000-0000-000000000026', 'e0000000-0000-0000-0000-000000000009', 'CVE-2024-34217', 'high', 7.5, 'Insufficient logging and monitoring of auth events', 'open', '2025-05-21 00:00:00', NULL),
('f0000000-0000-0000-0000-000000000027', 'e0000000-0000-0000-0000-000000000039', 'CVE-2025-52858', 'high', 8.0, 'Hardcoded credentials in configuration file', 'open', '2026-02-03 00:00:00', NULL),
('f0000000-0000-0000-0000-000000000028', 'e0000000-0000-0000-0000-000000000014', 'CVE-2023-27332', 'high', 7.2, 'Server-side request forgery (SSRF) in API endpoint', 'open', '2023-11-07 00:00:00', NULL),
('f0000000-0000-0000-0000-000000000029', 'e0000000-0000-0000-0000-000000000035', 'CVE-2024-49638', 'high', 7.4, 'XML external entity injection in document parser', 'open', '2026-01-19 00:00:00', NULL),
('f0000000-0000-0000-0000-000000000030', 'e0000000-0000-0000-0000-000000000034', 'CVE-2024-42016', 'high', 7.5, 'Cross-site scripting (XSS) in web application', 'open', '2025-10-03 00:00:00', NULL),
('f0000000-0000-0000-0000-000000000031', 'e0000000-0000-0000-0000-000000000036', 'CVE-2023-10232', 'high', 7.6, 'Insecure direct object reference allowing data access', 'open', '2024-02-24 00:00:00', NULL),
('f0000000-0000-0000-0000-000000000032', 'e0000000-0000-0000-0000-000000000021', 'CVE-2025-38956', 'medium', 5.6, 'CORS misconfiguration allowing unauthorized origins', 'open', '2025-04-27 00:00:00', NULL),
('f0000000-0000-0000-0000-000000000033', 'e0000000-0000-0000-0000-000000000010', 'CVE-2025-19768', 'medium', 5.6, 'Outdated third-party library with known issues', 'open', '2025-05-15 00:00:00', NULL),
('f0000000-0000-0000-0000-000000000034', 'e0000000-0000-0000-0000-000000000056', 'CVE-2023-12741', 'medium', 4.9, 'Information disclosure through verbose error messages', 'open', '2024-01-02 00:00:00', NULL),
('f0000000-0000-0000-0000-000000000035', 'e0000000-0000-0000-0000-000000000032', 'CVE-2025-16736', 'medium', 5.0, 'Missing HTTP Strict-Transport-Security header', 'open', '2024-07-21 00:00:00', NULL),
('f0000000-0000-0000-0000-000000000036', 'e0000000-0000-0000-0000-000000000080', 'CVE-2025-20128', 'medium', 6.7, 'Weak password policy enforcement', 'open', '2026-02-24 00:00:00', NULL),
('f0000000-0000-0000-0000-000000000037', 'e0000000-0000-0000-0000-000000000023', 'CVE-2024-11624', 'medium', 4.5, 'Outdated third-party library with known issues', 'open', '2024-07-26 00:00:00', NULL),
('f0000000-0000-0000-0000-000000000038', 'e0000000-0000-0000-0000-000000000032', 'CVE-2024-20433', 'medium', 6.3, 'Missing Content-Security-Policy header', 'open', '2025-03-20 00:00:00', NULL),
('f0000000-0000-0000-0000-000000000039', 'e0000000-0000-0000-0000-000000000061', 'CVE-2024-23079', 'medium', 6.4, 'Session tokens not invalidated on logout', 'open', '2025-06-25 00:00:00', NULL),
('f0000000-0000-0000-0000-000000000040', 'e0000000-0000-0000-0000-000000000029', 'CVE-2023-53255', 'medium', 4.6, 'Outdated third-party library with known issues', 'open', '2025-04-05 00:00:00', NULL),
('f0000000-0000-0000-0000-000000000041', 'e0000000-0000-0000-0000-000000000036', 'CVE-2024-52040', 'medium', 5.5, 'Missing HTTP Strict-Transport-Security header', 'open', '2025-03-15 00:00:00', NULL),
('f0000000-0000-0000-0000-000000000042', 'e0000000-0000-0000-0000-000000000015', 'CVE-2024-21702', 'medium', 5.7, 'Missing rate limiting on authentication endpoint', 'open', '2025-12-31 00:00:00', NULL),
('f0000000-0000-0000-0000-000000000043', 'e0000000-0000-0000-0000-000000000056', 'CVE-2024-57745', 'medium', 6.3, 'CORS misconfiguration allowing unauthorized origins', 'open', '2024-11-05 00:00:00', NULL),
('f0000000-0000-0000-0000-000000000044', 'e0000000-0000-0000-0000-000000000015', 'CVE-2024-47787', 'medium', 4.6, 'Information disclosure through verbose error messages', 'open', '2023-06-02 00:00:00', NULL),
('f0000000-0000-0000-0000-000000000045', 'e0000000-0000-0000-0000-000000000067', 'CVE-2024-55013', 'medium', 6.1, 'Weak password policy enforcement', 'open', '2025-04-05 00:00:00', NULL),
('f0000000-0000-0000-0000-000000000046', 'e0000000-0000-0000-0000-000000000043', 'CVE-2025-30572', 'medium', 5.9, 'Missing Content-Security-Policy header', 'patched', '2024-04-03 00:00:00', '2024-05-06 00:00:00'),
('f0000000-0000-0000-0000-000000000047', 'e0000000-0000-0000-0000-000000000040', 'CVE-2025-36764', 'medium', 4.9, 'Missing rate limiting on authentication endpoint', 'patched', '2025-06-07 00:00:00', '2025-07-04 00:00:00'),
('f0000000-0000-0000-0000-000000000048', 'e0000000-0000-0000-0000-000000000049', 'CVE-2025-59029', 'medium', 6.6, 'Unencrypted sensitive data in transit', 'patched', '2025-09-24 00:00:00', '2025-10-30 00:00:00'),
('f0000000-0000-0000-0000-000000000049', 'e0000000-0000-0000-0000-000000000001', 'CVE-2024-28803', 'medium', 4.6, 'Unencrypted sensitive data in transit', 'patched', '2024-04-25 00:00:00', '2024-05-25 00:00:00'),
('f0000000-0000-0000-0000-000000000050', 'e0000000-0000-0000-0000-000000000057', 'CVE-2024-54277', 'medium', 4.6, 'Session tokens not invalidated on logout', 'patched', '2026-02-07 00:00:00', '2026-03-30 00:00:00');

INSERT INTO vulnerabilities (id, asset_id, cve_id, severity, cvss_score, description, status, discovered_at, remediated_at) VALUES
('f0000000-0000-0000-0000-000000000051', 'e0000000-0000-0000-0000-000000000022', 'CVE-2025-15557', 'medium', 4.8, 'Unencrypted sensitive data in transit', 'patched', '2025-06-29 00:00:00', '2025-08-12 00:00:00'),
('f0000000-0000-0000-0000-000000000052', 'e0000000-0000-0000-0000-000000000040', 'CVE-2024-23050', 'medium', 4.4, 'Information disclosure through verbose error messages', 'patched', '2025-10-30 00:00:00', '2025-12-09 00:00:00'),
('f0000000-0000-0000-0000-000000000053', 'e0000000-0000-0000-0000-000000000010', 'CVE-2024-37160', 'medium', 6.6, 'Unencrypted sensitive data in transit', 'patched', '2026-02-20 00:00:00', '2026-03-17 00:00:00'),
('f0000000-0000-0000-0000-000000000054', 'e0000000-0000-0000-0000-000000000064', 'CVE-2024-25989', 'medium', 4.4, 'Information disclosure through verbose error messages', 'patched', '2025-10-29 00:00:00', '2025-12-18 00:00:00'),
('f0000000-0000-0000-0000-000000000055', 'e0000000-0000-0000-0000-000000000014', 'CVE-2025-37862', 'medium', 4.6, 'Missing HTTP Strict-Transport-Security header', 'patched', '2025-12-11 00:00:00', '2025-12-27 00:00:00'),
('f0000000-0000-0000-0000-000000000056', 'e0000000-0000-0000-0000-000000000016', 'CVE-2024-18738', 'medium', 6.3, 'Missing HTTP Strict-Transport-Security header', 'patched', '2025-01-30 00:00:00', '2025-02-20 00:00:00'),
('f0000000-0000-0000-0000-000000000057', 'e0000000-0000-0000-0000-000000000057', 'CVE-2025-57138', 'medium', 6.6, 'CORS misconfiguration allowing unauthorized origins', 'patched', '2024-12-13 00:00:00', '2025-01-11 00:00:00'),
('f0000000-0000-0000-0000-000000000058', 'e0000000-0000-0000-0000-000000000021', 'CVE-2025-41108', 'medium', 5.3, 'Weak password policy enforcement', 'patched', '2024-03-10 00:00:00', '2024-04-29 00:00:00'),
('f0000000-0000-0000-0000-000000000059', 'e0000000-0000-0000-0000-000000000067', 'CVE-2024-51074', 'medium', 4.7, 'Session tokens not invalidated on logout', 'patched', '2025-07-25 00:00:00', '2025-08-10 00:00:00'),
('f0000000-0000-0000-0000-000000000060', 'e0000000-0000-0000-0000-000000000035', 'CVE-2024-30952', 'medium', 6.6, 'Missing Content-Security-Policy header', 'patched', '2025-06-27 00:00:00', '2025-07-22 00:00:00'),
('f0000000-0000-0000-0000-000000000061', 'e0000000-0000-0000-0000-000000000020', 'CVE-2025-24021', 'medium', 4.2, 'CORS misconfiguration allowing unauthorized origins', 'patched', '2025-10-25 00:00:00', '2025-11-21 00:00:00'),
('f0000000-0000-0000-0000-000000000062', 'e0000000-0000-0000-0000-000000000008', 'CVE-2024-37534', 'medium', 5.1, 'Unencrypted sensitive data in transit', 'patched', '2023-06-21 00:00:00', '2023-08-15 00:00:00'),
('f0000000-0000-0000-0000-000000000063', 'e0000000-0000-0000-0000-000000000074', 'CVE-2024-41259', 'medium', 4.0, 'Outdated third-party library with known issues', 'patched', '2025-09-16 00:00:00', '2025-11-10 00:00:00'),
('f0000000-0000-0000-0000-000000000064', 'e0000000-0000-0000-0000-000000000054', 'CVE-2024-58989', 'medium', 6.1, 'Unencrypted sensitive data in transit', 'patched', '2024-10-12 00:00:00', '2024-10-27 00:00:00'),
('f0000000-0000-0000-0000-000000000065', 'e0000000-0000-0000-0000-000000000035', 'CVE-2024-41827', 'medium', 4.1, 'Outdated third-party library with known issues', 'patched', '2025-08-26 00:00:00', '2025-09-21 00:00:00'),
('f0000000-0000-0000-0000-000000000066', 'e0000000-0000-0000-0000-000000000022', 'CVE-2024-18364', 'medium', 6.8, 'Missing HTTP Strict-Transport-Security header', 'patched', '2025-09-18 00:00:00', '2025-10-26 00:00:00'),
('f0000000-0000-0000-0000-000000000067', 'e0000000-0000-0000-0000-000000000073', 'CVE-2025-11776', 'medium', 4.2, 'CORS misconfiguration allowing unauthorized origins', 'patched', '2025-10-23 00:00:00', '2025-11-04 00:00:00'),
('f0000000-0000-0000-0000-000000000068', 'e0000000-0000-0000-0000-000000000007', 'CVE-2024-34844', 'medium', 4.9, 'Session tokens not invalidated on logout', 'patched', '2025-09-11 00:00:00', '2025-09-29 00:00:00'),
('f0000000-0000-0000-0000-000000000069', 'e0000000-0000-0000-0000-000000000054', 'CVE-2024-15367', 'medium', 5.4, 'Missing HTTP Strict-Transport-Security header', 'patched', '2025-08-27 00:00:00', '2025-09-11 00:00:00'),
('f0000000-0000-0000-0000-000000000070', 'e0000000-0000-0000-0000-000000000009', 'CVE-2025-52713', 'medium', 4.1, 'Information disclosure through verbose error messages', 'patched', '2023-12-22 00:00:00', '2024-02-14 00:00:00'),
('f0000000-0000-0000-0000-000000000071', 'e0000000-0000-0000-0000-000000000003', 'CVE-2025-19986', 'medium', 4.7, 'Session tokens not invalidated on logout', 'patched', '2024-12-29 00:00:00', '2025-01-12 00:00:00'),
('f0000000-0000-0000-0000-000000000072', 'e0000000-0000-0000-0000-000000000060', 'CVE-2025-26793', 'medium', 6.2, 'TLS 1.0/1.1 still enabled on server', 'patched', '2026-02-11 00:00:00', '2026-03-31 00:00:00'),
('f0000000-0000-0000-0000-000000000073', 'e0000000-0000-0000-0000-000000000015', 'CVE-2025-20732', 'medium', 6.8, 'Missing Content-Security-Policy header', 'patched', '2025-08-07 00:00:00', '2025-09-13 00:00:00'),
('f0000000-0000-0000-0000-000000000074', 'e0000000-0000-0000-0000-000000000049', 'CVE-2024-56859', 'medium', 4.6, 'Unencrypted sensitive data in transit', 'patched', '2025-03-04 00:00:00', '2025-03-20 00:00:00'),
('f0000000-0000-0000-0000-000000000075', 'e0000000-0000-0000-0000-000000000014', 'CVE-2025-29764', 'medium', 6.5, 'Unencrypted sensitive data in transit', 'patched', '2025-08-24 00:00:00', '2025-09-30 00:00:00'),
('f0000000-0000-0000-0000-000000000076', 'e0000000-0000-0000-0000-000000000006', 'CVE-2024-44913', 'medium', 5.2, 'Outdated third-party library with known issues', 'patched', '2026-01-26 00:00:00', '2026-02-17 00:00:00'),
('f0000000-0000-0000-0000-000000000077', 'e0000000-0000-0000-0000-000000000002', 'CVE-2024-42125', 'medium', 4.3, 'Outdated third-party library with known issues', 'patched', '2025-09-26 00:00:00', '2025-10-26 00:00:00'),
('f0000000-0000-0000-0000-000000000078', 'e0000000-0000-0000-0000-000000000020', 'CVE-2024-21543', 'medium', 6.1, 'Missing rate limiting on authentication endpoint', 'patched', '2025-12-28 00:00:00', '2026-02-01 00:00:00'),
('f0000000-0000-0000-0000-000000000079', 'e0000000-0000-0000-0000-000000000062', 'CVE-2024-38545', 'medium', 6.4, 'Unencrypted sensitive data in transit', 'patched', '2025-07-04 00:00:00', '2025-08-27 00:00:00'),
('f0000000-0000-0000-0000-000000000080', 'e0000000-0000-0000-0000-000000000012', 'CVE-2024-39543', 'medium', 4.7, 'Session tokens not invalidated on logout', 'patched', '2026-02-06 00:00:00', '2026-03-03 00:00:00'),
('f0000000-0000-0000-0000-000000000081', 'e0000000-0000-0000-0000-000000000044', 'CVE-2023-42394', 'medium', 6.5, 'TLS 1.0/1.1 still enabled on server', 'patched', '2025-08-29 00:00:00', '2025-10-20 00:00:00'),
('f0000000-0000-0000-0000-000000000082', 'e0000000-0000-0000-0000-000000000034', 'CVE-2024-28327', 'medium', 6.6, 'Missing rate limiting on authentication endpoint', 'patched', '2025-11-20 00:00:00', '2025-12-03 00:00:00'),
('f0000000-0000-0000-0000-000000000083', 'e0000000-0000-0000-0000-000000000011', 'CVE-2024-57190', 'medium', 5.2, 'Missing HTTP Strict-Transport-Security header', 'patched', '2025-05-08 00:00:00', '2025-06-08 00:00:00'),
('f0000000-0000-0000-0000-000000000084', 'e0000000-0000-0000-0000-000000000063', 'CVE-2024-11130', 'medium', 4.3, 'Weak password policy enforcement', 'patched', '2025-07-03 00:00:00', '2025-07-23 00:00:00'),
('f0000000-0000-0000-0000-000000000085', 'e0000000-0000-0000-0000-000000000075', 'CVE-2024-41015', 'medium', 5.6, 'Outdated third-party library with known issues', 'patched', '2025-12-07 00:00:00', '2025-12-29 00:00:00'),
('f0000000-0000-0000-0000-000000000086', 'e0000000-0000-0000-0000-000000000046', 'CVE-2025-39736', 'medium', 4.8, 'Missing rate limiting on authentication endpoint', 'patched', '2025-06-07 00:00:00', '2025-06-28 00:00:00'),
('f0000000-0000-0000-0000-000000000087', 'e0000000-0000-0000-0000-000000000016', 'CVE-2025-45118', 'medium', 6.8, 'TLS 1.0/1.1 still enabled on server', 'patched', '2025-11-03 00:00:00', '2025-11-21 00:00:00'),
('f0000000-0000-0000-0000-000000000088', 'e0000000-0000-0000-0000-000000000076', 'CVE-2025-44382', 'medium', 5.7, 'Missing Content-Security-Policy header', 'patched', '2024-03-30 00:00:00', '2024-04-14 00:00:00'),
('f0000000-0000-0000-0000-000000000089', 'e0000000-0000-0000-0000-000000000047', 'CVE-2024-29809', 'medium', 4.0, 'Missing HTTP Strict-Transport-Security header', 'patched', '2025-03-24 00:00:00', '2025-03-28 00:00:00'),
('f0000000-0000-0000-0000-000000000090', 'e0000000-0000-0000-0000-000000000071', 'CVE-2024-55705', 'medium', 6.7, 'Session tokens not invalidated on logout', 'patched', '2025-03-07 00:00:00', '2025-04-13 00:00:00'),
('f0000000-0000-0000-0000-000000000091', 'e0000000-0000-0000-0000-000000000037', 'CVE-2024-41373', 'medium', 5.3, 'TLS 1.0/1.1 still enabled on server', 'patched', '2024-02-14 00:00:00', '2024-04-10 00:00:00'),
('f0000000-0000-0000-0000-000000000092', 'e0000000-0000-0000-0000-000000000062', 'CVE-2023-14282', 'low', 1.6, 'Missing X-Frame-Options header', 'patched', '2026-02-15 00:00:00', '2026-02-19 00:00:00'),
('f0000000-0000-0000-0000-000000000093', 'e0000000-0000-0000-0000-000000000020', 'CVE-2023-46886', 'low', 3.7, 'Missing X-Frame-Options header', 'patched', '2023-09-30 00:00:00', '2023-11-05 00:00:00'),
('f0000000-0000-0000-0000-000000000094', 'e0000000-0000-0000-0000-000000000054', 'CVE-2025-49067', 'low', 3.1, 'Directory listing enabled on web server', 'patched', '2024-06-24 00:00:00', '2024-07-23 00:00:00'),
('f0000000-0000-0000-0000-000000000095', 'e0000000-0000-0000-0000-000000000057', 'CVE-2024-48569', 'low', 3.9, 'Verbose server banner information disclosure', 'patched', '2025-03-31 00:00:00', '2025-05-10 00:00:00'),
('f0000000-0000-0000-0000-000000000096', 'e0000000-0000-0000-0000-000000000013', 'CVE-2025-23617', 'low', 2.5, 'Verbose server banner information disclosure', 'patched', '2023-11-08 00:00:00', '2023-11-24 00:00:00'),
('f0000000-0000-0000-0000-000000000097', 'e0000000-0000-0000-0000-000000000023', 'CVE-2025-14919', 'low', 0.7, 'Autocomplete enabled on sensitive form fields', 'patched', '2025-12-30 00:00:00', '2026-01-30 00:00:00'),
('f0000000-0000-0000-0000-000000000098', 'e0000000-0000-0000-0000-000000000038', 'CVE-2023-25170', 'low', 1.2, 'Verbose server banner information disclosure', 'patched', '2024-09-07 00:00:00', '2024-09-12 00:00:00'),
('f0000000-0000-0000-0000-000000000099', 'e0000000-0000-0000-0000-000000000030', 'CVE-2024-50963', 'low', 2.3, 'Directory listing enabled on web server', 'patched', '2025-12-04 00:00:00', '2025-12-19 00:00:00'),
('f0000000-0000-0000-0000-000000000100', 'e0000000-0000-0000-0000-000000000020', 'CVE-2024-19321', 'low', 0.4, 'Cookie without Secure flag', 'patched', '2025-01-30 00:00:00', '2025-03-19 00:00:00');

INSERT INTO vulnerabilities (id, asset_id, cve_id, severity, cvss_score, description, status, discovered_at, remediated_at) VALUES
('f0000000-0000-0000-0000-000000000101', 'e0000000-0000-0000-0000-000000000073', 'CVE-2024-38780', 'low', 0.6, 'Verbose server banner information disclosure', 'patched', '2026-01-21 00:00:00', '2026-02-08 00:00:00'),
('f0000000-0000-0000-0000-000000000102', 'e0000000-0000-0000-0000-000000000065', 'CVE-2024-42361', 'low', 1.8, 'Clickjacking potential due to missing headers', 'patched', '2025-10-08 00:00:00', '2025-11-25 00:00:00'),
('f0000000-0000-0000-0000-000000000103', 'e0000000-0000-0000-0000-000000000042', 'CVE-2025-26408', 'low', 0.2, 'Directory listing enabled on web server', 'patched', '2025-10-04 00:00:00', '2025-11-29 00:00:00'),
('f0000000-0000-0000-0000-000000000104', 'e0000000-0000-0000-0000-000000000074', 'CVE-2025-11359', 'low', 3.9, 'Verbose server banner information disclosure', 'patched', '2025-05-29 00:00:00', '2025-06-29 00:00:00'),
('f0000000-0000-0000-0000-000000000105', 'e0000000-0000-0000-0000-000000000067', 'CVE-2025-38981', 'low', 3.6, 'Cookie without Secure flag', 'patched', '2024-08-20 00:00:00', '2024-09-30 00:00:00'),
('f0000000-0000-0000-0000-000000000106', 'e0000000-0000-0000-0000-000000000063', 'CVE-2023-40802', 'low', 1.4, 'Missing X-Content-Type-Options header', 'patched', '2025-04-23 00:00:00', '2025-06-17 00:00:00'),
('f0000000-0000-0000-0000-000000000107', 'e0000000-0000-0000-0000-000000000021', 'CVE-2024-36977', 'low', 2.7, 'Verbose server banner information disclosure', 'patched', '2024-07-15 00:00:00', '2024-09-06 00:00:00'),
('f0000000-0000-0000-0000-000000000108', 'e0000000-0000-0000-0000-000000000071', 'CVE-2023-39807', 'low', 0.4, 'Verbose server banner information disclosure', 'patched', '2025-09-23 00:00:00', '2025-11-18 00:00:00'),
('f0000000-0000-0000-0000-000000000109', 'e0000000-0000-0000-0000-000000000066', 'CVE-2023-53100', 'low', 3.4, 'HTTP method TRACE/TRACK enabled', 'patched', '2025-06-05 00:00:00', '2025-07-09 00:00:00'),
('f0000000-0000-0000-0000-000000000110', 'e0000000-0000-0000-0000-000000000047', 'CVE-2025-59574', 'low', 2.0, 'HTTP method TRACE/TRACK enabled', 'patched', '2023-12-26 00:00:00', '2024-01-13 00:00:00'),
('f0000000-0000-0000-0000-000000000111', 'e0000000-0000-0000-0000-000000000071', 'CVE-2023-28876', 'low', 1.8, 'HTTP method TRACE/TRACK enabled', 'patched', '2026-01-17 00:00:00', '2026-02-25 00:00:00'),
('f0000000-0000-0000-0000-000000000112', 'e0000000-0000-0000-0000-000000000031', 'CVE-2025-20379', 'low', 1.3, 'Information leakage via HTTP response headers', 'patched', '2025-04-17 00:00:00', '2025-05-02 00:00:00'),
('f0000000-0000-0000-0000-000000000113', 'e0000000-0000-0000-0000-000000000015', 'CVE-2024-17698', 'low', 2.6, 'Cookie without Secure flag', 'mitigated', '2025-07-28 00:00:00', '2025-08-30 00:00:00'),
('f0000000-0000-0000-0000-000000000114', 'e0000000-0000-0000-0000-000000000035', 'CVE-2024-41621', 'low', 3.8, 'Directory listing enabled on web server', 'mitigated', '2025-05-14 00:00:00', '2025-06-08 00:00:00'),
('f0000000-0000-0000-0000-000000000115', 'e0000000-0000-0000-0000-000000000025', 'CVE-2025-43308', 'low', 2.9, 'Cookie without Secure flag', 'mitigated', '2024-03-09 00:00:00', '2024-04-28 00:00:00'),
('f0000000-0000-0000-0000-000000000116', 'e0000000-0000-0000-0000-000000000054', 'CVE-2024-43275', 'low', 1.1, 'Information leakage via HTTP response headers', 'mitigated', '2025-07-31 00:00:00', '2025-09-23 00:00:00'),
('f0000000-0000-0000-0000-000000000117', 'e0000000-0000-0000-0000-000000000076', 'CVE-2025-53249', 'low', 2.0, 'Cookie without Secure flag', 'mitigated', '2025-11-03 00:00:00', '2025-11-26 00:00:00'),
('f0000000-0000-0000-0000-000000000118', 'e0000000-0000-0000-0000-000000000043', 'CVE-2025-59995', 'low', 2.2, 'HTTP method TRACE/TRACK enabled', 'mitigated', '2025-11-07 00:00:00', '2025-11-20 00:00:00'),
('f0000000-0000-0000-0000-000000000119', 'e0000000-0000-0000-0000-000000000031', 'CVE-2025-35098', 'low', 1.0, 'Autocomplete enabled on sensitive form fields', 'mitigated', '2025-10-29 00:00:00', '2025-12-14 00:00:00'),
('f0000000-0000-0000-0000-000000000120', 'e0000000-0000-0000-0000-000000000049', 'CVE-2024-53495', 'low', 3.1, 'Cookie without Secure flag', 'mitigated', '2025-03-19 00:00:00', '2025-03-28 00:00:00'),
('f0000000-0000-0000-0000-000000000121', 'e0000000-0000-0000-0000-000000000065', 'CVE-2025-31757', 'low', 3.4, 'HTTP method TRACE/TRACK enabled', 'mitigated', '2025-10-20 00:00:00', '2025-10-21 00:00:00'),
('f0000000-0000-0000-0000-000000000122', 'e0000000-0000-0000-0000-000000000019', 'CVE-2024-52911', 'low', 3.8, 'Missing X-Frame-Options header', 'mitigated', '2025-07-14 00:00:00', '2025-08-05 00:00:00'),
('f0000000-0000-0000-0000-000000000123', 'e0000000-0000-0000-0000-000000000080', 'CVE-2025-36049', 'low', 2.6, 'Missing X-Content-Type-Options header', 'mitigated', '2025-10-27 00:00:00', '2025-12-01 00:00:00'),
('f0000000-0000-0000-0000-000000000124', 'e0000000-0000-0000-0000-000000000049', 'CVE-2024-51077', 'low', 2.8, 'HTTP method TRACE/TRACK enabled', 'mitigated', '2023-07-07 00:00:00', '2023-08-16 00:00:00'),
('f0000000-0000-0000-0000-000000000125', 'e0000000-0000-0000-0000-000000000009', 'CVE-2024-51363', 'low', 2.7, 'Verbose server banner information disclosure', 'mitigated', '2025-07-04 00:00:00', '2025-07-10 00:00:00'),
('f0000000-0000-0000-0000-000000000126', 'e0000000-0000-0000-0000-000000000056', 'CVE-2023-59831', 'low', 2.5, 'Missing X-Frame-Options header', 'mitigated', '2026-02-19 00:00:00', '2026-03-11 00:00:00'),
('f0000000-0000-0000-0000-000000000127', 'e0000000-0000-0000-0000-000000000004', 'CVE-2023-31258', 'low', 3.1, 'Verbose server banner information disclosure', 'mitigated', '2025-10-07 00:00:00', '2025-10-17 00:00:00'),
('f0000000-0000-0000-0000-000000000128', 'e0000000-0000-0000-0000-000000000032', 'CVE-2024-37004', 'low', 2.3, 'Cookie without Secure flag', 'mitigated', '2025-04-10 00:00:00', '2025-05-20 00:00:00'),
('f0000000-0000-0000-0000-000000000129', 'e0000000-0000-0000-0000-000000000049', 'CVE-2025-54769', 'low', 1.0, 'Clickjacking potential due to missing headers', 'mitigated', '2025-10-23 00:00:00', '2025-12-03 00:00:00'),
('f0000000-0000-0000-0000-000000000130', 'e0000000-0000-0000-0000-000000000033', 'CVE-2024-26733', 'low', 2.6, 'HTTP method TRACE/TRACK enabled', 'mitigated', '2025-04-24 00:00:00', '2025-05-29 00:00:00'),
('f0000000-0000-0000-0000-000000000131', 'e0000000-0000-0000-0000-000000000021', 'CVE-2023-38949', 'low', 3.7, 'Clickjacking potential due to missing headers', 'mitigated', '2025-10-04 00:00:00', '2025-11-18 00:00:00'),
('f0000000-0000-0000-0000-000000000132', 'e0000000-0000-0000-0000-000000000033', 'CVE-2024-29799', 'low', 0.9, 'Autocomplete enabled on sensitive form fields', 'mitigated', '2023-09-18 00:00:00', '2023-10-04 00:00:00'),
('f0000000-0000-0000-0000-000000000133', 'e0000000-0000-0000-0000-000000000049', 'CVE-2025-33524', 'low', 2.3, 'Verbose server banner information disclosure', 'mitigated', '2026-02-01 00:00:00', '2026-02-27 00:00:00'),
('f0000000-0000-0000-0000-000000000134', 'e0000000-0000-0000-0000-000000000036', 'CVE-2023-47088', 'low', 3.4, 'Information leakage via HTTP response headers', 'mitigated', '2025-07-03 00:00:00', '2025-08-04 00:00:00'),
('f0000000-0000-0000-0000-000000000135', 'e0000000-0000-0000-0000-000000000037', 'CVE-2025-25081', 'low', 2.4, 'Missing X-Content-Type-Options header', 'mitigated', '2025-06-06 00:00:00', '2025-07-16 00:00:00'),
('f0000000-0000-0000-0000-000000000136', 'e0000000-0000-0000-0000-000000000033', 'CVE-2025-59517', 'low', 2.8, 'Cookie without Secure flag', 'accepted_risk', '2025-12-12 00:00:00', NULL),
('f0000000-0000-0000-0000-000000000137', 'e0000000-0000-0000-0000-000000000006', 'CVE-2024-38889', 'low', 0.2, 'Missing X-Content-Type-Options header', 'accepted_risk', '2023-09-01 00:00:00', NULL),
('f0000000-0000-0000-0000-000000000138', 'e0000000-0000-0000-0000-000000000038', 'CVE-2024-58986', 'low', 1.7, 'Directory listing enabled on web server', 'accepted_risk', '2025-12-02 00:00:00', NULL),
('f0000000-0000-0000-0000-000000000139', 'e0000000-0000-0000-0000-000000000047', 'CVE-2024-42885', 'low', 3.6, 'Cookie without Secure flag', 'accepted_risk', '2025-11-02 00:00:00', NULL),
('f0000000-0000-0000-0000-000000000140', 'e0000000-0000-0000-0000-000000000038', 'CVE-2025-32198', 'low', 3.2, 'HTTP method TRACE/TRACK enabled', 'accepted_risk', '2023-10-23 00:00:00', NULL),
('f0000000-0000-0000-0000-000000000141', 'e0000000-0000-0000-0000-000000000029', 'CVE-2025-57462', 'low', 2.7, 'Autocomplete enabled on sensitive form fields', 'accepted_risk', '2025-09-01 00:00:00', NULL),
('f0000000-0000-0000-0000-000000000142', 'e0000000-0000-0000-0000-000000000072', 'CVE-2024-15918', 'low', 3.1, 'Information leakage via HTTP response headers', 'accepted_risk', '2025-05-03 00:00:00', NULL),
('f0000000-0000-0000-0000-000000000143', 'e0000000-0000-0000-0000-000000000059', 'CVE-2024-54094', 'low', 2.9, 'Verbose server banner information disclosure', 'accepted_risk', '2026-01-21 00:00:00', NULL),
('f0000000-0000-0000-0000-000000000144', 'e0000000-0000-0000-0000-000000000048', 'CVE-2023-54226', 'low', 1.0, 'Information leakage via HTTP response headers', 'accepted_risk', '2026-01-21 00:00:00', NULL),
('f0000000-0000-0000-0000-000000000145', 'e0000000-0000-0000-0000-000000000072', 'CVE-2024-49982', 'low', 0.9, 'Missing X-Frame-Options header', 'accepted_risk', '2024-09-18 00:00:00', NULL),
('f0000000-0000-0000-0000-000000000146', 'e0000000-0000-0000-0000-000000000039', 'CVE-2025-36758', 'low', 0.5, 'Information leakage via HTTP response headers', 'accepted_risk', '2024-04-07 00:00:00', NULL),
('f0000000-0000-0000-0000-000000000147', 'e0000000-0000-0000-0000-000000000064', 'CVE-2023-16369', 'low', 1.0, 'Missing Referrer-Policy header', 'accepted_risk', '2025-10-19 00:00:00', NULL),
('f0000000-0000-0000-0000-000000000148', 'e0000000-0000-0000-0000-000000000048', 'CVE-2025-58702', 'low', 2.7, 'Missing Referrer-Policy header', 'accepted_risk', '2025-05-19 00:00:00', NULL),
('f0000000-0000-0000-0000-000000000149', 'e0000000-0000-0000-0000-000000000054', 'CVE-2025-16489', 'low', 3.3, 'Clickjacking potential due to missing headers', 'accepted_risk', '2025-07-22 00:00:00', NULL),
('f0000000-0000-0000-0000-000000000150', 'e0000000-0000-0000-0000-000000000005', 'CVE-2025-34283', 'low', 0.9, 'HTTP method TRACE/TRACK enabled', 'accepted_risk', '2025-10-23 00:00:00', NULL);


-- Incidents (60)

INSERT INTO incidents (id, title, severity, status, attack_type, source_ip, affected_asset_id, description, detected_at, resolved_at) VALUES
('11000000-0000-0000-0000-000000000001', 'Brute force attack on sw-access-01', 'critical', 'resolved', 'brute_force', '70.252.176.95', 'e0000000-0000-0000-0000-000000000047', 'Detected multiple failed login attempts from external IP. Rate limiting applied and IP blocked at firewall.', '2026-01-25 00:00:00', '2026-01-26 22:00:00'),
('11000000-0000-0000-0000-000000000002', 'Phishing campaign targeting Operations department', 'critical', 'resolved', 'phishing', '146.71.49.248', 'e0000000-0000-0000-0000-000000000008', 'Credential harvesting emails sent to department members. Affected users identified and credentials reset.', '2025-10-19 00:00:00', '2025-10-19 12:00:00'),
('11000000-0000-0000-0000-000000000003', 'SQL injection attempt on fin-ws-004', 'critical', 'resolved', 'sql_injection', '209.164.153.249', 'e0000000-0000-0000-0000-000000000028', 'WAF detected and blocked SQL injection attempts against application endpoints. Attack signatures updated.', '2025-08-18 00:00:00', '2025-08-19 08:00:00'),
('11000000-0000-0000-0000-000000000004', 'Ransomware indicator detected on staging-api-02', 'critical', 'resolved', 'ransomware', '189.53.18.213', 'e0000000-0000-0000-0000-000000000017', 'EDR flagged suspicious file encryption patterns. System isolated immediately for investigation.', '2023-12-30 00:00:00', '2023-12-31 04:00:00'),
('11000000-0000-0000-0000-000000000005', 'DDoS attack on public infrastructure', 'critical', 'resolved', 'ddos', '129.199.38.202', 'e0000000-0000-0000-0000-000000000030', 'Volumetric DDoS attack detected. Mitigated via upstream provider traffic scrubbing.', '2023-06-03 00:00:00', '2023-06-04 12:00:00'),
('11000000-0000-0000-0000-000000000006', 'Unauthorized privilege escalation on dev-web-02', 'high', 'resolved', 'privilege_escalation', '10.1.8.65', 'e0000000-0000-0000-0000-000000000019', 'Unauthorized attempt to escalate privileges detected. Account disabled and credentials rotated.', '2023-09-21 00:00:00', '2023-09-21 04:00:00'),
('11000000-0000-0000-0000-000000000007', 'Suspicious data exfiltration from staging-api-02', 'high', 'resolved', 'data_exfiltration', '48.92.203.202', 'e0000000-0000-0000-0000-000000000017', 'Anomalous outbound data transfer detected. Network flow analysis initiated.', '2025-08-13 00:00:00', '2025-08-13 03:00:00'),
('11000000-0000-0000-0000-000000000008', 'Credential stuffing attack on prod-auth-02', 'high', 'resolved', 'credential_stuffing', '112.14.33.190', 'e0000000-0000-0000-0000-000000000023', 'Automated credential stuffing using leaked database. Rate limiting and account lockout applied.', '2025-04-28 00:00:00', '2025-04-28 09:00:00'),
('11000000-0000-0000-0000-000000000009', 'Lateral movement detected from aws-rds-prod-01', 'high', 'resolved', 'lateral_movement', '10.3.5.132', 'e0000000-0000-0000-0000-000000000061', 'EDR detected remote execution tools being used across network segments. Investigation in progress.', '2025-10-18 00:00:00', '2025-10-20 17:00:00'),
('11000000-0000-0000-0000-000000000010', 'Supply chain compromise in CI/CD pipeline', 'high', 'resolved', 'supply_chain', NULL, 'e0000000-0000-0000-0000-000000000029', 'Malicious dependency detected in build pipeline. Build artifacts quarantined for analysis.', '2023-07-15 00:00:00', '2023-07-17 19:00:00'),
('11000000-0000-0000-0000-000000000011', 'Cryptominer detected on exec-ws-015', 'high', 'resolved', 'cryptomining', '162.165.247.8', 'e0000000-0000-0000-0000-000000000039', 'Unusual CPU utilization spike detected. Cryptomining process identified and terminated.', '2025-11-01 00:00:00', '2025-11-03 04:00:00'),
('11000000-0000-0000-0000-000000000012', 'Port scan from external IP', 'high', 'resolved', 'reconnaissance', '187.28.126.183', 'e0000000-0000-0000-0000-000000000055', 'Full TCP port scan detected from known scanner IP. No exposed services found.', '2023-08-15 00:00:00', '2023-08-15 11:00:00'),
('11000000-0000-0000-0000-000000000013', 'Malware detected on it-ws-018', 'high', 'resolved', 'malware', '200.38.17.33', 'e0000000-0000-0000-0000-000000000042', 'Antivirus detected malicious binary. File quarantined and system scan initiated.', '2026-01-19 00:00:00', '2026-01-21 23:00:00'),
('11000000-0000-0000-0000-000000000014', 'Suspicious insider activity on it-ws-018', 'high', 'resolved', 'insider_threat', '10.3.9.136', 'e0000000-0000-0000-0000-000000000042', 'Unusual data access patterns detected from authorized user account. Activity logged for review.', '2025-11-14 00:00:00', '2025-11-16 08:00:00'),
('11000000-0000-0000-0000-000000000015', 'Brute force attack on prod-web-02', 'high', 'resolved', 'brute_force', '74.219.168.167', 'e0000000-0000-0000-0000-000000000013', 'Detected multiple failed login attempts from external IP. Rate limiting applied and IP blocked at firewall.', '2024-12-16 00:00:00', '2024-12-17 04:00:00'),
('11000000-0000-0000-0000-000000000016', 'Phishing campaign targeting IT department', 'high', 'resolved', 'phishing', '160.228.59.106', 'e0000000-0000-0000-0000-000000000056', 'Credential harvesting emails sent to department members. Affected users identified and credentials reset.', '2025-10-19 00:00:00', '2025-10-21 04:00:00'),
('11000000-0000-0000-0000-000000000017', 'SQL injection attempt on ids-inline-01', 'high', 'resolved', 'sql_injection', '69.81.110.81', 'e0000000-0000-0000-0000-000000000054', 'WAF detected and blocked SQL injection attempts against application endpoints. Attack signatures updated.', '2024-06-18 00:00:00', '2024-06-18 20:00:00'),
('11000000-0000-0000-0000-000000000018', 'Ransomware indicator detected on aws-rds-prod-01', 'medium', 'resolved', 'ransomware', '62.24.213.22', 'e0000000-0000-0000-0000-000000000061', 'EDR flagged suspicious file encryption patterns. System isolated immediately for investigation.', '2025-04-19 00:00:00', '2025-04-21 00:00:00'),
('11000000-0000-0000-0000-000000000019', 'DDoS attack on public infrastructure', 'medium', 'resolved', 'ddos', '187.16.151.245', 'e0000000-0000-0000-0000-000000000017', 'Volumetric DDoS attack detected. Mitigated via upstream provider traffic scrubbing.', '2025-08-16 00:00:00', '2025-08-16 16:00:00'),
('11000000-0000-0000-0000-000000000020', 'Unauthorized privilege escalation on fw-dmz-01', 'medium', 'resolved', 'privilege_escalation', '10.2.10.241', 'e0000000-0000-0000-0000-000000000053', 'Unauthorized attempt to escalate privileges detected. Account disabled and credentials rotated.', '2025-11-05 00:00:00', '2025-11-05 07:00:00'),
('11000000-0000-0000-0000-000000000021', 'Suspicious data exfiltration from mkt-ws-013', 'medium', 'resolved', 'data_exfiltration', '198.80.91.27', 'e0000000-0000-0000-0000-000000000037', 'Anomalous outbound data transfer detected. Network flow analysis initiated.', '2025-06-17 00:00:00', '2025-06-17 20:00:00'),
('11000000-0000-0000-0000-000000000022', 'Credential stuffing attack on aws-lambda-prod-01', 'medium', 'resolved', 'credential_stuffing', '102.217.28.90', 'e0000000-0000-0000-0000-000000000062', 'Automated credential stuffing using leaked database. Rate limiting and account lockout applied.', '2024-06-11 00:00:00', '2024-06-11 15:00:00'),
('11000000-0000-0000-0000-000000000023', 'Lateral movement detected from fin-ws-012', 'medium', 'resolved', 'lateral_movement', '10.4.3.207', 'e0000000-0000-0000-0000-000000000036', 'EDR detected remote execution tools being used across network segments. Investigation in progress.', '2025-12-13 00:00:00', '2025-12-16 00:00:00'),
('11000000-0000-0000-0000-000000000024', 'Supply chain compromise in CI/CD pipeline', 'medium', 'resolved', 'supply_chain', NULL, 'e0000000-0000-0000-0000-000000000004', 'Malicious dependency detected in build pipeline. Build artifacts quarantined for analysis.', '2025-04-04 00:00:00', '2025-04-05 11:00:00'),
('11000000-0000-0000-0000-000000000025', 'Cryptominer detected on staging-web-01', 'medium', 'resolved', 'cryptomining', '91.70.180.196', 'e0000000-0000-0000-0000-000000000004', 'Unusual CPU utilization spike detected. Cryptomining process identified and terminated.', '2025-08-21 00:00:00', '2025-08-22 21:00:00'),
('11000000-0000-0000-0000-000000000026', 'Port scan from external IP', 'medium', 'resolved', 'reconnaissance', '123.223.37.145', 'e0000000-0000-0000-0000-000000000001', 'Full TCP port scan detected from known scanner IP. No exposed services found.', '2023-08-11 00:00:00', '2023-08-11 19:00:00'),
('11000000-0000-0000-0000-000000000027', 'Malware detected on staging-web-01', 'medium', 'resolved', 'malware', '68.192.136.56', 'e0000000-0000-0000-0000-000000000004', 'Antivirus detected malicious binary. File quarantined and system scan initiated.', '2025-10-19 00:00:00', '2025-10-20 20:00:00'),
('11000000-0000-0000-0000-000000000028', 'Suspicious insider activity on prod-queue-02', 'medium', 'investigating', 'insider_threat', '10.2.4.185', 'e0000000-0000-0000-0000-000000000021', 'Unusual data access patterns detected from authorized user account. Activity logged for review.', '2025-12-16 00:00:00', NULL),
('11000000-0000-0000-0000-000000000029', 'Brute force attack on iot-camera-001', 'medium', 'investigating', 'brute_force', '66.227.14.40', 'e0000000-0000-0000-0000-000000000077', 'Detected multiple failed login attempts from external IP. Rate limiting applied and IP blocked at firewall.', '2026-01-11 00:00:00', NULL),
('11000000-0000-0000-0000-000000000030', 'Phishing campaign targeting Executive department', 'medium', 'investigating', 'phishing', '217.21.70.114', 'e0000000-0000-0000-0000-000000000007', 'Credential harvesting emails sent to department members. Affected users identified and credentials reset.', '2024-10-10 00:00:00', NULL),
('11000000-0000-0000-0000-000000000031', 'SQL injection attempt on iot-sensor-temp-002', 'medium', 'investigating', 'sql_injection', '158.107.70.56', 'e0000000-0000-0000-0000-000000000078', 'WAF detected and blocked SQL injection attempts against application endpoints. Attack signatures updated.', '2023-09-25 00:00:00', NULL),
('11000000-0000-0000-0000-000000000032', 'Ransomware indicator detected on fw-edge-01', 'medium', 'investigating', 'ransomware', '155.29.73.174', 'e0000000-0000-0000-0000-000000000045', 'EDR flagged suspicious file encryption patterns. System isolated immediately for investigation.', '2024-10-11 00:00:00', NULL),
('11000000-0000-0000-0000-000000000033', 'DDoS attack on public infrastructure', 'medium', 'investigating', 'ddos', '215.79.12.57', 'e0000000-0000-0000-0000-000000000068', 'Volumetric DDoS attack detected. Mitigated via upstream provider traffic scrubbing.', '2026-01-01 00:00:00', NULL),
('11000000-0000-0000-0000-000000000034', 'Unauthorized privilege escalation on prod-cache-01', 'medium', 'investigating', 'privilege_escalation', '10.0.3.78', 'e0000000-0000-0000-0000-000000000008', 'Unauthorized attempt to escalate privileges detected. Account disabled and credentials rotated.', '2025-07-25 00:00:00', NULL),
('11000000-0000-0000-0000-000000000035', 'Suspicious data exfiltration from staging-db-02', 'medium', 'investigating', 'data_exfiltration', '110.75.84.31', 'e0000000-0000-0000-0000-000000000018', 'Anomalous outbound data transfer detected. Network flow analysis initiated.', '2025-10-07 00:00:00', NULL),
('11000000-0000-0000-0000-000000000036', 'Credential stuffing attack on prod-auth-02', 'medium', 'investigating', 'credential_stuffing', '78.98.137.181', 'e0000000-0000-0000-0000-000000000023', 'Automated credential stuffing using leaked database. Rate limiting and account lockout applied.', '2025-12-12 00:00:00', NULL),
('11000000-0000-0000-0000-000000000037', 'Lateral movement detected from sw-core-01', 'medium', 'investigating', 'lateral_movement', '10.0.6.221', 'e0000000-0000-0000-0000-000000000046', 'EDR detected remote execution tools being used across network segments. Investigation in progress.', '2024-08-20 00:00:00', NULL),
('11000000-0000-0000-0000-000000000038', 'Supply chain compromise in CI/CD pipeline', 'medium', 'investigating', 'supply_chain', NULL, 'e0000000-0000-0000-0000-000000000003', 'Malicious dependency detected in build pipeline. Build artifacts quarantined for analysis.', '2025-04-09 00:00:00', NULL),
('11000000-0000-0000-0000-000000000039', 'Cryptominer detected on eng-ws-017', 'medium', 'investigating', 'cryptomining', '192.110.147.104', 'e0000000-0000-0000-0000-000000000041', 'Unusual CPU utilization spike detected. Cryptomining process identified and terminated.', '2024-08-01 00:00:00', NULL),
('11000000-0000-0000-0000-000000000040', 'Port scan from external IP', 'medium', 'investigating', 'reconnaissance', '114.104.6.248', 'e0000000-0000-0000-0000-000000000038', 'Full TCP port scan detected from known scanner IP. No exposed services found.', '2026-01-11 00:00:00', NULL),
('11000000-0000-0000-0000-000000000041', 'Malware detected on gcp-gke-prod-01', 'medium', 'investigating', 'malware', '137.23.112.217', 'e0000000-0000-0000-0000-000000000059', 'Antivirus detected malicious binary. File quarantined and system scan initiated.', '2025-10-10 00:00:00', NULL),
('11000000-0000-0000-0000-000000000042', 'Suspicious insider activity on mobile-ops-008', 'low', 'investigating', 'insider_threat', '10.3.8.21', 'e0000000-0000-0000-0000-000000000076', 'Unusual data access patterns detected from authorized user account. Activity logged for review.', '2025-08-06 00:00:00', NULL),
('11000000-0000-0000-0000-000000000043', 'Brute force attack on fin-ws-020', 'low', 'contained', 'brute_force', '101.86.200.44', 'e0000000-0000-0000-0000-000000000044', 'Detected multiple failed login attempts from external IP. Rate limiting applied and IP blocked at firewall.', '2026-01-19 00:00:00', NULL),
('11000000-0000-0000-0000-000000000044', 'Phishing campaign targeting Executive department', 'low', 'contained', 'phishing', '180.131.50.232', 'e0000000-0000-0000-0000-000000000015', 'Credential harvesting emails sent to department members. Affected users identified and credentials reset.', '2024-05-25 00:00:00', NULL),
('11000000-0000-0000-0000-000000000045', 'SQL injection attempt on dev-web-02', 'low', 'contained', 'sql_injection', '105.27.38.66', 'e0000000-0000-0000-0000-000000000019', 'WAF detected and blocked SQL injection attempts against application endpoints. Attack signatures updated.', '2026-01-03 00:00:00', NULL),
('11000000-0000-0000-0000-000000000046', 'Ransomware indicator detected on prod-cache-02', 'low', 'contained', 'ransomware', '212.20.46.244', 'e0000000-0000-0000-0000-000000000020', 'EDR flagged suspicious file encryption patterns. System isolated immediately for investigation.', '2024-10-18 00:00:00', NULL),
('11000000-0000-0000-0000-000000000047', 'DDoS attack on public infrastructure', 'low', 'contained', 'ddos', '189.195.149.115', 'e0000000-0000-0000-0000-000000000060', 'Volumetric DDoS attack detected. Mitigated via upstream provider traffic scrubbing.', '2025-11-20 00:00:00', NULL),
('11000000-0000-0000-0000-000000000048', 'Unauthorized privilege escalation on mobile-mgr-005', 'low', 'contained', 'privilege_escalation', '10.4.5.222', 'e0000000-0000-0000-0000-000000000073', 'Unauthorized attempt to escalate privileges detected. Account disabled and credentials rotated.', '2024-04-19 00:00:00', NULL),
('11000000-0000-0000-0000-000000000049', 'Suspicious data exfiltration from prod-cache-02', 'low', 'contained', 'data_exfiltration', '157.18.121.114', 'e0000000-0000-0000-0000-000000000020', 'Anomalous outbound data transfer detected. Network flow analysis initiated.', '2025-08-24 00:00:00', NULL),
('11000000-0000-0000-0000-000000000050', 'Credential stuffing attack on fin-ws-012', 'low', 'contained', 'credential_stuffing', '196.15.91.130', 'e0000000-0000-0000-0000-000000000036', 'Automated credential stuffing using leaked database. Rate limiting and account lockout applied.', '2025-10-23 00:00:00', NULL);

INSERT INTO incidents (id, title, severity, status, attack_type, source_ip, affected_asset_id, description, detected_at, resolved_at) VALUES
('11000000-0000-0000-0000-000000000051', 'Lateral movement detected from aws-ec2-staging-01', 'low', 'contained', 'lateral_movement', '10.0.0.95', 'e0000000-0000-0000-0000-000000000058', 'EDR detected remote execution tools being used across network segments. Investigation in progress.', '2023-08-18 00:00:00', NULL),
('11000000-0000-0000-0000-000000000052', 'Supply chain compromise in CI/CD pipeline', 'low', 'open', 'supply_chain', NULL, 'e0000000-0000-0000-0000-000000000012', 'Malicious dependency detected in build pipeline. Build artifacts quarantined for analysis.', '2024-11-01 00:00:00', NULL),
('11000000-0000-0000-0000-000000000053', 'Cryptominer detected on wap-floor-01', 'low', 'open', 'cryptomining', '163.149.142.245', 'e0000000-0000-0000-0000-000000000050', 'Unusual CPU utilization spike detected. Cryptomining process identified and terminated.', '2025-12-04 00:00:00', NULL),
('11000000-0000-0000-0000-000000000054', 'Port scan from external IP', 'low', 'open', 'reconnaissance', '157.233.208.147', 'e0000000-0000-0000-0000-000000000006', 'Full TCP port scan detected from known scanner IP. No exposed services found.', '2024-04-25 00:00:00', NULL),
('11000000-0000-0000-0000-000000000055', 'Malware detected on iot-sensor-temp-002', 'low', 'open', 'malware', '166.129.39.246', 'e0000000-0000-0000-0000-000000000078', 'Antivirus detected malicious binary. File quarantined and system scan initiated.', '2025-04-22 00:00:00', NULL),
('11000000-0000-0000-0000-000000000056', 'Suspicious insider activity on fin-ws-020', 'low', 'open', 'insider_threat', '10.0.8.166', 'e0000000-0000-0000-0000-000000000044', 'Unusual data access patterns detected from authorized user account. Activity logged for review.', '2025-07-05 00:00:00', NULL),
('11000000-0000-0000-0000-000000000057', 'Brute force attack on aws-ec2-prod-01', 'low', 'open', 'brute_force', '157.135.134.157', 'e0000000-0000-0000-0000-000000000057', 'Detected multiple failed login attempts from external IP. Rate limiting applied and IP blocked at firewall.', '2025-09-07 00:00:00', NULL),
('11000000-0000-0000-0000-000000000058', 'Phishing campaign targeting Marketing department', 'low', 'open', 'phishing', '144.105.199.87', 'e0000000-0000-0000-0000-000000000037', 'Credential harvesting emails sent to department members. Affected users identified and credentials reset.', '2023-07-24 00:00:00', NULL),
('11000000-0000-0000-0000-000000000059', 'SQL injection attempt on hr-ws-019', 'low', 'open', 'sql_injection', '61.85.25.143', 'e0000000-0000-0000-0000-000000000043', 'WAF detected and blocked SQL injection attempts against application endpoints. Attack signatures updated.', '2024-03-17 00:00:00', NULL),
('11000000-0000-0000-0000-000000000060', 'Ransomware indicator detected on eng-ws-009', 'low', 'open', 'ransomware', '213.247.233.155', 'e0000000-0000-0000-0000-000000000033', 'EDR flagged suspicious file encryption patterns. System isolated immediately for investigation.', '2024-05-07 00:00:00', NULL);


-- Scan Results (200)

INSERT INTO scan_results (id, asset_id, scan_type, findings_count, critical_count, high_count, medium_count, low_count, scanned_at) VALUES
('12000000-0000-0000-0000-000000000001', 'e0000000-0000-0000-0000-000000000001', 'vulnerability', 14, 0, 5, 3, 6, '2026-01-30 00:00:00'),
('12000000-0000-0000-0000-000000000002', 'e0000000-0000-0000-0000-000000000002', 'vulnerability', 17, 1, 3, 3, 10, '2023-08-26 00:00:00'),
('12000000-0000-0000-0000-000000000003', 'e0000000-0000-0000-0000-000000000003', 'vulnerability', 12, 0, 3, 6, 3, '2025-09-26 00:00:00'),
('12000000-0000-0000-0000-000000000004', 'e0000000-0000-0000-0000-000000000004', 'vulnerability', 16, 2, 5, 2, 7, '2025-03-10 00:00:00'),
('12000000-0000-0000-0000-000000000005', 'e0000000-0000-0000-0000-000000000005', 'vulnerability', 11, 0, 1, 4, 6, '2024-10-10 00:00:00'),
('12000000-0000-0000-0000-000000000006', 'e0000000-0000-0000-0000-000000000006', 'vulnerability', 6, 0, 1, 3, 2, '2025-04-21 00:00:00'),
('12000000-0000-0000-0000-000000000007', 'e0000000-0000-0000-0000-000000000007', 'vulnerability', 11, 0, 4, 1, 6, '2025-02-22 00:00:00'),
('12000000-0000-0000-0000-000000000008', 'e0000000-0000-0000-0000-000000000008', 'vulnerability', 9, 0, 3, 3, 3, '2026-02-18 00:00:00'),
('12000000-0000-0000-0000-000000000009', 'e0000000-0000-0000-0000-000000000009', 'vulnerability', 11, 1, 1, 8, 1, '2026-02-10 00:00:00'),
('12000000-0000-0000-0000-000000000010', 'e0000000-0000-0000-0000-000000000010', 'vulnerability', 17, 1, 3, 5, 8, '2025-07-01 00:00:00'),
('12000000-0000-0000-0000-000000000011', 'e0000000-0000-0000-0000-000000000011', 'vulnerability', 13, 0, 3, 4, 6, '2025-01-05 00:00:00'),
('12000000-0000-0000-0000-000000000012', 'e0000000-0000-0000-0000-000000000012', 'vulnerability', 17, 2, 3, 5, 7, '2025-10-01 00:00:00'),
('12000000-0000-0000-0000-000000000013', 'e0000000-0000-0000-0000-000000000013', 'vulnerability', 11, 2, 1, 3, 5, '2025-11-02 00:00:00'),
('12000000-0000-0000-0000-000000000014', 'e0000000-0000-0000-0000-000000000014', 'vulnerability', 16, 1, 4, 2, 9, '2024-03-18 00:00:00'),
('12000000-0000-0000-0000-000000000015', 'e0000000-0000-0000-0000-000000000015', 'vulnerability', 14, 0, 1, 5, 8, '2023-10-29 00:00:00'),
('12000000-0000-0000-0000-000000000016', 'e0000000-0000-0000-0000-000000000016', 'vulnerability', 13, 1, 0, 4, 8, '2026-01-08 00:00:00'),
('12000000-0000-0000-0000-000000000017', 'e0000000-0000-0000-0000-000000000017', 'vulnerability', 16, 0, 0, 7, 9, '2025-09-14 00:00:00'),
('12000000-0000-0000-0000-000000000018', 'e0000000-0000-0000-0000-000000000018', 'vulnerability', 9, 2, 2, 4, 1, '2025-04-20 00:00:00'),
('12000000-0000-0000-0000-000000000019', 'e0000000-0000-0000-0000-000000000019', 'vulnerability', 15, 1, 5, 6, 3, '2025-07-25 00:00:00'),
('12000000-0000-0000-0000-000000000020', 'e0000000-0000-0000-0000-000000000020', 'vulnerability', 16, 2, 3, 3, 8, '2025-03-03 00:00:00'),
('12000000-0000-0000-0000-000000000021', 'e0000000-0000-0000-0000-000000000021', 'vulnerability', 11, 2, 0, 5, 4, '2024-12-13 00:00:00'),
('12000000-0000-0000-0000-000000000022', 'e0000000-0000-0000-0000-000000000022', 'vulnerability', 15, 2, 4, 7, 2, '2024-01-30 00:00:00'),
('12000000-0000-0000-0000-000000000023', 'e0000000-0000-0000-0000-000000000023', 'vulnerability', 11, 0, 0, 4, 7, '2025-02-27 00:00:00'),
('12000000-0000-0000-0000-000000000024', 'e0000000-0000-0000-0000-000000000024', 'vulnerability', 18, 0, 0, 8, 10, '2026-01-18 00:00:00'),
('12000000-0000-0000-0000-000000000025', 'e0000000-0000-0000-0000-000000000025', 'vulnerability', 9, 0, 1, 3, 5, '2026-01-09 00:00:00'),
('12000000-0000-0000-0000-000000000026', 'e0000000-0000-0000-0000-000000000026', 'vulnerability', 14, 0, 4, 7, 3, '2023-08-27 00:00:00'),
('12000000-0000-0000-0000-000000000027', 'e0000000-0000-0000-0000-000000000027', 'vulnerability', 13, 0, 2, 2, 9, '2025-11-15 00:00:00'),
('12000000-0000-0000-0000-000000000028', 'e0000000-0000-0000-0000-000000000028', 'vulnerability', 12, 0, 3, 8, 1, '2024-06-17 00:00:00'),
('12000000-0000-0000-0000-000000000029', 'e0000000-0000-0000-0000-000000000029', 'vulnerability', 8, 0, 0, 6, 2, '2026-01-31 00:00:00'),
('12000000-0000-0000-0000-000000000030', 'e0000000-0000-0000-0000-000000000030', 'vulnerability', 14, 1, 4, 6, 3, '2025-12-05 00:00:00'),
('12000000-0000-0000-0000-000000000031', 'e0000000-0000-0000-0000-000000000031', 'vulnerability', 16, 0, 5, 3, 8, '2024-10-03 00:00:00'),
('12000000-0000-0000-0000-000000000032', 'e0000000-0000-0000-0000-000000000032', 'vulnerability', 12, 1, 1, 2, 8, '2025-06-12 00:00:00'),
('12000000-0000-0000-0000-000000000033', 'e0000000-0000-0000-0000-000000000033', 'vulnerability', 8, 0, 1, 1, 6, '2024-11-09 00:00:00'),
('12000000-0000-0000-0000-000000000034', 'e0000000-0000-0000-0000-000000000034', 'vulnerability', 17, 0, 4, 8, 5, '2026-01-26 00:00:00'),
('12000000-0000-0000-0000-000000000035', 'e0000000-0000-0000-0000-000000000035', 'vulnerability', 9, 0, 2, 1, 6, '2025-09-05 00:00:00'),
('12000000-0000-0000-0000-000000000036', 'e0000000-0000-0000-0000-000000000036', 'vulnerability', 18, 0, 3, 8, 7, '2025-06-04 00:00:00'),
('12000000-0000-0000-0000-000000000037', 'e0000000-0000-0000-0000-000000000037', 'vulnerability', 18, 0, 3, 6, 9, '2025-04-12 00:00:00'),
('12000000-0000-0000-0000-000000000038', 'e0000000-0000-0000-0000-000000000038', 'vulnerability', 18, 1, 0, 7, 10, '2023-12-02 00:00:00'),
('12000000-0000-0000-0000-000000000039', 'e0000000-0000-0000-0000-000000000039', 'vulnerability', 6, 0, 2, 2, 2, '2025-07-30 00:00:00'),
('12000000-0000-0000-0000-000000000040', 'e0000000-0000-0000-0000-000000000040', 'vulnerability', 14, 0, 4, 7, 3, '2024-05-25 00:00:00'),
('12000000-0000-0000-0000-000000000041', 'e0000000-0000-0000-0000-000000000041', 'vulnerability', 21, 0, 5, 6, 10, '2024-03-08 00:00:00'),
('12000000-0000-0000-0000-000000000042', 'e0000000-0000-0000-0000-000000000042', 'vulnerability', 10, 1, 0, 2, 7, '2026-02-11 00:00:00'),
('12000000-0000-0000-0000-000000000043', 'e0000000-0000-0000-0000-000000000043', 'vulnerability', 13, 0, 0, 3, 10, '2024-08-22 00:00:00'),
('12000000-0000-0000-0000-000000000044', 'e0000000-0000-0000-0000-000000000044', 'vulnerability', 10, 0, 0, 4, 6, '2025-12-16 00:00:00'),
('12000000-0000-0000-0000-000000000045', 'e0000000-0000-0000-0000-000000000045', 'vulnerability', 15, 0, 1, 8, 6, '2025-04-09 00:00:00'),
('12000000-0000-0000-0000-000000000046', 'e0000000-0000-0000-0000-000000000046', 'vulnerability', 17, 0, 4, 6, 7, '2025-07-21 00:00:00'),
('12000000-0000-0000-0000-000000000047', 'e0000000-0000-0000-0000-000000000047', 'vulnerability', 4, 0, 0, 1, 3, '2025-09-15 00:00:00'),
('12000000-0000-0000-0000-000000000048', 'e0000000-0000-0000-0000-000000000048', 'vulnerability', 12, 2, 0, 5, 5, '2024-01-06 00:00:00'),
('12000000-0000-0000-0000-000000000049', 'e0000000-0000-0000-0000-000000000049', 'vulnerability', 16, 2, 2, 8, 4, '2025-04-07 00:00:00'),
('12000000-0000-0000-0000-000000000050', 'e0000000-0000-0000-0000-000000000050', 'vulnerability', 15, 0, 5, 8, 2, '2026-02-15 00:00:00');

INSERT INTO scan_results (id, asset_id, scan_type, findings_count, critical_count, high_count, medium_count, low_count, scanned_at) VALUES
('12000000-0000-0000-0000-000000000051', 'e0000000-0000-0000-0000-000000000051', 'vulnerability', 11, 1, 2, 6, 2, '2025-07-27 00:00:00'),
('12000000-0000-0000-0000-000000000052', 'e0000000-0000-0000-0000-000000000052', 'vulnerability', 12, 2, 1, 3, 6, '2025-05-02 00:00:00'),
('12000000-0000-0000-0000-000000000053', 'e0000000-0000-0000-0000-000000000053', 'vulnerability', 15, 2, 1, 4, 8, '2025-12-09 00:00:00'),
('12000000-0000-0000-0000-000000000054', 'e0000000-0000-0000-0000-000000000054', 'vulnerability', 16, 0, 3, 3, 10, '2023-08-07 00:00:00'),
('12000000-0000-0000-0000-000000000055', 'e0000000-0000-0000-0000-000000000055', 'vulnerability', 22, 0, 5, 8, 9, '2025-09-26 00:00:00'),
('12000000-0000-0000-0000-000000000056', 'e0000000-0000-0000-0000-000000000056', 'vulnerability', 10, 1, 0, 3, 6, '2024-09-03 00:00:00'),
('12000000-0000-0000-0000-000000000057', 'e0000000-0000-0000-0000-000000000057', 'vulnerability', 13, 0, 4, 6, 3, '2025-08-07 00:00:00'),
('12000000-0000-0000-0000-000000000058', 'e0000000-0000-0000-0000-000000000058', 'vulnerability', 10, 0, 4, 3, 3, '2025-03-29 00:00:00'),
('12000000-0000-0000-0000-000000000059', 'e0000000-0000-0000-0000-000000000059', 'vulnerability', 13, 1, 4, 3, 5, '2025-08-13 00:00:00'),
('12000000-0000-0000-0000-000000000060', 'e0000000-0000-0000-0000-000000000060', 'vulnerability', 18, 2, 1, 6, 9, '2025-10-14 00:00:00'),
('12000000-0000-0000-0000-000000000061', 'e0000000-0000-0000-0000-000000000061', 'vulnerability', 9, 0, 1, 5, 3, '2025-02-19 00:00:00'),
('12000000-0000-0000-0000-000000000062', 'e0000000-0000-0000-0000-000000000062', 'vulnerability', 17, 0, 4, 3, 10, '2023-11-05 00:00:00'),
('12000000-0000-0000-0000-000000000063', 'e0000000-0000-0000-0000-000000000063', 'vulnerability', 20, 0, 4, 6, 10, '2025-03-15 00:00:00'),
('12000000-0000-0000-0000-000000000064', 'e0000000-0000-0000-0000-000000000064', 'vulnerability', 14, 0, 5, 5, 4, '2024-07-31 00:00:00'),
('12000000-0000-0000-0000-000000000065', 'e0000000-0000-0000-0000-000000000065', 'vulnerability', 17, 0, 0, 8, 9, '2025-08-02 00:00:00'),
('12000000-0000-0000-0000-000000000066', 'e0000000-0000-0000-0000-000000000066', 'vulnerability', 17, 0, 5, 7, 5, '2026-02-16 00:00:00'),
('12000000-0000-0000-0000-000000000067', 'e0000000-0000-0000-0000-000000000067', 'vulnerability', 18, 0, 3, 7, 8, '2025-08-22 00:00:00'),
('12000000-0000-0000-0000-000000000068', 'e0000000-0000-0000-0000-000000000068', 'vulnerability', 14, 0, 2, 6, 6, '2023-10-12 00:00:00'),
('12000000-0000-0000-0000-000000000069', 'e0000000-0000-0000-0000-000000000069', 'vulnerability', 13, 1, 4, 2, 6, '2025-05-02 00:00:00'),
('12000000-0000-0000-0000-000000000070', 'e0000000-0000-0000-0000-000000000070', 'vulnerability', 6, 0, 1, 3, 2, '2025-09-13 00:00:00'),
('12000000-0000-0000-0000-000000000071', 'e0000000-0000-0000-0000-000000000071', 'vulnerability', 11, 1, 3, 4, 3, '2026-01-12 00:00:00'),
('12000000-0000-0000-0000-000000000072', 'e0000000-0000-0000-0000-000000000072', 'vulnerability', 9, 0, 2, 4, 3, '2025-11-19 00:00:00'),
('12000000-0000-0000-0000-000000000073', 'e0000000-0000-0000-0000-000000000073', 'vulnerability', 11, 0, 2, 8, 1, '2025-09-18 00:00:00'),
('12000000-0000-0000-0000-000000000074', 'e0000000-0000-0000-0000-000000000074', 'vulnerability', 15, 0, 1, 4, 10, '2025-03-26 00:00:00'),
('12000000-0000-0000-0000-000000000075', 'e0000000-0000-0000-0000-000000000075', 'vulnerability', 17, 0, 4, 8, 5, '2025-04-25 00:00:00'),
('12000000-0000-0000-0000-000000000076', 'e0000000-0000-0000-0000-000000000076', 'vulnerability', 15, 0, 2, 6, 7, '2025-09-22 00:00:00'),
('12000000-0000-0000-0000-000000000077', 'e0000000-0000-0000-0000-000000000077', 'vulnerability', 14, 0, 4, 4, 6, '2025-04-07 00:00:00'),
('12000000-0000-0000-0000-000000000078', 'e0000000-0000-0000-0000-000000000078', 'vulnerability', 18, 0, 3, 5, 10, '2023-09-30 00:00:00'),
('12000000-0000-0000-0000-000000000079', 'e0000000-0000-0000-0000-000000000079', 'vulnerability', 13, 0, 0, 7, 6, '2024-05-13 00:00:00'),
('12000000-0000-0000-0000-000000000080', 'e0000000-0000-0000-0000-000000000080', 'vulnerability', 9, 0, 2, 3, 4, '2024-07-16 00:00:00'),
('12000000-0000-0000-0000-000000000081', 'e0000000-0000-0000-0000-000000000001', 'vulnerability', 4, 0, 0, 1, 3, '2025-09-01 00:00:00'),
('12000000-0000-0000-0000-000000000082', 'e0000000-0000-0000-0000-000000000002', 'vulnerability', 16, 0, 3, 3, 10, '2023-10-22 00:00:00'),
('12000000-0000-0000-0000-000000000083', 'e0000000-0000-0000-0000-000000000003', 'vulnerability', 13, 0, 4, 6, 3, '2026-01-10 00:00:00'),
('12000000-0000-0000-0000-000000000084', 'e0000000-0000-0000-0000-000000000004', 'vulnerability', 18, 1, 2, 6, 9, '2024-11-27 00:00:00'),
('12000000-0000-0000-0000-000000000085', 'e0000000-0000-0000-0000-000000000005', 'vulnerability', 17, 0, 4, 5, 8, '2024-06-12 00:00:00'),
('12000000-0000-0000-0000-000000000086', 'e0000000-0000-0000-0000-000000000006', 'vulnerability', 17, 0, 0, 7, 10, '2026-02-16 00:00:00'),
('12000000-0000-0000-0000-000000000087', 'e0000000-0000-0000-0000-000000000007', 'vulnerability', 18, 1, 4, 8, 5, '2025-08-10 00:00:00'),
('12000000-0000-0000-0000-000000000088', 'e0000000-0000-0000-0000-000000000008', 'vulnerability', 11, 2, 4, 4, 1, '2025-05-27 00:00:00'),
('12000000-0000-0000-0000-000000000089', 'e0000000-0000-0000-0000-000000000009', 'vulnerability', 15, 0, 5, 7, 3, '2024-02-04 00:00:00'),
('12000000-0000-0000-0000-000000000090', 'e0000000-0000-0000-0000-000000000010', 'vulnerability', 11, 0, 5, 2, 4, '2025-08-08 00:00:00'),
('12000000-0000-0000-0000-000000000091', 'e0000000-0000-0000-0000-000000000011', 'vulnerability', 14, 0, 3, 4, 7, '2026-01-08 00:00:00'),
('12000000-0000-0000-0000-000000000092', 'e0000000-0000-0000-0000-000000000012', 'vulnerability', 11, 2, 5, 1, 3, '2025-12-13 00:00:00'),
('12000000-0000-0000-0000-000000000093', 'e0000000-0000-0000-0000-000000000013', 'vulnerability', 22, 0, 5, 8, 9, '2025-05-28 00:00:00'),
('12000000-0000-0000-0000-000000000094', 'e0000000-0000-0000-0000-000000000014', 'vulnerability', 19, 0, 4, 6, 9, '2026-02-12 00:00:00'),
('12000000-0000-0000-0000-000000000095', 'e0000000-0000-0000-0000-000000000015', 'vulnerability', 21, 1, 5, 5, 10, '2025-07-05 00:00:00'),
('12000000-0000-0000-0000-000000000096', 'e0000000-0000-0000-0000-000000000016', 'vulnerability', 11, 0, 2, 4, 5, '2025-05-22 00:00:00'),
('12000000-0000-0000-0000-000000000097', 'e0000000-0000-0000-0000-000000000017', 'vulnerability', 19, 0, 5, 8, 6, '2025-12-12 00:00:00'),
('12000000-0000-0000-0000-000000000098', 'e0000000-0000-0000-0000-000000000018', 'vulnerability', 17, 2, 5, 5, 5, '2026-02-10 00:00:00'),
('12000000-0000-0000-0000-000000000099', 'e0000000-0000-0000-0000-000000000019', 'vulnerability', 12, 0, 3, 6, 3, '2025-07-26 00:00:00'),
('12000000-0000-0000-0000-000000000100', 'e0000000-0000-0000-0000-000000000020', 'vulnerability', 16, 2, 0, 6, 8, '2025-07-05 00:00:00');

INSERT INTO scan_results (id, asset_id, scan_type, findings_count, critical_count, high_count, medium_count, low_count, scanned_at) VALUES
('12000000-0000-0000-0000-000000000101', 'e0000000-0000-0000-0000-000000000021', 'vulnerability', 15, 0, 1, 5, 9, '2023-10-19 00:00:00'),
('12000000-0000-0000-0000-000000000102', 'e0000000-0000-0000-0000-000000000022', 'vulnerability', 13, 0, 5, 4, 4, '2025-11-27 00:00:00'),
('12000000-0000-0000-0000-000000000103', 'e0000000-0000-0000-0000-000000000023', 'vulnerability', 4, 0, 1, 1, 2, '2025-10-28 00:00:00'),
('12000000-0000-0000-0000-000000000104', 'e0000000-0000-0000-0000-000000000024', 'vulnerability', 11, 0, 1, 1, 9, '2023-11-09 00:00:00'),
('12000000-0000-0000-0000-000000000105', 'e0000000-0000-0000-0000-000000000025', 'vulnerability', 15, 0, 3, 8, 4, '2024-03-21 00:00:00'),
('12000000-0000-0000-0000-000000000106', 'e0000000-0000-0000-0000-000000000026', 'vulnerability', 8, 0, 5, 1, 2, '2024-01-24 00:00:00'),
('12000000-0000-0000-0000-000000000107', 'e0000000-0000-0000-0000-000000000027', 'vulnerability', 9, 0, 5, 1, 3, '2025-05-30 00:00:00'),
('12000000-0000-0000-0000-000000000108', 'e0000000-0000-0000-0000-000000000028', 'vulnerability', 17, 2, 0, 7, 8, '2025-07-27 00:00:00'),
('12000000-0000-0000-0000-000000000109', 'e0000000-0000-0000-0000-000000000029', 'vulnerability', 17, 2, 0, 5, 10, '2026-01-06 00:00:00'),
('12000000-0000-0000-0000-000000000110', 'e0000000-0000-0000-0000-000000000030', 'vulnerability', 21, 2, 2, 8, 9, '2025-05-08 00:00:00'),
('12000000-0000-0000-0000-000000000111', 'e0000000-0000-0000-0000-000000000031', 'vulnerability', 13, 1, 3, 5, 4, '2024-05-04 00:00:00'),
('12000000-0000-0000-0000-000000000112', 'e0000000-0000-0000-0000-000000000032', 'vulnerability', 11, 0, 3, 5, 3, '2025-08-20 00:00:00'),
('12000000-0000-0000-0000-000000000113', 'e0000000-0000-0000-0000-000000000033', 'vulnerability', 12, 1, 4, 4, 3, '2025-03-16 00:00:00'),
('12000000-0000-0000-0000-000000000114', 'e0000000-0000-0000-0000-000000000034', 'vulnerability', 13, 2, 3, 6, 2, '2025-04-18 00:00:00'),
('12000000-0000-0000-0000-000000000115', 'e0000000-0000-0000-0000-000000000035', 'vulnerability', 15, 0, 1, 8, 6, '2023-06-07 00:00:00'),
('12000000-0000-0000-0000-000000000116', 'e0000000-0000-0000-0000-000000000036', 'vulnerability', 14, 0, 1, 8, 5, '2024-04-05 00:00:00'),
('12000000-0000-0000-0000-000000000117', 'e0000000-0000-0000-0000-000000000037', 'vulnerability', 10, 0, 4, 1, 5, '2025-05-10 00:00:00'),
('12000000-0000-0000-0000-000000000118', 'e0000000-0000-0000-0000-000000000038', 'vulnerability', 15, 0, 5, 2, 8, '2025-09-24 00:00:00'),
('12000000-0000-0000-0000-000000000119', 'e0000000-0000-0000-0000-000000000039', 'vulnerability', 13, 1, 5, 5, 2, '2026-01-19 00:00:00'),
('12000000-0000-0000-0000-000000000120', 'e0000000-0000-0000-0000-000000000040', 'vulnerability', 12, 0, 4, 4, 4, '2024-10-02 00:00:00'),
('12000000-0000-0000-0000-000000000121', 'e0000000-0000-0000-0000-000000000041', 'compliance', 18, 0, 5, 6, 7, '2025-12-21 00:00:00'),
('12000000-0000-0000-0000-000000000122', 'e0000000-0000-0000-0000-000000000042', 'compliance', 12, 0, 4, 4, 4, '2025-01-31 00:00:00'),
('12000000-0000-0000-0000-000000000123', 'e0000000-0000-0000-0000-000000000043', 'compliance', 18, 1, 0, 8, 9, '2023-08-19 00:00:00'),
('12000000-0000-0000-0000-000000000124', 'e0000000-0000-0000-0000-000000000044', 'compliance', 12, 2, 0, 1, 9, '2023-12-25 00:00:00'),
('12000000-0000-0000-0000-000000000125', 'e0000000-0000-0000-0000-000000000045', 'compliance', 10, 0, 1, 3, 6, '2024-08-26 00:00:00'),
('12000000-0000-0000-0000-000000000126', 'e0000000-0000-0000-0000-000000000046', 'compliance', 11, 0, 1, 8, 2, '2024-08-30 00:00:00'),
('12000000-0000-0000-0000-000000000127', 'e0000000-0000-0000-0000-000000000047', 'compliance', 16, 1, 3, 3, 9, '2025-12-14 00:00:00'),
('12000000-0000-0000-0000-000000000128', 'e0000000-0000-0000-0000-000000000048', 'compliance', 9, 0, 3, 5, 1, '2025-03-02 00:00:00'),
('12000000-0000-0000-0000-000000000129', 'e0000000-0000-0000-0000-000000000049', 'compliance', 8, 1, 4, 2, 1, '2026-02-22 00:00:00'),
('12000000-0000-0000-0000-000000000130', 'e0000000-0000-0000-0000-000000000050', 'compliance', 10, 0, 0, 2, 8, '2025-09-26 00:00:00'),
('12000000-0000-0000-0000-000000000131', 'e0000000-0000-0000-0000-000000000051', 'compliance', 14, 0, 1, 7, 6, '2024-06-26 00:00:00'),
('12000000-0000-0000-0000-000000000132', 'e0000000-0000-0000-0000-000000000052', 'compliance', 12, 0, 3, 7, 2, '2025-04-08 00:00:00'),
('12000000-0000-0000-0000-000000000133', 'e0000000-0000-0000-0000-000000000053', 'compliance', 10, 1, 1, 6, 2, '2025-12-01 00:00:00'),
('12000000-0000-0000-0000-000000000134', 'e0000000-0000-0000-0000-000000000054', 'compliance', 6, 0, 1, 4, 1, '2026-02-26 00:00:00'),
('12000000-0000-0000-0000-000000000135', 'e0000000-0000-0000-0000-000000000055', 'compliance', 21, 0, 5, 7, 9, '2025-06-26 00:00:00'),
('12000000-0000-0000-0000-000000000136', 'e0000000-0000-0000-0000-000000000056', 'compliance', 10, 0, 2, 3, 5, '2025-04-27 00:00:00'),
('12000000-0000-0000-0000-000000000137', 'e0000000-0000-0000-0000-000000000057', 'compliance', 22, 0, 5, 7, 10, '2025-11-21 00:00:00'),
('12000000-0000-0000-0000-000000000138', 'e0000000-0000-0000-0000-000000000058', 'compliance', 9, 2, 1, 4, 2, '2025-03-18 00:00:00'),
('12000000-0000-0000-0000-000000000139', 'e0000000-0000-0000-0000-000000000059', 'compliance', 10, 0, 5, 1, 4, '2024-07-16 00:00:00'),
('12000000-0000-0000-0000-000000000140', 'e0000000-0000-0000-0000-000000000060', 'compliance', 9, 0, 4, 4, 1, '2025-07-27 00:00:00'),
('12000000-0000-0000-0000-000000000141', 'e0000000-0000-0000-0000-000000000061', 'compliance', 21, 0, 5, 6, 10, '2026-02-08 00:00:00'),
('12000000-0000-0000-0000-000000000142', 'e0000000-0000-0000-0000-000000000062', 'compliance', 10, 1, 1, 5, 3, '2024-11-15 00:00:00'),
('12000000-0000-0000-0000-000000000143', 'e0000000-0000-0000-0000-000000000063', 'compliance', 8, 0, 2, 5, 1, '2025-12-28 00:00:00'),
('12000000-0000-0000-0000-000000000144', 'e0000000-0000-0000-0000-000000000064', 'compliance', 19, 2, 1, 7, 9, '2025-08-24 00:00:00'),
('12000000-0000-0000-0000-000000000145', 'e0000000-0000-0000-0000-000000000065', 'compliance', 23, 2, 5, 7, 9, '2025-09-30 00:00:00'),
('12000000-0000-0000-0000-000000000146', 'e0000000-0000-0000-0000-000000000066', 'compliance', 12, 0, 2, 7, 3, '2024-09-27 00:00:00'),
('12000000-0000-0000-0000-000000000147', 'e0000000-0000-0000-0000-000000000067', 'compliance', 9, 0, 1, 5, 3, '2025-12-23 00:00:00'),
('12000000-0000-0000-0000-000000000148', 'e0000000-0000-0000-0000-000000000068', 'compliance', 19, 0, 3, 7, 9, '2025-09-15 00:00:00'),
('12000000-0000-0000-0000-000000000149', 'e0000000-0000-0000-0000-000000000069', 'compliance', 9, 0, 1, 6, 2, '2025-10-15 00:00:00'),
('12000000-0000-0000-0000-000000000150', 'e0000000-0000-0000-0000-000000000070', 'compliance', 9, 0, 4, 4, 1, '2026-02-08 00:00:00');

INSERT INTO scan_results (id, asset_id, scan_type, findings_count, critical_count, high_count, medium_count, low_count, scanned_at) VALUES
('12000000-0000-0000-0000-000000000151', 'e0000000-0000-0000-0000-000000000071', 'compliance', 6, 0, 0, 2, 4, '2025-01-22 00:00:00'),
('12000000-0000-0000-0000-000000000152', 'e0000000-0000-0000-0000-000000000072', 'compliance', 17, 1, 4, 4, 8, '2025-08-18 00:00:00'),
('12000000-0000-0000-0000-000000000153', 'e0000000-0000-0000-0000-000000000073', 'compliance', 8, 0, 0, 4, 4, '2023-09-29 00:00:00'),
('12000000-0000-0000-0000-000000000154', 'e0000000-0000-0000-0000-000000000074', 'compliance', 18, 1, 3, 4, 10, '2024-07-11 00:00:00'),
('12000000-0000-0000-0000-000000000155', 'e0000000-0000-0000-0000-000000000075', 'compliance', 17, 2, 4, 6, 5, '2025-11-29 00:00:00'),
('12000000-0000-0000-0000-000000000156', 'e0000000-0000-0000-0000-000000000076', 'compliance', 14, 1, 2, 5, 6, '2025-11-10 00:00:00'),
('12000000-0000-0000-0000-000000000157', 'e0000000-0000-0000-0000-000000000077', 'compliance', 19, 0, 5, 8, 6, '2024-06-14 00:00:00'),
('12000000-0000-0000-0000-000000000158', 'e0000000-0000-0000-0000-000000000078', 'compliance', 7, 0, 0, 4, 3, '2025-12-09 00:00:00'),
('12000000-0000-0000-0000-000000000159', 'e0000000-0000-0000-0000-000000000079', 'compliance', 18, 2, 4, 7, 5, '2025-08-16 00:00:00'),
('12000000-0000-0000-0000-000000000160', 'e0000000-0000-0000-0000-000000000080', 'compliance', 16, 0, 4, 4, 8, '2026-02-14 00:00:00'),
('12000000-0000-0000-0000-000000000161', 'e0000000-0000-0000-0000-000000000001', 'compliance', 19, 0, 3, 8, 8, '2025-08-28 00:00:00'),
('12000000-0000-0000-0000-000000000162', 'e0000000-0000-0000-0000-000000000002', 'compliance', 16, 0, 5, 8, 3, '2024-12-07 00:00:00'),
('12000000-0000-0000-0000-000000000163', 'e0000000-0000-0000-0000-000000000003', 'compliance', 5, 2, 0, 1, 2, '2025-04-15 00:00:00'),
('12000000-0000-0000-0000-000000000164', 'e0000000-0000-0000-0000-000000000004', 'compliance', 10, 0, 0, 7, 3, '2024-01-23 00:00:00'),
('12000000-0000-0000-0000-000000000165', 'e0000000-0000-0000-0000-000000000005', 'compliance', 6, 0, 1, 1, 4, '2025-09-08 00:00:00'),
('12000000-0000-0000-0000-000000000166', 'e0000000-0000-0000-0000-000000000006', 'compliance', 21, 0, 5, 8, 8, '2025-11-28 00:00:00'),
('12000000-0000-0000-0000-000000000167', 'e0000000-0000-0000-0000-000000000007', 'compliance', 10, 0, 0, 1, 9, '2024-11-30 00:00:00'),
('12000000-0000-0000-0000-000000000168', 'e0000000-0000-0000-0000-000000000008', 'compliance', 12, 2, 0, 7, 3, '2025-04-19 00:00:00'),
('12000000-0000-0000-0000-000000000169', 'e0000000-0000-0000-0000-000000000009', 'compliance', 15, 0, 1, 4, 10, '2025-08-29 00:00:00'),
('12000000-0000-0000-0000-000000000170', 'e0000000-0000-0000-0000-000000000010', 'compliance', 11, 0, 3, 2, 6, '2024-09-13 00:00:00'),
('12000000-0000-0000-0000-000000000171', 'e0000000-0000-0000-0000-000000000011', 'penetration_test', 14, 0, 5, 4, 5, '2025-10-16 00:00:00'),
('12000000-0000-0000-0000-000000000172', 'e0000000-0000-0000-0000-000000000012', 'penetration_test', 8, 0, 5, 1, 2, '2025-09-10 00:00:00'),
('12000000-0000-0000-0000-000000000173', 'e0000000-0000-0000-0000-000000000013', 'penetration_test', 4, 0, 0, 1, 3, '2025-10-09 00:00:00'),
('12000000-0000-0000-0000-000000000174', 'e0000000-0000-0000-0000-000000000014', 'penetration_test', 14, 1, 2, 2, 9, '2024-01-22 00:00:00'),
('12000000-0000-0000-0000-000000000175', 'e0000000-0000-0000-0000-000000000015', 'penetration_test', 18, 0, 5, 8, 5, '2025-04-08 00:00:00'),
('12000000-0000-0000-0000-000000000176', 'e0000000-0000-0000-0000-000000000016', 'penetration_test', 7, 1, 2, 1, 3, '2024-04-18 00:00:00'),
('12000000-0000-0000-0000-000000000177', 'e0000000-0000-0000-0000-000000000017', 'penetration_test', 11, 0, 1, 3, 7, '2024-04-02 00:00:00'),
('12000000-0000-0000-0000-000000000178', 'e0000000-0000-0000-0000-000000000018', 'penetration_test', 17, 0, 1, 7, 9, '2025-05-11 00:00:00'),
('12000000-0000-0000-0000-000000000179', 'e0000000-0000-0000-0000-000000000019', 'penetration_test', 17, 1, 5, 2, 9, '2024-05-20 00:00:00'),
('12000000-0000-0000-0000-000000000180', 'e0000000-0000-0000-0000-000000000020', 'penetration_test', 9, 0, 3, 4, 2, '2026-01-09 00:00:00'),
('12000000-0000-0000-0000-000000000181', 'e0000000-0000-0000-0000-000000000021', 'penetration_test', 12, 2, 3, 6, 1, '2025-08-11 00:00:00'),
('12000000-0000-0000-0000-000000000182', 'e0000000-0000-0000-0000-000000000022', 'penetration_test', 15, 2, 3, 4, 6, '2025-09-09 00:00:00'),
('12000000-0000-0000-0000-000000000183', 'e0000000-0000-0000-0000-000000000023', 'penetration_test', 14, 0, 5, 7, 2, '2024-03-29 00:00:00'),
('12000000-0000-0000-0000-000000000184', 'e0000000-0000-0000-0000-000000000024', 'penetration_test', 10, 1, 5, 2, 2, '2025-09-11 00:00:00'),
('12000000-0000-0000-0000-000000000185', 'e0000000-0000-0000-0000-000000000025', 'penetration_test', 16, 1, 5, 3, 7, '2025-04-24 00:00:00'),
('12000000-0000-0000-0000-000000000186', 'e0000000-0000-0000-0000-000000000026', 'penetration_test', 16, 0, 2, 8, 6, '2023-09-13 00:00:00'),
('12000000-0000-0000-0000-000000000187', 'e0000000-0000-0000-0000-000000000027', 'penetration_test', 16, 0, 1, 7, 8, '2025-11-18 00:00:00'),
('12000000-0000-0000-0000-000000000188', 'e0000000-0000-0000-0000-000000000028', 'penetration_test', 8, 0, 0, 2, 6, '2025-12-31 00:00:00'),
('12000000-0000-0000-0000-000000000189', 'e0000000-0000-0000-0000-000000000029', 'penetration_test', 10, 0, 2, 7, 1, '2025-09-15 00:00:00'),
('12000000-0000-0000-0000-000000000190', 'e0000000-0000-0000-0000-000000000030', 'penetration_test', 20, 1, 5, 4, 10, '2026-02-14 00:00:00'),
('12000000-0000-0000-0000-000000000191', 'e0000000-0000-0000-0000-000000000031', 'penetration_test', 11, 0, 1, 5, 5, '2025-05-14 00:00:00'),
('12000000-0000-0000-0000-000000000192', 'e0000000-0000-0000-0000-000000000032', 'penetration_test', 15, 0, 3, 5, 7, '2025-04-09 00:00:00'),
('12000000-0000-0000-0000-000000000193', 'e0000000-0000-0000-0000-000000000033', 'penetration_test', 19, 0, 1, 8, 10, '2024-09-11 00:00:00'),
('12000000-0000-0000-0000-000000000194', 'e0000000-0000-0000-0000-000000000034', 'penetration_test', 10, 0, 2, 1, 7, '2026-01-12 00:00:00'),
('12000000-0000-0000-0000-000000000195', 'e0000000-0000-0000-0000-000000000035', 'penetration_test', 16, 0, 2, 8, 6, '2026-01-28 00:00:00'),
('12000000-0000-0000-0000-000000000196', 'e0000000-0000-0000-0000-000000000036', 'penetration_test', 14, 2, 1, 5, 6, '2025-05-12 00:00:00'),
('12000000-0000-0000-0000-000000000197', 'e0000000-0000-0000-0000-000000000037', 'penetration_test', 12, 0, 2, 3, 7, '2024-03-25 00:00:00'),
('12000000-0000-0000-0000-000000000198', 'e0000000-0000-0000-0000-000000000038', 'penetration_test', 24, 1, 5, 8, 10, '2024-04-29 00:00:00'),
('12000000-0000-0000-0000-000000000199', 'e0000000-0000-0000-0000-000000000039', 'penetration_test', 11, 0, 3, 6, 2, '2023-12-22 00:00:00'),
('12000000-0000-0000-0000-000000000200', 'e0000000-0000-0000-0000-000000000040', 'penetration_test', 16, 0, 4, 3, 9, '2025-10-23 00:00:00');
