CREATE TABLE customers (
  id UUID PRIMARY KEY DEFAULT gen_random_uuid(),
  email VARCHAR(255) NOT NULL UNIQUE,
  first_name VARCHAR(100) NOT NULL,
  last_name VARCHAR(100) NOT NULL,
  phone VARCHAR(50),
  city VARCHAR(100),
  country VARCHAR(100) NOT NULL DEFAULT 'US',
  lifetime_value_cents INTEGER NOT NULL DEFAULT 0,
  created_at TIMESTAMP NOT NULL DEFAULT now()
);

CREATE TABLE categories (
  id UUID PRIMARY KEY DEFAULT gen_random_uuid(),
  name VARCHAR(100) NOT NULL,
  slug VARCHAR(100) NOT NULL UNIQUE,
  parent_id UUID REFERENCES categories(id)
);

CREATE TABLE products (
  id UUID PRIMARY KEY DEFAULT gen_random_uuid(),
  name VARCHAR(255) NOT NULL,
  description TEXT,
  category_id UUID REFERENCES categories(id),
  price_cents INTEGER NOT NULL,
  compare_at_price_cents INTEGER,
  brand VARCHAR(100),
  sku VARCHAR(50) NOT NULL UNIQUE,
  rating NUMERIC(2,1) DEFAULT 0,
  review_count INTEGER DEFAULT 0,
  in_stock BOOLEAN NOT NULL DEFAULT true,
  created_at TIMESTAMP NOT NULL DEFAULT now()
);

CREATE TABLE orders (
  id UUID PRIMARY KEY DEFAULT gen_random_uuid(),
  customer_id UUID NOT NULL REFERENCES customers(id),
  status VARCHAR(50) NOT NULL DEFAULT 'pending',
  total_cents INTEGER NOT NULL,
  discount_cents INTEGER NOT NULL DEFAULT 0,
  currency VARCHAR(3) NOT NULL DEFAULT 'USD',
  ordered_at TIMESTAMP NOT NULL DEFAULT now(),
  shipped_at TIMESTAMP,
  delivered_at TIMESTAMP
);

CREATE TABLE order_items (
  id UUID PRIMARY KEY DEFAULT gen_random_uuid(),
  order_id UUID NOT NULL REFERENCES orders(id),
  product_id UUID NOT NULL REFERENCES products(id),
  quantity INTEGER NOT NULL DEFAULT 1,
  unit_price_cents INTEGER NOT NULL
);

CREATE TABLE reviews (
  id UUID PRIMARY KEY DEFAULT gen_random_uuid(),
  product_id UUID NOT NULL REFERENCES products(id),
  customer_id UUID NOT NULL REFERENCES customers(id),
  rating INTEGER NOT NULL,
  title VARCHAR(255),
  body TEXT,
  verified_purchase BOOLEAN NOT NULL DEFAULT false,
  created_at TIMESTAMP NOT NULL DEFAULT now()
);

INSERT INTO customers (id, email, first_name, last_name, phone, city, country, lifetime_value_cents, created_at) VALUES
('e0000000-0000-0000-0000-000000000001', 'sarah@example.com', 'Sarah', 'Connor', '555-0101', 'Los Angeles', 'US', 45000, '2024-01-05'),
('e0000000-0000-0000-0000-000000000002', 'john@example.com', 'John', 'Doe', '555-0102', 'New York', 'US', 23400, '2024-01-12'),
('e0000000-0000-0000-0000-000000000003', 'jane@example.com', 'Jane', 'Smith', '555-0103', 'Chicago', 'US', 67800, '2024-02-01'),
('e0000000-0000-0000-0000-000000000004', 'mike@example.com', 'Mike', 'Johnson', '555-0104', 'Houston', 'US', 12300, '2024-02-15'),
('e0000000-0000-0000-0000-000000000005', 'emily@example.com', 'Emily', 'Davis', '555-0105', 'Phoenix', 'US', 89100, '2024-03-01'),
('e0000000-0000-0000-0000-000000000006', 'alex@example.com', 'Alex', 'Wilson', '555-0106', 'San Antonio', 'US', 34500, '2024-03-10'),
('e0000000-0000-0000-0000-000000000007', 'lisa@example.com', 'Lisa', 'Brown', '555-0107', 'San Diego', 'US', 56200, '2024-04-01'),
('e0000000-0000-0000-0000-000000000008', 'chris@example.com', 'Chris', 'Taylor', '555-0108', 'Dallas', 'US', 78900, '2024-04-15'),
('e0000000-0000-0000-0000-000000000009', 'amanda@example.com', 'Amanda', 'Martinez', '555-0109', 'San Jose', 'US', 19800, '2024-05-01'),
('e0000000-0000-0000-0000-000000000010', 'david@example.com', 'David', 'Anderson', '555-0110', 'Austin', 'US', 41200, '2024-05-20'),
('e0000000-0000-0000-0000-000000000011', 'rachel@example.com', 'Rachel', 'Thomas', '555-0111', 'Seattle', 'US', 53600, '2024-06-01'),
('e0000000-0000-0000-0000-000000000012', 'tom@example.com', 'Tom', 'Jackson', '555-0112', 'Denver', 'US', 27800, '2024-06-15'),
('e0000000-0000-0000-0000-000000000013', 'nina@example.com', 'Nina', 'White', '555-0113', 'Boston', 'US', 62400, '2024-07-01'),
('e0000000-0000-0000-0000-000000000014', 'kevin@example.com', 'Kevin', 'Harris', '555-0114', 'Portland', 'US', 15700, '2024-07-20'),
('e0000000-0000-0000-0000-000000000015', 'maria@example.com', 'Maria', 'Garcia', '555-0115', 'Miami', 'US', 48900, '2024-08-01');

INSERT INTO categories (id, name, slug, parent_id) VALUES
('f0000000-0000-0000-0000-000000000001', 'Electronics', 'electronics', NULL),
('f0000000-0000-0000-0000-000000000002', 'Clothing', 'clothing', NULL),
('f0000000-0000-0000-0000-000000000003', 'Books', 'books', NULL),
('f0000000-0000-0000-0000-000000000004', 'Home & Garden', 'home-garden', NULL),
('f0000000-0000-0000-0000-000000000005', 'Sports', 'sports', NULL),
('f0000000-0000-0000-0000-000000000006', 'Food & Beverages', 'food-beverages', NULL);

INSERT INTO products (id, name, description, category_id, price_cents, compare_at_price_cents, brand, sku, rating, review_count, in_stock, created_at) VALUES
('10000000-0000-0000-0000-000000000001', 'Wireless Headphones', 'Premium noise-canceling wireless headphones', 'f0000000-0000-0000-0000-000000000001', 14999, 19999, 'AudioMax', 'AUD-WH-001', 4.5, 128, true, '2024-01-01'),
('10000000-0000-0000-0000-000000000002', 'Smart Watch Pro', 'Advanced fitness tracking smartwatch', 'f0000000-0000-0000-0000-000000000001', 29999, 34999, 'TechWear', 'TW-SW-002', 4.2, 89, true, '2024-01-15'),
('10000000-0000-0000-0000-000000000003', 'USB-C Hub', '7-in-1 USB-C multiport adapter', 'f0000000-0000-0000-0000-000000000001', 4999, NULL, 'ConnectPro', 'CP-HUB-003', 4.7, 245, true, '2024-02-01'),
('10000000-0000-0000-0000-000000000004', 'Cotton T-Shirt', 'Premium organic cotton crew neck', 'f0000000-0000-0000-0000-000000000002', 2499, 3499, 'EcoWear', 'EW-TS-004', 4.3, 67, true, '2024-02-10'),
('10000000-0000-0000-0000-000000000005', 'Running Jacket', 'Lightweight waterproof running jacket', 'f0000000-0000-0000-0000-000000000002', 8999, NULL, 'RunFit', 'RF-RJ-005', 4.1, 34, true, '2024-02-20'),
('10000000-0000-0000-0000-000000000006', 'Denim Jeans', 'Classic slim-fit denim jeans', 'f0000000-0000-0000-0000-000000000002', 5999, 7999, 'DenimCo', 'DC-DJ-006', 4.4, 156, true, '2024-03-01'),
('10000000-0000-0000-0000-000000000007', 'SQL Mastery', 'Complete guide to SQL and databases', 'f0000000-0000-0000-0000-000000000003', 3999, NULL, 'TechPress', 'TP-BK-007', 4.8, 312, true, '2024-03-10'),
('10000000-0000-0000-0000-000000000008', 'Clean Code', 'Best practices for writing maintainable code', 'f0000000-0000-0000-0000-000000000003', 4499, NULL, 'DevBooks', 'DB-BK-008', 4.6, 198, true, '2024-03-15'),
('10000000-0000-0000-0000-000000000009', 'Data Structures', 'Algorithms and data structures handbook', 'f0000000-0000-0000-0000-000000000003', 3499, 3999, 'TechPress', 'TP-BK-009', 4.4, 87, true, '2024-04-01'),
('10000000-0000-0000-0000-000000000010', 'Standing Desk', 'Electric height-adjustable standing desk', 'f0000000-0000-0000-0000-000000000004', 49999, 59999, 'ErgoDesk', 'ED-SD-010', 4.6, 73, true, '2024-04-10'),
('10000000-0000-0000-0000-000000000011', 'LED Desk Lamp', 'Smart LED desk lamp with USB charging', 'f0000000-0000-0000-0000-000000000004', 3999, NULL, 'LightTech', 'LT-DL-011', 4.3, 45, true, '2024-04-20'),
('10000000-0000-0000-0000-000000000012', 'Plant Pot Set', 'Set of 3 ceramic plant pots', 'f0000000-0000-0000-0000-000000000004', 2999, NULL, 'GreenHome', 'GH-PP-012', 4.1, 28, true, '2024-05-01'),
('10000000-0000-0000-0000-000000000013', 'Yoga Mat', 'Non-slip premium yoga mat', 'f0000000-0000-0000-0000-000000000005', 3499, 4499, 'FlexFit', 'FF-YM-013', 4.5, 92, true, '2024-05-10'),
('10000000-0000-0000-0000-000000000014', 'Resistance Bands', 'Set of 5 resistance bands', 'f0000000-0000-0000-0000-000000000005', 1999, NULL, 'FlexFit', 'FF-RB-014', 4.2, 156, true, '2024-05-20'),
('10000000-0000-0000-0000-000000000015', 'Water Bottle', 'Insulated stainless steel water bottle', 'f0000000-0000-0000-0000-000000000005', 2499, 2999, 'HydroMax', 'HM-WB-015', 4.7, 234, true, '2024-06-01'),
('10000000-0000-0000-0000-000000000016', 'Coffee Beans', 'Premium single-origin coffee beans 1kg', 'f0000000-0000-0000-0000-000000000006', 1899, NULL, 'BeanCraft', 'BC-CB-016', 4.6, 189, true, '2024-06-10'),
('10000000-0000-0000-0000-000000000017', 'Protein Bars', 'Box of 12 chocolate protein bars', 'f0000000-0000-0000-0000-000000000006', 2999, 3499, 'NutriMax', 'NM-PB-017', 4.0, 67, true, '2024-06-20'),
('10000000-0000-0000-0000-000000000018', 'Green Tea Set', 'Japanese green tea variety pack', 'f0000000-0000-0000-0000-000000000006', 2499, NULL, 'TeaHouse', 'TH-GT-018', 4.4, 43, true, '2024-07-01'),
('10000000-0000-0000-0000-000000000019', 'Mechanical Keyboard', 'RGB mechanical gaming keyboard', 'f0000000-0000-0000-0000-000000000001', 12999, 15999, 'KeyTech', 'KT-MK-019', 4.5, 178, true, '2024-07-10'),
('10000000-0000-0000-0000-000000000020', 'Hiking Boots', 'Waterproof leather hiking boots', 'f0000000-0000-0000-0000-000000000005', 13999, 16999, 'TrailPro', 'TP-HB-020', 4.3, 56, false, '2024-07-20');

INSERT INTO orders (id, customer_id, status, total_cents, discount_cents, currency, ordered_at, shipped_at, delivered_at) VALUES
('20000000-0000-0000-0000-000000000001', 'e0000000-0000-0000-0000-000000000001', 'delivered', 14999, 0, 'USD', '2024-06-01', '2024-06-02', '2024-06-05'),
('20000000-0000-0000-0000-000000000002', 'e0000000-0000-0000-0000-000000000002', 'delivered', 29999, 500, 'USD', '2024-06-05', '2024-06-06', '2024-06-09'),
('20000000-0000-0000-0000-000000000003', 'e0000000-0000-0000-0000-000000000003', 'delivered', 54998, 0, 'USD', '2024-06-10', '2024-06-11', '2024-06-14'),
('20000000-0000-0000-0000-000000000004', 'e0000000-0000-0000-0000-000000000004', 'shipped', 8999, 0, 'USD', '2024-07-01', '2024-07-02', NULL),
('20000000-0000-0000-0000-000000000005', 'e0000000-0000-0000-0000-000000000005', 'delivered', 49999, 5000, 'USD', '2024-07-05', '2024-07-07', '2024-07-12'),
('20000000-0000-0000-0000-000000000006', 'e0000000-0000-0000-0000-000000000001', 'delivered', 7498, 0, 'USD', '2024-07-10', '2024-07-11', '2024-07-14'),
('20000000-0000-0000-0000-000000000007', 'e0000000-0000-0000-0000-000000000006', 'pending', 12999, 0, 'USD', '2024-08-01', NULL, NULL),
('20000000-0000-0000-0000-000000000008', 'e0000000-0000-0000-0000-000000000007', 'delivered', 3999, 0, 'USD', '2024-08-05', '2024-08-06', '2024-08-09'),
('20000000-0000-0000-0000-000000000009', 'e0000000-0000-0000-0000-000000000008', 'shipped', 17498, 1000, 'USD', '2024-08-10', '2024-08-12', NULL),
('20000000-0000-0000-0000-000000000010', 'e0000000-0000-0000-0000-000000000009', 'delivered', 2499, 0, 'USD', '2024-08-15', '2024-08-16', '2024-08-19'),
('20000000-0000-0000-0000-000000000011', 'e0000000-0000-0000-0000-000000000010', 'cancelled', 5999, 0, 'USD', '2024-09-01', NULL, NULL),
('20000000-0000-0000-0000-000000000012', 'e0000000-0000-0000-0000-000000000011', 'delivered', 4499, 0, 'USD', '2024-09-05', '2024-09-06', '2024-09-09'),
('20000000-0000-0000-0000-000000000013', 'e0000000-0000-0000-0000-000000000012', 'delivered', 6498, 0, 'USD', '2024-09-10', '2024-09-11', '2024-09-14'),
('20000000-0000-0000-0000-000000000014', 'e0000000-0000-0000-0000-000000000013', 'pending', 14999, 2000, 'USD', '2024-10-01', NULL, NULL),
('20000000-0000-0000-0000-000000000015', 'e0000000-0000-0000-0000-000000000014', 'delivered', 1899, 0, 'USD', '2024-10-05', '2024-10-06', '2024-10-09'),
('20000000-0000-0000-0000-000000000016', 'e0000000-0000-0000-0000-000000000015', 'shipped', 3499, 0, 'USD', '2024-10-10', '2024-10-11', NULL),
('20000000-0000-0000-0000-000000000017', 'e0000000-0000-0000-0000-000000000003', 'delivered', 2999, 0, 'USD', '2024-10-15', '2024-10-16', '2024-10-19'),
('20000000-0000-0000-0000-000000000018', 'e0000000-0000-0000-0000-000000000005', 'delivered', 8998, 0, 'USD', '2024-11-01', '2024-11-02', '2024-11-05'),
('20000000-0000-0000-0000-000000000019', 'e0000000-0000-0000-0000-000000000001', 'pending', 29999, 0, 'USD', '2024-11-10', NULL, NULL),
('20000000-0000-0000-0000-000000000020', 'e0000000-0000-0000-0000-000000000008', 'delivered', 3499, 0, 'USD', '2024-11-15', '2024-11-16', '2024-11-19'),
('20000000-0000-0000-0000-000000000021', 'e0000000-0000-0000-0000-000000000002', 'shipped', 1999, 0, 'USD', '2024-12-01', '2024-12-02', NULL),
('20000000-0000-0000-0000-000000000022', 'e0000000-0000-0000-0000-000000000006', 'delivered', 2499, 0, 'USD', '2024-12-05', '2024-12-06', '2024-12-09'),
('20000000-0000-0000-0000-000000000023', 'e0000000-0000-0000-0000-000000000011', 'delivered', 4999, 0, 'USD', '2024-12-10', '2024-12-11', '2024-12-14'),
('20000000-0000-0000-0000-000000000024', 'e0000000-0000-0000-0000-000000000013', 'pending', 2999, 0, 'USD', '2025-01-02', NULL, NULL),
('20000000-0000-0000-0000-000000000025', 'e0000000-0000-0000-0000-000000000015', 'shipped', 13999, 0, 'USD', '2025-01-05', '2025-01-06', NULL);

INSERT INTO order_items (id, order_id, product_id, quantity, unit_price_cents) VALUES
('30000000-0000-0000-0000-000000000001', '20000000-0000-0000-0000-000000000001', '10000000-0000-0000-0000-000000000001', 1, 14999),
('30000000-0000-0000-0000-000000000002', '20000000-0000-0000-0000-000000000002', '10000000-0000-0000-0000-000000000002', 1, 29999),
('30000000-0000-0000-0000-000000000003', '20000000-0000-0000-0000-000000000003', '10000000-0000-0000-0000-000000000003', 1, 4999),
('30000000-0000-0000-0000-000000000004', '20000000-0000-0000-0000-000000000003', '10000000-0000-0000-0000-000000000010', 1, 49999),
('30000000-0000-0000-0000-000000000005', '20000000-0000-0000-0000-000000000004', '10000000-0000-0000-0000-000000000005', 1, 8999),
('30000000-0000-0000-0000-000000000006', '20000000-0000-0000-0000-000000000005', '10000000-0000-0000-0000-000000000010', 1, 49999),
('30000000-0000-0000-0000-000000000007', '20000000-0000-0000-0000-000000000006', '10000000-0000-0000-0000-000000000004', 2, 2499),
('30000000-0000-0000-0000-000000000008', '20000000-0000-0000-0000-000000000006', '10000000-0000-0000-0000-000000000015', 1, 2499),
('30000000-0000-0000-0000-000000000009', '20000000-0000-0000-0000-000000000007', '10000000-0000-0000-0000-000000000019', 1, 12999),
('30000000-0000-0000-0000-000000000010', '20000000-0000-0000-0000-000000000008', '10000000-0000-0000-0000-000000000007', 1, 3999),
('30000000-0000-0000-0000-000000000011', '20000000-0000-0000-0000-000000000009', '10000000-0000-0000-0000-000000000013', 1, 3499),
('30000000-0000-0000-0000-000000000012', '20000000-0000-0000-0000-000000000009', '10000000-0000-0000-0000-000000000019', 1, 12999),
('30000000-0000-0000-0000-000000000013', '20000000-0000-0000-0000-000000000010', '10000000-0000-0000-0000-000000000015', 1, 2499),
('30000000-0000-0000-0000-000000000014', '20000000-0000-0000-0000-000000000011', '10000000-0000-0000-0000-000000000006', 1, 5999),
('30000000-0000-0000-0000-000000000015', '20000000-0000-0000-0000-000000000012', '10000000-0000-0000-0000-000000000008', 1, 4499),
('30000000-0000-0000-0000-000000000016', '20000000-0000-0000-0000-000000000013', '10000000-0000-0000-0000-000000000004', 1, 2499),
('30000000-0000-0000-0000-000000000017', '20000000-0000-0000-0000-000000000013', '10000000-0000-0000-0000-000000000007', 1, 3999),
('30000000-0000-0000-0000-000000000018', '20000000-0000-0000-0000-000000000014', '10000000-0000-0000-0000-000000000001', 1, 14999),
('30000000-0000-0000-0000-000000000019', '20000000-0000-0000-0000-000000000015', '10000000-0000-0000-0000-000000000016', 1, 1899),
('30000000-0000-0000-0000-000000000020', '20000000-0000-0000-0000-000000000016', '10000000-0000-0000-0000-000000000009', 1, 3499);

INSERT INTO reviews (id, product_id, customer_id, rating, title, body, verified_purchase, created_at) VALUES
('40000000-0000-0000-0000-000000000001', '10000000-0000-0000-0000-000000000001', 'e0000000-0000-0000-0000-000000000001', 5, 'Amazing sound quality', 'Best headphones I have ever owned', true, '2024-06-10'),
('40000000-0000-0000-0000-000000000002', '10000000-0000-0000-0000-000000000002', 'e0000000-0000-0000-0000-000000000002', 4, 'Great fitness tracker', 'Accurate heart rate monitoring', true, '2024-06-15'),
('40000000-0000-0000-0000-000000000003', '10000000-0000-0000-0000-000000000003', 'e0000000-0000-0000-0000-000000000003', 5, 'Essential for my setup', 'Works perfectly with MacBook', true, '2024-06-20'),
('40000000-0000-0000-0000-000000000004', '10000000-0000-0000-0000-000000000007', 'e0000000-0000-0000-0000-000000000007', 5, 'Best SQL book', 'Clear explanations and great examples', true, '2024-08-12'),
('40000000-0000-0000-0000-000000000005', '10000000-0000-0000-0000-000000000010', 'e0000000-0000-0000-0000-000000000005', 5, 'Worth every penny', 'Solid build quality', true, '2024-07-20'),
('40000000-0000-0000-0000-000000000006', '10000000-0000-0000-0000-000000000004', 'e0000000-0000-0000-0000-000000000001', 4, 'Comfortable cotton', 'Soft and fits well', true, '2024-07-18'),
('40000000-0000-0000-0000-000000000007', '10000000-0000-0000-0000-000000000015', 'e0000000-0000-0000-0000-000000000009', 5, 'Keeps water cold', 'Still cold after 24 hours', true, '2024-08-22'),
('40000000-0000-0000-0000-000000000008', '10000000-0000-0000-0000-000000000016', 'e0000000-0000-0000-0000-000000000014', 4, 'Rich flavor', 'Great morning coffee', true, '2024-10-12'),
('40000000-0000-0000-0000-000000000009', '10000000-0000-0000-0000-000000000019', 'e0000000-0000-0000-0000-000000000006', 3, 'Good but loud', 'Typing is satisfying but noisy', false, '2024-08-10'),
('40000000-0000-0000-0000-000000000010', '10000000-0000-0000-0000-000000000013', 'e0000000-0000-0000-0000-000000000009', 4, 'Non-slip works great', 'Perfect for hot yoga', false, '2024-08-25'),
('40000000-0000-0000-0000-000000000011', '10000000-0000-0000-0000-000000000008', 'e0000000-0000-0000-0000-000000000011', 5, 'Must-read for devs', 'Changed how I write code', true, '2024-09-12'),
('40000000-0000-0000-0000-000000000012', '10000000-0000-0000-0000-000000000006', 'e0000000-0000-0000-0000-000000000010', 4, 'Classic fit', 'True to size, good quality', false, '2024-09-18'),
('40000000-0000-0000-0000-000000000013', '10000000-0000-0000-0000-000000000009', 'e0000000-0000-0000-0000-000000000012', 4, 'Helpful reference', 'Great for interview prep', true, '2024-09-22'),
('40000000-0000-0000-0000-000000000014', '10000000-0000-0000-0000-000000000005', 'e0000000-0000-0000-0000-000000000004', 3, 'Decent jacket', 'A bit thin for cold weather', true, '2024-07-10'),
('40000000-0000-0000-0000-000000000015', '10000000-0000-0000-0000-000000000011', 'e0000000-0000-0000-0000-000000000003', 4, 'Nice lighting', 'Multiple brightness levels', true, '2024-06-25'),
('40000000-0000-0000-0000-000000000016', '10000000-0000-0000-0000-000000000017', 'e0000000-0000-0000-0000-000000000003', 3, 'Average taste', 'Expected better for the price', true, '2024-10-22'),
('40000000-0000-0000-0000-000000000017', '10000000-0000-0000-0000-000000000014', 'e0000000-0000-0000-0000-000000000002', 5, 'Great variety', 'Perfect for home workouts', true, '2024-12-05'),
('40000000-0000-0000-0000-000000000018', '10000000-0000-0000-0000-000000000012', 'e0000000-0000-0000-0000-000000000013', 4, 'Beautiful pots', 'Look great on my windowsill', false, '2024-10-08'),
('40000000-0000-0000-0000-000000000019', '10000000-0000-0000-0000-000000000018', 'e0000000-0000-0000-0000-000000000008', 5, 'Authentic taste', 'Best green tea I have tried', true, '2024-11-20'),
('40000000-0000-0000-0000-000000000020', '10000000-0000-0000-0000-000000000020', 'e0000000-0000-0000-0000-000000000015', 4, 'Sturdy boots', 'Great ankle support for trails', true, '2025-01-08');
