-- Supply chain / logistics schema and sample data
CREATE TABLE warehouses (
  id UUID PRIMARY KEY DEFAULT gen_random_uuid(),
  name VARCHAR(255) NOT NULL,
  location VARCHAR(255) NOT NULL,
  capacity INTEGER NOT NULL,
  manager VARCHAR(255) NOT NULL,
  status VARCHAR(50) NOT NULL DEFAULT 'active',
  created_at TIMESTAMP NOT NULL DEFAULT now()
);

CREATE TABLE shipments (
  id UUID PRIMARY KEY DEFAULT gen_random_uuid(),
  tracking_number VARCHAR(50) NOT NULL UNIQUE,
  origin_warehouse_id UUID NOT NULL REFERENCES warehouses(id),
  destination VARCHAR(255) NOT NULL,
  carrier VARCHAR(100) NOT NULL,
  status VARCHAR(50) NOT NULL DEFAULT 'pending',
  weight_kg NUMERIC(8,2),
  shipped_at TIMESTAMP,
  delivered_at TIMESTAMP,
  created_at TIMESTAMP NOT NULL DEFAULT now()
);

CREATE TABLE inventory (
  id UUID PRIMARY KEY DEFAULT gen_random_uuid(),
  warehouse_id UUID NOT NULL REFERENCES warehouses(id),
  sku VARCHAR(50) NOT NULL,
  product_name VARCHAR(255) NOT NULL,
  quantity INTEGER NOT NULL,
  reorder_point INTEGER NOT NULL DEFAULT 10,
  unit_cost_cents INTEGER NOT NULL,
  last_restocked_at TIMESTAMP,
  created_at TIMESTAMP NOT NULL DEFAULT now()
);

CREATE TABLE routes (
  id UUID PRIMARY KEY DEFAULT gen_random_uuid(),
  origin VARCHAR(255) NOT NULL,
  destination VARCHAR(255) NOT NULL,
  distance_km NUMERIC(8,1) NOT NULL,
  estimated_hours NUMERIC(5,1) NOT NULL,
  carrier VARCHAR(100) NOT NULL,
  cost_per_kg_cents INTEGER NOT NULL,
  active BOOLEAN NOT NULL DEFAULT true
);

-- Warehouses (5)
INSERT INTO warehouses (id, name, location, capacity, manager, status, created_at) VALUES
('a0000000-0000-0000-0000-000000000001', 'West Coast Hub', 'Los Angeles, CA', 50000, 'Diana Torres', 'active', '2024-01-05 08:00:00'),
('a0000000-0000-0000-0000-000000000002', 'East Coast Distribution', 'Newark, NJ', 75000, 'Kevin Marshall', 'active', '2024-01-05 08:00:00'),
('a0000000-0000-0000-0000-000000000003', 'Midwest Fulfillment', 'Chicago, IL', 60000, 'Sandra Olsen', 'active', '2024-02-10 09:00:00'),
('a0000000-0000-0000-0000-000000000004', 'Southeast Depot', 'Atlanta, GA', 40000, 'Marcus Reid', 'active', '2024-03-15 10:00:00'),
('a0000000-0000-0000-0000-000000000005', 'Pacific Northwest Center', 'Seattle, WA', 35000, 'Amy Nakamura', 'maintenance', '2024-04-01 08:00:00');

-- Shipments (20)
INSERT INTO shipments (id, tracking_number, origin_warehouse_id, destination, carrier, status, weight_kg, shipped_at, delivered_at, created_at) VALUES
('b0000000-0000-0000-0000-000000000001', 'TRK-2024-00001', 'a0000000-0000-0000-0000-000000000001', 'Phoenix, AZ', 'FedEx', 'delivered', 245.50, '2024-06-01 06:00:00', '2024-06-03 14:00:00', '2024-05-30 10:00:00'),
('b0000000-0000-0000-0000-000000000002', 'TRK-2024-00002', 'a0000000-0000-0000-0000-000000000002', 'Boston, MA', 'UPS', 'delivered', 180.00, '2024-06-05 07:00:00', '2024-06-06 16:00:00', '2024-06-04 09:00:00'),
('b0000000-0000-0000-0000-000000000003', 'TRK-2024-00003', 'a0000000-0000-0000-0000-000000000003', 'Detroit, MI', 'USPS', 'delivered', 35.20, '2024-06-10 08:30:00', '2024-06-12 11:00:00', '2024-06-09 14:00:00'),
('b0000000-0000-0000-0000-000000000004', 'TRK-2024-00004', 'a0000000-0000-0000-0000-000000000001', 'San Francisco, CA', 'FedEx', 'delivered', 520.00, '2024-06-15 05:00:00', '2024-06-16 10:00:00', '2024-06-14 16:00:00'),
('b0000000-0000-0000-0000-000000000005', 'TRK-2024-00005', 'a0000000-0000-0000-0000-000000000004', 'Miami, FL', 'DHL', 'delivered', 890.75, '2024-06-20 06:00:00', '2024-06-23 15:00:00', '2024-06-19 11:00:00'),
('b0000000-0000-0000-0000-000000000006', 'TRK-2024-00006', 'a0000000-0000-0000-0000-000000000002', 'Philadelphia, PA', 'UPS', 'delivered', 67.30, '2024-07-01 07:00:00', '2024-07-02 09:00:00', '2024-06-30 13:00:00'),
('b0000000-0000-0000-0000-000000000007', 'TRK-2024-00007', 'a0000000-0000-0000-0000-000000000003', 'Minneapolis, MN', 'FedEx', 'delivered', 310.00, '2024-07-05 06:30:00', '2024-07-07 12:00:00', '2024-07-04 10:00:00'),
('b0000000-0000-0000-0000-000000000008', 'TRK-2024-00008', 'a0000000-0000-0000-0000-000000000005', 'Portland, OR', 'UPS', 'delivered', 155.40, '2024-07-10 08:00:00', '2024-07-11 14:00:00', '2024-07-09 09:00:00'),
('b0000000-0000-0000-0000-000000000009', 'TRK-2024-00009', 'a0000000-0000-0000-0000-000000000001', 'Denver, CO', 'FedEx', 'delivered', 420.00, '2024-07-15 05:30:00', '2024-07-17 18:00:00', '2024-07-14 12:00:00'),
('b0000000-0000-0000-0000-000000000010', 'TRK-2024-00010', 'a0000000-0000-0000-0000-000000000004', 'Nashville, TN', 'DHL', 'delivered', 275.60, '2024-07-20 06:00:00', '2024-07-22 10:00:00', '2024-07-19 15:00:00'),
('b0000000-0000-0000-0000-000000000011', 'TRK-2024-00011', 'a0000000-0000-0000-0000-000000000002', 'Charlotte, NC', 'UPS', 'delivered', 198.00, '2024-08-01 07:00:00', '2024-08-03 13:00:00', '2024-07-31 10:00:00'),
('b0000000-0000-0000-0000-000000000012', 'TRK-2024-00012', 'a0000000-0000-0000-0000-000000000003', 'St. Louis, MO', 'USPS', 'delivered', 45.80, '2024-08-05 08:00:00', '2024-08-07 16:00:00', '2024-08-04 14:00:00'),
('b0000000-0000-0000-0000-000000000013', 'TRK-2024-00013', 'a0000000-0000-0000-0000-000000000001', 'Las Vegas, NV', 'FedEx', 'delivered', 680.00, '2024-08-10 06:00:00', '2024-08-11 15:00:00', '2024-08-09 09:00:00'),
('b0000000-0000-0000-0000-000000000014', 'TRK-2024-00014', 'a0000000-0000-0000-0000-000000000004', 'Orlando, FL', 'DHL', 'in_transit', 350.25, '2024-09-15 06:00:00', NULL, '2024-09-14 11:00:00'),
('b0000000-0000-0000-0000-000000000015', 'TRK-2024-00015', 'a0000000-0000-0000-0000-000000000002', 'Washington, DC', 'UPS', 'in_transit', 92.10, '2024-09-18 07:30:00', NULL, '2024-09-17 13:00:00'),
('b0000000-0000-0000-0000-000000000016', 'TRK-2024-00016', 'a0000000-0000-0000-0000-000000000003', 'Kansas City, MO', 'FedEx', 'in_transit', 410.00, '2024-09-20 06:00:00', NULL, '2024-09-19 10:00:00'),
('b0000000-0000-0000-0000-000000000017', 'TRK-2024-00017', 'a0000000-0000-0000-0000-000000000001', 'Sacramento, CA', 'USPS', 'pending', 28.50, NULL, NULL, '2024-09-22 08:00:00'),
('b0000000-0000-0000-0000-000000000018', 'TRK-2024-00018', 'a0000000-0000-0000-0000-000000000005', 'Boise, ID', 'UPS', 'pending', 165.00, NULL, NULL, '2024-09-23 09:30:00'),
('b0000000-0000-0000-0000-000000000019', 'TRK-2024-00019', 'a0000000-0000-0000-0000-000000000002', 'Baltimore, MD', 'FedEx', 'cancelled', 540.00, NULL, NULL, '2024-09-10 14:00:00'),
('b0000000-0000-0000-0000-000000000020', 'TRK-2024-00020', 'a0000000-0000-0000-0000-000000000004', 'Tampa, FL', 'DHL', 'pending', 725.80, NULL, NULL, '2024-09-25 11:00:00');

-- Inventory (25)
INSERT INTO inventory (id, warehouse_id, sku, product_name, quantity, reorder_point, unit_cost_cents, last_restocked_at, created_at) VALUES
('c0000000-0000-0000-0000-000000000001', 'a0000000-0000-0000-0000-000000000001', 'ELEC-TV-55', '55" 4K Smart TV', 120, 20, 42999, '2024-08-15 10:00:00', '2024-01-10 08:00:00'),
('c0000000-0000-0000-0000-000000000002', 'a0000000-0000-0000-0000-000000000001', 'ELEC-LP-14', '14" Laptop Pro', 85, 15, 89999, '2024-09-01 09:00:00', '2024-01-10 08:00:00'),
('c0000000-0000-0000-0000-000000000003', 'a0000000-0000-0000-0000-000000000001', 'HOME-CHAIR-ERG', 'Ergonomic Office Chair', 200, 30, 34999, '2024-08-20 14:00:00', '2024-01-15 08:00:00'),
('c0000000-0000-0000-0000-000000000004', 'a0000000-0000-0000-0000-000000000001', 'ELEC-PHONE-13', 'Smartphone 13 Pro', 350, 50, 99999, '2024-09-05 10:00:00', '2024-02-01 08:00:00'),
('c0000000-0000-0000-0000-000000000005', 'a0000000-0000-0000-0000-000000000001', 'HOME-DESK-STD', 'Standing Desk Adjustable', 60, 10, 54999, '2024-07-10 11:00:00', '2024-02-15 08:00:00'),
('c0000000-0000-0000-0000-000000000006', 'a0000000-0000-0000-0000-000000000002', 'ELEC-TV-55', '55" 4K Smart TV', 95, 20, 42999, '2024-08-10 09:00:00', '2024-01-10 08:00:00'),
('c0000000-0000-0000-0000-000000000007', 'a0000000-0000-0000-0000-000000000002', 'ELEC-LP-14', '14" Laptop Pro', 150, 25, 89999, '2024-09-10 10:00:00', '2024-01-10 08:00:00'),
('c0000000-0000-0000-0000-000000000008', 'a0000000-0000-0000-0000-000000000002', 'ELEC-TAB-10', '10" Tablet', 300, 40, 44999, '2024-08-25 14:00:00', '2024-01-20 08:00:00'),
('c0000000-0000-0000-0000-000000000009', 'a0000000-0000-0000-0000-000000000002', 'CLOTH-JKT-WTR', 'Winter Jacket Insulated', 500, 75, 12999, '2024-09-01 08:00:00', '2024-03-01 08:00:00'),
('c0000000-0000-0000-0000-000000000010', 'a0000000-0000-0000-0000-000000000002', 'HOME-BLND-PRO', 'Professional Blender', 180, 20, 14999, '2024-07-20 10:00:00', '2024-03-10 08:00:00'),
('c0000000-0000-0000-0000-000000000011', 'a0000000-0000-0000-0000-000000000003', 'ELEC-PHONE-13', 'Smartphone 13 Pro', 275, 50, 99999, '2024-09-08 09:00:00', '2024-01-15 08:00:00'),
('c0000000-0000-0000-0000-000000000012', 'a0000000-0000-0000-0000-000000000003', 'ELEC-HDPH-NC', 'Noise-Canceling Headphones', 420, 60, 29999, '2024-08-18 11:00:00', '2024-02-01 08:00:00'),
('c0000000-0000-0000-0000-000000000013', 'a0000000-0000-0000-0000-000000000003', 'HOME-VAC-RBT', 'Robot Vacuum Cleaner', 90, 15, 39999, '2024-07-30 13:00:00', '2024-02-20 08:00:00'),
('c0000000-0000-0000-0000-000000000014', 'a0000000-0000-0000-0000-000000000003', 'SPORT-BIKE-MTN', 'Mountain Bike 27.5"', 45, 8, 74999, '2024-06-15 10:00:00', '2024-03-15 08:00:00'),
('c0000000-0000-0000-0000-000000000015', 'a0000000-0000-0000-0000-000000000003', 'ELEC-WATCH-S8', 'Smart Watch Series 8', 600, 80, 39999, '2024-09-12 09:00:00', '2024-04-01 08:00:00'),
('c0000000-0000-0000-0000-000000000016', 'a0000000-0000-0000-0000-000000000004', 'ELEC-TV-55', '55" 4K Smart TV', 70, 15, 42999, '2024-08-05 10:00:00', '2024-02-01 08:00:00'),
('c0000000-0000-0000-0000-000000000017', 'a0000000-0000-0000-0000-000000000004', 'HOME-CHAIR-ERG', 'Ergonomic Office Chair', 110, 20, 34999, '2024-07-25 14:00:00', '2024-02-15 08:00:00'),
('c0000000-0000-0000-0000-000000000018', 'a0000000-0000-0000-0000-000000000004', 'ELEC-SPK-BT', 'Bluetooth Speaker Portable', 350, 50, 7999, '2024-09-02 08:00:00', '2024-03-01 08:00:00'),
('c0000000-0000-0000-0000-000000000019', 'a0000000-0000-0000-0000-000000000004', 'CLOTH-SNK-RUN', 'Running Sneakers', 8, 25, 12999, '2024-06-20 10:00:00', '2024-04-01 08:00:00'),
('c0000000-0000-0000-0000-000000000020', 'a0000000-0000-0000-0000-000000000004', 'HOME-COFFEE-AUT', 'Automatic Espresso Machine', 55, 10, 64999, '2024-08-12 11:00:00', '2024-04-15 08:00:00'),
('c0000000-0000-0000-0000-000000000021', 'a0000000-0000-0000-0000-000000000005', 'ELEC-LP-14', '14" Laptop Pro', 40, 10, 89999, '2024-07-01 09:00:00', '2024-02-10 08:00:00'),
('c0000000-0000-0000-0000-000000000022', 'a0000000-0000-0000-0000-000000000005', 'ELEC-HDPH-NC', 'Noise-Canceling Headphones', 220, 30, 29999, '2024-08-28 10:00:00', '2024-03-01 08:00:00'),
('c0000000-0000-0000-0000-000000000023', 'a0000000-0000-0000-0000-000000000005', 'ELEC-PHONE-13', 'Smartphone 13 Pro', 180, 30, 99999, '2024-09-15 09:00:00', '2024-03-20 08:00:00'),
('c0000000-0000-0000-0000-000000000024', 'a0000000-0000-0000-0000-000000000005', 'HOME-AIR-PUR', 'HEPA Air Purifier', 130, 15, 24999, '2024-08-01 13:00:00', '2024-04-10 08:00:00'),
('c0000000-0000-0000-0000-000000000025', 'a0000000-0000-0000-0000-000000000005', 'SPORT-YOGA-MAT', 'Premium Yoga Mat', 400, 50, 4999, '2024-09-05 10:00:00', '2024-05-01 08:00:00');

-- Routes (10)
INSERT INTO routes (id, origin, destination, distance_km, estimated_hours, carrier, cost_per_kg_cents, active) VALUES
('d0000000-0000-0000-0000-000000000001', 'Los Angeles, CA', 'Phoenix, AZ', 595.0, 8.5, 'FedEx', 45, true),
('d0000000-0000-0000-0000-000000000002', 'Newark, NJ', 'Boston, MA', 346.0, 5.0, 'UPS', 52, true),
('d0000000-0000-0000-0000-000000000003', 'Chicago, IL', 'Detroit, MI', 455.0, 6.5, 'USPS', 38, true),
('d0000000-0000-0000-0000-000000000004', 'Atlanta, GA', 'Miami, FL', 1065.0, 14.0, 'DHL', 60, true),
('d0000000-0000-0000-0000-000000000005', 'Los Angeles, CA', 'San Francisco, CA', 615.0, 8.0, 'FedEx', 42, true),
('d0000000-0000-0000-0000-000000000006', 'Chicago, IL', 'Minneapolis, MN', 660.0, 9.0, 'FedEx', 48, true),
('d0000000-0000-0000-0000-000000000007', 'Seattle, WA', 'Portland, OR', 280.0, 4.0, 'UPS', 35, true),
('d0000000-0000-0000-0000-000000000008', 'Newark, NJ', 'Washington, DC', 355.0, 5.5, 'UPS', 50, true),
('d0000000-0000-0000-0000-000000000009', 'Los Angeles, CA', 'Denver, CO', 1630.0, 22.0, 'FedEx', 55, true),
('d0000000-0000-0000-0000-000000000010', 'Atlanta, GA', 'Nashville, TN', 395.0, 5.5, 'DHL', 40, false);
