-- Supply chain / logistics schema and sample data
CREATE TABLE warehouses (
  id UUID PRIMARY KEY DEFAULT gen_random_uuid(),
  name VARCHAR(255) NOT NULL,
  location VARCHAR(255) NOT NULL,
  capacity INTEGER NOT NULL,
  manager VARCHAR(255) NOT NULL,
  status VARCHAR(50) NOT NULL DEFAULT 'active',
  created_at TIMESTAMP NOT NULL DEFAULT now()
);

CREATE TABLE shipments (
  id UUID PRIMARY KEY DEFAULT gen_random_uuid(),
  tracking_number VARCHAR(50) NOT NULL UNIQUE,
  origin_warehouse_id UUID NOT NULL REFERENCES warehouses(id),
  destination VARCHAR(255) NOT NULL,
  carrier VARCHAR(100) NOT NULL,
  status VARCHAR(50) NOT NULL DEFAULT 'pending',
  weight_kg NUMERIC(8,2),
  shipped_at TIMESTAMP,
  delivered_at TIMESTAMP,
  created_at TIMESTAMP NOT NULL DEFAULT now()
);

CREATE TABLE inventory (
  id UUID PRIMARY KEY DEFAULT gen_random_uuid(),
  warehouse_id UUID NOT NULL REFERENCES warehouses(id),
  sku VARCHAR(50) NOT NULL,
  product_name VARCHAR(255) NOT NULL,
  quantity INTEGER NOT NULL,
  reorder_point INTEGER NOT NULL DEFAULT 10,
  unit_cost_cents INTEGER NOT NULL,
  last_restocked_at TIMESTAMP,
  created_at TIMESTAMP NOT NULL DEFAULT now()
);

CREATE TABLE routes (
  id UUID PRIMARY KEY DEFAULT gen_random_uuid(),
  origin VARCHAR(255) NOT NULL,
  destination VARCHAR(255) NOT NULL,
  distance_km NUMERIC(8,1) NOT NULL,
  estimated_hours NUMERIC(5,1) NOT NULL,
  carrier VARCHAR(100) NOT NULL,
  cost_per_kg_cents INTEGER NOT NULL,
  active BOOLEAN NOT NULL DEFAULT true
);


-- Warehouses (10)

INSERT INTO warehouses (id, name, location, capacity, manager, status, created_at) VALUES
('a0000000-0000-0000-0000-000000000001', 'West Coast Hub', 'Los Angeles, CA', 85000, 'Diana Torres', 'active', '2023-01-15 08:00:00'),
('a0000000-0000-0000-0000-000000000002', 'East Coast Distribution', 'Newark, NJ', 95000, 'Kevin Marshall', 'active', '2023-01-15 08:00:00'),
('a0000000-0000-0000-0000-000000000003', 'Midwest Fulfillment', 'Chicago, IL', 72000, 'Sandra Olsen', 'active', '2023-02-10 09:00:00'),
('a0000000-0000-0000-0000-000000000004', 'Southeast Depot', 'Atlanta, GA', 55000, 'Marcus Reid', 'active', '2023-03-15 10:00:00'),
('a0000000-0000-0000-0000-000000000005', 'Pacific Northwest Center', 'Seattle, WA', 45000, 'Amy Nakamura', 'active', '2023-04-01 08:00:00'),
('a0000000-0000-0000-0000-000000000006', 'Southwest Gateway', 'Dallas, TX', 68000, 'Roberto Gutierrez', 'active', '2023-05-20 09:00:00'),
('a0000000-0000-0000-0000-000000000007', 'Desert Distribution', 'Phoenix, AZ', 42000, 'Jennifer Walsh', 'active', '2023-07-10 08:00:00'),
('a0000000-0000-0000-0000-000000000008', 'Mountain Hub', 'Denver, CO', 38000, 'David Kim', 'maintenance', '2023-09-01 10:00:00'),
('a0000000-0000-0000-0000-000000000009', 'Coastal Warehouse', 'Miami, FL', 52000, 'Aisha Johnson', 'active', '2024-01-15 08:00:00'),
('a0000000-0000-0000-0000-000000000010', 'River City Logistics', 'Memphis, TN', 78000, 'Thomas Chen', 'expanding', '2024-03-01 09:00:00');


-- Shipments (300)

INSERT INTO shipments (id, tracking_number, origin_warehouse_id, destination, carrier, status, weight_kg, shipped_at, delivered_at, created_at) VALUES
('b0000000-0000-0000-0000-000000000001', 'TRK-2024-00001', 'a0000000-0000-0000-0000-000000000002', 'Los Angeles, CA', 'Amazon', 'delivered', 9.37, '2025-12-05 03:00:00', '2025-12-08 18:00:00', '2025-12-05 00:00:00'),
('b0000000-0000-0000-0000-000000000002', 'TRK-2024-00002', 'a0000000-0000-0000-0000-000000000007', 'Chicago, IL', 'FedEx', 'delivered', 4.65, '2025-06-10 23:00:00', '2025-06-14 22:00:00', '2025-06-10 00:00:00'),
('b0000000-0000-0000-0000-000000000003', 'TRK-2024-00003', 'a0000000-0000-0000-0000-000000000009', 'Tampa, FL', 'UPS', 'in_transit', 67.05, '2025-05-21 23:00:00', NULL, '2025-05-21 00:00:00'),
('b0000000-0000-0000-0000-000000000004', 'TRK-2024-00004', 'a0000000-0000-0000-0000-000000000007', 'Detroit, MI', 'UPS', 'delivered', 0.91, '2025-09-11 04:00:00', '2025-09-13 13:00:00', '2025-09-11 00:00:00'),
('b0000000-0000-0000-0000-000000000005', 'TRK-2024-00005', 'a0000000-0000-0000-0000-000000000006', 'Seattle, WA', 'FedEx', 'exception', 17.83, '2023-08-20 18:00:00', NULL, '2023-08-20 00:00:00'),
('b0000000-0000-0000-0000-000000000006', 'TRK-2024-00006', 'a0000000-0000-0000-0000-000000000005', 'Boston, MA', 'DHL', 'delivered', 34.87, '2025-07-27 03:00:00', '2025-07-28 20:00:00', '2025-07-27 00:00:00'),
('b0000000-0000-0000-0000-000000000007', 'TRK-2024-00007', 'a0000000-0000-0000-0000-000000000002', 'Boston, MA', 'UPS', 'in_transit', 34.8, '2025-06-16 22:00:00', NULL, '2025-06-16 00:00:00'),
('b0000000-0000-0000-0000-000000000008', 'TRK-2024-00008', 'a0000000-0000-0000-0000-000000000005', 'Phoenix, AZ', 'DHL', 'out_for_delivery', 0.88, '2025-09-11 09:00:00', NULL, '2025-09-11 00:00:00'),
('b0000000-0000-0000-0000-000000000009', 'TRK-2024-00009', 'a0000000-0000-0000-0000-000000000009', 'Charlotte, NC', 'Amazon', 'delivered', 10.5, '2025-12-16 23:00:00', '2025-12-19 03:00:00', '2025-12-16 00:00:00'),
('b0000000-0000-0000-0000-000000000010', 'TRK-2024-00010', 'a0000000-0000-0000-0000-000000000004', 'Sacramento, CA', 'USPS', 'out_for_delivery', 17.39, '2025-12-13 18:00:00', NULL, '2025-12-13 00:00:00'),
('b0000000-0000-0000-0000-000000000011', 'TRK-2024-00011', 'a0000000-0000-0000-0000-000000000005', 'St. Louis, MO', 'DHL', 'in_transit', 3.2, '2025-10-29 04:00:00', NULL, '2025-10-29 00:00:00'),
('b0000000-0000-0000-0000-000000000012', 'TRK-2024-00012', 'a0000000-0000-0000-0000-000000000003', 'Jacksonville, FL', 'Amazon', 'in_transit', 30.06, '2025-10-26 17:00:00', NULL, '2025-10-26 00:00:00'),
('b0000000-0000-0000-0000-000000000013', 'TRK-2024-00013', 'a0000000-0000-0000-0000-000000000005', 'New York, NY', 'Amazon', 'exception', 326.97, '2025-07-29 14:00:00', NULL, '2025-07-29 00:00:00'),
('b0000000-0000-0000-0000-000000000014', 'TRK-2024-00014', 'a0000000-0000-0000-0000-000000000003', 'Kansas City, MO', 'FedEx', 'exception', 74.67, '2025-05-31 17:00:00', NULL, '2025-05-31 00:00:00'),
('b0000000-0000-0000-0000-000000000015', 'TRK-2024-00015', 'a0000000-0000-0000-0000-000000000002', 'Nashville, TN', 'DHL', 'in_transit', 27.97, '2024-12-04 17:00:00', NULL, '2024-12-04 00:00:00'),
('b0000000-0000-0000-0000-000000000016', 'TRK-2024-00016', 'a0000000-0000-0000-0000-000000000001', 'Las Vegas, NV', 'USPS', 'delivered', 4.19, '2025-09-04 10:00:00', '2025-09-06 04:00:00', '2025-09-04 00:00:00'),
('b0000000-0000-0000-0000-000000000017', 'TRK-2024-00017', 'a0000000-0000-0000-0000-000000000001', 'San Francisco, CA', 'DHL', 'delivered', 2.52, '2025-11-28 05:00:00', '2025-11-29 09:00:00', '2025-11-28 00:00:00'),
('b0000000-0000-0000-0000-000000000018', 'TRK-2024-00018', 'a0000000-0000-0000-0000-000000000008', 'Austin, TX', 'UPS', 'in_transit', 105.78, '2025-12-03 00:00:00', NULL, '2025-12-02 00:00:00'),
('b0000000-0000-0000-0000-000000000019', 'TRK-2024-00019', 'a0000000-0000-0000-0000-000000000004', 'Nashville, TN', 'USPS', 'exception', 39.9, '2025-05-01 08:00:00', NULL, '2025-05-01 00:00:00'),
('b0000000-0000-0000-0000-000000000020', 'TRK-2024-00020', 'a0000000-0000-0000-0000-000000000004', 'Phoenix, AZ', 'UPS', 'delivered', 26.98, '2025-04-06 23:00:00', '2025-04-10 19:00:00', '2025-04-06 00:00:00'),
('b0000000-0000-0000-0000-000000000021', 'TRK-2024-00021', 'a0000000-0000-0000-0000-000000000001', 'Indianapolis, IN', 'FedEx', 'delivered', 2.62, '2025-05-08 00:00:00', '2025-05-11 13:00:00', '2025-05-07 00:00:00'),
('b0000000-0000-0000-0000-000000000022', 'TRK-2024-00022', 'a0000000-0000-0000-0000-000000000010', 'Kansas City, MO', 'UPS', 'in_transit', 53.38, '2025-10-07 12:00:00', NULL, '2025-10-07 00:00:00'),
('b0000000-0000-0000-0000-000000000023', 'TRK-2024-00023', 'a0000000-0000-0000-0000-000000000007', 'Orlando, FL', 'USPS', 'exception', 29.98, '2025-08-28 04:00:00', NULL, '2025-08-28 00:00:00'),
('b0000000-0000-0000-0000-000000000024', 'TRK-2024-00024', 'a0000000-0000-0000-0000-000000000004', 'Fort Worth, TX', 'FedEx', 'in_transit', 15.98, '2025-07-06 03:00:00', NULL, '2025-07-06 00:00:00'),
('b0000000-0000-0000-0000-000000000025', 'TRK-2024-00025', 'a0000000-0000-0000-0000-000000000008', 'San Antonio, TX', 'FedEx', 'out_for_delivery', 58.93, '2025-06-18 13:00:00', NULL, '2025-06-18 00:00:00'),
('b0000000-0000-0000-0000-000000000026', 'TRK-2024-00026', 'a0000000-0000-0000-0000-000000000001', 'Jacksonville, FL', 'UPS', 'delivered', 76.81, '2025-12-10 22:00:00', '2025-12-15 05:00:00', '2025-12-10 00:00:00'),
('b0000000-0000-0000-0000-000000000027', 'TRK-2024-00027', 'a0000000-0000-0000-0000-000000000008', 'San Jose, CA', 'FedEx', 'delivered', 38.32, '2025-03-26 19:00:00', '2025-03-29 20:00:00', '2025-03-26 00:00:00'),
('b0000000-0000-0000-0000-000000000028', 'TRK-2024-00028', 'a0000000-0000-0000-0000-000000000009', 'Richmond, VA', 'FedEx', 'delivered', 2.73, '2024-01-27 13:00:00', '2024-01-28 16:00:00', '2024-01-27 00:00:00'),
('b0000000-0000-0000-0000-000000000029', 'TRK-2024-00029', 'a0000000-0000-0000-0000-000000000010', 'Indianapolis, IN', 'DHL', 'out_for_delivery', 50.98, '2025-07-12 07:00:00', NULL, '2025-07-12 00:00:00'),
('b0000000-0000-0000-0000-000000000030', 'TRK-2024-00030', 'a0000000-0000-0000-0000-000000000006', 'San Francisco, CA', 'UPS', 'in_transit', 1.38, '2025-04-07 01:00:00', NULL, '2025-04-07 00:00:00'),
('b0000000-0000-0000-0000-000000000031', 'TRK-2024-00031', 'a0000000-0000-0000-0000-000000000008', 'San Antonio, TX', 'FedEx', 'in_transit', 7.36, '2025-11-19 03:00:00', NULL, '2025-11-19 00:00:00'),
('b0000000-0000-0000-0000-000000000032', 'TRK-2024-00032', 'a0000000-0000-0000-0000-000000000004', 'Minneapolis, MN', 'UPS', 'delivered', 14.18, '2026-01-29 17:00:00', '2026-01-30 06:00:00', '2026-01-29 00:00:00'),
('b0000000-0000-0000-0000-000000000033', 'TRK-2024-00033', 'a0000000-0000-0000-0000-000000000009', 'Nashville, TN', 'DHL', 'delivered', 24.25, '2025-06-04 11:00:00', '2025-06-06 01:00:00', '2025-06-04 00:00:00'),
('b0000000-0000-0000-0000-000000000034', 'TRK-2024-00034', 'a0000000-0000-0000-0000-000000000005', 'Richmond, VA', 'USPS', 'delivered', 3.25, '2025-03-02 11:00:00', '2025-03-07 01:00:00', '2025-03-02 00:00:00'),
('b0000000-0000-0000-0000-000000000035', 'TRK-2024-00035', 'a0000000-0000-0000-0000-000000000003', 'Seattle, WA', 'FedEx', 'exception', 12.08, '2025-04-27 03:00:00', NULL, '2025-04-27 00:00:00'),
('b0000000-0000-0000-0000-000000000036', 'TRK-2024-00036', 'a0000000-0000-0000-0000-000000000003', 'Houston, TX', 'UPS', 'in_transit', 25.46, '2025-09-03 02:00:00', NULL, '2025-09-03 00:00:00'),
('b0000000-0000-0000-0000-000000000037', 'TRK-2024-00037', 'a0000000-0000-0000-0000-000000000006', 'Charlotte, NC', 'Amazon', 'delivered', 39.04, '2025-09-25 20:00:00', '2025-09-30 07:00:00', '2025-09-25 00:00:00'),
('b0000000-0000-0000-0000-000000000038', 'TRK-2024-00038', 'a0000000-0000-0000-0000-000000000003', 'San Francisco, CA', 'FedEx', 'delivered', 49.98, '2025-08-30 22:00:00', '2025-09-04 08:00:00', '2025-08-30 00:00:00'),
('b0000000-0000-0000-0000-000000000039', 'TRK-2024-00039', 'a0000000-0000-0000-0000-000000000004', 'Seattle, WA', 'FedEx', 'exception', 65.81, '2024-09-14 12:00:00', NULL, '2024-09-14 00:00:00'),
('b0000000-0000-0000-0000-000000000040', 'TRK-2024-00040', 'a0000000-0000-0000-0000-000000000005', 'Charlotte, NC', 'UPS', 'delivered', 39.83, '2025-04-05 09:00:00', '2025-04-07 17:00:00', '2025-04-05 00:00:00'),
('b0000000-0000-0000-0000-000000000041', 'TRK-2024-00041', 'a0000000-0000-0000-0000-000000000009', 'El Paso, TX', 'Amazon', 'in_transit', 12.85, '2024-02-23 06:00:00', NULL, '2024-02-23 00:00:00'),
('b0000000-0000-0000-0000-000000000042', 'TRK-2024-00042', 'a0000000-0000-0000-0000-000000000010', 'San Francisco, CA', 'FedEx', 'delivered', 29.36, '2024-08-20 20:00:00', '2024-08-24 01:00:00', '2024-08-20 00:00:00'),
('b0000000-0000-0000-0000-000000000043', 'TRK-2024-00043', 'a0000000-0000-0000-0000-000000000002', 'Boston, MA', 'DHL', 'delivered', 2.3, '2025-12-01 22:00:00', '2025-12-06 06:00:00', '2025-12-01 00:00:00'),
('b0000000-0000-0000-0000-000000000044', 'TRK-2024-00044', 'a0000000-0000-0000-0000-000000000004', 'Minneapolis, MN', 'USPS', 'delivered', 51.49, '2025-08-01 17:00:00', '2025-08-03 20:00:00', '2025-08-01 00:00:00'),
('b0000000-0000-0000-0000-000000000045', 'TRK-2024-00045', 'a0000000-0000-0000-0000-000000000007', 'Las Vegas, NV', 'USPS', 'exception', 11.0, '2025-09-11 22:00:00', NULL, '2025-09-11 00:00:00'),
('b0000000-0000-0000-0000-000000000046', 'TRK-2024-00046', 'a0000000-0000-0000-0000-000000000003', 'Portland, OR', 'USPS', 'in_transit', 68.97, '2025-12-22 20:00:00', NULL, '2025-12-22 00:00:00'),
('b0000000-0000-0000-0000-000000000047', 'TRK-2024-00047', 'a0000000-0000-0000-0000-000000000006', 'Kansas City, MO', 'USPS', 'in_transit', 50.63, '2026-02-08 00:00:00', NULL, '2026-02-07 00:00:00'),
('b0000000-0000-0000-0000-000000000048', 'TRK-2024-00048', 'a0000000-0000-0000-0000-000000000003', 'San Antonio, TX', 'UPS', 'in_transit', 60.79, '2025-06-29 22:00:00', NULL, '2025-06-29 00:00:00'),
('b0000000-0000-0000-0000-000000000049', 'TRK-2024-00049', 'a0000000-0000-0000-0000-000000000005', 'Charlotte, NC', 'UPS', 'delivered', 13.12, '2025-09-29 21:00:00', '2025-10-03 10:00:00', '2025-09-29 00:00:00'),
('b0000000-0000-0000-0000-000000000050', 'TRK-2024-00050', 'a0000000-0000-0000-0000-000000000004', 'Boston, MA', 'USPS', 'in_transit', 2.96, '2025-04-24 14:00:00', NULL, '2025-04-24 00:00:00');

INSERT INTO shipments (id, tracking_number, origin_warehouse_id, destination, carrier, status, weight_kg, shipped_at, delivered_at, created_at) VALUES
('b0000000-0000-0000-0000-000000000051', 'TRK-2024-00051', 'a0000000-0000-0000-0000-000000000004', 'Jacksonville, FL', 'Amazon', 'in_transit', 16.34, '2023-10-03 15:00:00', NULL, '2023-10-03 00:00:00'),
('b0000000-0000-0000-0000-000000000052', 'TRK-2024-00052', 'a0000000-0000-0000-0000-000000000003', 'Kansas City, MO', 'Amazon', 'in_transit', 56.41, '2025-12-06 15:00:00', NULL, '2025-12-06 00:00:00'),
('b0000000-0000-0000-0000-000000000053', 'TRK-2024-00053', 'a0000000-0000-0000-0000-000000000003', 'Sacramento, CA', 'USPS', 'delivered', 500.0, '2025-11-22 16:00:00', '2025-11-26 12:00:00', '2025-11-22 00:00:00'),
('b0000000-0000-0000-0000-000000000054', 'TRK-2024-00054', 'a0000000-0000-0000-0000-000000000004', 'Seattle, WA', 'USPS', 'delivered', 41.18, '2025-12-02 03:00:00', '2025-12-03 08:00:00', '2025-12-02 00:00:00'),
('b0000000-0000-0000-0000-000000000055', 'TRK-2024-00055', 'a0000000-0000-0000-0000-000000000003', 'Indianapolis, IN', 'UPS', 'exception', 6.45, '2025-08-17 18:00:00', NULL, '2025-08-17 00:00:00'),
('b0000000-0000-0000-0000-000000000056', 'TRK-2024-00056', 'a0000000-0000-0000-0000-000000000008', 'Orlando, FL', 'FedEx', 'delivered', 81.7, '2026-01-24 23:00:00', '2026-01-25 13:00:00', '2026-01-24 00:00:00'),
('b0000000-0000-0000-0000-000000000057', 'TRK-2024-00057', 'a0000000-0000-0000-0000-000000000010', 'Boston, MA', 'USPS', 'delivered', 101.94, '2025-10-01 18:00:00', '2025-10-06 05:00:00', '2025-10-01 00:00:00'),
('b0000000-0000-0000-0000-000000000058', 'TRK-2024-00058', 'a0000000-0000-0000-0000-000000000009', 'Charlotte, NC', 'USPS', 'delivered', 6.45, '2026-02-06 22:00:00', '2026-02-11 16:00:00', '2026-02-06 00:00:00'),
('b0000000-0000-0000-0000-000000000059', 'TRK-2024-00059', 'a0000000-0000-0000-0000-000000000007', 'Jacksonville, FL', 'USPS', 'delivered', 261.35, '2023-08-25 21:00:00', '2023-08-28 15:00:00', '2023-08-25 00:00:00'),
('b0000000-0000-0000-0000-000000000060', 'TRK-2024-00060', 'a0000000-0000-0000-0000-000000000003', 'Kansas City, MO', 'FedEx', 'delivered', 8.02, '2025-08-20 13:00:00', '2025-08-22 12:00:00', '2025-08-20 00:00:00'),
('b0000000-0000-0000-0000-000000000061', 'TRK-2024-00061', 'a0000000-0000-0000-0000-000000000007', 'Seattle, WA', 'FedEx', 'in_transit', 117.46, '2025-07-12 01:00:00', NULL, '2025-07-12 00:00:00'),
('b0000000-0000-0000-0000-000000000062', 'TRK-2024-00062', 'a0000000-0000-0000-0000-000000000004', 'Fort Worth, TX', 'FedEx', 'out_for_delivery', 7.22, '2024-12-29 07:00:00', NULL, '2024-12-29 00:00:00'),
('b0000000-0000-0000-0000-000000000063', 'TRK-2024-00063', 'a0000000-0000-0000-0000-000000000008', 'San Francisco, CA', 'Amazon', 'delivered', 2.28, '2023-09-26 06:00:00', '2023-09-28 09:00:00', '2023-09-26 00:00:00'),
('b0000000-0000-0000-0000-000000000064', 'TRK-2024-00064', 'a0000000-0000-0000-0000-000000000002', 'Los Angeles, CA', 'UPS', 'in_transit', 7.9, '2026-02-17 21:00:00', NULL, '2026-02-17 00:00:00'),
('b0000000-0000-0000-0000-000000000065', 'TRK-2024-00065', 'a0000000-0000-0000-0000-000000000004', 'San Antonio, TX', 'Amazon', 'label_created', 3.99, NULL, NULL, '2025-08-24 00:00:00'),
('b0000000-0000-0000-0000-000000000066', 'TRK-2024-00066', 'a0000000-0000-0000-0000-000000000010', 'Chicago, IL', 'UPS', 'in_transit', 14.99, '2025-08-22 01:00:00', NULL, '2025-08-22 00:00:00'),
('b0000000-0000-0000-0000-000000000067', 'TRK-2024-00067', 'a0000000-0000-0000-0000-000000000007', 'Boise, ID', 'FedEx', 'in_transit', 361.38, '2025-11-23 21:00:00', NULL, '2025-11-23 00:00:00'),
('b0000000-0000-0000-0000-000000000068', 'TRK-2024-00068', 'a0000000-0000-0000-0000-000000000005', 'Sacramento, CA', 'USPS', 'in_transit', 157.09, '2025-07-04 03:00:00', NULL, '2025-07-04 00:00:00'),
('b0000000-0000-0000-0000-000000000069', 'TRK-2024-00069', 'a0000000-0000-0000-0000-000000000005', 'Baltimore, MD', 'UPS', 'label_created', 15.91, NULL, NULL, '2025-03-15 00:00:00'),
('b0000000-0000-0000-0000-000000000070', 'TRK-2024-00070', 'a0000000-0000-0000-0000-000000000008', 'Las Vegas, NV', 'FedEx', 'in_transit', 0.51, '2025-12-31 23:00:00', NULL, '2025-12-31 00:00:00'),
('b0000000-0000-0000-0000-000000000071', 'TRK-2024-00071', 'a0000000-0000-0000-0000-000000000005', 'New York, NY', 'USPS', 'delivered', 17.79, '2025-03-23 23:00:00', '2025-03-27 01:00:00', '2025-03-23 00:00:00'),
('b0000000-0000-0000-0000-000000000072', 'TRK-2024-00072', 'a0000000-0000-0000-0000-000000000008', 'Los Angeles, CA', 'FedEx', 'delivered', 1.97, '2025-12-23 12:00:00', '2025-12-26 12:00:00', '2025-12-23 00:00:00'),
('b0000000-0000-0000-0000-000000000073', 'TRK-2024-00073', 'a0000000-0000-0000-0000-000000000009', 'Richmond, VA', 'UPS', 'in_transit', 9.99, '2025-06-27 04:00:00', NULL, '2025-06-27 00:00:00'),
('b0000000-0000-0000-0000-000000000074', 'TRK-2024-00074', 'a0000000-0000-0000-0000-000000000004', 'Portland, OR', 'FedEx', 'label_created', 29.61, NULL, NULL, '2025-06-19 00:00:00'),
('b0000000-0000-0000-0000-000000000075', 'TRK-2024-00075', 'a0000000-0000-0000-0000-000000000008', 'Seattle, WA', 'Amazon', 'out_for_delivery', 265.08, '2025-04-21 07:00:00', NULL, '2025-04-21 00:00:00'),
('b0000000-0000-0000-0000-000000000076', 'TRK-2024-00076', 'a0000000-0000-0000-0000-000000000005', 'Charlotte, NC', 'UPS', 'delivered', 3.52, '2025-03-24 02:00:00', '2025-03-27 12:00:00', '2025-03-24 00:00:00'),
('b0000000-0000-0000-0000-000000000077', 'TRK-2024-00077', 'a0000000-0000-0000-0000-000000000005', 'Dallas, TX', 'DHL', 'label_created', 16.7, NULL, NULL, '2025-10-27 00:00:00'),
('b0000000-0000-0000-0000-000000000078', 'TRK-2024-00078', 'a0000000-0000-0000-0000-000000000008', 'Baltimore, MD', 'UPS', 'delivered', 99.73, '2023-09-25 03:00:00', '2023-09-27 18:00:00', '2023-09-25 00:00:00'),
('b0000000-0000-0000-0000-000000000079', 'TRK-2024-00079', 'a0000000-0000-0000-0000-000000000008', 'Phoenix, AZ', 'DHL', 'out_for_delivery', 35.36, '2026-01-27 10:00:00', NULL, '2026-01-27 00:00:00'),
('b0000000-0000-0000-0000-000000000080', 'TRK-2024-00080', 'a0000000-0000-0000-0000-000000000002', 'Indianapolis, IN', 'FedEx', 'in_transit', 113.13, '2024-01-18 17:00:00', NULL, '2024-01-18 00:00:00'),
('b0000000-0000-0000-0000-000000000081', 'TRK-2024-00081', 'a0000000-0000-0000-0000-000000000007', 'Baltimore, MD', 'USPS', 'delivered', 5.36, '2025-06-27 04:00:00', '2025-07-01 17:00:00', '2025-06-27 00:00:00'),
('b0000000-0000-0000-0000-000000000082', 'TRK-2024-00082', 'a0000000-0000-0000-0000-000000000004', 'Columbus, OH', 'UPS', 'out_for_delivery', 4.87, '2025-05-20 01:00:00', NULL, '2025-05-20 00:00:00'),
('b0000000-0000-0000-0000-000000000083', 'TRK-2024-00083', 'a0000000-0000-0000-0000-000000000007', 'Baltimore, MD', 'Amazon', 'out_for_delivery', 18.54, '2025-07-23 23:00:00', NULL, '2025-07-23 00:00:00'),
('b0000000-0000-0000-0000-000000000084', 'TRK-2024-00084', 'a0000000-0000-0000-0000-000000000008', 'Phoenix, AZ', 'Amazon', 'delivered', 51.93, '2024-08-09 04:00:00', '2024-08-12 13:00:00', '2024-08-09 00:00:00'),
('b0000000-0000-0000-0000-000000000085', 'TRK-2024-00085', 'a0000000-0000-0000-0000-000000000004', 'San Jose, CA', 'UPS', 'delivered', 2.8, '2025-07-26 15:00:00', '2025-07-27 18:00:00', '2025-07-26 00:00:00'),
('b0000000-0000-0000-0000-000000000086', 'TRK-2024-00086', 'a0000000-0000-0000-0000-000000000008', 'Portland, OR', 'Amazon', 'in_transit', 196.45, '2025-04-11 20:00:00', NULL, '2025-04-11 00:00:00'),
('b0000000-0000-0000-0000-000000000087', 'TRK-2024-00087', 'a0000000-0000-0000-0000-000000000001', 'St. Louis, MO', 'Amazon', 'delivered', 26.42, '2026-02-09 19:00:00', '2026-02-13 10:00:00', '2026-02-09 00:00:00'),
('b0000000-0000-0000-0000-000000000088', 'TRK-2024-00088', 'a0000000-0000-0000-0000-000000000001', 'Denver, CO', 'DHL', 'delivered', 45.64, '2025-10-13 09:00:00', '2025-10-14 20:00:00', '2025-10-13 00:00:00'),
('b0000000-0000-0000-0000-000000000089', 'TRK-2024-00089', 'a0000000-0000-0000-0000-000000000010', 'Orlando, FL', 'DHL', 'in_transit', 195.87, '2025-08-12 22:00:00', NULL, '2025-08-12 00:00:00'),
('b0000000-0000-0000-0000-000000000090', 'TRK-2024-00090', 'a0000000-0000-0000-0000-000000000002', 'Austin, TX', 'UPS', 'in_transit', 40.45, '2025-09-11 18:00:00', NULL, '2025-09-11 00:00:00'),
('b0000000-0000-0000-0000-000000000091', 'TRK-2024-00091', 'a0000000-0000-0000-0000-000000000001', 'Kansas City, MO', 'FedEx', 'delivered', 9.77, '2025-11-02 17:00:00', '2025-11-07 14:00:00', '2025-11-02 00:00:00'),
('b0000000-0000-0000-0000-000000000092', 'TRK-2024-00092', 'a0000000-0000-0000-0000-000000000001', 'Kansas City, MO', 'USPS', 'delivered', 5.7, '2025-03-02 15:00:00', '2025-03-07 04:00:00', '2025-03-02 00:00:00'),
('b0000000-0000-0000-0000-000000000093', 'TRK-2024-00093', 'a0000000-0000-0000-0000-000000000001', 'Charlotte, NC', 'UPS', 'in_transit', 5.29, '2024-10-09 04:00:00', NULL, '2024-10-09 00:00:00'),
('b0000000-0000-0000-0000-000000000094', 'TRK-2024-00094', 'a0000000-0000-0000-0000-000000000001', 'San Francisco, CA', 'Amazon', 'delivered', 14.8, '2023-09-25 15:00:00', '2023-09-26 18:00:00', '2023-09-25 00:00:00'),
('b0000000-0000-0000-0000-000000000095', 'TRK-2024-00095', 'a0000000-0000-0000-0000-000000000003', 'Boise, ID', 'Amazon', 'delivered', 20.73, '2026-02-28 16:00:00', '2026-03-02 11:00:00', '2026-02-28 00:00:00'),
('b0000000-0000-0000-0000-000000000096', 'TRK-2024-00096', 'a0000000-0000-0000-0000-000000000008', 'San Jose, CA', 'UPS', 'delivered', 182.65, '2025-11-01 03:00:00', '2025-11-03 02:00:00', '2025-11-01 00:00:00'),
('b0000000-0000-0000-0000-000000000097', 'TRK-2024-00097', 'a0000000-0000-0000-0000-000000000007', 'Detroit, MI', 'USPS', 'delivered', 63.45, '2025-12-26 19:00:00', '2025-12-30 19:00:00', '2025-12-26 00:00:00'),
('b0000000-0000-0000-0000-000000000098', 'TRK-2024-00098', 'a0000000-0000-0000-0000-000000000008', 'San Jose, CA', 'USPS', 'in_transit', 18.91, '2024-06-21 15:00:00', NULL, '2024-06-21 00:00:00'),
('b0000000-0000-0000-0000-000000000099', 'TRK-2024-00099', 'a0000000-0000-0000-0000-000000000006', 'Columbus, OH', 'Amazon', 'delivered', 25.56, '2023-07-15 11:00:00', '2023-07-19 22:00:00', '2023-07-15 00:00:00'),
('b0000000-0000-0000-0000-000000000100', 'TRK-2024-00100', 'a0000000-0000-0000-0000-000000000008', 'El Paso, TX', 'UPS', 'out_for_delivery', 174.55, '2025-03-19 05:00:00', NULL, '2025-03-19 00:00:00');

INSERT INTO shipments (id, tracking_number, origin_warehouse_id, destination, carrier, status, weight_kg, shipped_at, delivered_at, created_at) VALUES
('b0000000-0000-0000-0000-000000000101', 'TRK-2024-00101', 'a0000000-0000-0000-0000-000000000009', 'Las Vegas, NV', 'FedEx', 'in_transit', 4.04, '2025-04-11 11:00:00', NULL, '2025-04-11 00:00:00'),
('b0000000-0000-0000-0000-000000000102', 'TRK-2024-00102', 'a0000000-0000-0000-0000-000000000009', 'Boston, MA', 'UPS', 'out_for_delivery', 208.36, '2023-07-07 20:00:00', NULL, '2023-07-07 00:00:00'),
('b0000000-0000-0000-0000-000000000103', 'TRK-2024-00103', 'a0000000-0000-0000-0000-000000000002', 'Indianapolis, IN', 'DHL', 'exception', 61.67, '2026-01-19 23:00:00', NULL, '2026-01-19 00:00:00'),
('b0000000-0000-0000-0000-000000000104', 'TRK-2024-00104', 'a0000000-0000-0000-0000-000000000002', 'St. Louis, MO', 'FedEx', 'exception', 12.44, '2025-10-07 05:00:00', NULL, '2025-10-07 00:00:00'),
('b0000000-0000-0000-0000-000000000105', 'TRK-2024-00105', 'a0000000-0000-0000-0000-000000000004', 'Richmond, VA', 'USPS', 'in_transit', 35.54, '2026-01-07 13:00:00', NULL, '2026-01-07 00:00:00'),
('b0000000-0000-0000-0000-000000000106', 'TRK-2024-00106', 'a0000000-0000-0000-0000-000000000010', 'Indianapolis, IN', 'USPS', 'in_transit', 3.65, '2025-07-09 22:00:00', NULL, '2025-07-09 00:00:00'),
('b0000000-0000-0000-0000-000000000107', 'TRK-2024-00107', 'a0000000-0000-0000-0000-000000000001', 'Kansas City, MO', 'UPS', 'exception', 22.86, '2025-01-22 10:00:00', NULL, '2025-01-22 00:00:00'),
('b0000000-0000-0000-0000-000000000108', 'TRK-2024-00108', 'a0000000-0000-0000-0000-000000000007', 'Seattle, WA', 'USPS', 'delivered', 5.71, '2025-06-30 13:00:00', '2025-07-04 02:00:00', '2025-06-30 00:00:00'),
('b0000000-0000-0000-0000-000000000109', 'TRK-2024-00109', 'a0000000-0000-0000-0000-000000000006', 'Nashville, TN', 'Amazon', 'delivered', 15.33, '2025-08-06 00:00:00', '2025-08-06 18:00:00', '2025-08-05 00:00:00'),
('b0000000-0000-0000-0000-000000000110', 'TRK-2024-00110', 'a0000000-0000-0000-0000-000000000010', 'Sacramento, CA', 'UPS', 'label_created', 142.2, NULL, NULL, '2026-01-20 00:00:00'),
('b0000000-0000-0000-0000-000000000111', 'TRK-2024-00111', 'a0000000-0000-0000-0000-000000000004', 'San Francisco, CA', 'Amazon', 'label_created', 106.49, NULL, NULL, '2025-03-05 00:00:00'),
('b0000000-0000-0000-0000-000000000112', 'TRK-2024-00112', 'a0000000-0000-0000-0000-000000000002', 'Chicago, IL', 'UPS', 'in_transit', 3.03, '2025-07-30 11:00:00', NULL, '2025-07-30 00:00:00'),
('b0000000-0000-0000-0000-000000000113', 'TRK-2024-00113', 'a0000000-0000-0000-0000-000000000007', 'Fort Worth, TX', 'UPS', 'delivered', 10.05, '2025-05-24 09:00:00', '2025-05-29 06:00:00', '2025-05-24 00:00:00'),
('b0000000-0000-0000-0000-000000000114', 'TRK-2024-00114', 'a0000000-0000-0000-0000-000000000008', 'Nashville, TN', 'Amazon', 'delivered', 87.57, '2025-06-24 22:00:00', '2025-06-29 06:00:00', '2025-06-24 00:00:00'),
('b0000000-0000-0000-0000-000000000115', 'TRK-2024-00115', 'a0000000-0000-0000-0000-000000000007', 'Boston, MA', 'FedEx', 'in_transit', 14.07, '2025-01-19 13:00:00', NULL, '2025-01-19 00:00:00'),
('b0000000-0000-0000-0000-000000000116', 'TRK-2024-00116', 'a0000000-0000-0000-0000-000000000006', 'San Antonio, TX', 'Amazon', 'delivered', 16.56, '2024-05-01 20:00:00', '2024-05-03 12:00:00', '2024-05-01 00:00:00'),
('b0000000-0000-0000-0000-000000000117', 'TRK-2024-00117', 'a0000000-0000-0000-0000-000000000002', 'Baltimore, MD', 'Amazon', 'delivered', 31.02, '2025-03-20 10:00:00', '2025-03-23 13:00:00', '2025-03-20 00:00:00'),
('b0000000-0000-0000-0000-000000000118', 'TRK-2024-00118', 'a0000000-0000-0000-0000-000000000002', 'San Antonio, TX', 'UPS', 'in_transit', 3.61, '2025-06-30 23:00:00', NULL, '2025-06-30 00:00:00'),
('b0000000-0000-0000-0000-000000000119', 'TRK-2024-00119', 'a0000000-0000-0000-0000-000000000009', 'Tampa, FL', 'DHL', 'label_created', 220.77, NULL, NULL, '2026-01-17 00:00:00'),
('b0000000-0000-0000-0000-000000000120', 'TRK-2024-00120', 'a0000000-0000-0000-0000-000000000005', 'Chicago, IL', 'Amazon', 'delivered', 5.42, '2025-09-02 04:00:00', '2025-09-06 07:00:00', '2025-09-02 00:00:00'),
('b0000000-0000-0000-0000-000000000121', 'TRK-2024-00121', 'a0000000-0000-0000-0000-000000000006', 'Minneapolis, MN', 'FedEx', 'in_transit', 5.29, '2026-02-19 01:00:00', NULL, '2026-02-19 00:00:00'),
('b0000000-0000-0000-0000-000000000122', 'TRK-2024-00122', 'a0000000-0000-0000-0000-000000000001', 'Detroit, MI', 'UPS', 'delivered', 50.86, '2024-12-19 07:00:00', '2024-12-22 22:00:00', '2024-12-19 00:00:00'),
('b0000000-0000-0000-0000-000000000123', 'TRK-2024-00123', 'a0000000-0000-0000-0000-000000000004', 'Charlotte, NC', 'UPS', 'label_created', 7.02, NULL, NULL, '2025-05-29 00:00:00'),
('b0000000-0000-0000-0000-000000000124', 'TRK-2024-00124', 'a0000000-0000-0000-0000-000000000002', 'Los Angeles, CA', 'FedEx', 'delivered', 3.58, '2025-03-09 06:00:00', '2025-03-11 03:00:00', '2025-03-09 00:00:00'),
('b0000000-0000-0000-0000-000000000125', 'TRK-2024-00125', 'a0000000-0000-0000-0000-000000000001', 'San Jose, CA', 'Amazon', 'in_transit', 26.15, '2025-09-02 17:00:00', NULL, '2025-09-02 00:00:00'),
('b0000000-0000-0000-0000-000000000126', 'TRK-2024-00126', 'a0000000-0000-0000-0000-000000000010', 'San Antonio, TX', 'USPS', 'in_transit', 3.12, '2025-12-17 22:00:00', NULL, '2025-12-17 00:00:00'),
('b0000000-0000-0000-0000-000000000127', 'TRK-2024-00127', 'a0000000-0000-0000-0000-000000000009', 'Nashville, TN', 'USPS', 'out_for_delivery', 18.35, '2024-10-15 23:00:00', NULL, '2024-10-15 00:00:00'),
('b0000000-0000-0000-0000-000000000128', 'TRK-2024-00128', 'a0000000-0000-0000-0000-000000000008', 'Phoenix, AZ', 'FedEx', 'delivered', 27.07, '2026-01-19 19:00:00', '2026-01-23 05:00:00', '2026-01-19 00:00:00'),
('b0000000-0000-0000-0000-000000000129', 'TRK-2024-00129', 'a0000000-0000-0000-0000-000000000006', 'El Paso, TX', 'DHL', 'in_transit', 6.91, '2026-02-23 04:00:00', NULL, '2026-02-23 00:00:00'),
('b0000000-0000-0000-0000-000000000130', 'TRK-2024-00130', 'a0000000-0000-0000-0000-000000000009', 'Columbus, OH', 'USPS', 'in_transit', 110.35, '2024-07-13 14:00:00', NULL, '2024-07-13 00:00:00'),
('b0000000-0000-0000-0000-000000000131', 'TRK-2024-00131', 'a0000000-0000-0000-0000-000000000002', 'Portland, OR', 'USPS', 'delivered', 39.61, '2025-10-29 03:00:00', '2025-10-30 02:00:00', '2025-10-29 00:00:00'),
('b0000000-0000-0000-0000-000000000132', 'TRK-2024-00132', 'a0000000-0000-0000-0000-000000000002', 'Philadelphia, PA', 'USPS', 'delivered', 54.78, '2025-03-31 19:00:00', '2025-04-04 06:00:00', '2025-03-31 00:00:00'),
('b0000000-0000-0000-0000-000000000133', 'TRK-2024-00133', 'a0000000-0000-0000-0000-000000000009', 'Las Vegas, NV', 'Amazon', 'delivered', 3.27, '2024-08-08 00:00:00', '2024-08-08 18:00:00', '2024-08-07 00:00:00'),
('b0000000-0000-0000-0000-000000000134', 'TRK-2024-00134', 'a0000000-0000-0000-0000-000000000005', 'Portland, OR', 'UPS', 'delivered', 25.91, '2024-01-16 04:00:00', '2024-01-18 12:00:00', '2024-01-16 00:00:00'),
('b0000000-0000-0000-0000-000000000135', 'TRK-2024-00135', 'a0000000-0000-0000-0000-000000000009', 'Minneapolis, MN', 'FedEx', 'label_created', 9.62, NULL, NULL, '2025-12-13 00:00:00'),
('b0000000-0000-0000-0000-000000000136', 'TRK-2024-00136', 'a0000000-0000-0000-0000-000000000010', 'Los Angeles, CA', 'DHL', 'out_for_delivery', 63.9, '2026-02-23 10:00:00', NULL, '2026-02-23 00:00:00'),
('b0000000-0000-0000-0000-000000000137', 'TRK-2024-00137', 'a0000000-0000-0000-0000-000000000006', 'Minneapolis, MN', 'FedEx', 'delivered', 180.3, '2025-05-13 00:00:00', '2025-05-16 21:00:00', '2025-05-12 00:00:00'),
('b0000000-0000-0000-0000-000000000138', 'TRK-2024-00138', 'a0000000-0000-0000-0000-000000000001', 'San Antonio, TX', 'Amazon', 'in_transit', 5.68, '2025-09-06 10:00:00', NULL, '2025-09-06 00:00:00'),
('b0000000-0000-0000-0000-000000000139', 'TRK-2024-00139', 'a0000000-0000-0000-0000-000000000006', 'Philadelphia, PA', 'FedEx', 'delivered', 2.0, '2024-03-05 15:00:00', '2024-03-09 15:00:00', '2024-03-05 00:00:00'),
('b0000000-0000-0000-0000-000000000140', 'TRK-2024-00140', 'a0000000-0000-0000-0000-000000000007', 'Boise, ID', 'DHL', 'in_transit', 15.16, '2025-08-24 14:00:00', NULL, '2025-08-24 00:00:00'),
('b0000000-0000-0000-0000-000000000141', 'TRK-2024-00141', 'a0000000-0000-0000-0000-000000000002', 'Denver, CO', 'Amazon', 'exception', 33.34, '2025-06-21 13:00:00', NULL, '2025-06-21 00:00:00'),
('b0000000-0000-0000-0000-000000000142', 'TRK-2024-00142', 'a0000000-0000-0000-0000-000000000010', 'Houston, TX', 'FedEx', 'delivered', 10.51, '2025-07-09 10:00:00', '2025-07-11 15:00:00', '2025-07-09 00:00:00'),
('b0000000-0000-0000-0000-000000000143', 'TRK-2024-00143', 'a0000000-0000-0000-0000-000000000002', 'New York, NY', 'USPS', 'label_created', 16.36, NULL, NULL, '2025-06-26 00:00:00'),
('b0000000-0000-0000-0000-000000000144', 'TRK-2024-00144', 'a0000000-0000-0000-0000-000000000009', 'Detroit, MI', 'FedEx', 'in_transit', 180.63, '2026-02-27 21:00:00', NULL, '2026-02-27 00:00:00'),
('b0000000-0000-0000-0000-000000000145', 'TRK-2024-00145', 'a0000000-0000-0000-0000-000000000007', 'Nashville, TN', 'FedEx', 'in_transit', 3.23, '2025-02-22 15:00:00', NULL, '2025-02-22 00:00:00'),
('b0000000-0000-0000-0000-000000000146', 'TRK-2024-00146', 'a0000000-0000-0000-0000-000000000006', 'Philadelphia, PA', 'USPS', 'delivered', 4.03, '2025-09-19 10:00:00', '2025-09-23 21:00:00', '2025-09-19 00:00:00'),
('b0000000-0000-0000-0000-000000000147', 'TRK-2024-00147', 'a0000000-0000-0000-0000-000000000006', 'Indianapolis, IN', 'UPS', 'label_created', 3.51, NULL, NULL, '2025-11-17 00:00:00'),
('b0000000-0000-0000-0000-000000000148', 'TRK-2024-00148', 'a0000000-0000-0000-0000-000000000004', 'Detroit, MI', 'UPS', 'exception', 9.4, '2026-01-30 03:00:00', NULL, '2026-01-30 00:00:00'),
('b0000000-0000-0000-0000-000000000149', 'TRK-2024-00149', 'a0000000-0000-0000-0000-000000000003', 'Boise, ID', 'USPS', 'label_created', 29.67, NULL, NULL, '2025-11-20 00:00:00'),
('b0000000-0000-0000-0000-000000000150', 'TRK-2024-00150', 'a0000000-0000-0000-0000-000000000010', 'Portland, OR', 'DHL', 'delivered', 16.23, '2025-03-29 12:00:00', '2025-04-01 16:00:00', '2025-03-29 00:00:00');

INSERT INTO shipments (id, tracking_number, origin_warehouse_id, destination, carrier, status, weight_kg, shipped_at, delivered_at, created_at) VALUES
('b0000000-0000-0000-0000-000000000151', 'TRK-2024-00151', 'a0000000-0000-0000-0000-000000000002', 'Nashville, TN', 'USPS', 'in_transit', 3.05, '2026-01-25 03:00:00', NULL, '2026-01-25 00:00:00'),
('b0000000-0000-0000-0000-000000000152', 'TRK-2024-00152', 'a0000000-0000-0000-0000-000000000010', 'Boise, ID', 'UPS', 'in_transit', 500.0, '2023-07-13 15:00:00', NULL, '2023-07-13 00:00:00'),
('b0000000-0000-0000-0000-000000000153', 'TRK-2024-00153', 'a0000000-0000-0000-0000-000000000010', 'Fort Worth, TX', 'UPS', 'out_for_delivery', 18.66, '2025-04-22 11:00:00', NULL, '2025-04-22 00:00:00'),
('b0000000-0000-0000-0000-000000000154', 'TRK-2024-00154', 'a0000000-0000-0000-0000-000000000002', 'Boise, ID', 'DHL', 'delivered', 31.32, '2024-07-01 14:00:00', '2024-07-06 05:00:00', '2024-07-01 00:00:00'),
('b0000000-0000-0000-0000-000000000155', 'TRK-2024-00155', 'a0000000-0000-0000-0000-000000000006', 'Houston, TX', 'DHL', 'out_for_delivery', 10.65, '2025-09-14 10:00:00', NULL, '2025-09-14 00:00:00'),
('b0000000-0000-0000-0000-000000000156', 'TRK-2024-00156', 'a0000000-0000-0000-0000-000000000005', 'San Jose, CA', 'UPS', 'delivered', 25.74, '2026-01-30 23:00:00', '2026-02-03 23:00:00', '2026-01-30 00:00:00'),
('b0000000-0000-0000-0000-000000000157', 'TRK-2024-00157', 'a0000000-0000-0000-0000-000000000007', 'San Jose, CA', 'DHL', 'exception', 102.77, '2025-08-16 05:00:00', NULL, '2025-08-16 00:00:00'),
('b0000000-0000-0000-0000-000000000158', 'TRK-2024-00158', 'a0000000-0000-0000-0000-000000000009', 'Philadelphia, PA', 'DHL', 'exception', 14.75, '2025-06-01 07:00:00', NULL, '2025-06-01 00:00:00'),
('b0000000-0000-0000-0000-000000000159', 'TRK-2024-00159', 'a0000000-0000-0000-0000-000000000006', 'Boise, ID', 'FedEx', 'delivered', 1.68, '2025-12-03 00:00:00', '2025-12-06 07:00:00', '2025-12-02 00:00:00'),
('b0000000-0000-0000-0000-000000000160', 'TRK-2024-00160', 'a0000000-0000-0000-0000-000000000001', 'Detroit, MI', 'Amazon', 'out_for_delivery', 4.38, '2026-02-18 20:00:00', NULL, '2026-02-18 00:00:00'),
('b0000000-0000-0000-0000-000000000161', 'TRK-2024-00161', 'a0000000-0000-0000-0000-000000000003', 'Baltimore, MD', 'FedEx', 'in_transit', 5.78, '2025-02-15 10:00:00', NULL, '2025-02-15 00:00:00'),
('b0000000-0000-0000-0000-000000000162', 'TRK-2024-00162', 'a0000000-0000-0000-0000-000000000008', 'Charlotte, NC', 'USPS', 'delivered', 1.55, '2025-06-08 12:00:00', '2025-06-12 14:00:00', '2025-06-08 00:00:00'),
('b0000000-0000-0000-0000-000000000163', 'TRK-2024-00163', 'a0000000-0000-0000-0000-000000000010', 'St. Louis, MO', 'USPS', 'label_created', 8.1, NULL, NULL, '2025-05-22 00:00:00'),
('b0000000-0000-0000-0000-000000000164', 'TRK-2024-00164', 'a0000000-0000-0000-0000-000000000004', 'Dallas, TX', 'UPS', 'delivered', 359.95, '2025-04-22 23:00:00', '2025-04-27 23:00:00', '2025-04-22 00:00:00'),
('b0000000-0000-0000-0000-000000000165', 'TRK-2024-00165', 'a0000000-0000-0000-0000-000000000009', 'San Diego, CA', 'UPS', 'delivered', 50.96, '2023-10-29 14:00:00', '2023-10-30 13:00:00', '2023-10-29 00:00:00'),
('b0000000-0000-0000-0000-000000000166', 'TRK-2024-00166', 'a0000000-0000-0000-0000-000000000004', 'St. Louis, MO', 'UPS', 'delivered', 13.97, '2025-09-14 03:00:00', '2025-09-16 14:00:00', '2025-09-14 00:00:00'),
('b0000000-0000-0000-0000-000000000167', 'TRK-2024-00167', 'a0000000-0000-0000-0000-000000000004', 'Los Angeles, CA', 'UPS', 'delivered', 243.09, '2023-10-19 02:00:00', '2023-10-21 02:00:00', '2023-10-19 00:00:00'),
('b0000000-0000-0000-0000-000000000168', 'TRK-2024-00168', 'a0000000-0000-0000-0000-000000000008', 'Dallas, TX', 'Amazon', 'exception', 16.34, '2023-06-20 09:00:00', NULL, '2023-06-20 00:00:00'),
('b0000000-0000-0000-0000-000000000169', 'TRK-2024-00169', 'a0000000-0000-0000-0000-000000000004', 'San Jose, CA', 'DHL', 'exception', 32.65, '2024-01-30 10:00:00', NULL, '2024-01-30 00:00:00'),
('b0000000-0000-0000-0000-000000000170', 'TRK-2024-00170', 'a0000000-0000-0000-0000-000000000002', 'Houston, TX', 'UPS', 'in_transit', 51.83, '2025-11-11 20:00:00', NULL, '2025-11-11 00:00:00'),
('b0000000-0000-0000-0000-000000000171', 'TRK-2024-00171', 'a0000000-0000-0000-0000-000000000009', 'Los Angeles, CA', 'DHL', 'in_transit', 39.89, '2025-03-01 20:00:00', NULL, '2025-03-01 00:00:00'),
('b0000000-0000-0000-0000-000000000172', 'TRK-2024-00172', 'a0000000-0000-0000-0000-000000000006', 'San Francisco, CA', 'DHL', 'in_transit', 1.78, '2025-09-01 03:00:00', NULL, '2025-09-01 00:00:00'),
('b0000000-0000-0000-0000-000000000173', 'TRK-2024-00173', 'a0000000-0000-0000-0000-000000000009', 'Salt Lake City, UT', 'USPS', 'in_transit', 25.24, '2026-01-20 13:00:00', NULL, '2026-01-20 00:00:00'),
('b0000000-0000-0000-0000-000000000174', 'TRK-2024-00174', 'a0000000-0000-0000-0000-000000000006', 'Seattle, WA', 'Amazon', 'delivered', 13.54, '2026-01-31 21:00:00', '2026-02-01 22:00:00', '2026-01-31 00:00:00'),
('b0000000-0000-0000-0000-000000000175', 'TRK-2024-00175', 'a0000000-0000-0000-0000-000000000010', 'Las Vegas, NV', 'FedEx', 'delivered', 11.31, '2025-09-28 22:00:00', '2025-10-01 21:00:00', '2025-09-28 00:00:00'),
('b0000000-0000-0000-0000-000000000176', 'TRK-2024-00176', 'a0000000-0000-0000-0000-000000000008', 'Jacksonville, FL', 'FedEx', 'delivered', 10.1, '2025-12-04 16:00:00', '2025-12-06 12:00:00', '2025-12-04 00:00:00'),
('b0000000-0000-0000-0000-000000000177', 'TRK-2024-00177', 'a0000000-0000-0000-0000-000000000001', 'Columbus, OH', 'UPS', 'delivered', 34.86, '2024-08-21 13:00:00', '2024-08-26 00:00:00', '2024-08-21 00:00:00'),
('b0000000-0000-0000-0000-000000000178', 'TRK-2024-00178', 'a0000000-0000-0000-0000-000000000008', 'El Paso, TX', 'UPS', 'delivered', 19.7, '2024-11-13 09:00:00', '2024-11-18 03:00:00', '2024-11-13 00:00:00'),
('b0000000-0000-0000-0000-000000000179', 'TRK-2024-00179', 'a0000000-0000-0000-0000-000000000002', 'Orlando, FL', 'FedEx', 'in_transit', 88.59, '2025-08-12 04:00:00', NULL, '2025-08-12 00:00:00'),
('b0000000-0000-0000-0000-000000000180', 'TRK-2024-00180', 'a0000000-0000-0000-0000-000000000002', 'Portland, OR', 'DHL', 'delivered', 5.74, '2026-02-17 15:00:00', '2026-02-19 23:00:00', '2026-02-17 00:00:00'),
('b0000000-0000-0000-0000-000000000181', 'TRK-2024-00181', 'a0000000-0000-0000-0000-000000000008', 'Chicago, IL', 'Amazon', 'delivered', 33.89, '2025-08-19 02:00:00', '2025-08-19 23:00:00', '2025-08-19 00:00:00'),
('b0000000-0000-0000-0000-000000000182', 'TRK-2024-00182', 'a0000000-0000-0000-0000-000000000007', 'Boston, MA', 'USPS', 'label_created', 1.93, NULL, NULL, '2023-07-06 00:00:00'),
('b0000000-0000-0000-0000-000000000183', 'TRK-2024-00183', 'a0000000-0000-0000-0000-000000000003', 'Philadelphia, PA', 'UPS', 'label_created', 36.08, NULL, NULL, '2023-07-04 00:00:00'),
('b0000000-0000-0000-0000-000000000184', 'TRK-2024-00184', 'a0000000-0000-0000-0000-000000000010', 'San Jose, CA', 'Amazon', 'in_transit', 126.36, '2025-01-08 05:00:00', NULL, '2025-01-08 00:00:00'),
('b0000000-0000-0000-0000-000000000185', 'TRK-2024-00185', 'a0000000-0000-0000-0000-000000000009', 'Minneapolis, MN', 'USPS', 'delivered', 33.54, '2025-06-04 16:00:00', '2025-06-07 22:00:00', '2025-06-04 00:00:00'),
('b0000000-0000-0000-0000-000000000186', 'TRK-2024-00186', 'a0000000-0000-0000-0000-000000000007', 'Dallas, TX', 'UPS', 'label_created', 6.59, NULL, NULL, '2024-03-19 00:00:00'),
('b0000000-0000-0000-0000-000000000187', 'TRK-2024-00187', 'a0000000-0000-0000-0000-000000000008', 'Fort Worth, TX', 'FedEx', 'delivered', 105.31, '2024-08-29 03:00:00', '2024-09-02 22:00:00', '2024-08-29 00:00:00'),
('b0000000-0000-0000-0000-000000000188', 'TRK-2024-00188', 'a0000000-0000-0000-0000-000000000006', 'Minneapolis, MN', 'Amazon', 'delivered', 24.08, '2025-05-20 23:00:00', '2025-05-25 05:00:00', '2025-05-20 00:00:00'),
('b0000000-0000-0000-0000-000000000189', 'TRK-2024-00189', 'a0000000-0000-0000-0000-000000000003', 'Boston, MA', 'USPS', 'delivered', 5.93, '2025-11-08 01:00:00', '2025-11-10 11:00:00', '2025-11-08 00:00:00'),
('b0000000-0000-0000-0000-000000000190', 'TRK-2024-00190', 'a0000000-0000-0000-0000-000000000009', 'Minneapolis, MN', 'USPS', 'in_transit', 3.14, '2024-10-03 17:00:00', NULL, '2024-10-03 00:00:00'),
('b0000000-0000-0000-0000-000000000191', 'TRK-2024-00191', 'a0000000-0000-0000-0000-000000000007', 'Orlando, FL', 'DHL', 'delivered', 4.9, '2025-10-25 22:00:00', '2025-10-29 04:00:00', '2025-10-25 00:00:00'),
('b0000000-0000-0000-0000-000000000192', 'TRK-2024-00192', 'a0000000-0000-0000-0000-000000000006', 'San Jose, CA', 'Amazon', 'in_transit', 31.18, '2024-08-17 17:00:00', NULL, '2024-08-17 00:00:00'),
('b0000000-0000-0000-0000-000000000193', 'TRK-2024-00193', 'a0000000-0000-0000-0000-000000000001', 'Dallas, TX', 'USPS', 'delivered', 11.01, '2024-01-17 12:00:00', '2024-01-20 18:00:00', '2024-01-17 00:00:00'),
('b0000000-0000-0000-0000-000000000194', 'TRK-2024-00194', 'a0000000-0000-0000-0000-000000000005', 'Philadelphia, PA', 'UPS', 'delivered', 43.54, '2025-08-03 20:00:00', '2025-08-07 04:00:00', '2025-08-03 00:00:00'),
('b0000000-0000-0000-0000-000000000195', 'TRK-2024-00195', 'a0000000-0000-0000-0000-000000000002', 'Boise, ID', 'DHL', 'delivered', 35.28, '2026-01-15 00:00:00', '2026-01-18 17:00:00', '2026-01-14 00:00:00'),
('b0000000-0000-0000-0000-000000000196', 'TRK-2024-00196', 'a0000000-0000-0000-0000-000000000006', 'Chicago, IL', 'FedEx', 'delivered', 35.38, '2024-07-31 20:00:00', '2024-08-04 17:00:00', '2024-07-31 00:00:00'),
('b0000000-0000-0000-0000-000000000197', 'TRK-2024-00197', 'a0000000-0000-0000-0000-000000000001', 'Boise, ID', 'DHL', 'in_transit', 16.04, '2024-03-31 15:00:00', NULL, '2024-03-31 00:00:00'),
('b0000000-0000-0000-0000-000000000198', 'TRK-2024-00198', 'a0000000-0000-0000-0000-000000000002', 'Houston, TX', 'FedEx', 'in_transit', 13.39, '2025-05-13 11:00:00', NULL, '2025-05-13 00:00:00'),
('b0000000-0000-0000-0000-000000000199', 'TRK-2024-00199', 'a0000000-0000-0000-0000-000000000006', 'Minneapolis, MN', 'USPS', 'delivered', 80.08, '2025-07-02 15:00:00', '2025-07-03 18:00:00', '2025-07-02 00:00:00'),
('b0000000-0000-0000-0000-000000000200', 'TRK-2024-00200', 'a0000000-0000-0000-0000-000000000005', 'Baltimore, MD', 'UPS', 'delivered', 4.66, '2026-01-10 14:00:00', '2026-01-12 09:00:00', '2026-01-10 00:00:00');

INSERT INTO shipments (id, tracking_number, origin_warehouse_id, destination, carrier, status, weight_kg, shipped_at, delivered_at, created_at) VALUES
('b0000000-0000-0000-0000-000000000201', 'TRK-2025-00201', 'a0000000-0000-0000-0000-000000000003', 'Las Vegas, NV', 'DHL', 'exception', 2.63, '2025-11-19 15:00:00', NULL, '2025-11-19 00:00:00'),
('b0000000-0000-0000-0000-000000000202', 'TRK-2025-00202', 'a0000000-0000-0000-0000-000000000008', 'Portland, OR', 'USPS', 'delivered', 3.53, '2025-07-02 07:00:00', '2025-07-05 21:00:00', '2025-07-02 00:00:00'),
('b0000000-0000-0000-0000-000000000203', 'TRK-2025-00203', 'a0000000-0000-0000-0000-000000000006', 'Houston, TX', 'FedEx', 'delivered', 17.96, '2024-09-24 10:00:00', '2024-09-27 18:00:00', '2024-09-24 00:00:00'),
('b0000000-0000-0000-0000-000000000204', 'TRK-2025-00204', 'a0000000-0000-0000-0000-000000000001', 'San Diego, CA', 'USPS', 'delivered', 58.61, '2025-12-17 18:00:00', '2025-12-19 06:00:00', '2025-12-17 00:00:00'),
('b0000000-0000-0000-0000-000000000205', 'TRK-2025-00205', 'a0000000-0000-0000-0000-000000000006', 'Nashville, TN', 'FedEx', 'delivered', 21.04, '2026-01-14 22:00:00', '2026-01-18 16:00:00', '2026-01-14 00:00:00'),
('b0000000-0000-0000-0000-000000000206', 'TRK-2025-00206', 'a0000000-0000-0000-0000-000000000002', 'Dallas, TX', 'FedEx', 'in_transit', 25.4, '2026-01-03 17:00:00', NULL, '2026-01-03 00:00:00'),
('b0000000-0000-0000-0000-000000000207', 'TRK-2025-00207', 'a0000000-0000-0000-0000-000000000007', 'Richmond, VA', 'FedEx', 'delivered', 102.24, '2025-11-19 05:00:00', '2025-11-21 10:00:00', '2025-11-19 00:00:00'),
('b0000000-0000-0000-0000-000000000208', 'TRK-2025-00208', 'a0000000-0000-0000-0000-000000000010', 'Portland, OR', 'FedEx', 'in_transit', 9.22, '2024-11-27 16:00:00', NULL, '2024-11-27 00:00:00'),
('b0000000-0000-0000-0000-000000000209', 'TRK-2025-00209', 'a0000000-0000-0000-0000-000000000010', 'Nashville, TN', 'USPS', 'delivered', 7.11, '2025-01-18 10:00:00', '2025-01-23 03:00:00', '2025-01-18 00:00:00'),
('b0000000-0000-0000-0000-000000000210', 'TRK-2025-00210', 'a0000000-0000-0000-0000-000000000001', 'Sacramento, CA', 'UPS', 'out_for_delivery', 500.0, '2025-03-27 19:00:00', NULL, '2025-03-27 00:00:00'),
('b0000000-0000-0000-0000-000000000211', 'TRK-2025-00211', 'a0000000-0000-0000-0000-000000000008', 'Austin, TX', 'USPS', 'out_for_delivery', 250.94, '2026-02-12 08:00:00', NULL, '2026-02-12 00:00:00'),
('b0000000-0000-0000-0000-000000000212', 'TRK-2025-00212', 'a0000000-0000-0000-0000-000000000001', 'Dallas, TX', 'FedEx', 'delivered', 15.47, '2025-06-13 14:00:00', '2025-06-16 18:00:00', '2025-06-13 00:00:00'),
('b0000000-0000-0000-0000-000000000213', 'TRK-2025-00213', 'a0000000-0000-0000-0000-000000000010', 'Kansas City, MO', 'Amazon', 'exception', 6.58, '2024-11-20 13:00:00', NULL, '2024-11-20 00:00:00'),
('b0000000-0000-0000-0000-000000000214', 'TRK-2025-00214', 'a0000000-0000-0000-0000-000000000006', 'Fort Worth, TX', 'USPS', 'in_transit', 10.71, '2025-06-08 22:00:00', NULL, '2025-06-08 00:00:00'),
('b0000000-0000-0000-0000-000000000215', 'TRK-2025-00215', 'a0000000-0000-0000-0000-000000000005', 'Sacramento, CA', 'FedEx', 'delivered', 8.93, '2024-03-31 10:00:00', '2024-04-04 16:00:00', '2024-03-31 00:00:00'),
('b0000000-0000-0000-0000-000000000216', 'TRK-2025-00216', 'a0000000-0000-0000-0000-000000000004', 'Sacramento, CA', 'UPS', 'in_transit', 57.18, '2026-02-10 18:00:00', NULL, '2026-02-10 00:00:00'),
('b0000000-0000-0000-0000-000000000217', 'TRK-2025-00217', 'a0000000-0000-0000-0000-000000000007', 'Tampa, FL', 'UPS', 'label_created', 60.63, NULL, NULL, '2026-02-26 00:00:00'),
('b0000000-0000-0000-0000-000000000218', 'TRK-2025-00218', 'a0000000-0000-0000-0000-000000000006', 'Baltimore, MD', 'DHL', 'delivered', 45.14, '2024-03-04 18:00:00', '2024-03-08 23:00:00', '2024-03-04 00:00:00'),
('b0000000-0000-0000-0000-000000000219', 'TRK-2025-00219', 'a0000000-0000-0000-0000-000000000005', 'Dallas, TX', 'FedEx', 'out_for_delivery', 45.37, '2025-11-27 08:00:00', NULL, '2025-11-27 00:00:00'),
('b0000000-0000-0000-0000-000000000220', 'TRK-2025-00220', 'a0000000-0000-0000-0000-000000000004', 'Houston, TX', 'FedEx', 'in_transit', 8.78, '2023-10-19 01:00:00', NULL, '2023-10-19 00:00:00'),
('b0000000-0000-0000-0000-000000000221', 'TRK-2025-00221', 'a0000000-0000-0000-0000-000000000009', 'Austin, TX', 'USPS', 'out_for_delivery', 18.68, '2024-04-24 10:00:00', NULL, '2024-04-24 00:00:00'),
('b0000000-0000-0000-0000-000000000222', 'TRK-2025-00222', 'a0000000-0000-0000-0000-000000000001', 'San Antonio, TX', 'DHL', 'in_transit', 1.44, '2023-07-09 06:00:00', NULL, '2023-07-09 00:00:00'),
('b0000000-0000-0000-0000-000000000223', 'TRK-2025-00223', 'a0000000-0000-0000-0000-000000000007', 'Fort Worth, TX', 'FedEx', 'in_transit', 49.93, '2025-11-10 10:00:00', NULL, '2025-11-10 00:00:00'),
('b0000000-0000-0000-0000-000000000224', 'TRK-2025-00224', 'a0000000-0000-0000-0000-000000000001', 'New York, NY', 'UPS', 'in_transit', 500.0, '2025-10-19 21:00:00', NULL, '2025-10-19 00:00:00'),
('b0000000-0000-0000-0000-000000000225', 'TRK-2025-00225', 'a0000000-0000-0000-0000-000000000009', 'Richmond, VA', 'USPS', 'delivered', 109.74, '2025-04-27 11:00:00', '2025-04-28 19:00:00', '2025-04-27 00:00:00'),
('b0000000-0000-0000-0000-000000000226', 'TRK-2025-00226', 'a0000000-0000-0000-0000-000000000008', 'San Francisco, CA', 'Amazon', 'delivered', 3.05, '2026-02-09 07:00:00', '2026-02-10 17:00:00', '2026-02-09 00:00:00'),
('b0000000-0000-0000-0000-000000000227', 'TRK-2025-00227', 'a0000000-0000-0000-0000-000000000010', 'El Paso, TX', 'USPS', 'in_transit', 9.59, '2025-05-11 16:00:00', NULL, '2025-05-11 00:00:00'),
('b0000000-0000-0000-0000-000000000228', 'TRK-2025-00228', 'a0000000-0000-0000-0000-000000000006', 'San Francisco, CA', 'FedEx', 'delivered', 11.69, '2025-08-16 10:00:00', '2025-08-20 00:00:00', '2025-08-16 00:00:00'),
('b0000000-0000-0000-0000-000000000229', 'TRK-2025-00229', 'a0000000-0000-0000-0000-000000000010', 'New York, NY', 'UPS', 'out_for_delivery', 12.51, '2024-09-19 10:00:00', NULL, '2024-09-19 00:00:00'),
('b0000000-0000-0000-0000-000000000230', 'TRK-2025-00230', 'a0000000-0000-0000-0000-000000000003', 'Tampa, FL', 'Amazon', 'in_transit', 189.05, '2026-01-19 10:00:00', NULL, '2026-01-19 00:00:00'),
('b0000000-0000-0000-0000-000000000231', 'TRK-2025-00231', 'a0000000-0000-0000-0000-000000000006', 'Indianapolis, IN', 'UPS', 'delivered', 18.12, '2024-06-17 14:00:00', '2024-06-21 19:00:00', '2024-06-17 00:00:00'),
('b0000000-0000-0000-0000-000000000232', 'TRK-2025-00232', 'a0000000-0000-0000-0000-000000000009', 'Kansas City, MO', 'Amazon', 'in_transit', 165.34, '2025-04-11 17:00:00', NULL, '2025-04-11 00:00:00'),
('b0000000-0000-0000-0000-000000000233', 'TRK-2025-00233', 'a0000000-0000-0000-0000-000000000008', 'Salt Lake City, UT', 'Amazon', 'delivered', 1.66, '2025-12-06 17:00:00', '2025-12-08 06:00:00', '2025-12-06 00:00:00'),
('b0000000-0000-0000-0000-000000000234', 'TRK-2025-00234', 'a0000000-0000-0000-0000-000000000010', 'Salt Lake City, UT', 'FedEx', 'delivered', 7.99, '2025-06-14 23:00:00', '2025-06-18 13:00:00', '2025-06-14 00:00:00'),
('b0000000-0000-0000-0000-000000000235', 'TRK-2025-00235', 'a0000000-0000-0000-0000-000000000008', 'Philadelphia, PA', 'USPS', 'in_transit', 85.91, '2025-10-20 19:00:00', NULL, '2025-10-20 00:00:00'),
('b0000000-0000-0000-0000-000000000236', 'TRK-2025-00236', 'a0000000-0000-0000-0000-000000000001', 'Kansas City, MO', 'Amazon', 'delivered', 52.0, '2025-07-03 07:00:00', '2025-07-06 21:00:00', '2025-07-03 00:00:00'),
('b0000000-0000-0000-0000-000000000237', 'TRK-2025-00237', 'a0000000-0000-0000-0000-000000000002', 'Chicago, IL', 'USPS', 'delivered', 61.79, '2025-04-05 16:00:00', '2025-04-06 08:00:00', '2025-04-05 00:00:00'),
('b0000000-0000-0000-0000-000000000238', 'TRK-2025-00238', 'a0000000-0000-0000-0000-000000000005', 'Orlando, FL', 'FedEx', 'label_created', 1.47, NULL, NULL, '2026-02-11 00:00:00'),
('b0000000-0000-0000-0000-000000000239', 'TRK-2025-00239', 'a0000000-0000-0000-0000-000000000007', 'Boston, MA', 'UPS', 'in_transit', 7.33, '2024-12-04 05:00:00', NULL, '2024-12-04 00:00:00'),
('b0000000-0000-0000-0000-000000000240', 'TRK-2025-00240', 'a0000000-0000-0000-0000-000000000006', 'San Diego, CA', 'FedEx', 'in_transit', 14.65, '2025-10-02 01:00:00', NULL, '2025-10-02 00:00:00'),
('b0000000-0000-0000-0000-000000000241', 'TRK-2025-00241', 'a0000000-0000-0000-0000-000000000001', 'Portland, OR', 'USPS', 'exception', 53.46, '2025-06-26 08:00:00', NULL, '2025-06-26 00:00:00'),
('b0000000-0000-0000-0000-000000000242', 'TRK-2025-00242', 'a0000000-0000-0000-0000-000000000008', 'Minneapolis, MN', 'FedEx', 'delivered', 58.59, '2025-11-27 01:00:00', '2025-11-28 19:00:00', '2025-11-27 00:00:00'),
('b0000000-0000-0000-0000-000000000243', 'TRK-2025-00243', 'a0000000-0000-0000-0000-000000000004', 'Phoenix, AZ', 'FedEx', 'out_for_delivery', 34.81, '2024-07-16 15:00:00', NULL, '2024-07-16 00:00:00'),
('b0000000-0000-0000-0000-000000000244', 'TRK-2025-00244', 'a0000000-0000-0000-0000-000000000004', 'Salt Lake City, UT', 'UPS', 'label_created', 20.37, NULL, NULL, '2025-06-19 00:00:00'),
('b0000000-0000-0000-0000-000000000245', 'TRK-2025-00245', 'a0000000-0000-0000-0000-000000000010', 'Portland, OR', 'DHL', 'out_for_delivery', 500.0, '2025-05-13 22:00:00', NULL, '2025-05-13 00:00:00'),
('b0000000-0000-0000-0000-000000000246', 'TRK-2025-00246', 'a0000000-0000-0000-0000-000000000009', 'Charlotte, NC', 'USPS', 'delivered', 5.45, '2025-05-29 21:00:00', '2025-06-02 23:00:00', '2025-05-29 00:00:00'),
('b0000000-0000-0000-0000-000000000247', 'TRK-2025-00247', 'a0000000-0000-0000-0000-000000000007', 'Boise, ID', 'FedEx', 'delivered', 59.12, '2025-05-16 10:00:00', '2025-05-18 22:00:00', '2025-05-16 00:00:00'),
('b0000000-0000-0000-0000-000000000248', 'TRK-2025-00248', 'a0000000-0000-0000-0000-000000000003', 'Sacramento, CA', 'UPS', 'delivered', 3.48, '2025-12-23 02:00:00', '2025-12-26 13:00:00', '2025-12-23 00:00:00'),
('b0000000-0000-0000-0000-000000000249', 'TRK-2025-00249', 'a0000000-0000-0000-0000-000000000007', 'Orlando, FL', 'DHL', 'in_transit', 5.79, '2026-01-26 03:00:00', NULL, '2026-01-26 00:00:00'),
('b0000000-0000-0000-0000-000000000250', 'TRK-2025-00250', 'a0000000-0000-0000-0000-000000000008', 'Boston, MA', 'FedEx', 'in_transit', 41.01, '2026-02-08 20:00:00', NULL, '2026-02-08 00:00:00');

INSERT INTO shipments (id, tracking_number, origin_warehouse_id, destination, carrier, status, weight_kg, shipped_at, delivered_at, created_at) VALUES
('b0000000-0000-0000-0000-000000000251', 'TRK-2025-00251', 'a0000000-0000-0000-0000-000000000010', 'Chicago, IL', 'FedEx', 'delivered', 134.41, '2024-01-09 16:00:00', '2024-01-11 06:00:00', '2024-01-09 00:00:00'),
('b0000000-0000-0000-0000-000000000252', 'TRK-2025-00252', 'a0000000-0000-0000-0000-000000000006', 'Portland, OR', 'FedEx', 'delivered', 18.7, '2023-12-27 13:00:00', '2023-12-29 07:00:00', '2023-12-27 00:00:00'),
('b0000000-0000-0000-0000-000000000253', 'TRK-2025-00253', 'a0000000-0000-0000-0000-000000000009', 'Portland, OR', 'Amazon', 'delivered', 10.4, '2025-07-12 12:00:00', '2025-07-15 17:00:00', '2025-07-12 00:00:00'),
('b0000000-0000-0000-0000-000000000254', 'TRK-2025-00254', 'a0000000-0000-0000-0000-000000000008', 'Kansas City, MO', 'FedEx', 'exception', 12.31, '2024-06-14 11:00:00', NULL, '2024-06-14 00:00:00'),
('b0000000-0000-0000-0000-000000000255', 'TRK-2025-00255', 'a0000000-0000-0000-0000-000000000007', 'Chicago, IL', 'DHL', 'delivered', 27.93, '2024-03-29 05:00:00', '2024-03-30 18:00:00', '2024-03-29 00:00:00'),
('b0000000-0000-0000-0000-000000000256', 'TRK-2025-00256', 'a0000000-0000-0000-0000-000000000006', 'Indianapolis, IN', 'UPS', 'in_transit', 111.42, '2025-05-02 11:00:00', NULL, '2025-05-02 00:00:00'),
('b0000000-0000-0000-0000-000000000257', 'TRK-2025-00257', 'a0000000-0000-0000-0000-000000000005', 'Boise, ID', 'Amazon', 'out_for_delivery', 63.02, '2024-05-26 06:00:00', NULL, '2024-05-26 00:00:00'),
('b0000000-0000-0000-0000-000000000258', 'TRK-2025-00258', 'a0000000-0000-0000-0000-000000000003', 'Boise, ID', 'FedEx', 'in_transit', 29.46, '2026-02-06 02:00:00', NULL, '2026-02-06 00:00:00'),
('b0000000-0000-0000-0000-000000000259', 'TRK-2025-00259', 'a0000000-0000-0000-0000-000000000001', 'Orlando, FL', 'FedEx', 'out_for_delivery', 1.9, '2025-11-14 15:00:00', NULL, '2025-11-14 00:00:00'),
('b0000000-0000-0000-0000-000000000260', 'TRK-2025-00260', 'a0000000-0000-0000-0000-000000000006', 'Houston, TX', 'DHL', 'out_for_delivery', 61.5, '2025-11-05 01:00:00', NULL, '2025-11-05 00:00:00'),
('b0000000-0000-0000-0000-000000000261', 'TRK-2025-00261', 'a0000000-0000-0000-0000-000000000001', 'Orlando, FL', 'FedEx', 'delivered', 22.3, '2023-06-18 17:00:00', '2023-06-23 13:00:00', '2023-06-18 00:00:00'),
('b0000000-0000-0000-0000-000000000262', 'TRK-2025-00262', 'a0000000-0000-0000-0000-000000000007', 'Fort Worth, TX', 'FedEx', 'delivered', 21.82, '2024-02-14 12:00:00', '2024-02-16 10:00:00', '2024-02-14 00:00:00'),
('b0000000-0000-0000-0000-000000000263', 'TRK-2025-00263', 'a0000000-0000-0000-0000-000000000007', 'San Antonio, TX', 'UPS', 'in_transit', 17.47, '2024-04-03 22:00:00', NULL, '2024-04-03 00:00:00'),
('b0000000-0000-0000-0000-000000000264', 'TRK-2025-00264', 'a0000000-0000-0000-0000-000000000002', 'Chicago, IL', 'FedEx', 'in_transit', 10.03, '2025-03-05 23:00:00', NULL, '2025-03-05 00:00:00'),
('b0000000-0000-0000-0000-000000000265', 'TRK-2025-00265', 'a0000000-0000-0000-0000-000000000003', 'San Antonio, TX', 'USPS', 'in_transit', 35.08, '2026-02-22 04:00:00', NULL, '2026-02-22 00:00:00'),
('b0000000-0000-0000-0000-000000000266', 'TRK-2025-00266', 'a0000000-0000-0000-0000-000000000009', 'Chicago, IL', 'UPS', 'delivered', 25.43, '2025-05-01 09:00:00', '2025-05-04 18:00:00', '2025-05-01 00:00:00'),
('b0000000-0000-0000-0000-000000000267', 'TRK-2025-00267', 'a0000000-0000-0000-0000-000000000010', 'Chicago, IL', 'FedEx', 'delivered', 6.14, '2025-09-16 22:00:00', '2025-09-20 07:00:00', '2025-09-16 00:00:00'),
('b0000000-0000-0000-0000-000000000268', 'TRK-2025-00268', 'a0000000-0000-0000-0000-000000000006', 'El Paso, TX', 'Amazon', 'exception', 63.78, '2023-07-25 04:00:00', NULL, '2023-07-25 00:00:00'),
('b0000000-0000-0000-0000-000000000269', 'TRK-2025-00269', 'a0000000-0000-0000-0000-000000000007', 'Indianapolis, IN', 'FedEx', 'delivered', 40.48, '2025-08-15 01:00:00', '2025-08-18 22:00:00', '2025-08-15 00:00:00'),
('b0000000-0000-0000-0000-000000000270', 'TRK-2025-00270', 'a0000000-0000-0000-0000-000000000005', 'Baltimore, MD', 'USPS', 'delivered', 11.62, '2023-08-27 20:00:00', '2023-08-29 21:00:00', '2023-08-27 00:00:00'),
('b0000000-0000-0000-0000-000000000271', 'TRK-2025-00271', 'a0000000-0000-0000-0000-000000000004', 'Phoenix, AZ', 'FedEx', 'delivered', 0.92, '2025-06-27 13:00:00', '2025-06-29 17:00:00', '2025-06-27 00:00:00'),
('b0000000-0000-0000-0000-000000000272', 'TRK-2025-00272', 'a0000000-0000-0000-0000-000000000006', 'San Antonio, TX', 'FedEx', 'delivered', 156.47, '2023-09-13 05:00:00', '2023-09-14 04:00:00', '2023-09-13 00:00:00'),
('b0000000-0000-0000-0000-000000000273', 'TRK-2025-00273', 'a0000000-0000-0000-0000-000000000003', 'St. Louis, MO', 'USPS', 'in_transit', 25.48, '2025-08-29 18:00:00', NULL, '2025-08-29 00:00:00'),
('b0000000-0000-0000-0000-000000000274', 'TRK-2025-00274', 'a0000000-0000-0000-0000-000000000002', 'Portland, OR', 'UPS', 'delivered', 8.37, '2025-12-12 08:00:00', '2025-12-15 21:00:00', '2025-12-12 00:00:00'),
('b0000000-0000-0000-0000-000000000275', 'TRK-2025-00275', 'a0000000-0000-0000-0000-000000000009', 'Austin, TX', 'Amazon', 'delivered', 6.28, '2025-05-14 03:00:00', '2025-05-15 12:00:00', '2025-05-14 00:00:00'),
('b0000000-0000-0000-0000-000000000276', 'TRK-2025-00276', 'a0000000-0000-0000-0000-000000000007', 'Denver, CO', 'USPS', 'delivered', 19.22, '2025-07-06 00:00:00', '2025-07-09 20:00:00', '2025-07-05 00:00:00'),
('b0000000-0000-0000-0000-000000000277', 'TRK-2025-00277', 'a0000000-0000-0000-0000-000000000008', 'Fort Worth, TX', 'USPS', 'delivered', 3.69, '2025-08-16 15:00:00', '2025-08-18 21:00:00', '2025-08-16 00:00:00'),
('b0000000-0000-0000-0000-000000000278', 'TRK-2025-00278', 'a0000000-0000-0000-0000-000000000007', 'San Jose, CA', 'UPS', 'delivered', 48.02, '2025-05-30 13:00:00', '2025-06-01 17:00:00', '2025-05-30 00:00:00'),
('b0000000-0000-0000-0000-000000000279', 'TRK-2025-00279', 'a0000000-0000-0000-0000-000000000005', 'Boise, ID', 'DHL', 'delivered', 10.78, '2024-06-08 04:00:00', '2024-06-11 16:00:00', '2024-06-08 00:00:00'),
('b0000000-0000-0000-0000-000000000280', 'TRK-2025-00280', 'a0000000-0000-0000-0000-000000000004', 'Salt Lake City, UT', 'FedEx', 'exception', 0.5, '2023-08-10 14:00:00', NULL, '2023-08-10 00:00:00'),
('b0000000-0000-0000-0000-000000000281', 'TRK-2025-00281', 'a0000000-0000-0000-0000-000000000008', 'Dallas, TX', 'DHL', 'delivered', 2.87, '2025-08-17 13:00:00', '2025-08-18 10:00:00', '2025-08-17 00:00:00'),
('b0000000-0000-0000-0000-000000000282', 'TRK-2025-00282', 'a0000000-0000-0000-0000-000000000008', 'Sacramento, CA', 'DHL', 'in_transit', 63.81, '2024-08-02 18:00:00', NULL, '2024-08-02 00:00:00'),
('b0000000-0000-0000-0000-000000000283', 'TRK-2025-00283', 'a0000000-0000-0000-0000-000000000001', 'Boston, MA', 'Amazon', 'in_transit', 337.12, '2025-07-06 22:00:00', NULL, '2025-07-06 00:00:00'),
('b0000000-0000-0000-0000-000000000284', 'TRK-2025-00284', 'a0000000-0000-0000-0000-000000000006', 'Jacksonville, FL', 'DHL', 'out_for_delivery', 42.98, '2026-02-13 14:00:00', NULL, '2026-02-13 00:00:00'),
('b0000000-0000-0000-0000-000000000285', 'TRK-2025-00285', 'a0000000-0000-0000-0000-000000000002', 'New York, NY', 'FedEx', 'delivered', 1.19, '2026-02-16 19:00:00', '2026-02-18 11:00:00', '2026-02-16 00:00:00'),
('b0000000-0000-0000-0000-000000000286', 'TRK-2025-00286', 'a0000000-0000-0000-0000-000000000008', 'Boston, MA', 'USPS', 'in_transit', 110.33, '2025-08-24 01:00:00', NULL, '2025-08-24 00:00:00'),
('b0000000-0000-0000-0000-000000000287', 'TRK-2025-00287', 'a0000000-0000-0000-0000-000000000008', 'San Antonio, TX', 'UPS', 'in_transit', 473.17, '2025-08-23 15:00:00', NULL, '2025-08-23 00:00:00'),
('b0000000-0000-0000-0000-000000000288', 'TRK-2025-00288', 'a0000000-0000-0000-0000-000000000004', 'Richmond, VA', 'USPS', 'delivered', 18.01, '2024-04-22 03:00:00', '2024-04-24 05:00:00', '2024-04-22 00:00:00'),
('b0000000-0000-0000-0000-000000000289', 'TRK-2025-00289', 'a0000000-0000-0000-0000-000000000001', 'Dallas, TX', 'FedEx', 'delivered', 65.32, '2025-07-03 17:00:00', '2025-07-05 03:00:00', '2025-07-03 00:00:00'),
('b0000000-0000-0000-0000-000000000290', 'TRK-2025-00290', 'a0000000-0000-0000-0000-000000000009', 'Austin, TX', 'UPS', 'in_transit', 14.12, '2025-03-06 06:00:00', NULL, '2025-03-06 00:00:00'),
('b0000000-0000-0000-0000-000000000291', 'TRK-2025-00291', 'a0000000-0000-0000-0000-000000000003', 'St. Louis, MO', 'USPS', 'delivered', 16.0, '2025-06-18 07:00:00', '2025-06-20 06:00:00', '2025-06-18 00:00:00'),
('b0000000-0000-0000-0000-000000000292', 'TRK-2025-00292', 'a0000000-0000-0000-0000-000000000002', 'San Antonio, TX', 'USPS', 'delivered', 13.06, '2026-02-07 16:00:00', '2026-02-10 23:00:00', '2026-02-07 00:00:00'),
('b0000000-0000-0000-0000-000000000293', 'TRK-2025-00293', 'a0000000-0000-0000-0000-000000000006', 'El Paso, TX', 'DHL', 'in_transit', 28.31, '2025-02-22 06:00:00', NULL, '2025-02-22 00:00:00'),
('b0000000-0000-0000-0000-000000000294', 'TRK-2025-00294', 'a0000000-0000-0000-0000-000000000005', 'Philadelphia, PA', 'Amazon', 'delivered', 10.68, '2025-09-08 23:00:00', '2025-09-10 05:00:00', '2025-09-08 00:00:00'),
('b0000000-0000-0000-0000-000000000295', 'TRK-2025-00295', 'a0000000-0000-0000-0000-000000000009', 'Boston, MA', 'USPS', 'out_for_delivery', 4.43, '2026-01-20 18:00:00', NULL, '2026-01-20 00:00:00'),
('b0000000-0000-0000-0000-000000000296', 'TRK-2025-00296', 'a0000000-0000-0000-0000-000000000003', 'Jacksonville, FL', 'USPS', 'delivered', 5.2, '2025-03-28 12:00:00', '2025-03-29 01:00:00', '2025-03-28 00:00:00'),
('b0000000-0000-0000-0000-000000000297', 'TRK-2025-00297', 'a0000000-0000-0000-0000-000000000008', 'Dallas, TX', 'FedEx', 'delivered', 224.39, '2026-02-14 16:00:00', '2026-02-17 09:00:00', '2026-02-14 00:00:00'),
('b0000000-0000-0000-0000-000000000298', 'TRK-2025-00298', 'a0000000-0000-0000-0000-000000000008', 'Boise, ID', 'FedEx', 'delivered', 45.81, '2025-03-17 09:00:00', '2025-03-19 01:00:00', '2025-03-17 00:00:00'),
('b0000000-0000-0000-0000-000000000299', 'TRK-2025-00299', 'a0000000-0000-0000-0000-000000000009', 'Denver, CO', 'FedEx', 'label_created', 13.11, NULL, NULL, '2024-12-14 00:00:00'),
('b0000000-0000-0000-0000-000000000300', 'TRK-2025-00300', 'a0000000-0000-0000-0000-000000000009', 'San Diego, CA', 'DHL', 'delivered', 5.43, '2024-12-07 02:00:00', '2024-12-11 15:00:00', '2024-12-07 00:00:00');


-- Inventory (200)

INSERT INTO inventory (id, warehouse_id, sku, product_name, quantity, reorder_point, unit_cost_cents, last_restocked_at, created_at) VALUES
('c0000000-0000-0000-0000-000000000001', 'a0000000-0000-0000-0000-000000000001', 'ELEC-TV-55', '55" 4K Smart TV', 368, 25, 42999, '2026-01-29 00:00:00', '2023-07-21 00:00:00'),
('c0000000-0000-0000-0000-000000000002', 'a0000000-0000-0000-0000-000000000001', 'ELEC-LP-14', '14" Laptop Pro', 126, 10, 89999, '2025-04-14 00:00:00', '2023-05-02 00:00:00'),
('c0000000-0000-0000-0000-000000000003', 'a0000000-0000-0000-0000-000000000001', 'ELEC-PHONE-13', 'Smartphone 13 Pro', 443, 25, 99999, '2025-05-06 00:00:00', '2023-04-09 00:00:00'),
('c0000000-0000-0000-0000-000000000004', 'a0000000-0000-0000-0000-000000000001', 'ELEC-TAB-10', '10" Tablet', 440, 50, 44999, '2025-06-14 00:00:00', '2023-03-03 00:00:00'),
('c0000000-0000-0000-0000-000000000005', 'a0000000-0000-0000-0000-000000000001', 'ELEC-HDPH-NC', 'Noise-Canceling Headphones', 0, 40, 29999, '2025-05-26 00:00:00', '2023-04-02 00:00:00'),
('c0000000-0000-0000-0000-000000000006', 'a0000000-0000-0000-0000-000000000001', 'ELEC-WATCH-S8', 'Smart Watch Series 8', 360, 100, 39999, '2025-12-08 00:00:00', '2023-07-02 00:00:00'),
('c0000000-0000-0000-0000-000000000007', 'a0000000-0000-0000-0000-000000000001', 'ELEC-SPK-BT', 'Bluetooth Speaker Portable', 0, 50, 7999, '2025-11-04 00:00:00', '2023-06-26 00:00:00'),
('c0000000-0000-0000-0000-000000000008', 'a0000000-0000-0000-0000-000000000001', 'ELEC-MK-RGB', 'RGB Mechanical Keyboard', 64, 20, 12999, '2025-09-26 00:00:00', '2023-03-14 00:00:00'),
('c0000000-0000-0000-0000-000000000009', 'a0000000-0000-0000-0000-000000000001', 'HOME-CHAIR-ERG', 'Ergonomic Office Chair', 389, 50, 34999, '2025-07-16 00:00:00', '2023-06-19 00:00:00'),
('c0000000-0000-0000-0000-000000000010', 'a0000000-0000-0000-0000-000000000001', 'HOME-DESK-STD', 'Standing Desk Adjustable', 212, 15, 54999, '2023-09-04 00:00:00', '2023-04-23 00:00:00'),
('c0000000-0000-0000-0000-000000000011', 'a0000000-0000-0000-0000-000000000001', 'HOME-VAC-RBT', 'Robot Vacuum Cleaner', 263, 40, 39999, '2025-12-23 00:00:00', '2023-01-10 00:00:00'),
('c0000000-0000-0000-0000-000000000012', 'a0000000-0000-0000-0000-000000000001', 'HOME-BLND-PRO', 'Professional Blender', 444, 15, 14999, '2026-02-04 00:00:00', '2023-07-07 00:00:00'),
('c0000000-0000-0000-0000-000000000013', 'a0000000-0000-0000-0000-000000000001', 'HOME-COFFEE-AUT', 'Automatic Espresso Machine', 183, 75, 64999, '2025-09-22 00:00:00', '2023-03-05 00:00:00'),
('c0000000-0000-0000-0000-000000000014', 'a0000000-0000-0000-0000-000000000001', 'HOME-AIR-PUR', 'HEPA Air Purifier', 253, 30, 24999, '2025-12-15 00:00:00', '2023-05-14 00:00:00'),
('c0000000-0000-0000-0000-000000000015', 'a0000000-0000-0000-0000-000000000001', 'CLOTH-JKT-WTR', 'Winter Jacket Insulated', 403, 10, 12999, NULL, '2023-06-19 00:00:00'),
('c0000000-0000-0000-0000-000000000016', 'a0000000-0000-0000-0000-000000000001', 'CLOTH-SNK-RUN', 'Running Sneakers', 401, 10, 12999, '2024-08-25 00:00:00', '2023-05-06 00:00:00'),
('c0000000-0000-0000-0000-000000000017', 'a0000000-0000-0000-0000-000000000001', 'SPORT-BIKE-MTN', 'Mountain Bike 27.5"', 0, 50, 74999, '2023-10-14 00:00:00', '2023-06-25 00:00:00'),
('c0000000-0000-0000-0000-000000000018', 'a0000000-0000-0000-0000-000000000001', 'SPORT-YOGA-MAT', 'Premium Yoga Mat', 154, 30, 4999, NULL, '2023-04-12 00:00:00'),
('c0000000-0000-0000-0000-000000000019', 'a0000000-0000-0000-0000-000000000001', 'FOOD-COFFEE-1KG', 'Single Origin Coffee Beans 1kg', 0, 20, 2499, NULL, '2023-06-19 00:00:00'),
('c0000000-0000-0000-0000-000000000020', 'a0000000-0000-0000-0000-000000000001', 'FOOD-PROTEIN-12', 'Protein Bar Box of 12', 156, 25, 3499, '2025-04-18 00:00:00', '2023-01-10 00:00:00'),
('c0000000-0000-0000-0000-000000000021', 'a0000000-0000-0000-0000-000000000002', 'ELEC-TV-55', '55" 4K Smart TV', 109, 20, 42999, '2025-10-14 00:00:00', '2023-01-12 00:00:00'),
('c0000000-0000-0000-0000-000000000022', 'a0000000-0000-0000-0000-000000000002', 'ELEC-LP-14', '14" Laptop Pro', 4, 15, 89999, '2025-05-07 00:00:00', '2023-05-12 00:00:00'),
('c0000000-0000-0000-0000-000000000023', 'a0000000-0000-0000-0000-000000000002', 'ELEC-PHONE-13', 'Smartphone 13 Pro', 36, 15, 99999, '2025-08-08 00:00:00', '2023-04-14 00:00:00'),
('c0000000-0000-0000-0000-000000000024', 'a0000000-0000-0000-0000-000000000002', 'ELEC-TAB-10', '10" Tablet', 451, 50, 44999, '2023-10-15 00:00:00', '2023-06-23 00:00:00'),
('c0000000-0000-0000-0000-000000000025', 'a0000000-0000-0000-0000-000000000002', 'ELEC-HDPH-NC', 'Noise-Canceling Headphones', 346, 75, 29999, '2023-11-16 00:00:00', '2023-05-02 00:00:00'),
('c0000000-0000-0000-0000-000000000026', 'a0000000-0000-0000-0000-000000000002', 'ELEC-WATCH-S8', 'Smart Watch Series 8', 179, 20, 39999, '2024-08-27 00:00:00', '2023-03-06 00:00:00'),
('c0000000-0000-0000-0000-000000000027', 'a0000000-0000-0000-0000-000000000002', 'ELEC-SPK-BT', 'Bluetooth Speaker Portable', 44, 20, 7999, '2025-09-13 00:00:00', '2023-04-09 00:00:00'),
('c0000000-0000-0000-0000-000000000028', 'a0000000-0000-0000-0000-000000000002', 'ELEC-MK-RGB', 'RGB Mechanical Keyboard', 493, 20, 12999, '2024-02-10 00:00:00', '2023-05-31 00:00:00'),
('c0000000-0000-0000-0000-000000000029', 'a0000000-0000-0000-0000-000000000002', 'HOME-CHAIR-ERG', 'Ergonomic Office Chair', 307, 100, 34999, '2023-06-28 00:00:00', '2023-06-27 00:00:00'),
('c0000000-0000-0000-0000-000000000030', 'a0000000-0000-0000-0000-000000000002', 'HOME-DESK-STD', 'Standing Desk Adjustable', 448, 75, 54999, '2025-09-17 00:00:00', '2023-03-26 00:00:00'),
('c0000000-0000-0000-0000-000000000031', 'a0000000-0000-0000-0000-000000000002', 'HOME-VAC-RBT', 'Robot Vacuum Cleaner', 0, 25, 39999, '2025-11-11 00:00:00', '2023-06-22 00:00:00'),
('c0000000-0000-0000-0000-000000000032', 'a0000000-0000-0000-0000-000000000002', 'HOME-BLND-PRO', 'Professional Blender', 0, 10, 14999, '2023-10-14 00:00:00', '2023-04-19 00:00:00'),
('c0000000-0000-0000-0000-000000000033', 'a0000000-0000-0000-0000-000000000002', 'HOME-COFFEE-AUT', 'Automatic Espresso Machine', 440, 50, 64999, '2025-07-21 00:00:00', '2023-05-10 00:00:00'),
('c0000000-0000-0000-0000-000000000034', 'a0000000-0000-0000-0000-000000000002', 'HOME-AIR-PUR', 'HEPA Air Purifier', 488, 15, 24999, NULL, '2023-01-27 00:00:00'),
('c0000000-0000-0000-0000-000000000035', 'a0000000-0000-0000-0000-000000000002', 'CLOTH-JKT-WTR', 'Winter Jacket Insulated', 7, 10, 12999, '2024-07-12 00:00:00', '2023-05-19 00:00:00'),
('c0000000-0000-0000-0000-000000000036', 'a0000000-0000-0000-0000-000000000002', 'CLOTH-SNK-RUN', 'Running Sneakers', 146, 75, 12999, '2025-09-22 00:00:00', '2023-01-31 00:00:00'),
('c0000000-0000-0000-0000-000000000037', 'a0000000-0000-0000-0000-000000000002', 'SPORT-BIKE-MTN', 'Mountain Bike 27.5"', 327, 100, 74999, '2025-04-10 00:00:00', '2023-05-20 00:00:00'),
('c0000000-0000-0000-0000-000000000038', 'a0000000-0000-0000-0000-000000000002', 'SPORT-YOGA-MAT', 'Premium Yoga Mat', 471, 20, 4999, '2026-01-19 00:00:00', '2023-07-24 00:00:00'),
('c0000000-0000-0000-0000-000000000039', 'a0000000-0000-0000-0000-000000000002', 'FOOD-COFFEE-1KG', 'Single Origin Coffee Beans 1kg', 427, 15, 2499, '2025-07-01 00:00:00', '2023-01-24 00:00:00'),
('c0000000-0000-0000-0000-000000000040', 'a0000000-0000-0000-0000-000000000002', 'FOOD-PROTEIN-12', 'Protein Bar Box of 12', 0, 50, 3499, '2023-07-27 00:00:00', '2023-03-30 00:00:00'),
('c0000000-0000-0000-0000-000000000041', 'a0000000-0000-0000-0000-000000000003', 'ELEC-TV-55', '55" 4K Smart TV', 341, 20, 42999, '2025-05-19 00:00:00', '2023-01-12 00:00:00'),
('c0000000-0000-0000-0000-000000000042', 'a0000000-0000-0000-0000-000000000003', 'ELEC-LP-14', '14" Laptop Pro', 83, 40, 89999, '2025-06-08 00:00:00', '2023-03-17 00:00:00'),
('c0000000-0000-0000-0000-000000000043', 'a0000000-0000-0000-0000-000000000003', 'ELEC-PHONE-13', 'Smartphone 13 Pro', 85, 30, 99999, '2025-03-16 00:00:00', '2023-04-05 00:00:00'),
('c0000000-0000-0000-0000-000000000044', 'a0000000-0000-0000-0000-000000000003', 'ELEC-TAB-10', '10" Tablet', 413, 75, 44999, NULL, '2023-07-11 00:00:00'),
('c0000000-0000-0000-0000-000000000045', 'a0000000-0000-0000-0000-000000000003', 'ELEC-HDPH-NC', 'Noise-Canceling Headphones', 499, 15, 29999, '2025-03-29 00:00:00', '2023-05-17 00:00:00'),
('c0000000-0000-0000-0000-000000000046', 'a0000000-0000-0000-0000-000000000003', 'ELEC-WATCH-S8', 'Smart Watch Series 8', 439, 40, 39999, '2025-12-02 00:00:00', '2023-06-05 00:00:00'),
('c0000000-0000-0000-0000-000000000047', 'a0000000-0000-0000-0000-000000000003', 'ELEC-SPK-BT', 'Bluetooth Speaker Portable', 345, 25, 7999, '2025-03-07 00:00:00', '2023-03-13 00:00:00'),
('c0000000-0000-0000-0000-000000000048', 'a0000000-0000-0000-0000-000000000003', 'ELEC-MK-RGB', 'RGB Mechanical Keyboard', 23, 50, 12999, '2025-03-19 00:00:00', '2023-05-31 00:00:00'),
('c0000000-0000-0000-0000-000000000049', 'a0000000-0000-0000-0000-000000000003', 'HOME-CHAIR-ERG', 'Ergonomic Office Chair', 411, 50, 34999, '2025-08-11 00:00:00', '2023-03-20 00:00:00'),
('c0000000-0000-0000-0000-000000000050', 'a0000000-0000-0000-0000-000000000003', 'HOME-DESK-STD', 'Standing Desk Adjustable', 0, 40, 54999, '2023-07-24 00:00:00', '2023-02-24 00:00:00');

INSERT INTO inventory (id, warehouse_id, sku, product_name, quantity, reorder_point, unit_cost_cents, last_restocked_at, created_at) VALUES
('c0000000-0000-0000-0000-000000000051', 'a0000000-0000-0000-0000-000000000003', 'HOME-VAC-RBT', 'Robot Vacuum Cleaner', 114, 10, 39999, '2025-10-25 00:00:00', '2023-03-23 00:00:00'),
('c0000000-0000-0000-0000-000000000052', 'a0000000-0000-0000-0000-000000000003', 'HOME-BLND-PRO', 'Professional Blender', 396, 40, 14999, NULL, '2023-05-06 00:00:00'),
('c0000000-0000-0000-0000-000000000053', 'a0000000-0000-0000-0000-000000000003', 'HOME-COFFEE-AUT', 'Automatic Espresso Machine', 4, 30, 64999, '2026-01-13 00:00:00', '2023-03-13 00:00:00'),
('c0000000-0000-0000-0000-000000000054', 'a0000000-0000-0000-0000-000000000003', 'HOME-AIR-PUR', 'HEPA Air Purifier', 237, 60, 24999, '2025-06-20 00:00:00', '2023-05-29 00:00:00'),
('c0000000-0000-0000-0000-000000000055', 'a0000000-0000-0000-0000-000000000003', 'CLOTH-JKT-WTR', 'Winter Jacket Insulated', 389, 20, 12999, NULL, '2023-04-24 00:00:00'),
('c0000000-0000-0000-0000-000000000056', 'a0000000-0000-0000-0000-000000000003', 'CLOTH-SNK-RUN', 'Running Sneakers', 12, 40, 12999, '2023-06-10 00:00:00', '2023-04-05 00:00:00'),
('c0000000-0000-0000-0000-000000000057', 'a0000000-0000-0000-0000-000000000003', 'SPORT-BIKE-MTN', 'Mountain Bike 27.5"', 0, 50, 74999, '2023-09-15 00:00:00', '2023-03-03 00:00:00'),
('c0000000-0000-0000-0000-000000000058', 'a0000000-0000-0000-0000-000000000003', 'SPORT-YOGA-MAT', 'Premium Yoga Mat', 271, 50, 4999, '2025-05-12 00:00:00', '2023-07-11 00:00:00'),
('c0000000-0000-0000-0000-000000000059', 'a0000000-0000-0000-0000-000000000003', 'FOOD-COFFEE-1KG', 'Single Origin Coffee Beans 1kg', 0, 25, 2499, '2026-02-22 00:00:00', '2023-04-15 00:00:00'),
('c0000000-0000-0000-0000-000000000060', 'a0000000-0000-0000-0000-000000000003', 'FOOD-PROTEIN-12', 'Protein Bar Box of 12', 234, 15, 3499, '2026-01-21 00:00:00', '2023-04-20 00:00:00'),
('c0000000-0000-0000-0000-000000000061', 'a0000000-0000-0000-0000-000000000004', 'ELEC-TV-55', '55" 4K Smart TV', 38, 10, 42999, '2024-01-29 00:00:00', '2023-03-25 00:00:00'),
('c0000000-0000-0000-0000-000000000062', 'a0000000-0000-0000-0000-000000000004', 'ELEC-LP-14', '14" Laptop Pro', 133, 50, 89999, '2024-04-21 00:00:00', '2023-05-05 00:00:00'),
('c0000000-0000-0000-0000-000000000063', 'a0000000-0000-0000-0000-000000000004', 'ELEC-PHONE-13', 'Smartphone 13 Pro', 139, 25, 99999, '2023-09-20 00:00:00', '2023-02-18 00:00:00'),
('c0000000-0000-0000-0000-000000000064', 'a0000000-0000-0000-0000-000000000004', 'ELEC-TAB-10', '10" Tablet', 54, 60, 44999, '2025-08-31 00:00:00', '2023-07-26 00:00:00'),
('c0000000-0000-0000-0000-000000000065', 'a0000000-0000-0000-0000-000000000004', 'ELEC-HDPH-NC', 'Noise-Canceling Headphones', 106, 60, 29999, '2025-05-20 00:00:00', '2023-07-04 00:00:00'),
('c0000000-0000-0000-0000-000000000066', 'a0000000-0000-0000-0000-000000000004', 'ELEC-WATCH-S8', 'Smart Watch Series 8', 155, 100, 39999, NULL, '2023-04-03 00:00:00'),
('c0000000-0000-0000-0000-000000000067', 'a0000000-0000-0000-0000-000000000004', 'ELEC-SPK-BT', 'Bluetooth Speaker Portable', 0, 25, 7999, '2025-03-26 00:00:00', '2023-07-02 00:00:00'),
('c0000000-0000-0000-0000-000000000068', 'a0000000-0000-0000-0000-000000000004', 'ELEC-MK-RGB', 'RGB Mechanical Keyboard', 153, 20, 12999, NULL, '2023-04-23 00:00:00'),
('c0000000-0000-0000-0000-000000000069', 'a0000000-0000-0000-0000-000000000004', 'HOME-CHAIR-ERG', 'Ergonomic Office Chair', 437, 75, 34999, '2025-05-11 00:00:00', '2023-02-10 00:00:00'),
('c0000000-0000-0000-0000-000000000070', 'a0000000-0000-0000-0000-000000000004', 'HOME-DESK-STD', 'Standing Desk Adjustable', 0, 25, 54999, '2024-06-16 00:00:00', '2023-07-04 00:00:00'),
('c0000000-0000-0000-0000-000000000071', 'a0000000-0000-0000-0000-000000000004', 'HOME-VAC-RBT', 'Robot Vacuum Cleaner', 322, 15, 39999, '2025-04-08 00:00:00', '2023-01-15 00:00:00'),
('c0000000-0000-0000-0000-000000000072', 'a0000000-0000-0000-0000-000000000004', 'HOME-BLND-PRO', 'Professional Blender', 33, 60, 14999, '2025-08-17 00:00:00', '2023-02-10 00:00:00'),
('c0000000-0000-0000-0000-000000000073', 'a0000000-0000-0000-0000-000000000004', 'HOME-COFFEE-AUT', 'Automatic Espresso Machine', 21, 10, 64999, '2025-09-19 00:00:00', '2023-05-17 00:00:00'),
('c0000000-0000-0000-0000-000000000074', 'a0000000-0000-0000-0000-000000000004', 'HOME-AIR-PUR', 'HEPA Air Purifier', 15, 50, 24999, '2025-06-04 00:00:00', '2023-03-21 00:00:00'),
('c0000000-0000-0000-0000-000000000075', 'a0000000-0000-0000-0000-000000000004', 'CLOTH-JKT-WTR', 'Winter Jacket Insulated', 143, 20, 12999, NULL, '2023-06-17 00:00:00'),
('c0000000-0000-0000-0000-000000000076', 'a0000000-0000-0000-0000-000000000004', 'CLOTH-SNK-RUN', 'Running Sneakers', 315, 30, 12999, '2024-10-03 00:00:00', '2023-01-25 00:00:00'),
('c0000000-0000-0000-0000-000000000077', 'a0000000-0000-0000-0000-000000000004', 'SPORT-BIKE-MTN', 'Mountain Bike 27.5"', 44, 20, 74999, '2025-08-25 00:00:00', '2023-05-24 00:00:00'),
('c0000000-0000-0000-0000-000000000078', 'a0000000-0000-0000-0000-000000000004', 'SPORT-YOGA-MAT', 'Premium Yoga Mat', 127, 75, 4999, '2025-08-09 00:00:00', '2023-07-11 00:00:00'),
('c0000000-0000-0000-0000-000000000079', 'a0000000-0000-0000-0000-000000000004', 'FOOD-COFFEE-1KG', 'Single Origin Coffee Beans 1kg', 183, 60, 2499, '2025-08-12 00:00:00', '2023-04-19 00:00:00'),
('c0000000-0000-0000-0000-000000000080', 'a0000000-0000-0000-0000-000000000004', 'FOOD-PROTEIN-12', 'Protein Bar Box of 12', 138, 40, 3499, '2025-07-22 00:00:00', '2023-01-24 00:00:00'),
('c0000000-0000-0000-0000-000000000081', 'a0000000-0000-0000-0000-000000000005', 'ELEC-TV-55', '55" 4K Smart TV', 414, 75, 42999, '2025-06-28 00:00:00', '2023-02-19 00:00:00'),
('c0000000-0000-0000-0000-000000000082', 'a0000000-0000-0000-0000-000000000005', 'ELEC-LP-14', '14" Laptop Pro', 51, 25, 89999, '2025-12-26 00:00:00', '2023-07-17 00:00:00'),
('c0000000-0000-0000-0000-000000000083', 'a0000000-0000-0000-0000-000000000005', 'ELEC-PHONE-13', 'Smartphone 13 Pro', 28, 25, 99999, '2024-07-02 00:00:00', '2023-04-10 00:00:00'),
('c0000000-0000-0000-0000-000000000084', 'a0000000-0000-0000-0000-000000000005', 'ELEC-TAB-10', '10" Tablet', 478, 20, 44999, '2026-02-21 00:00:00', '2023-04-11 00:00:00'),
('c0000000-0000-0000-0000-000000000085', 'a0000000-0000-0000-0000-000000000005', 'ELEC-HDPH-NC', 'Noise-Canceling Headphones', 467, 40, 29999, '2025-12-14 00:00:00', '2023-02-27 00:00:00'),
('c0000000-0000-0000-0000-000000000086', 'a0000000-0000-0000-0000-000000000005', 'ELEC-WATCH-S8', 'Smart Watch Series 8', 428, 60, 39999, '2025-03-20 00:00:00', '2023-02-02 00:00:00'),
('c0000000-0000-0000-0000-000000000087', 'a0000000-0000-0000-0000-000000000005', 'ELEC-SPK-BT', 'Bluetooth Speaker Portable', 28, 25, 7999, NULL, '2023-05-12 00:00:00'),
('c0000000-0000-0000-0000-000000000088', 'a0000000-0000-0000-0000-000000000005', 'ELEC-MK-RGB', 'RGB Mechanical Keyboard', 0, 100, 12999, '2025-05-30 00:00:00', '2023-04-02 00:00:00'),
('c0000000-0000-0000-0000-000000000089', 'a0000000-0000-0000-0000-000000000005', 'HOME-CHAIR-ERG', 'Ergonomic Office Chair', 0, 100, 34999, '2025-04-26 00:00:00', '2023-05-24 00:00:00'),
('c0000000-0000-0000-0000-000000000090', 'a0000000-0000-0000-0000-000000000005', 'HOME-DESK-STD', 'Standing Desk Adjustable', 440, 15, 54999, '2024-07-10 00:00:00', '2023-06-09 00:00:00'),
('c0000000-0000-0000-0000-000000000091', 'a0000000-0000-0000-0000-000000000005', 'HOME-VAC-RBT', 'Robot Vacuum Cleaner', 51, 40, 39999, '2025-10-10 00:00:00', '2023-06-22 00:00:00'),
('c0000000-0000-0000-0000-000000000092', 'a0000000-0000-0000-0000-000000000005', 'HOME-BLND-PRO', 'Professional Blender', 491, 40, 14999, '2025-05-11 00:00:00', '2023-06-16 00:00:00'),
('c0000000-0000-0000-0000-000000000093', 'a0000000-0000-0000-0000-000000000005', 'HOME-COFFEE-AUT', 'Automatic Espresso Machine', 402, 100, 64999, '2026-02-16 00:00:00', '2023-03-26 00:00:00'),
('c0000000-0000-0000-0000-000000000094', 'a0000000-0000-0000-0000-000000000005', 'HOME-AIR-PUR', 'HEPA Air Purifier', 65, 10, 24999, '2024-07-05 00:00:00', '2023-07-26 00:00:00'),
('c0000000-0000-0000-0000-000000000095', 'a0000000-0000-0000-0000-000000000005', 'CLOTH-JKT-WTR', 'Winter Jacket Insulated', 494, 20, 12999, '2026-02-15 00:00:00', '2023-06-15 00:00:00'),
('c0000000-0000-0000-0000-000000000096', 'a0000000-0000-0000-0000-000000000005', 'CLOTH-SNK-RUN', 'Running Sneakers', 113, 15, 12999, '2025-04-09 00:00:00', '2023-03-11 00:00:00'),
('c0000000-0000-0000-0000-000000000097', 'a0000000-0000-0000-0000-000000000005', 'SPORT-BIKE-MTN', 'Mountain Bike 27.5"', 177, 20, 74999, '2025-09-19 00:00:00', '2023-07-10 00:00:00'),
('c0000000-0000-0000-0000-000000000098', 'a0000000-0000-0000-0000-000000000005', 'SPORT-YOGA-MAT', 'Premium Yoga Mat', 343, 40, 4999, '2025-07-06 00:00:00', '2023-07-06 00:00:00'),
('c0000000-0000-0000-0000-000000000099', 'a0000000-0000-0000-0000-000000000005', 'FOOD-COFFEE-1KG', 'Single Origin Coffee Beans 1kg', 34, 15, 2499, '2025-10-11 00:00:00', '2023-07-16 00:00:00'),
('c0000000-0000-0000-0000-000000000100', 'a0000000-0000-0000-0000-000000000005', 'FOOD-PROTEIN-12', 'Protein Bar Box of 12', 214, 50, 3499, '2025-12-05 00:00:00', '2023-04-16 00:00:00');

INSERT INTO inventory (id, warehouse_id, sku, product_name, quantity, reorder_point, unit_cost_cents, last_restocked_at, created_at) VALUES
('c0000000-0000-0000-0000-000000000101', 'a0000000-0000-0000-0000-000000000006', 'ELEC-TV-55', '55" 4K Smart TV', 51, 100, 42999, '2023-11-14 00:00:00', '2023-05-05 00:00:00'),
('c0000000-0000-0000-0000-000000000102', 'a0000000-0000-0000-0000-000000000006', 'ELEC-LP-14', '14" Laptop Pro', 37, 10, 89999, '2025-04-23 00:00:00', '2023-01-28 00:00:00'),
('c0000000-0000-0000-0000-000000000103', 'a0000000-0000-0000-0000-000000000006', 'ELEC-PHONE-13', 'Smartphone 13 Pro', 175, 50, 99999, '2025-04-17 00:00:00', '2023-04-06 00:00:00'),
('c0000000-0000-0000-0000-000000000104', 'a0000000-0000-0000-0000-000000000006', 'ELEC-TAB-10', '10" Tablet', 304, 60, 44999, '2026-01-29 00:00:00', '2023-02-21 00:00:00'),
('c0000000-0000-0000-0000-000000000105', 'a0000000-0000-0000-0000-000000000006', 'ELEC-HDPH-NC', 'Noise-Canceling Headphones', 310, 20, 29999, NULL, '2023-04-04 00:00:00'),
('c0000000-0000-0000-0000-000000000106', 'a0000000-0000-0000-0000-000000000006', 'ELEC-WATCH-S8', 'Smart Watch Series 8', 105, 50, 39999, '2025-06-17 00:00:00', '2023-05-28 00:00:00'),
('c0000000-0000-0000-0000-000000000107', 'a0000000-0000-0000-0000-000000000006', 'ELEC-SPK-BT', 'Bluetooth Speaker Portable', 135, 30, 7999, '2025-12-18 00:00:00', '2023-05-30 00:00:00'),
('c0000000-0000-0000-0000-000000000108', 'a0000000-0000-0000-0000-000000000006', 'ELEC-MK-RGB', 'RGB Mechanical Keyboard', 430, 10, 12999, '2025-07-29 00:00:00', '2023-06-28 00:00:00'),
('c0000000-0000-0000-0000-000000000109', 'a0000000-0000-0000-0000-000000000006', 'HOME-CHAIR-ERG', 'Ergonomic Office Chair', 320, 25, 34999, NULL, '2023-03-03 00:00:00'),
('c0000000-0000-0000-0000-000000000110', 'a0000000-0000-0000-0000-000000000006', 'HOME-DESK-STD', 'Standing Desk Adjustable', 87, 15, 54999, '2025-09-20 00:00:00', '2023-05-10 00:00:00'),
('c0000000-0000-0000-0000-000000000111', 'a0000000-0000-0000-0000-000000000006', 'HOME-VAC-RBT', 'Robot Vacuum Cleaner', 250, 30, 39999, NULL, '2023-05-29 00:00:00'),
('c0000000-0000-0000-0000-000000000112', 'a0000000-0000-0000-0000-000000000006', 'HOME-BLND-PRO', 'Professional Blender', 198, 50, 14999, '2025-07-13 00:00:00', '2023-05-02 00:00:00'),
('c0000000-0000-0000-0000-000000000113', 'a0000000-0000-0000-0000-000000000006', 'HOME-COFFEE-AUT', 'Automatic Espresso Machine', 238, 30, 64999, '2026-02-20 00:00:00', '2023-06-29 00:00:00'),
('c0000000-0000-0000-0000-000000000114', 'a0000000-0000-0000-0000-000000000006', 'HOME-AIR-PUR', 'HEPA Air Purifier', 0, 40, 24999, '2025-12-27 00:00:00', '2023-03-09 00:00:00'),
('c0000000-0000-0000-0000-000000000115', 'a0000000-0000-0000-0000-000000000006', 'CLOTH-JKT-WTR', 'Winter Jacket Insulated', 0, 50, 12999, '2025-11-30 00:00:00', '2023-07-04 00:00:00'),
('c0000000-0000-0000-0000-000000000116', 'a0000000-0000-0000-0000-000000000006', 'CLOTH-SNK-RUN', 'Running Sneakers', 443, 100, 12999, '2025-04-10 00:00:00', '2023-04-21 00:00:00'),
('c0000000-0000-0000-0000-000000000117', 'a0000000-0000-0000-0000-000000000006', 'SPORT-BIKE-MTN', 'Mountain Bike 27.5"', 462, 10, 74999, '2025-08-28 00:00:00', '2023-06-05 00:00:00'),
('c0000000-0000-0000-0000-000000000118', 'a0000000-0000-0000-0000-000000000006', 'SPORT-YOGA-MAT', 'Premium Yoga Mat', 346, 20, 4999, '2023-11-25 00:00:00', '2023-02-21 00:00:00'),
('c0000000-0000-0000-0000-000000000119', 'a0000000-0000-0000-0000-000000000006', 'FOOD-COFFEE-1KG', 'Single Origin Coffee Beans 1kg', 497, 25, 2499, '2026-02-13 00:00:00', '2023-05-01 00:00:00'),
('c0000000-0000-0000-0000-000000000120', 'a0000000-0000-0000-0000-000000000006', 'FOOD-PROTEIN-12', 'Protein Bar Box of 12', 103, 20, 3499, '2025-04-04 00:00:00', '2023-02-01 00:00:00'),
('c0000000-0000-0000-0000-000000000121', 'a0000000-0000-0000-0000-000000000007', 'ELEC-TV-55', '55" 4K Smart TV', 198, 75, 42999, '2025-10-21 00:00:00', '2023-01-13 00:00:00'),
('c0000000-0000-0000-0000-000000000122', 'a0000000-0000-0000-0000-000000000007', 'ELEC-LP-14', '14" Laptop Pro', 402, 100, 89999, '2025-09-29 00:00:00', '2023-02-17 00:00:00'),
('c0000000-0000-0000-0000-000000000123', 'a0000000-0000-0000-0000-000000000007', 'ELEC-PHONE-13', 'Smartphone 13 Pro', 75, 100, 99999, '2026-01-03 00:00:00', '2023-02-06 00:00:00'),
('c0000000-0000-0000-0000-000000000124', 'a0000000-0000-0000-0000-000000000007', 'ELEC-TAB-10', '10" Tablet', 288, 30, 44999, '2025-11-15 00:00:00', '2023-04-25 00:00:00'),
('c0000000-0000-0000-0000-000000000125', 'a0000000-0000-0000-0000-000000000007', 'ELEC-HDPH-NC', 'Noise-Canceling Headphones', 135, 60, 29999, '2025-05-28 00:00:00', '2023-03-21 00:00:00'),
('c0000000-0000-0000-0000-000000000126', 'a0000000-0000-0000-0000-000000000007', 'ELEC-WATCH-S8', 'Smart Watch Series 8', 206, 100, 39999, '2025-09-19 00:00:00', '2023-04-04 00:00:00'),
('c0000000-0000-0000-0000-000000000127', 'a0000000-0000-0000-0000-000000000007', 'ELEC-SPK-BT', 'Bluetooth Speaker Portable', 353, 60, 7999, '2023-06-21 00:00:00', '2023-04-06 00:00:00'),
('c0000000-0000-0000-0000-000000000128', 'a0000000-0000-0000-0000-000000000007', 'ELEC-MK-RGB', 'RGB Mechanical Keyboard', 418, 30, 12999, '2026-02-20 00:00:00', '2023-07-04 00:00:00'),
('c0000000-0000-0000-0000-000000000129', 'a0000000-0000-0000-0000-000000000007', 'HOME-CHAIR-ERG', 'Ergonomic Office Chair', 50, 25, 34999, '2024-08-27 00:00:00', '2023-07-27 00:00:00'),
('c0000000-0000-0000-0000-000000000130', 'a0000000-0000-0000-0000-000000000007', 'HOME-DESK-STD', 'Standing Desk Adjustable', 422, 50, 54999, '2025-10-13 00:00:00', '2023-03-05 00:00:00'),
('c0000000-0000-0000-0000-000000000131', 'a0000000-0000-0000-0000-000000000007', 'HOME-VAC-RBT', 'Robot Vacuum Cleaner', 467, 60, 39999, '2025-09-18 00:00:00', '2023-01-24 00:00:00'),
('c0000000-0000-0000-0000-000000000132', 'a0000000-0000-0000-0000-000000000007', 'HOME-BLND-PRO', 'Professional Blender', 263, 15, 14999, '2025-05-09 00:00:00', '2023-07-28 00:00:00'),
('c0000000-0000-0000-0000-000000000133', 'a0000000-0000-0000-0000-000000000007', 'HOME-COFFEE-AUT', 'Automatic Espresso Machine', 435, 100, 64999, NULL, '2023-02-28 00:00:00'),
('c0000000-0000-0000-0000-000000000134', 'a0000000-0000-0000-0000-000000000007', 'HOME-AIR-PUR', 'HEPA Air Purifier', 448, 10, 24999, '2025-09-01 00:00:00', '2023-07-09 00:00:00'),
('c0000000-0000-0000-0000-000000000135', 'a0000000-0000-0000-0000-000000000007', 'CLOTH-JKT-WTR', 'Winter Jacket Insulated', 101, 60, 12999, '2023-10-05 00:00:00', '2023-07-03 00:00:00'),
('c0000000-0000-0000-0000-000000000136', 'a0000000-0000-0000-0000-000000000007', 'CLOTH-SNK-RUN', 'Running Sneakers', 15, 60, 12999, '2025-10-29 00:00:00', '2023-06-09 00:00:00'),
('c0000000-0000-0000-0000-000000000137', 'a0000000-0000-0000-0000-000000000007', 'SPORT-BIKE-MTN', 'Mountain Bike 27.5"', 282, 20, 74999, '2026-02-16 00:00:00', '2023-02-02 00:00:00'),
('c0000000-0000-0000-0000-000000000138', 'a0000000-0000-0000-0000-000000000007', 'SPORT-YOGA-MAT', 'Premium Yoga Mat', 0, 10, 4999, '2025-06-18 00:00:00', '2023-03-07 00:00:00'),
('c0000000-0000-0000-0000-000000000139', 'a0000000-0000-0000-0000-000000000007', 'FOOD-COFFEE-1KG', 'Single Origin Coffee Beans 1kg', 331, 25, 2499, '2025-03-11 00:00:00', '2023-07-28 00:00:00'),
('c0000000-0000-0000-0000-000000000140', 'a0000000-0000-0000-0000-000000000007', 'FOOD-PROTEIN-12', 'Protein Bar Box of 12', 495, 10, 3499, '2025-05-28 00:00:00', '2023-06-12 00:00:00'),
('c0000000-0000-0000-0000-000000000141', 'a0000000-0000-0000-0000-000000000008', 'ELEC-TV-55', '55" 4K Smart TV', 0, 30, 42999, '2025-05-30 00:00:00', '2023-07-10 00:00:00'),
('c0000000-0000-0000-0000-000000000142', 'a0000000-0000-0000-0000-000000000008', 'ELEC-LP-14', '14" Laptop Pro', 329, 50, 89999, '2025-06-20 00:00:00', '2023-05-09 00:00:00'),
('c0000000-0000-0000-0000-000000000143', 'a0000000-0000-0000-0000-000000000008', 'ELEC-PHONE-13', 'Smartphone 13 Pro', 154, 100, 99999, '2025-11-17 00:00:00', '2023-06-28 00:00:00'),
('c0000000-0000-0000-0000-000000000144', 'a0000000-0000-0000-0000-000000000008', 'ELEC-TAB-10', '10" Tablet', 494, 40, 44999, '2025-07-23 00:00:00', '2023-03-27 00:00:00'),
('c0000000-0000-0000-0000-000000000145', 'a0000000-0000-0000-0000-000000000008', 'ELEC-HDPH-NC', 'Noise-Canceling Headphones', 350, 15, 29999, '2025-08-14 00:00:00', '2023-03-21 00:00:00'),
('c0000000-0000-0000-0000-000000000146', 'a0000000-0000-0000-0000-000000000008', 'ELEC-WATCH-S8', 'Smart Watch Series 8', 133, 30, 39999, '2025-07-02 00:00:00', '2023-01-24 00:00:00'),
('c0000000-0000-0000-0000-000000000147', 'a0000000-0000-0000-0000-000000000008', 'ELEC-SPK-BT', 'Bluetooth Speaker Portable', 412, 100, 7999, '2025-05-11 00:00:00', '2023-07-13 00:00:00'),
('c0000000-0000-0000-0000-000000000148', 'a0000000-0000-0000-0000-000000000008', 'ELEC-MK-RGB', 'RGB Mechanical Keyboard', 13, 30, 12999, '2025-09-15 00:00:00', '2023-07-17 00:00:00'),
('c0000000-0000-0000-0000-000000000149', 'a0000000-0000-0000-0000-000000000008', 'HOME-CHAIR-ERG', 'Ergonomic Office Chair', 18, 100, 34999, '2026-02-21 00:00:00', '2023-07-04 00:00:00'),
('c0000000-0000-0000-0000-000000000150', 'a0000000-0000-0000-0000-000000000008', 'HOME-DESK-STD', 'Standing Desk Adjustable', 273, 60, 54999, '2024-11-01 00:00:00', '2023-03-27 00:00:00');

INSERT INTO inventory (id, warehouse_id, sku, product_name, quantity, reorder_point, unit_cost_cents, last_restocked_at, created_at) VALUES
('c0000000-0000-0000-0000-000000000151', 'a0000000-0000-0000-0000-000000000008', 'HOME-VAC-RBT', 'Robot Vacuum Cleaner', 432, 75, 39999, '2025-05-05 00:00:00', '2023-07-18 00:00:00'),
('c0000000-0000-0000-0000-000000000152', 'a0000000-0000-0000-0000-000000000008', 'HOME-BLND-PRO', 'Professional Blender', 132, 75, 14999, '2026-02-12 00:00:00', '2023-04-05 00:00:00'),
('c0000000-0000-0000-0000-000000000153', 'a0000000-0000-0000-0000-000000000008', 'HOME-COFFEE-AUT', 'Automatic Espresso Machine', 0, 40, 64999, '2024-08-04 00:00:00', '2023-04-04 00:00:00'),
('c0000000-0000-0000-0000-000000000154', 'a0000000-0000-0000-0000-000000000008', 'HOME-AIR-PUR', 'HEPA Air Purifier', 190, 30, 24999, '2025-03-28 00:00:00', '2023-06-21 00:00:00'),
('c0000000-0000-0000-0000-000000000155', 'a0000000-0000-0000-0000-000000000008', 'CLOTH-JKT-WTR', 'Winter Jacket Insulated', 298, 100, 12999, NULL, '2023-02-28 00:00:00'),
('c0000000-0000-0000-0000-000000000156', 'a0000000-0000-0000-0000-000000000008', 'CLOTH-SNK-RUN', 'Running Sneakers', 256, 50, 12999, '2025-05-17 00:00:00', '2023-02-14 00:00:00'),
('c0000000-0000-0000-0000-000000000157', 'a0000000-0000-0000-0000-000000000008', 'SPORT-BIKE-MTN', 'Mountain Bike 27.5"', 102, 100, 74999, '2023-10-25 00:00:00', '2023-03-31 00:00:00'),
('c0000000-0000-0000-0000-000000000158', 'a0000000-0000-0000-0000-000000000008', 'SPORT-YOGA-MAT', 'Premium Yoga Mat', 441, 15, 4999, '2023-11-29 00:00:00', '2023-03-31 00:00:00'),
('c0000000-0000-0000-0000-000000000159', 'a0000000-0000-0000-0000-000000000008', 'FOOD-COFFEE-1KG', 'Single Origin Coffee Beans 1kg', 0, 60, 2499, '2023-11-20 00:00:00', '2023-06-06 00:00:00'),
('c0000000-0000-0000-0000-000000000160', 'a0000000-0000-0000-0000-000000000008', 'FOOD-PROTEIN-12', 'Protein Bar Box of 12', 391, 15, 3499, '2025-10-06 00:00:00', '2023-04-23 00:00:00'),
('c0000000-0000-0000-0000-000000000161', 'a0000000-0000-0000-0000-000000000009', 'ELEC-TV-55', '55" 4K Smart TV', 219, 50, 42999, NULL, '2023-05-26 00:00:00'),
('c0000000-0000-0000-0000-000000000162', 'a0000000-0000-0000-0000-000000000009', 'ELEC-LP-14', '14" Laptop Pro', 102, 10, 89999, '2024-11-25 00:00:00', '2023-02-27 00:00:00'),
('c0000000-0000-0000-0000-000000000163', 'a0000000-0000-0000-0000-000000000009', 'ELEC-PHONE-13', 'Smartphone 13 Pro', 9, 25, 99999, '2024-04-15 00:00:00', '2023-02-12 00:00:00'),
('c0000000-0000-0000-0000-000000000164', 'a0000000-0000-0000-0000-000000000009', 'ELEC-TAB-10', '10" Tablet', 52, 100, 44999, '2025-03-24 00:00:00', '2023-03-27 00:00:00'),
('c0000000-0000-0000-0000-000000000165', 'a0000000-0000-0000-0000-000000000009', 'ELEC-HDPH-NC', 'Noise-Canceling Headphones', 485, 75, 29999, '2026-02-15 00:00:00', '2023-02-13 00:00:00'),
('c0000000-0000-0000-0000-000000000166', 'a0000000-0000-0000-0000-000000000009', 'ELEC-WATCH-S8', 'Smart Watch Series 8', 175, 60, 39999, '2025-09-23 00:00:00', '2023-01-14 00:00:00'),
('c0000000-0000-0000-0000-000000000167', 'a0000000-0000-0000-0000-000000000009', 'ELEC-SPK-BT', 'Bluetooth Speaker Portable', 116, 20, 7999, '2025-11-14 00:00:00', '2023-02-22 00:00:00'),
('c0000000-0000-0000-0000-000000000168', 'a0000000-0000-0000-0000-000000000009', 'ELEC-MK-RGB', 'RGB Mechanical Keyboard', 63, 10, 12999, '2025-07-29 00:00:00', '2023-05-26 00:00:00'),
('c0000000-0000-0000-0000-000000000169', 'a0000000-0000-0000-0000-000000000009', 'HOME-CHAIR-ERG', 'Ergonomic Office Chair', 0, 10, 34999, '2023-06-21 00:00:00', '2023-01-22 00:00:00'),
('c0000000-0000-0000-0000-000000000170', 'a0000000-0000-0000-0000-000000000009', 'HOME-DESK-STD', 'Standing Desk Adjustable', 353, 60, 54999, '2025-10-29 00:00:00', '2023-07-08 00:00:00'),
('c0000000-0000-0000-0000-000000000171', 'a0000000-0000-0000-0000-000000000009', 'HOME-VAC-RBT', 'Robot Vacuum Cleaner', 78, 10, 39999, '2025-04-09 00:00:00', '2023-05-23 00:00:00'),
('c0000000-0000-0000-0000-000000000172', 'a0000000-0000-0000-0000-000000000009', 'HOME-BLND-PRO', 'Professional Blender', 138, 20, 14999, '2024-11-05 00:00:00', '2023-07-13 00:00:00'),
('c0000000-0000-0000-0000-000000000173', 'a0000000-0000-0000-0000-000000000009', 'HOME-COFFEE-AUT', 'Automatic Espresso Machine', 316, 15, 64999, '2026-01-06 00:00:00', '2023-03-02 00:00:00'),
('c0000000-0000-0000-0000-000000000174', 'a0000000-0000-0000-0000-000000000009', 'HOME-AIR-PUR', 'HEPA Air Purifier', 398, 75, 24999, '2025-09-26 00:00:00', '2023-03-26 00:00:00'),
('c0000000-0000-0000-0000-000000000175', 'a0000000-0000-0000-0000-000000000009', 'CLOTH-JKT-WTR', 'Winter Jacket Insulated', 0, 60, 12999, '2024-10-05 00:00:00', '2023-04-04 00:00:00'),
('c0000000-0000-0000-0000-000000000176', 'a0000000-0000-0000-0000-000000000009', 'CLOTH-SNK-RUN', 'Running Sneakers', 0, 15, 12999, '2025-04-16 00:00:00', '2023-05-16 00:00:00'),
('c0000000-0000-0000-0000-000000000177', 'a0000000-0000-0000-0000-000000000009', 'SPORT-BIKE-MTN', 'Mountain Bike 27.5"', 76, 75, 74999, NULL, '2023-07-14 00:00:00'),
('c0000000-0000-0000-0000-000000000178', 'a0000000-0000-0000-0000-000000000009', 'SPORT-YOGA-MAT', 'Premium Yoga Mat', 51, 25, 4999, '2024-02-26 00:00:00', '2023-05-08 00:00:00'),
('c0000000-0000-0000-0000-000000000179', 'a0000000-0000-0000-0000-000000000009', 'FOOD-COFFEE-1KG', 'Single Origin Coffee Beans 1kg', 0, 20, 2499, '2024-06-03 00:00:00', '2023-07-02 00:00:00'),
('c0000000-0000-0000-0000-000000000180', 'a0000000-0000-0000-0000-000000000009', 'FOOD-PROTEIN-12', 'Protein Bar Box of 12', 160, 15, 3499, NULL, '2023-07-23 00:00:00'),
('c0000000-0000-0000-0000-000000000181', 'a0000000-0000-0000-0000-000000000010', 'ELEC-TV-55', '55" 4K Smart TV', 0, 20, 42999, '2025-08-31 00:00:00', '2023-05-02 00:00:00'),
('c0000000-0000-0000-0000-000000000182', 'a0000000-0000-0000-0000-000000000010', 'ELEC-LP-14', '14" Laptop Pro', 489, 15, 89999, '2025-04-28 00:00:00', '2023-04-22 00:00:00'),
('c0000000-0000-0000-0000-000000000183', 'a0000000-0000-0000-0000-000000000010', 'ELEC-PHONE-13', 'Smartphone 13 Pro', 204, 30, 99999, '2024-10-02 00:00:00', '2023-04-27 00:00:00'),
('c0000000-0000-0000-0000-000000000184', 'a0000000-0000-0000-0000-000000000010', 'ELEC-TAB-10', '10" Tablet', 332, 20, 44999, '2023-07-31 00:00:00', '2023-02-19 00:00:00'),
('c0000000-0000-0000-0000-000000000185', 'a0000000-0000-0000-0000-000000000010', 'ELEC-HDPH-NC', 'Noise-Canceling Headphones', 53, 100, 29999, '2025-10-11 00:00:00', '2023-02-25 00:00:00'),
('c0000000-0000-0000-0000-000000000186', 'a0000000-0000-0000-0000-000000000010', 'ELEC-WATCH-S8', 'Smart Watch Series 8', 312, 40, 39999, '2025-11-18 00:00:00', '2023-07-15 00:00:00'),
('c0000000-0000-0000-0000-000000000187', 'a0000000-0000-0000-0000-000000000010', 'ELEC-SPK-BT', 'Bluetooth Speaker Portable', 498, 60, 7999, '2025-09-27 00:00:00', '2023-05-02 00:00:00'),
('c0000000-0000-0000-0000-000000000188', 'a0000000-0000-0000-0000-000000000010', 'ELEC-MK-RGB', 'RGB Mechanical Keyboard', 0, 40, 12999, NULL, '2023-07-02 00:00:00'),
('c0000000-0000-0000-0000-000000000189', 'a0000000-0000-0000-0000-000000000010', 'HOME-CHAIR-ERG', 'Ergonomic Office Chair', 268, 100, 34999, '2026-02-06 00:00:00', '2023-04-06 00:00:00'),
('c0000000-0000-0000-0000-000000000190', 'a0000000-0000-0000-0000-000000000010', 'HOME-DESK-STD', 'Standing Desk Adjustable', 265, 100, 54999, NULL, '2023-06-28 00:00:00'),
('c0000000-0000-0000-0000-000000000191', 'a0000000-0000-0000-0000-000000000010', 'HOME-VAC-RBT', 'Robot Vacuum Cleaner', 372, 40, 39999, '2023-10-31 00:00:00', '2023-06-01 00:00:00'),
('c0000000-0000-0000-0000-000000000192', 'a0000000-0000-0000-0000-000000000010', 'HOME-BLND-PRO', 'Professional Blender', 456, 10, 14999, NULL, '2023-02-19 00:00:00'),
('c0000000-0000-0000-0000-000000000193', 'a0000000-0000-0000-0000-000000000010', 'HOME-COFFEE-AUT', 'Automatic Espresso Machine', 258, 60, 64999, '2025-11-07 00:00:00', '2023-04-02 00:00:00'),
('c0000000-0000-0000-0000-000000000194', 'a0000000-0000-0000-0000-000000000010', 'HOME-AIR-PUR', 'HEPA Air Purifier', 123, 30, 24999, NULL, '2023-03-08 00:00:00'),
('c0000000-0000-0000-0000-000000000195', 'a0000000-0000-0000-0000-000000000010', 'CLOTH-JKT-WTR', 'Winter Jacket Insulated', 281, 50, 12999, '2025-10-14 00:00:00', '2023-06-05 00:00:00'),
('c0000000-0000-0000-0000-000000000196', 'a0000000-0000-0000-0000-000000000010', 'CLOTH-SNK-RUN', 'Running Sneakers', 0, 60, 12999, '2025-11-10 00:00:00', '2023-07-19 00:00:00'),
('c0000000-0000-0000-0000-000000000197', 'a0000000-0000-0000-0000-000000000010', 'SPORT-BIKE-MTN', 'Mountain Bike 27.5"', 0, 50, 74999, '2025-03-01 00:00:00', '2023-02-02 00:00:00'),
('c0000000-0000-0000-0000-000000000198', 'a0000000-0000-0000-0000-000000000010', 'SPORT-YOGA-MAT', 'Premium Yoga Mat', 405, 100, 4999, '2024-12-27 00:00:00', '2023-03-03 00:00:00'),
('c0000000-0000-0000-0000-000000000199', 'a0000000-0000-0000-0000-000000000010', 'FOOD-COFFEE-1KG', 'Single Origin Coffee Beans 1kg', 335, 40, 2499, '2025-06-23 00:00:00', '2023-05-06 00:00:00'),
('c0000000-0000-0000-0000-000000000200', 'a0000000-0000-0000-0000-000000000010', 'FOOD-PROTEIN-12', 'Protein Bar Box of 12', 169, 100, 3499, '2024-06-07 00:00:00', '2023-07-12 00:00:00');


-- Routes (50)

INSERT INTO routes (id, origin, destination, distance_km, estimated_hours, carrier, cost_per_kg_cents, active) VALUES
('d0000000-0000-0000-0000-000000000001', 'Seattle, WA', 'Atlanta, GA', 4557.3, 57.0, 'FedEx', 59, true),
('d0000000-0000-0000-0000-000000000002', 'Denver, CO', 'Dallas, TX', 1380.3, 17.3, 'UPS', 65, true),
('d0000000-0000-0000-0000-000000000003', 'Seattle, WA', 'Phoenix, AZ', 2334.2, 29.2, 'USPS', 38, true),
('d0000000-0000-0000-0000-000000000004', 'Los Angeles, CA', 'Chicago, IL', 3647.6, 45.6, 'DHL', 63, true),
('d0000000-0000-0000-0000-000000000005', 'Chicago, IL', 'Dallas, TX', 1685.4, 21.1, 'Amazon', 42, true),
('d0000000-0000-0000-0000-000000000006', 'Chicago, IL', 'Phoenix, AZ', 3047.5, 38.1, 'FedEx', 78, true),
('d0000000-0000-0000-0000-000000000007', 'Miami, FL', 'Dallas, TX', 2320.5, 29.0, 'UPS', 63, true),
('d0000000-0000-0000-0000-000000000008', 'Miami, FL', 'Atlanta, GA', 1257.4, 15.7, 'USPS', 28, true),
('d0000000-0000-0000-0000-000000000009', 'Chicago, IL', 'Los Angeles, CA', 3647.6, 45.6, 'DHL', 65, true),
('d0000000-0000-0000-0000-000000000010', 'Miami, FL', 'Phoenix, AZ', 4139.2, 51.7, 'Amazon', 61, true),
('d0000000-0000-0000-0000-000000000011', 'Chicago, IL', 'Atlanta, GA', 1240.1, 15.5, 'FedEx', 31, true),
('d0000000-0000-0000-0000-000000000012', 'Dallas, TX', 'Memphis, TN', 880.3, 11.0, 'UPS', 52, true),
('d0000000-0000-0000-0000-000000000013', 'Miami, FL', 'Los Angeles, CA', 4877.5, 61.0, 'USPS', 54, true),
('d0000000-0000-0000-0000-000000000014', 'Dallas, TX', 'Newark, NJ', 2845.2, 35.6, 'DHL', 64, true),
('d0000000-0000-0000-0000-000000000015', 'Phoenix, AZ', 'Los Angeles, CA', 738.6, 9.2, 'Amazon', 60, true),
('d0000000-0000-0000-0000-000000000016', 'Los Angeles, CA', 'Dallas, TX', 2583.7, 32.3, 'FedEx', 40, true),
('d0000000-0000-0000-0000-000000000017', 'Memphis, TN', 'Denver, CO', 1843.5, 23.0, 'UPS', 65, true),
('d0000000-0000-0000-0000-000000000018', 'Newark, NJ', 'Los Angeles, CA', 5093.7, 63.7, 'USPS', 27, true),
('d0000000-0000-0000-0000-000000000019', 'Phoenix, AZ', 'Newark, NJ', 4461.3, 55.8, 'DHL', 68, true),
('d0000000-0000-0000-0000-000000000020', 'Denver, CO', 'Seattle, WA', 2132.4, 26.7, 'Amazon', 42, true),
('d0000000-0000-0000-0000-000000000021', 'Seattle, WA', 'Chicago, IL', 3623.9, 45.3, 'FedEx', 55, true),
('d0000000-0000-0000-0000-000000000022', 'Phoenix, AZ', 'Miami, FL', 4139.2, 51.7, 'UPS', 50, true),
('d0000000-0000-0000-0000-000000000023', 'Phoenix, AZ', 'Dallas, TX', 1853.1, 23.2, 'USPS', 57, true),
('d0000000-0000-0000-0000-000000000024', 'Miami, FL', 'Denver, CO', 3603.5, 45.0, 'DHL', 56, true),
('d0000000-0000-0000-0000-000000000025', 'Seattle, WA', 'Los Angeles, CA', 2015.7, 25.2, 'Amazon', 80, true),
('d0000000-0000-0000-0000-000000000026', 'Newark, NJ', 'Miami, FL', 2271.2, 28.4, 'FedEx', 62, true),
('d0000000-0000-0000-0000-000000000027', 'Newark, NJ', 'Chicago, IL', 1464.0, 18.3, 'UPS', 65, true),
('d0000000-0000-0000-0000-000000000028', 'Phoenix, AZ', 'Chicago, IL', 3047.5, 38.1, 'USPS', 46, true),
('d0000000-0000-0000-0000-000000000029', 'Chicago, IL', 'Newark, NJ', 1464.0, 18.3, 'DHL', 63, true),
('d0000000-0000-0000-0000-000000000030', 'Miami, FL', 'Newark, NJ', 2271.2, 28.4, 'Amazon', 67, true),
('d0000000-0000-0000-0000-000000000031', 'Phoenix, AZ', 'Denver, CO', 1227.6, 15.3, 'FedEx', 77, true),
('d0000000-0000-0000-0000-000000000032', 'Memphis, TN', 'Miami, FL', 1814.1, 22.7, 'UPS', 73, true),
('d0000000-0000-0000-0000-000000000033', 'Phoenix, AZ', 'Memphis, TN', 2646.6, 33.1, 'USPS', 54, true),
('d0000000-0000-0000-0000-000000000034', 'Atlanta, GA', 'Miami, FL', 1257.4, 15.7, 'DHL', 38, true),
('d0000000-0000-0000-0000-000000000035', 'Newark, NJ', 'Atlanta, GA', 1548.3, 19.4, 'Amazon', 76, true),
('d0000000-0000-0000-0000-000000000036', 'Seattle, WA', 'Memphis, TN', 3904.3, 48.8, 'FedEx', 74, true),
('d0000000-0000-0000-0000-000000000037', 'Atlanta, GA', 'Seattle, WA', 4557.3, 57.0, 'UPS', 47, true),
('d0000000-0000-0000-0000-000000000038', 'Denver, CO', 'Newark, NJ', 3386.2, 42.3, 'USPS', 71, true),
('d0000000-0000-0000-0000-000000000039', 'Atlanta, GA', 'Memphis, TN', 697.8, 8.7, 'DHL', 20, true),
('d0000000-0000-0000-0000-000000000040', 'Los Angeles, CA', 'Seattle, WA', 2015.7, 25.2, 'Amazon', 53, true),
('d0000000-0000-0000-0000-000000000041', 'Atlanta, GA', 'Denver, CO', 2533.1, 31.7, 'FedEx', 26, true),
('d0000000-0000-0000-0000-000000000042', 'Memphis, TN', 'Dallas, TX', 880.3, 11.0, 'UPS', 21, true),
('d0000000-0000-0000-0000-000000000043', 'Atlanta, GA', 'Dallas, TX', 1503.7, 18.8, 'USPS', 44, true),
('d0000000-0000-0000-0000-000000000044', 'Los Angeles, CA', 'Memphis, TN', 3350.0, 41.9, 'DHL', 29, true),
('d0000000-0000-0000-0000-000000000045', 'Denver, CO', 'Phoenix, AZ', 1227.6, 15.3, 'Amazon', 23, true),
('d0000000-0000-0000-0000-000000000046', 'Dallas, TX', 'Denver, CO', 1380.3, 17.3, 'FedEx', 62, false),
('d0000000-0000-0000-0000-000000000047', 'Seattle, WA', 'Denver, CO', 2132.4, 26.7, 'UPS', 23, false),
('d0000000-0000-0000-0000-000000000048', 'Atlanta, GA', 'Chicago, IL', 1240.1, 15.5, 'USPS', 32, false),
('d0000000-0000-0000-0000-000000000049', 'Memphis, TN', 'Seattle, WA', 3904.3, 48.8, 'DHL', 37, false),
('d0000000-0000-0000-0000-000000000050', 'Dallas, TX', 'Seattle, WA', 3508.5, 43.9, 'Amazon', 68, false);
