CREATE TABLE organizations (
  id UUID PRIMARY KEY DEFAULT gen_random_uuid(),
  name VARCHAR(255) NOT NULL,
  slug VARCHAR(100) NOT NULL UNIQUE,
  industry VARCHAR(100),
  employee_count INTEGER,
  created_at TIMESTAMP NOT NULL DEFAULT now()
);

CREATE TABLE users (
  id UUID PRIMARY KEY DEFAULT gen_random_uuid(),
  org_id UUID REFERENCES organizations(id),
  email VARCHAR(255) NOT NULL UNIQUE,
  full_name VARCHAR(255) NOT NULL,
  role VARCHAR(50) NOT NULL DEFAULT 'member',
  status VARCHAR(50) NOT NULL DEFAULT 'active',
  last_login_at TIMESTAMP,
  created_at TIMESTAMP NOT NULL DEFAULT now()
);

CREATE TABLE plans (
  id UUID PRIMARY KEY DEFAULT gen_random_uuid(),
  name VARCHAR(100) NOT NULL,
  tier VARCHAR(50) NOT NULL DEFAULT 'starter',
  price_cents INTEGER NOT NULL,
  interval VARCHAR(20) NOT NULL DEFAULT 'monthly',
  trial_days INTEGER NOT NULL DEFAULT 14,
  is_active BOOLEAN NOT NULL DEFAULT true
);

CREATE TABLE subscriptions (
  id UUID PRIMARY KEY DEFAULT gen_random_uuid(),
  org_id UUID NOT NULL REFERENCES organizations(id),
  plan_id UUID NOT NULL REFERENCES plans(id),
  status VARCHAR(50) NOT NULL DEFAULT 'active',
  trial_ends_at TIMESTAMP,
  current_period_start TIMESTAMP,
  current_period_end TIMESTAMP,
  started_at TIMESTAMP NOT NULL DEFAULT now(),
  canceled_at TIMESTAMP
);

INSERT INTO plans (id, name, tier, price_cents, interval, trial_days, is_active) VALUES
('b0000000-0000-0000-0000-000000000001', 'Free', 'free', 0, 'monthly', 0, true),
('b0000000-0000-0000-0000-000000000002', 'Starter', 'starter', 2900, 'monthly', 14, true),
('b0000000-0000-0000-0000-000000000003', 'Professional', 'professional', 9900, 'monthly', 14, true),
('b0000000-0000-0000-0000-000000000004', 'Enterprise', 'enterprise', 49900, 'monthly', 30, true);

INSERT INTO organizations (id, name, slug, industry, employee_count, created_at) VALUES
('a0000000-0000-0000-0000-000000000001', 'Meridian Capital', 'meridian-capital', 'Finance', 523, '2025-11-12 19:11:32'),
('a0000000-0000-0000-0000-000000000002', 'BrightPath Learning', 'brightpath-learning', 'Education', 24, '2024-09-03 20:40:32'),
('a0000000-0000-0000-0000-000000000003', 'Greenleaf Market', 'greenleaf-market', 'Retail', 29, '2026-01-09 19:59:33'),
('a0000000-0000-0000-0000-000000000004', 'Eduvance', 'eduvance', 'Education', 32, '2024-10-25 14:01:07'),
('a0000000-0000-0000-0000-000000000005', 'MedVantage', 'medvantage', 'Healthcare', 462, '2024-09-21 10:03:15'),
('a0000000-0000-0000-0000-000000000006', 'Frostbridge Partners', 'frostbridge-partners', 'Finance', 17, '2023-06-11 08:46:31'),
('a0000000-0000-0000-0000-000000000007', 'MindForge Academy', 'mindforge-academy', 'Education', 190, '2025-05-04 09:42:30'),
('a0000000-0000-0000-0000-000000000008', 'Nextera Systems', 'nextera-systems', 'Technology', 5, '2023-12-05 11:33:55'),
('a0000000-0000-0000-0000-000000000009', 'CloudForge', 'cloudforge', 'Technology', 5, '2024-02-16 18:19:25'),
('a0000000-0000-0000-0000-000000000010', 'Apexium Labs', 'apexium-labs', 'Technology', 7, '2025-02-03 14:57:33'),
('a0000000-0000-0000-0000-000000000011', 'Ledgerpoint', 'ledgerpoint', 'Finance', 21, '2025-03-11 16:35:14'),
('a0000000-0000-0000-0000-000000000012', 'Curatio Health', 'curatio-health', 'Healthcare', 65, '2025-03-04 08:45:40'),
('a0000000-0000-0000-0000-000000000013', 'Synthetiq', 'synthetiq', 'Technology', 75, '2025-08-17 08:32:15'),
('a0000000-0000-0000-0000-000000000014', 'Resonance Media', 'resonance-media', 'Media', 58, '2025-11-04 10:34:08'),
('a0000000-0000-0000-0000-000000000015', 'Forgewell Industries', 'forgewell-industries', 'Manufacturing', 33, '2025-07-03 19:30:51'),
('a0000000-0000-0000-0000-000000000016', 'DataPulse', 'datapulse', 'Technology', 5, '2025-04-18 08:42:27'),
('a0000000-0000-0000-0000-000000000017', 'ScholarNest', 'scholarnest', 'Education', 23, '2023-04-21 17:41:41'),
('a0000000-0000-0000-0000-000000000018', 'Veridian Tech', 'veridian-tech', 'Technology', 133, '2025-09-23 18:21:51'),
('a0000000-0000-0000-0000-000000000019', 'Lifeline Diagnostics', 'lifeline-diagnostics', 'Healthcare', 89, '2025-10-16 09:27:11'),
('a0000000-0000-0000-0000-000000000020', 'Codestream', 'codestream', 'Technology', 25, '2025-07-06 20:59:04'),
('a0000000-0000-0000-0000-000000000021', 'UrbanNest', 'urbannest', 'Retail', 5, '2025-03-26 17:34:53'),
('a0000000-0000-0000-0000-000000000022', 'Thinkery Labs', 'thinkery-labs', 'Education', 115, '2025-04-17 21:48:54'),
('a0000000-0000-0000-0000-000000000023', 'Helix Biomedical', 'helix-biomedical', 'Healthcare', 55, '2025-09-22 21:03:10'),
('a0000000-0000-0000-0000-000000000024', 'Blossomfield', 'blossomfield', 'Retail', 169, '2025-09-16 11:59:50'),
('a0000000-0000-0000-0000-000000000025', 'Luminate Education', 'luminate-education', 'Education', 62, '2026-02-12 17:45:31'),
('a0000000-0000-0000-0000-000000000026', 'StoryArc Studios', 'storyarc-studios', 'Media', 19, '2025-07-30 10:03:37'),
('a0000000-0000-0000-0000-000000000027', 'Quantumleap AI', 'quantumleap-ai', 'Technology', 48, '2025-03-26 16:30:32'),
('a0000000-0000-0000-0000-000000000028', 'Aurum Financial', 'aurum-financial', 'Finance', 32, '2025-12-23 09:03:32'),
('a0000000-0000-0000-0000-000000000029', 'CampusWave', 'campuswave', 'Education', 98, '2026-02-09 20:15:25'),
('a0000000-0000-0000-0000-000000000030', 'Titan Manufacturing', 'titan-manufacturing', 'Manufacturing', 72, '2025-12-17 10:37:38'),
('a0000000-0000-0000-0000-000000000031', 'Pinnacle Advisors', 'pinnacle-advisors', 'Finance', 80, '2025-12-06 12:59:16'),
('a0000000-0000-0000-0000-000000000032', 'Cornerstone Wealth', 'cornerstone-wealth', 'Finance', 56, '2025-08-08 10:16:25'),
('a0000000-0000-0000-0000-000000000033', 'Orbitra', 'orbitra', 'Technology', 162, '2025-04-07 07:29:39'),
('a0000000-0000-0000-0000-000000000034', 'Verdant Solutions', 'verdant-solutions', 'Other', 177, '2023-07-24 08:34:13'),
('a0000000-0000-0000-0000-000000000035', 'Wavelength Creative', 'wavelength-creative', 'Media', 26, '2025-04-05 21:15:23'),
('a0000000-0000-0000-0000-000000000036', 'PeakStyle', 'peakstyle', 'Retail', 48, '2025-10-11 20:34:45'),
('a0000000-0000-0000-0000-000000000037', 'Harborview Goods', 'harborview-goods', 'Retail', 16, '2025-12-19 07:42:52'),
('a0000000-0000-0000-0000-000000000038', 'Prosper Health', 'prosper-health', 'Healthcare', 1304, '2026-02-03 08:56:08'),
('a0000000-0000-0000-0000-000000000039', 'Bright Basket', 'bright-basket', 'Retail', 39, '2023-11-15 11:18:38'),
('a0000000-0000-0000-0000-000000000040', 'Vanguard Analytics', 'vanguard-analytics', 'Finance', 614, '2025-08-23 10:43:40'),
('a0000000-0000-0000-0000-000000000041', 'Caduceus Labs', 'caduceus-labs', 'Healthcare', 117, '2025-03-27 08:40:27'),
('a0000000-0000-0000-0000-000000000042', 'SteelCraft Co', 'steelcraft-co', 'Manufacturing', 16, '2023-04-01 07:21:49'),
('a0000000-0000-0000-0000-000000000043', 'Precision Dynamics', 'precision-dynamics', 'Manufacturing', 489, '2025-10-13 15:45:27'),
('a0000000-0000-0000-0000-000000000044', 'Patchwork Digital', 'patchwork-digital', 'Technology', 582, '2025-04-27 08:56:44'),
('a0000000-0000-0000-0000-000000000045', 'Alloy Works', 'alloy-works', 'Manufacturing', 172, '2026-02-05 09:27:08'),
('a0000000-0000-0000-0000-000000000046', 'VitaCore', 'vitacore', 'Healthcare', 21, '2025-09-03 21:59:50'),
('a0000000-0000-0000-0000-000000000047', 'Sterling Trust', 'sterling-trust', 'Finance', 70, '2026-02-13 10:42:06'),
('a0000000-0000-0000-0000-000000000048', 'Bridgeway Consulting', 'bridgeway-consulting', 'Other', 47, '2025-12-12 21:55:26'),
('a0000000-0000-0000-0000-000000000049', 'Benchmark Fabrication', 'benchmark-fabrication', 'Manufacturing', 358, '2024-04-29 20:10:51'),
('a0000000-0000-0000-0000-000000000050', 'Summit Investments', 'summit-investments', 'Finance', 36, '2025-04-24 07:11:47');

INSERT INTO organizations (id, name, slug, industry, employee_count, created_at) VALUES
('a0000000-0000-0000-0000-000000000051', 'Copperline Retail', 'copperline-retail', 'Retail', 322, '2026-02-06 20:47:51'),
('a0000000-0000-0000-0000-000000000052', 'CastPoint', 'castpoint', 'Manufacturing', 19, '2025-05-21 19:44:06'),
('a0000000-0000-0000-0000-000000000053', 'Serenity Medical', 'serenity-medical', 'Healthcare', 38, '2025-06-11 20:58:29'),
('a0000000-0000-0000-0000-000000000054', 'SilverStack', 'silverstack', 'Technology', 62, '2025-06-25 10:01:42'),
('a0000000-0000-0000-0000-000000000055', 'DayBreak Shops', 'daybreak-shops', 'Retail', 72, '2024-07-25 12:41:32'),
('a0000000-0000-0000-0000-000000000056', 'Luminary Software', 'luminary-software', 'Technology', 136, '2025-11-30 12:01:07'),
('a0000000-0000-0000-0000-000000000057', 'Zephyr Computing', 'zephyr-computing', 'Technology', 97, '2025-07-14 07:06:38'),
('a0000000-0000-0000-0000-000000000058', 'TeraBridge', 'terabridge', 'Technology', 26, '2025-08-08 13:38:32'),
('a0000000-0000-0000-0000-000000000059', 'Thrive Therapeutics', 'thrive-therapeutics', 'Healthcare', 341, '2025-03-23 18:27:00'),
('a0000000-0000-0000-0000-000000000060', 'BlueHarbor Finance', 'blueharbor-finance', 'Finance', 276, '2025-12-01 17:46:47'),
('a0000000-0000-0000-0000-000000000061', 'Voxelion', 'voxelion', 'Technology', 46, '2026-02-04 21:21:39'),
('a0000000-0000-0000-0000-000000000062', 'Ironclad Capital', 'ironclad-capital', 'Finance', 22, '2025-05-03 18:57:19'),
('a0000000-0000-0000-0000-000000000063', 'NovaBit', 'novabit', 'Technology', 8, '2026-02-20 11:35:08'),
('a0000000-0000-0000-0000-000000000064', 'Mosaic Digital', 'mosaic-digital', 'Media', 46, '2026-02-04 13:43:47'),
('a0000000-0000-0000-0000-000000000065', 'Pixel Foundry', 'pixel-foundry', 'Technology', 194, '2025-12-06 20:00:19'),
('a0000000-0000-0000-0000-000000000066', 'Alterra Group', 'alterra-group', 'Other', 19, '2025-10-07 19:37:38'),
('a0000000-0000-0000-0000-000000000067', 'PulsePoint Health', 'pulsepoint-health', 'Healthcare', 23, '2025-06-18 15:30:50'),
('a0000000-0000-0000-0000-000000000068', 'Genova Clinical', 'genova-clinical', 'Healthcare', 16, '2023-12-14 17:05:18'),
('a0000000-0000-0000-0000-000000000069', 'Pedagogix', 'pedagogix', 'Education', 9, '2025-06-29 17:19:14'),
('a0000000-0000-0000-0000-000000000070', 'Meridian Health', 'meridian-health', 'Healthcare', 42, '2023-10-29 07:02:15'),
('a0000000-0000-0000-0000-000000000071', 'Arctura Labs', 'arctura-labs', 'Technology', 258, '2025-07-21 13:56:40'),
('a0000000-0000-0000-0000-000000000072', 'Duraline Systems', 'duraline-systems', 'Manufacturing', 42, '2026-02-20 13:31:25'),
('a0000000-0000-0000-0000-000000000073', 'Helios Platform', 'helios-platform', 'Technology', 53, '2025-04-24 19:27:14'),
('a0000000-0000-0000-0000-000000000074', 'Cirrus Logic Systems', 'cirrus-logic-systems', 'Technology', 288, '2026-02-20 15:29:03'),
('a0000000-0000-0000-0000-000000000075', 'Inframode', 'inframode', 'Technology', 5, '2025-05-08 19:29:42'),
('a0000000-0000-0000-0000-000000000076', 'Nexpoint Services', 'nexpoint-services', 'Other', 19, '2025-12-12 16:20:48'),
('a0000000-0000-0000-0000-000000000077', 'Evergreen Emporium', 'evergreen-emporium', 'Retail', 180, '2025-10-30 13:53:58'),
('a0000000-0000-0000-0000-000000000078', 'Northstar Funding', 'northstar-funding', 'Finance', 17, '2025-05-21 18:55:30'),
('a0000000-0000-0000-0000-000000000079', 'LearnLoop', 'learnloop', 'Education', 7, '2024-07-21 19:49:33'),
('a0000000-0000-0000-0000-000000000080', 'EverBuild', 'everbuild', 'Manufacturing', 92, '2025-07-01 11:28:04'),
('a0000000-0000-0000-0000-000000000081', 'FlexiForge', 'flexiforge', 'Manufacturing', 40, '2025-12-02 08:08:09'),
('a0000000-0000-0000-0000-000000000082', 'FreshTrail', 'freshtrail', 'Retail', 21, '2026-02-19 09:45:13'),
('a0000000-0000-0000-0000-000000000083', 'Galvanex', 'galvanex', 'Manufacturing', 154, '2025-09-29 07:13:53'),
('a0000000-0000-0000-0000-000000000084', 'GoldenAisle', 'goldenaisle', 'Retail', 80, '2025-12-25 18:01:54'),
('a0000000-0000-0000-0000-000000000085', 'Cascade Wellness', 'cascade-wellness', 'Healthcare', 157, '2025-08-28 11:48:24'),
('a0000000-0000-0000-0000-000000000086', 'HardenPro', 'hardenpro', 'Manufacturing', 17, '2025-05-08 15:47:47'),
('a0000000-0000-0000-0000-000000000087', 'Hearthstone Market', 'hearthstone-market', 'Retail', 10, '2025-06-21 11:27:31'),
('a0000000-0000-0000-0000-000000000088', 'Tensorwave', 'tensorwave', 'Technology', 31, '2025-08-20 17:43:51'),
('a0000000-0000-0000-0000-000000000089', 'Elysium Care', 'elysium-care', 'Healthcare', 27, '2025-05-05 16:34:01'),
('a0000000-0000-0000-0000-000000000090', 'Ironridge Manufacturing', 'ironridge-manufacturing', 'Manufacturing', 75, '2026-03-01 17:01:05'),
('a0000000-0000-0000-0000-000000000091', 'Prism Entertainment', 'prism-entertainment', 'Media', 33, '2025-03-26 11:24:20'),
('a0000000-0000-0000-0000-000000000092', 'NexGen Pharma', 'nexgen-pharma', 'Healthcare', 30, '2025-08-15 12:48:56'),
('a0000000-0000-0000-0000-000000000093', 'BlueShift Dev', 'blueshift-dev', 'Technology', 11, '2024-05-31 20:05:30'),
('a0000000-0000-0000-0000-000000000094', 'BioSphere Labs', 'biosphere-labs', 'Healthcare', 198, '2025-12-02 07:22:14'),
('a0000000-0000-0000-0000-000000000095', 'Equinox Partners', 'equinox-partners', 'Finance', 14, '2023-03-05 10:12:53'),
('a0000000-0000-0000-0000-000000000096', 'Clarity Health Systems', 'clarity-health-systems', 'Healthcare', 9, '2025-05-18 10:08:30'),
('a0000000-0000-0000-0000-000000000097', 'Arivale Medical', 'arivale-medical', 'Healthcare', 23, '2026-02-22 11:49:23'),
('a0000000-0000-0000-0000-000000000098', 'Cygnux', 'cygnux', 'Technology', 12, '2026-01-05 18:45:07'),
('a0000000-0000-0000-0000-000000000099', 'Horizon Logistics', 'horizon-logistics', 'Other', 56, '2025-12-22 07:59:19'),
('a0000000-0000-0000-0000-000000000100', 'Ecliptic Software', 'ecliptic-software', 'Technology', 24, '2025-09-09 13:45:12');

INSERT INTO organizations (id, name, slug, industry, employee_count, created_at) VALUES
('a0000000-0000-0000-0000-000000000101', 'Ivory Lane', 'ivory-lane', 'Retail', 255, '2023-07-28 18:49:19'),
('a0000000-0000-0000-0000-000000000102', 'Aperion Tech', 'aperion-tech', 'Technology', 116, '2023-09-05 19:36:50'),
('a0000000-0000-0000-0000-000000000103', 'Zenith Healthcare', 'zenith-healthcare', 'Healthcare', 209, '2023-05-22 15:41:21'),
('a0000000-0000-0000-0000-000000000104', 'Clarendon Group', 'clarendon-group', 'Finance', 72, '2025-10-02 20:31:06'),
('a0000000-0000-0000-0000-000000000105', 'JetMold Industries', 'jetmold-industries', 'Manufacturing', 17, '2025-07-30 18:09:27'),
('a0000000-0000-0000-0000-000000000106', 'Gridline AI', 'gridline-ai', 'Technology', 79, '2025-11-23 17:17:39'),
('a0000000-0000-0000-0000-000000000107', 'Uplift Academy', 'uplift-academy', 'Education', 85, '2025-10-10 20:46:37'),
('a0000000-0000-0000-0000-000000000108', 'Monokai Labs', 'monokai-labs', 'Technology', 12, '2025-07-04 20:59:05'),
('a0000000-0000-0000-0000-000000000109', 'Lumin Health', 'lumin-health', 'Healthcare', 39, '2025-02-15 12:01:31'),
('a0000000-0000-0000-0000-000000000110', 'VelociCode', 'velocicode', 'Technology', 182, '2024-01-08 14:13:22'),
('a0000000-0000-0000-0000-000000000111', 'Cinecraft', 'cinecraft', 'Media', 69, '2024-07-19 15:00:33'),
('a0000000-0000-0000-0000-000000000112', 'Ridgeline Financial', 'ridgeline-financial', 'Finance', 17, '2023-06-25 10:46:26'),
('a0000000-0000-0000-0000-000000000113', 'Stratosphere IO', 'stratosphere-io', 'Technology', 6, '2025-10-02 14:50:01'),
('a0000000-0000-0000-0000-000000000114', 'Atlas Ventures', 'atlas-ventures', 'Finance', 57, '2025-06-22 13:44:15'),
('a0000000-0000-0000-0000-000000000115', 'Nimbus Data', 'nimbus-data', 'Technology', 28, '2025-11-27 12:27:47'),
('a0000000-0000-0000-0000-000000000116', 'Cerulean Systems', 'cerulean-systems', 'Technology', 221, '2025-08-28 18:29:17'),
('a0000000-0000-0000-0000-000000000117', 'JadeLeaf', 'jadeleaf', 'Retail', 36, '2024-10-08 08:47:34'),
('a0000000-0000-0000-0000-000000000118', 'Cerebral Systems', 'cerebral-systems', 'Education', 112, '2024-01-15 10:13:47'),
('a0000000-0000-0000-0000-000000000119', 'Axonify Tech', 'axonify-tech', 'Technology', 7, '2025-12-10 16:18:06'),
('a0000000-0000-0000-0000-000000000120', 'PrismaTech', 'prismatech', 'Technology', 60, '2024-08-29 10:23:11'),
('a0000000-0000-0000-0000-000000000121', 'Crestwood Partners', 'crestwood-partners', 'Other', 27, '2025-03-24 07:35:18'),
('a0000000-0000-0000-0000-000000000122', 'Bytecraft', 'bytecraft', 'Technology', 297, '2023-09-16 17:55:48'),
('a0000000-0000-0000-0000-000000000123', 'Beacon Capital', 'beacon-capital', 'Finance', 5, '2025-10-27 14:28:21'),
('a0000000-0000-0000-0000-000000000124', 'Evermore Clinical', 'evermore-clinical', 'Healthcare', 57, '2025-03-27 11:55:30'),
('a0000000-0000-0000-0000-000000000125', 'Sigmalith', 'sigmalith', 'Technology', 69, '2025-12-21 17:43:03'),
('a0000000-0000-0000-0000-000000000126', 'Keystone Fabricators', 'keystone-fabricators', 'Manufacturing', 66, '2025-12-14 11:05:15'),
('a0000000-0000-0000-0000-000000000127', 'LatheTech', 'lathetech', 'Manufacturing', 224, '2024-04-07 19:33:24'),
('a0000000-0000-0000-0000-000000000128', 'Verdex Solutions', 'verdex-solutions', 'Technology', 199, '2025-10-13 11:55:37'),
('a0000000-0000-0000-0000-000000000129', 'Pathwise Diagnostics', 'pathwise-diagnostics', 'Healthcare', 138, '2023-07-23 19:13:40'),
('a0000000-0000-0000-0000-000000000130', 'KindredGoods', 'kindredgoods', 'Retail', 46, '2026-02-02 08:10:15'),
('a0000000-0000-0000-0000-000000000131', 'Whitmore Associates', 'whitmore-associates', 'Finance', 62, '2025-10-17 18:38:30'),
('a0000000-0000-0000-0000-000000000132', 'MoldMaster', 'moldmaster', 'Manufacturing', 76, '2025-06-27 11:45:18'),
('a0000000-0000-0000-0000-000000000133', 'Crestview Holdings', 'crestview-holdings', 'Finance', 34, '2024-06-25 19:50:40'),
('a0000000-0000-0000-0000-000000000134', 'Oakmont Enterprises', 'oakmont-enterprises', 'Other', 14, '2025-06-10 13:07:34'),
('a0000000-0000-0000-0000-000000000135', 'Knowledgebase Inc', 'knowledgebase-inc', 'Education', 55, '2025-05-12 08:03:10'),
('a0000000-0000-0000-0000-000000000136', 'Silveroak Partners', 'silveroak-partners', 'Finance', 98, '2024-08-14 14:07:29'),
('a0000000-0000-0000-0000-000000000137', 'Fortis Financial', 'fortis-financial', 'Finance', 24, '2025-10-21 15:31:28'),
('a0000000-0000-0000-0000-000000000138', 'Solara Digital', 'solara-digital', 'Technology', 8, '2025-03-21 21:27:47'),
('a0000000-0000-0000-0000-000000000139', 'Crestline Dev', 'crestline-dev', 'Technology', 33, '2026-02-09 20:55:36'),
('a0000000-0000-0000-0000-000000000140', 'Aethon Labs', 'aethon-labs', 'Technology', 113, '2025-03-11 19:43:52'),
('a0000000-0000-0000-0000-000000000141', 'NovaCast', 'novacast', 'Manufacturing', 47, '2025-08-21 15:41:28'),
('a0000000-0000-0000-0000-000000000142', 'Kinetic Cloud', 'kinetic-cloud', 'Technology', 70, '2024-01-07 16:27:40'),
('a0000000-0000-0000-0000-000000000143', 'Audiosphere', 'audiosphere', 'Media', 173, '2025-09-26 12:20:42'),
('a0000000-0000-0000-0000-000000000144', 'Palantis Software', 'palantis-software', 'Technology', 5, '2025-05-22 12:26:44'),
('a0000000-0000-0000-0000-000000000145', 'OmniStack', 'omnistack', 'Technology', 8, '2025-12-07 07:29:05'),
('a0000000-0000-0000-0000-000000000146', 'Bridgewater Advisory', 'bridgewater-advisory', 'Finance', 52, '2025-08-13 08:49:25'),
('a0000000-0000-0000-0000-000000000147', 'Keystone Capital', 'keystone-capital', 'Finance', 219, '2025-12-03 14:26:03'),
('a0000000-0000-0000-0000-000000000148', 'Solace Medical', 'solace-medical', 'Healthcare', 9, '2025-09-02 16:48:31'),
('a0000000-0000-0000-0000-000000000149', 'Fluxion Systems', 'fluxion-systems', 'Technology', 11, '2025-12-07 09:59:18'),
('a0000000-0000-0000-0000-000000000150', 'Quadrant AI', 'quadrant-ai', 'Technology', 11, '2026-02-21 14:07:01');

INSERT INTO users (id, org_id, email, full_name, role, status, last_login_at, created_at) VALUES
('c0000000-0000-0000-0000-000000000001', 'a0000000-0000-0000-0000-000000000001', 'sofia.garcia@meridiancapital.com', 'Sofia Garcia', 'owner', 'active', '2026-01-31 02:05:53', '2025-12-29 23:55:31'),
('c0000000-0000-0000-0000-000000000002', 'a0000000-0000-0000-0000-000000000001', 'mateo.rodriguez@meridiancapital.com', 'Mateo Rodriguez', 'member', 'active', '2026-01-09 17:03:37', '2026-02-16 18:35:23'),
('c0000000-0000-0000-0000-000000000003', 'a0000000-0000-0000-0000-000000000001', 'isabella.martinez@meridiancapital.com', 'Isabella Martinez', 'viewer', 'active', '2026-02-25 21:48:27', '2026-02-05 22:37:54'),
('c0000000-0000-0000-0000-000000000004', 'a0000000-0000-0000-0000-000000000001', 'santiago.hernandez@meridiancapital.com', 'Santiago Hernandez', 'owner', 'active', '2026-01-07 18:32:13', '2025-12-19 14:30:54'),
('c0000000-0000-0000-0000-000000000005', 'a0000000-0000-0000-0000-000000000002', 'valentina.gonzalez@brightpathlearning.com', 'Valentina Gonzalez', 'owner', 'active', '2026-01-24 03:48:17', '2024-12-23 08:35:07'),
('c0000000-0000-0000-0000-000000000006', 'a0000000-0000-0000-0000-000000000002', 'diego.sanchez@brightpathlearning.com', 'Diego Sanchez', 'member', 'active', '2026-02-23 22:17:01', '2024-09-30 16:40:14'),
('c0000000-0000-0000-0000-000000000007', 'a0000000-0000-0000-0000-000000000002', 'camila.ramirez@brightpathlearning.com', 'Camila Ramirez', 'member', 'active', '2026-01-12 04:36:42', '2025-07-17 07:02:32'),
('c0000000-0000-0000-0000-000000000008', 'a0000000-0000-0000-0000-000000000003', 'alejandro.flores@greenleafmarket.com', 'Alejandro Flores', 'owner', 'active', '2026-02-03 06:24:26', '2026-02-18 20:05:20'),
('c0000000-0000-0000-0000-000000000009', 'a0000000-0000-0000-0000-000000000003', 'lucia.rivera@greenleafmarket.com', 'Lucia Rivera', 'member', 'active', '2026-02-06 19:05:56', '2026-01-29 19:20:22'),
('c0000000-0000-0000-0000-000000000010', 'a0000000-0000-0000-0000-000000000004', 'carlos.ortiz@eduvance.com', 'Carlos Ortiz', 'owner', 'active', '2026-01-18 14:42:27', '2025-09-06 15:44:12'),
('c0000000-0000-0000-0000-000000000011', 'a0000000-0000-0000-0000-000000000005', 'gabriela.castillo@medvantage.com', 'Gabriela Castillo', 'owner', 'active', '2026-01-08 11:27:07', '2025-06-27 16:51:47'),
('c0000000-0000-0000-0000-000000000012', 'a0000000-0000-0000-0000-000000000005', 'andres.wang@medvantage.com', 'Andres Wang', 'member', 'active', '2026-01-03 07:25:38', '2026-02-02 02:45:34'),
('c0000000-0000-0000-0000-000000000013', 'a0000000-0000-0000-0000-000000000006', 'mariana.kim@frostbridgepartners.com', 'Mariana Kim', 'owner', 'active', '2026-02-18 08:18:20', '2026-02-03 15:35:39'),
('c0000000-0000-0000-0000-000000000014', 'a0000000-0000-0000-0000-000000000006', 'javier.patel@frostbridgepartners.com', 'Javier Patel', 'member', 'active', '2026-02-04 22:14:32', '2024-08-24 13:54:55'),
('c0000000-0000-0000-0000-000000000015', 'a0000000-0000-0000-0000-000000000007', 'catalina.nguyen@mindforgeacademy.com', 'Catalina Nguyen', 'owner', 'active', '2026-02-17 01:27:01', '2025-11-01 12:08:25'),
('c0000000-0000-0000-0000-000000000016', 'a0000000-0000-0000-0000-000000000008', 'fernando.chen@nexterasystems.com', 'Fernando Chen', 'owner', 'active', '2026-01-26 22:40:26', '2024-10-21 06:01:31'),
('c0000000-0000-0000-0000-000000000017', 'a0000000-0000-0000-0000-000000000008', 'elena.yamamoto@nexterasystems.com', 'Elena Yamamoto', 'member', 'active', '2026-01-30 22:58:23', '2024-11-01 17:25:34'),
('c0000000-0000-0000-0000-000000000018', 'a0000000-0000-0000-0000-000000000008', 'rafael.sharma@nexterasystems.com', 'Rafael Sharma', 'member', 'active', '2026-02-03 02:25:55', '2024-08-11 01:11:20'),
('c0000000-0000-0000-0000-000000000019', 'a0000000-0000-0000-0000-000000000008', 'ana.park@nexterasystems.com', 'Ana Park', 'member', 'active', '2026-02-10 03:33:32', '2024-11-10 16:38:27'),
('c0000000-0000-0000-0000-000000000020', 'a0000000-0000-0000-0000-000000000009', 'miguel.gupta@cloudforge.com', 'Miguel Gupta', 'owner', 'active', '2026-02-22 04:15:06', '2025-02-10 18:12:06'),
('c0000000-0000-0000-0000-000000000021', 'a0000000-0000-0000-0000-000000000009', 'rosa.tran@cloudforge.com', 'Rosa Tran', 'member', 'active', '2026-02-11 02:11:49', '2025-10-24 23:08:13'),
('c0000000-0000-0000-0000-000000000022', 'a0000000-0000-0000-0000-000000000009', 'eduardo.reddy@cloudforge.com', 'Eduardo Reddy', 'admin', 'active', '2026-03-01 18:41:40', '2025-09-16 12:48:08'),
('c0000000-0000-0000-0000-000000000023', 'a0000000-0000-0000-0000-000000000010', 'carmen.wu@apexiumlabs.com', 'Carmen Wu', 'owner', 'active', '2026-01-05 15:28:40', '2025-12-22 01:07:01'),
('c0000000-0000-0000-0000-000000000024', 'a0000000-0000-0000-0000-000000000011', 'luis.chandra@ledgerpoint.com', 'Luis Chandra', 'owner', 'active', '2026-01-20 14:28:02', '2025-04-09 04:07:18'),
('c0000000-0000-0000-0000-000000000025', 'a0000000-0000-0000-0000-000000000012', 'wei.huang@curatiohealth.com', 'Wei Huang', 'owner', 'active', '2026-01-06 19:38:32', '2025-04-13 05:41:34'),
('c0000000-0000-0000-0000-000000000026', 'a0000000-0000-0000-0000-000000000012', 'mei.kapoor@curatiohealth.com', 'Mei Kapoor', 'member', 'active', '2026-02-06 20:12:20', '2025-03-25 23:44:31'),
('c0000000-0000-0000-0000-000000000027', 'a0000000-0000-0000-0000-000000000013', 'hiroshi.zheng@synthetiq.com', 'Hiroshi Zheng', 'owner', 'active', '2026-02-27 10:45:05', '2025-09-01 22:39:06'),
('c0000000-0000-0000-0000-000000000028', 'a0000000-0000-0000-0000-000000000014', 'yuki.okafor@resonancemedia.com', 'Yuki Okafor', 'owner', 'active', '2026-02-03 16:39:10', '2025-12-06 09:02:36'),
('c0000000-0000-0000-0000-000000000029', 'a0000000-0000-0000-0000-000000000014', 'priya.mensah@resonancemedia.com', 'Priya Mensah', 'member', 'inactive', '2025-11-06 06:34:08', '2025-12-24 00:23:29'),
('c0000000-0000-0000-0000-000000000030', 'a0000000-0000-0000-0000-000000000015', 'raj.adeyemi@forgewellindustries.com', 'Raj Adeyemi', 'owner', 'active', '2026-01-07 17:43:24', '2025-12-16 05:35:12'),
('c0000000-0000-0000-0000-000000000031', 'a0000000-0000-0000-0000-000000000015', 'suki.nkomo@forgewellindustries.com', 'Suki Nkomo', 'member', 'active', '2026-01-22 02:37:42', '2025-12-19 15:26:00'),
('c0000000-0000-0000-0000-000000000032', 'a0000000-0000-0000-0000-000000000015', 'jin.osei@forgewellindustries.com', 'Jin Osei', 'member', 'active', '2026-01-09 19:45:05', '2025-12-18 18:13:16'),
('c0000000-0000-0000-0000-000000000033', 'a0000000-0000-0000-0000-000000000016', 'anika.mbeki@datapulse.com', 'Anika Mbeki', 'owner', 'active', '2026-02-23 23:43:58', '2025-10-03 13:25:11'),
('c0000000-0000-0000-0000-000000000034', 'a0000000-0000-0000-0000-000000000017', 'kenji.abubakar@scholarnest.com', 'Kenji Abubakar', 'owner', 'active', '2026-01-24 09:11:13', '2025-09-05 10:04:42'),
('c0000000-0000-0000-0000-000000000035', 'a0000000-0000-0000-0000-000000000018', 'sakura.banda@veridiantech.com', 'Sakura Banda', 'owner', 'active', '2026-01-05 09:54:50', '2025-11-12 01:30:00'),
('c0000000-0000-0000-0000-000000000036', 'a0000000-0000-0000-0000-000000000018', 'takeshi.sesay@veridiantech.com', 'Takeshi Sesay', 'member', 'active', '2026-02-26 19:08:38', '2026-02-04 20:04:12'),
('c0000000-0000-0000-0000-000000000037', 'a0000000-0000-0000-0000-000000000018', 'nupur.ndlovu@veridiantech.com', 'Nupur Ndlovu', 'member', 'active', '2026-01-27 11:43:46', '2025-11-05 17:49:53'),
('c0000000-0000-0000-0000-000000000038', 'a0000000-0000-0000-0000-000000000018', 'arjun.conteh@veridiantech.com', 'Arjun Conteh', 'member', 'active', '2026-01-15 17:15:19', '2025-12-05 18:12:19'),
('c0000000-0000-0000-0000-000000000039', 'a0000000-0000-0000-0000-000000000019', 'hana.schmidt@lifelinediagnostics.com', 'Hana Schmidt', 'owner', 'active', '2026-01-29 14:49:18', '2025-12-04 21:10:47'),
('c0000000-0000-0000-0000-000000000040', 'a0000000-0000-0000-0000-000000000020', 'sanjay.johansson@codestream.com', 'Sanjay Johansson', 'owner', 'active', '2026-02-21 19:08:55', '2025-10-22 02:51:16'),
('c0000000-0000-0000-0000-000000000041', 'a0000000-0000-0000-0000-000000000020', 'li.petrov@codestream.com', 'Li Petrov', 'member', 'active', '2026-01-07 22:54:33', '2026-02-15 08:35:03'),
('c0000000-0000-0000-0000-000000000042', 'a0000000-0000-0000-0000-000000000021', 'chen.rossi@urbannest.com', 'Chen Rossi', 'owner', 'active', '2026-02-02 04:53:27', '2025-06-17 02:03:50'),
('c0000000-0000-0000-0000-000000000043', 'a0000000-0000-0000-0000-000000000022', 'haruto.novak@thinkerylabs.com', 'Haruto Novak', 'owner', 'inactive', '2025-05-13 23:14:26', '2025-12-04 09:47:55'),
('c0000000-0000-0000-0000-000000000044', 'a0000000-0000-0000-0000-000000000022', 'akiko.bergman@thinkerylabs.com', 'Akiko Bergman', 'member', 'active', '2026-01-21 03:53:45', '2025-05-29 09:02:55'),
('c0000000-0000-0000-0000-000000000045', 'a0000000-0000-0000-0000-000000000022', 'deepa.fischer@thinkerylabs.com', 'Deepa Fischer', 'admin', 'active', '2026-02-23 15:44:53', '2025-06-26 23:07:52'),
('c0000000-0000-0000-0000-000000000046', 'a0000000-0000-0000-0000-000000000022', 'vikram.bianchi@thinkerylabs.com', 'Vikram Bianchi', 'member', 'active', '2026-01-06 00:16:13', '2025-12-03 16:49:51'),
('c0000000-0000-0000-0000-000000000047', 'a0000000-0000-0000-0000-000000000022', 'yuna.kowalski@thinkerylabs.com', 'Yuna Kowalski', 'admin', 'active', '2026-02-19 09:15:19', '2026-02-23 14:16:01'),
('c0000000-0000-0000-0000-000000000048', 'a0000000-0000-0000-0000-000000000023', 'rishi.weber@helixbiomedical.com', 'Rishi Weber', 'owner', 'active', '2026-02-23 15:38:34', '2026-03-01 11:07:17'),
('c0000000-0000-0000-0000-000000000049', 'a0000000-0000-0000-0000-000000000023', 'min.moreau@helixbiomedical.com', 'Min Moreau', 'member', 'active', '2026-01-28 00:39:22', '2025-11-23 19:12:28'),
('c0000000-0000-0000-0000-000000000050', 'a0000000-0000-0000-0000-000000000023', 'jia.nilsson@helixbiomedical.com', 'Jia Nilsson', 'member', 'active', '2026-02-03 17:32:50', '2025-10-14 13:26:14');

INSERT INTO users (id, org_id, email, full_name, role, status, last_login_at, created_at) VALUES
('c0000000-0000-0000-0000-000000000051', 'a0000000-0000-0000-0000-000000000024', 'satoshi.keller@blossomfield.com', 'Satoshi Keller', 'owner', 'active', '2026-01-25 11:16:47', '2025-12-25 03:02:30'),
('c0000000-0000-0000-0000-000000000052', 'a0000000-0000-0000-0000-000000000025', 'mika.janssen@luminateeducation.com', 'Mika Janssen', 'owner', 'active', '2026-02-10 03:49:37', '2026-02-24 01:32:13'),
('c0000000-0000-0000-0000-000000000053', 'a0000000-0000-0000-0000-000000000026', 'kavita.lindberg@storyarcstudios.com', 'Kavita Lindberg', 'owner', 'active', '2026-02-22 20:11:53', '2025-08-10 21:37:58'),
('c0000000-0000-0000-0000-000000000054', 'a0000000-0000-0000-0000-000000000027', 'nikhil.brandt@quantumleapai.com', 'Nikhil Brandt', 'owner', 'active', '2026-01-09 02:45:49', '2025-11-27 12:42:23'),
('c0000000-0000-0000-0000-000000000055', 'a0000000-0000-0000-0000-000000000027', 'soo-yeon.garcia@quantumleapai.com', 'Soo-Yeon Garcia', 'owner', 'active', '2026-02-26 01:20:59', '2025-07-07 18:20:44'),
('c0000000-0000-0000-0000-000000000056', 'a0000000-0000-0000-0000-000000000027', 'rahul.martinez@quantumleapai.com', 'Rahul Martinez', 'member', 'active', '2026-02-18 20:12:18', '2025-12-30 07:46:34'),
('c0000000-0000-0000-0000-000000000057', 'a0000000-0000-0000-0000-000000000027', 'amara.lopez@quantumleapai.com', 'Amara Lopez', 'member', 'active', '2026-02-21 11:27:56', '2026-02-25 02:47:39'),
('c0000000-0000-0000-0000-000000000058', 'a0000000-0000-0000-0000-000000000028', 'kwame.gonzalez@aurumfinancial.com', 'Kwame Gonzalez', 'owner', 'active', '2026-02-14 15:23:59', '2026-02-10 19:15:03'),
('c0000000-0000-0000-0000-000000000059', 'a0000000-0000-0000-0000-000000000029', 'zuri.perez@campuswave.com', 'Zuri Perez', 'owner', 'active', '2026-01-28 19:52:11', '2026-02-12 19:42:30'),
('c0000000-0000-0000-0000-000000000060', 'a0000000-0000-0000-0000-000000000029', 'olu.ramirez@campuswave.com', 'Olu Ramirez', 'member', 'active', '2026-01-20 14:38:45', '2026-02-12 06:57:43'),
('c0000000-0000-0000-0000-000000000061', 'a0000000-0000-0000-0000-000000000029', 'nia.torres@campuswave.com', 'Nia Torres', 'member', 'active', '2026-02-25 11:39:27', '2026-02-21 10:18:11'),
('c0000000-0000-0000-0000-000000000062', 'a0000000-0000-0000-0000-000000000029', 'chidi.rivera@campuswave.com', 'Chidi Rivera', 'member', 'suspended', NULL, '2026-02-10 22:58:05'),
('c0000000-0000-0000-0000-000000000063', 'a0000000-0000-0000-0000-000000000030', 'fatima.morales@titanmanufacturing.com', 'Fatima Morales', 'owner', 'active', '2026-02-08 21:50:28', '2026-01-06 10:47:32'),
('c0000000-0000-0000-0000-000000000064', 'a0000000-0000-0000-0000-000000000031', 'kofi.castillo@pinnacleadvisors.com', 'Kofi Castillo', 'owner', 'active', '2026-02-06 01:38:09', '2026-02-27 00:22:40'),
('c0000000-0000-0000-0000-000000000065', 'a0000000-0000-0000-0000-000000000031', 'adaeze.vargas@pinnacleadvisors.com', 'Adaeze Vargas', 'admin', 'inactive', '2025-12-08 01:59:16', '2026-01-23 03:47:20'),
('c0000000-0000-0000-0000-000000000066', 'a0000000-0000-0000-0000-000000000031', 'emeka.kim@pinnacleadvisors.com', 'Emeka Kim', 'member', 'active', '2026-01-08 00:47:11', '2026-01-16 09:16:31'),
('c0000000-0000-0000-0000-000000000067', 'a0000000-0000-0000-0000-000000000031', 'amina.tanaka@pinnacleadvisors.com', 'Amina Tanaka', 'member', 'active', '2026-01-17 22:28:13', '2026-02-15 16:16:05'),
('c0000000-0000-0000-0000-000000000068', 'a0000000-0000-0000-0000-000000000032', 'jabari.nguyen@cornerstonewealth.com', 'Jabari Nguyen', 'owner', 'active', '2026-02-24 02:28:11', '2025-12-11 16:23:33'),
('c0000000-0000-0000-0000-000000000069', 'a0000000-0000-0000-0000-000000000033', 'halima.singh@orbitra.com', 'Halima Singh', 'owner', 'active', '2026-02-12 11:45:04', '2025-05-22 05:23:59'),
('c0000000-0000-0000-0000-000000000070', 'a0000000-0000-0000-0000-000000000034', 'tendai.yamamoto@verdantsolutions.com', 'Tendai Yamamoto', 'owner', 'active', '2026-03-01 22:40:11', '2024-05-26 14:19:58'),
('c0000000-0000-0000-0000-000000000071', 'a0000000-0000-0000-0000-000000000035', 'nkechi.lee@wavelengthcreative.com', 'Nkechi Lee', 'owner', 'active', '2026-01-16 15:01:23', '2025-06-07 04:05:31'),
('c0000000-0000-0000-0000-000000000072', 'a0000000-0000-0000-0000-000000000035', 'obinna.park@wavelengthcreative.com', 'Obinna Park', 'member', 'active', '2026-01-06 02:19:25', '2026-01-13 01:55:19'),
('c0000000-0000-0000-0000-000000000073', 'a0000000-0000-0000-0000-000000000035', 'aisha.suzuki@wavelengthcreative.com', 'Aisha Suzuki', 'viewer', 'active', '2026-02-22 18:04:08', '2025-12-31 11:04:49'),
('c0000000-0000-0000-0000-000000000074', 'a0000000-0000-0000-0000-000000000035', 'sekou.tran@wavelengthcreative.com', 'Sekou Tran', 'viewer', 'active', '2026-01-23 04:56:53', '2025-11-22 11:58:56'),
('c0000000-0000-0000-0000-000000000075', 'a0000000-0000-0000-0000-000000000036', 'imani.nakamura@peakstyle.com', 'Imani Nakamura', 'owner', 'active', '2026-02-28 01:53:07', '2025-11-27 01:02:17'),
('c0000000-0000-0000-0000-000000000076', 'a0000000-0000-0000-0000-000000000037', 'taiwo.wu@harborviewgoods.com', 'Taiwo Wu', 'owner', 'active', '2026-01-15 11:33:57', '2026-01-08 18:42:37'),
('c0000000-0000-0000-0000-000000000077', 'a0000000-0000-0000-0000-000000000038', 'chioma.sato@prosperhealth.com', 'Chioma Sato', 'owner', 'active', '2026-01-09 20:19:39', '2026-02-10 05:31:25'),
('c0000000-0000-0000-0000-000000000078', 'a0000000-0000-0000-0000-000000000039', 'dayo.huang@brightbasket.com', 'Dayo Huang', 'owner', 'active', '2026-01-11 21:39:46', '2024-05-06 05:55:47'),
('c0000000-0000-0000-0000-000000000079', 'a0000000-0000-0000-0000-000000000039', 'bintu.takahashi@brightbasket.com', 'Bintu Takahashi', 'owner', 'active', '2026-01-02 02:02:41', '2025-06-14 13:11:33'),
('c0000000-0000-0000-0000-000000000080', 'a0000000-0000-0000-0000-000000000040', 'kojo.zheng@vanguardanalytics.com', 'Kojo Zheng', 'owner', 'active', '2026-02-10 00:31:56', '2025-10-16 05:10:19'),
('c0000000-0000-0000-0000-000000000081', 'a0000000-0000-0000-0000-000000000040', 'emma.das@vanguardanalytics.com', 'Emma Das', 'admin', 'active', '2026-02-21 21:25:19', '2025-11-09 01:59:31'),
('c0000000-0000-0000-0000-000000000082', 'a0000000-0000-0000-0000-000000000041', 'oliver.mensah@caduceuslabs.com', 'Oliver Mensah', 'owner', 'active', '2026-01-30 06:21:38', '2025-06-15 23:06:57'),
('c0000000-0000-0000-0000-000000000083', 'a0000000-0000-0000-0000-000000000041', 'sophie.diallo@caduceuslabs.com', 'Sophie Diallo', 'member', 'inactive', '2025-05-17 13:28:50', '2025-09-07 08:35:49'),
('c0000000-0000-0000-0000-000000000084', 'a0000000-0000-0000-0000-000000000041', 'liam.nkomo@caduceuslabs.com', 'Liam Nkomo', 'member', 'active', '2026-01-29 07:09:06', '2025-07-28 22:47:44'),
('c0000000-0000-0000-0000-000000000085', 'a0000000-0000-0000-0000-000000000042', 'charlotte.traore@steelcraftco.com', 'Charlotte Traore', 'owner', 'inactive', '2023-09-11 18:21:25', '2025-08-04 15:17:46'),
('c0000000-0000-0000-0000-000000000086', 'a0000000-0000-0000-0000-000000000042', 'noah.mbeki@steelcraftco.com', 'Noah Mbeki', 'admin', 'active', '2026-02-01 09:31:01', '2024-02-21 22:54:18'),
('c0000000-0000-0000-0000-000000000087', 'a0000000-0000-0000-0000-000000000043', 'amelia.kamau@precisiondynamics.com', 'Amelia Kamau', 'owner', 'active', '2026-01-23 01:03:18', '2026-02-07 22:59:04'),
('c0000000-0000-0000-0000-000000000088', 'a0000000-0000-0000-0000-000000000044', 'ethan.banda@patchworkdigital.com', 'Ethan Banda', 'owner', 'inactive', '2025-05-03 22:05:40', '2025-12-23 18:30:44'),
('c0000000-0000-0000-0000-000000000089', 'a0000000-0000-0000-0000-000000000044', 'freya.okoro@patchworkdigital.com', 'Freya Okoro', 'member', 'active', '2026-01-04 18:35:12', '2025-11-19 19:59:09'),
('c0000000-0000-0000-0000-000000000090', 'a0000000-0000-0000-0000-000000000045', 'henrik.ndlovu@alloyworks.com', 'Henrik Ndlovu', 'owner', 'active', '2026-02-05 08:52:39', '2026-02-18 01:55:56'),
('c0000000-0000-0000-0000-000000000091', 'a0000000-0000-0000-0000-000000000046', 'ingrid.olawale@vitacore.com', 'Ingrid Olawale', 'owner', 'active', '2026-01-22 17:23:48', '2025-09-28 10:23:40'),
('c0000000-0000-0000-0000-000000000092', 'a0000000-0000-0000-0000-000000000046', 'klaus.schmidt@vitacore.com', 'Klaus Schmidt', 'member', 'active', '2026-01-03 04:45:21', '2025-12-15 14:01:52'),
('c0000000-0000-0000-0000-000000000093', 'a0000000-0000-0000-0000-000000000046', 'brigitte.mueller@vitacore.com', 'Brigitte Mueller', 'admin', 'active', '2026-01-09 10:59:39', '2025-10-12 17:57:22'),
('c0000000-0000-0000-0000-000000000094', 'a0000000-0000-0000-0000-000000000047', 'marcel.petrov@sterlingtrust.com', 'Marcel Petrov', 'owner', 'active', '2026-02-23 16:34:31', '2026-02-23 05:03:38'),
('c0000000-0000-0000-0000-000000000095', 'a0000000-0000-0000-0000-000000000047', 'eloise.dubois@sterlingtrust.com', 'Eloise Dubois', 'admin', 'active', '2026-01-08 13:37:19', '2026-02-13 22:03:49'),
('c0000000-0000-0000-0000-000000000096', 'a0000000-0000-0000-0000-000000000048', 'lars.novak@bridgewayconsulting.com', 'Lars Novak', 'owner', 'active', '2026-02-11 18:36:14', '2025-12-16 17:25:42'),
('c0000000-0000-0000-0000-000000000097', 'a0000000-0000-0000-0000-000000000048', 'astrid.andersson@bridgewayconsulting.com', 'Astrid Andersson', 'admin', 'active', '2026-02-09 12:09:52', '2026-01-03 14:36:12'),
('c0000000-0000-0000-0000-000000000098', 'a0000000-0000-0000-0000-000000000048', 'magnus.fischer@bridgewayconsulting.com', 'Magnus Fischer', 'admin', 'active', '2026-01-21 13:09:26', '2025-12-27 03:56:54'),
('c0000000-0000-0000-0000-000000000099', 'a0000000-0000-0000-0000-000000000048', 'petra.laurent@bridgewayconsulting.com', 'Petra Laurent', 'admin', 'active', '2026-02-17 23:03:45', '2026-03-01 13:51:20'),
('c0000000-0000-0000-0000-000000000100', 'a0000000-0000-0000-0000-000000000049', 'ivan.kowalski@benchmarkfabrication.com', 'Ivan Kowalski', 'owner', 'active', '2026-01-25 10:11:29', '2025-03-28 17:41:24');

INSERT INTO users (id, org_id, email, full_name, role, status, last_login_at, created_at) VALUES
('c0000000-0000-0000-0000-000000000101', 'a0000000-0000-0000-0000-000000000050', 'nadia.eriksson@summitinvestments.com', 'Nadia Eriksson', 'owner', 'active', '2026-02-16 21:41:51', '2025-10-23 05:01:42'),
('c0000000-0000-0000-0000-000000000102', 'a0000000-0000-0000-0000-000000000050', 'anton.moreau@summitinvestments.com', 'Anton Moreau', 'admin', 'active', '2026-01-20 07:19:49', '2025-07-31 14:29:22'),
('c0000000-0000-0000-0000-000000000103', 'a0000000-0000-0000-0000-000000000050', 'greta.hansen@summitinvestments.com', 'Greta Hansen', 'member', 'active', '2026-02-05 23:17:18', '2025-12-30 17:42:09'),
('c0000000-0000-0000-0000-000000000104', 'a0000000-0000-0000-0000-000000000051', 'stefan.keller@copperlineretail.com', 'Stefan Keller', 'owner', 'active', '2026-02-19 04:18:02', '2026-02-19 09:40:13'),
('c0000000-0000-0000-0000-000000000105', 'a0000000-0000-0000-0000-000000000051', 'sienna.bauer@copperlineretail.com', 'Sienna Bauer', 'member', 'active', '2026-02-17 15:13:12', '2026-02-18 11:29:07'),
('c0000000-0000-0000-0000-000000000106', 'a0000000-0000-0000-0000-000000000051', 'luca.lindberg@copperlineretail.com', 'Luca Lindberg', 'admin', 'active', '2026-01-07 19:47:37', '2026-02-24 19:04:59'),
('c0000000-0000-0000-0000-000000000107', 'a0000000-0000-0000-0000-000000000052', 'ada.fontaine@castpoint.com', 'Ada Fontaine', 'owner', 'active', '2026-01-04 03:26:21', '2026-02-17 03:24:20'),
('c0000000-0000-0000-0000-000000000108', 'a0000000-0000-0000-0000-000000000052', 'matteo.garcia@castpoint.com', 'Matteo Garcia', 'admin', 'active', '2026-01-11 13:41:59', '2025-07-30 20:20:05'),
('c0000000-0000-0000-0000-000000000109', 'a0000000-0000-0000-0000-000000000052', 'ines.rodriguez@castpoint.com', 'Ines Rodriguez', 'owner', 'active', '2026-02-11 01:58:49', '2025-09-01 05:04:24'),
('c0000000-0000-0000-0000-000000000110', 'a0000000-0000-0000-0000-000000000053', 'hugo.lopez@serenitymedical.com', 'Hugo Lopez', 'owner', 'active', '2026-02-23 05:59:58', '2025-07-01 02:25:25'),
('c0000000-0000-0000-0000-000000000111', 'a0000000-0000-0000-0000-000000000054', 'clara.hernandez@silverstack.com', 'Clara Hernandez', 'owner', 'active', '2026-02-17 09:56:02', '2026-01-13 01:13:41'),
('c0000000-0000-0000-0000-000000000112', 'a0000000-0000-0000-0000-000000000054', 'theo.perez@silverstack.com', 'Theo Perez', 'member', 'active', '2026-02-11 17:33:31', '2025-07-22 20:20:11'),
('c0000000-0000-0000-0000-000000000113', 'a0000000-0000-0000-0000-000000000055', 'yara.sanchez@daybreakshops.com', 'Yara Sanchez', 'owner', 'active', '2026-02-21 03:21:10', '2025-12-24 02:58:44'),
('c0000000-0000-0000-0000-000000000114', 'a0000000-0000-0000-0000-000000000055', 'daniil.torres@daybreakshops.com', 'Daniil Torres', 'admin', 'active', '2026-02-20 09:36:43', '2025-01-31 13:28:53'),
('c0000000-0000-0000-0000-000000000115', 'a0000000-0000-0000-0000-000000000055', 'leila.flores@daybreakshops.com', 'Leila Flores', 'admin', 'active', '2026-01-06 12:42:06', '2025-09-14 02:13:52'),
('c0000000-0000-0000-0000-000000000116', 'a0000000-0000-0000-0000-000000000056', 'tariq.morales@luminarysoftware.com', 'Tariq Morales', 'owner', 'active', '2026-01-25 07:28:48', '2026-01-10 19:01:23'),
('c0000000-0000-0000-0000-000000000117', 'a0000000-0000-0000-0000-000000000056', 'noor.ortiz@luminarysoftware.com', 'Noor Ortiz', 'member', 'active', '2026-01-17 20:23:44', '2026-02-13 11:37:07'),
('c0000000-0000-0000-0000-000000000118', 'a0000000-0000-0000-0000-000000000057', 'hassan.vargas@zephyrcomputing.com', 'Hassan Vargas', 'owner', 'active', '2026-02-13 16:59:57', '2025-11-10 16:17:03'),
('c0000000-0000-0000-0000-000000000119', 'a0000000-0000-0000-0000-000000000058', 'zeynep.wang@terabridge.com', 'Zeynep Wang', 'owner', 'active', '2026-01-19 11:39:14', '2026-01-31 17:19:30'),
('c0000000-0000-0000-0000-000000000120', 'a0000000-0000-0000-0000-000000000059', 'omar.tanaka@thrivetherapeutics.com', 'Omar Tanaka', 'owner', 'active', '2026-01-24 13:44:35', '2025-06-10 09:14:38'),
('c0000000-0000-0000-0000-000000000121', 'a0000000-0000-0000-0000-000000000059', 'aaliya.patel@thrivetherapeutics.com', 'Aaliya Patel', 'owner', 'active', '2026-02-13 19:55:50', '2026-02-27 01:15:15'),
('c0000000-0000-0000-0000-000000000122', 'a0000000-0000-0000-0000-000000000060', 'idris.singh@blueharborfinance.com', 'Idris Singh', 'owner', 'active', '2026-01-08 01:53:35', '2026-01-16 20:45:23'),
('c0000000-0000-0000-0000-000000000123', 'a0000000-0000-0000-0000-000000000061', 'maryam.chen@voxelion.com', 'Maryam Chen', 'owner', 'active', '2026-02-24 16:28:07', '2026-02-22 01:31:59'),
('c0000000-0000-0000-0000-000000000124', 'a0000000-0000-0000-0000-000000000062', 'faisal.lee@ironcladcapital.com', 'Faisal Lee', 'owner', 'active', '2026-01-29 01:29:08', '2026-01-08 21:54:51'),
('c0000000-0000-0000-0000-000000000125', 'a0000000-0000-0000-0000-000000000062', 'layla.sharma@ironcladcapital.com', 'Layla Sharma', 'member', 'active', '2026-02-21 09:46:01', '2025-06-02 12:27:02'),
('c0000000-0000-0000-0000-000000000126', 'a0000000-0000-0000-0000-000000000062', 'rashid.suzuki@ironcladcapital.com', 'Rashid Suzuki', 'member', 'active', '2026-01-28 11:44:04', '2025-08-23 13:01:21'),
('c0000000-0000-0000-0000-000000000127', 'a0000000-0000-0000-0000-000000000062', 'samira.gupta@ironcladcapital.com', 'Samira Gupta', 'member', 'active', '2026-01-27 05:49:08', '2025-06-08 09:59:37'),
('c0000000-0000-0000-0000-000000000128', 'a0000000-0000-0000-0000-000000000063', 'khalid.nakamura@novabit.com', 'Khalid Nakamura', 'owner', 'suspended', NULL, '2026-02-26 23:32:32'),
('c0000000-0000-0000-0000-000000000129', 'a0000000-0000-0000-0000-000000000064', 'sofia.reddy@mosaicdigital.com', 'Sofia Reddy', 'owner', 'inactive', '2026-02-06 08:43:47', '2026-02-17 01:49:30'),
('c0000000-0000-0000-0000-000000000130', 'a0000000-0000-0000-0000-000000000064', 'mateo.sato@mosaicdigital.com', 'Mateo Sato', 'owner', 'active', '2026-01-26 16:08:46', '2026-02-15 16:55:21'),
('c0000000-0000-0000-0000-000000000131', 'a0000000-0000-0000-0000-000000000064', 'isabella.chandra@mosaicdigital.com', 'Isabella Chandra', 'viewer', 'active', '2026-02-13 23:34:27', '2026-02-28 14:03:16'),
('c0000000-0000-0000-0000-000000000132', 'a0000000-0000-0000-0000-000000000065', 'santiago.takahashi@pixelfoundry.com', 'Santiago Takahashi', 'owner', 'active', '2026-01-18 06:59:56', '2026-01-07 10:22:28'),
('c0000000-0000-0000-0000-000000000133', 'a0000000-0000-0000-0000-000000000066', 'valentina.kapoor@alterragroup.com', 'Valentina Kapoor', 'owner', 'active', '2026-02-26 00:15:13', '2026-01-23 15:27:37'),
('c0000000-0000-0000-0000-000000000134', 'a0000000-0000-0000-0000-000000000066', 'diego.das@alterragroup.com', 'Diego Das', 'member', 'active', '2026-02-25 01:15:47', '2026-01-30 15:21:23'),
('c0000000-0000-0000-0000-000000000135', 'a0000000-0000-0000-0000-000000000067', 'camila.okafor@pulsepointhealth.com', 'Camila Okafor', 'owner', 'active', '2026-01-19 07:52:58', '2025-10-07 16:39:22'),
('c0000000-0000-0000-0000-000000000136', 'a0000000-0000-0000-0000-000000000067', 'alejandro.diallo@pulsepointhealth.com', 'Alejandro Diallo', 'admin', 'active', '2026-01-10 21:33:14', '2025-11-29 22:50:46'),
('c0000000-0000-0000-0000-000000000137', 'a0000000-0000-0000-0000-000000000068', 'lucia.adeyemi@genovaclinical.com', 'Lucia Adeyemi', 'owner', 'active', '2026-02-28 05:40:43', '2025-07-07 12:02:05'),
('c0000000-0000-0000-0000-000000000138', 'a0000000-0000-0000-0000-000000000069', 'carlos.traore@pedagogix.com', 'Carlos Traore', 'owner', 'active', '2026-02-20 16:20:44', '2025-09-26 14:01:38'),
('c0000000-0000-0000-0000-000000000139', 'a0000000-0000-0000-0000-000000000069', 'gabriela.osei@pedagogix.com', 'Gabriela Osei', 'member', 'active', '2026-01-31 07:54:14', '2025-10-03 23:07:48'),
('c0000000-0000-0000-0000-000000000140', 'a0000000-0000-0000-0000-000000000070', 'andres.kamau@meridianhealth.com', 'Andres Kamau', 'owner', 'active', '2026-02-05 13:26:35', '2026-01-31 22:00:18'),
('c0000000-0000-0000-0000-000000000141', 'a0000000-0000-0000-0000-000000000071', 'mariana.abubakar@arcturalabs.com', 'Mariana Abubakar', 'owner', 'active', '2026-01-06 14:54:23', '2025-09-24 20:18:21'),
('c0000000-0000-0000-0000-000000000142', 'a0000000-0000-0000-0000-000000000071', 'javier.okoro@arcturalabs.com', 'Javier Okoro', 'member', 'active', '2026-02-13 19:38:02', '2025-09-07 15:14:04'),
('c0000000-0000-0000-0000-000000000143', 'a0000000-0000-0000-0000-000000000072', 'catalina.sesay@duralinesystems.com', 'Catalina Sesay', 'owner', 'active', '2026-02-25 10:19:58', '2026-02-28 20:01:38'),
('c0000000-0000-0000-0000-000000000144', 'a0000000-0000-0000-0000-000000000073', 'fernando.olawale@heliosplatform.com', 'Fernando Olawale', 'owner', 'inactive', '2025-05-10 18:05:59', '2025-06-24 19:15:44'),
('c0000000-0000-0000-0000-000000000145', 'a0000000-0000-0000-0000-000000000073', 'elena.conteh@heliosplatform.com', 'Elena Conteh', 'member', 'inactive', '2025-05-19 10:01:55', '2026-02-01 06:16:32'),
('c0000000-0000-0000-0000-000000000146', 'a0000000-0000-0000-0000-000000000073', 'rafael.mueller@heliosplatform.com', 'Rafael Mueller', 'member', 'active', '2026-02-21 23:30:48', '2026-01-12 10:56:20'),
('c0000000-0000-0000-0000-000000000147', 'a0000000-0000-0000-0000-000000000074', 'ana.johansson@cirruslogicsystems.com', 'Ana Johansson', 'owner', 'inactive', '2026-02-22 04:29:03', '2026-02-26 01:55:05'),
('c0000000-0000-0000-0000-000000000148', 'a0000000-0000-0000-0000-000000000074', 'miguel.dubois@cirruslogicsystems.com', 'Miguel Dubois', 'owner', 'active', '2026-02-07 18:46:26', '2026-02-21 00:05:02'),
('c0000000-0000-0000-0000-000000000149', 'a0000000-0000-0000-0000-000000000074', 'rosa.rossi@cirruslogicsystems.com', 'Rosa Rossi', 'member', 'active', '2026-01-16 15:35:41', '2026-02-24 04:05:56'),
('c0000000-0000-0000-0000-000000000150', 'a0000000-0000-0000-0000-000000000075', 'eduardo.andersson@inframode.com', 'Eduardo Andersson', 'owner', 'active', '2026-02-01 14:10:46', '2026-01-14 19:11:29');

INSERT INTO users (id, org_id, email, full_name, role, status, last_login_at, created_at) VALUES
('c0000000-0000-0000-0000-000000000151', 'a0000000-0000-0000-0000-000000000075', 'carmen.bergman@inframode.com', 'Carmen Bergman', 'admin', 'active', '2026-02-26 17:41:03', '2026-02-12 10:41:40'),
('c0000000-0000-0000-0000-000000000152', 'a0000000-0000-0000-0000-000000000075', 'luis.laurent@inframode.com', 'Luis Laurent', 'member', 'active', '2026-01-01 13:08:53', '2025-06-16 16:33:30'),
('c0000000-0000-0000-0000-000000000153', 'a0000000-0000-0000-0000-000000000075', 'wei.bianchi@inframode.com', 'Wei Bianchi', 'admin', 'active', '2026-01-30 11:03:39', '2025-07-24 19:43:14'),
('c0000000-0000-0000-0000-000000000154', 'a0000000-0000-0000-0000-000000000076', 'mei.eriksson@nexpointservices.com', 'Mei Eriksson', 'owner', 'inactive', '2025-12-12 17:20:48', '2026-02-12 13:51:49'),
('c0000000-0000-0000-0000-000000000155', 'a0000000-0000-0000-0000-000000000077', 'hiroshi.weber@evergreenemporium.com', 'Hiroshi Weber', 'owner', 'active', '2026-02-04 09:01:32', '2025-11-02 06:40:15'),
('c0000000-0000-0000-0000-000000000156', 'a0000000-0000-0000-0000-000000000077', 'yuki.hansen@evergreenemporium.com', 'Yuki Hansen', 'admin', 'active', '2026-01-07 16:09:15', '2026-02-10 19:00:56'),
('c0000000-0000-0000-0000-000000000157', 'a0000000-0000-0000-0000-000000000077', 'priya.nilsson@evergreenemporium.com', 'Priya Nilsson', 'member', 'active', '2026-01-26 02:23:25', '2026-02-12 01:11:48'),
('c0000000-0000-0000-0000-000000000158', 'a0000000-0000-0000-0000-000000000077', 'raj.bauer@evergreenemporium.com', 'Raj Bauer', 'member', 'active', '2026-02-22 02:41:54', '2026-01-27 21:13:41'),
('c0000000-0000-0000-0000-000000000159', 'a0000000-0000-0000-0000-000000000078', 'suki.janssen@northstarfunding.com', 'Suki Janssen', 'owner', 'active', '2026-01-31 01:40:00', '2025-12-15 07:20:05'),
('c0000000-0000-0000-0000-000000000160', 'a0000000-0000-0000-0000-000000000079', 'jin.fontaine@learnloop.com', 'Jin Fontaine', 'owner', 'active', '2026-02-06 03:57:33', '2025-10-09 16:39:54'),
('c0000000-0000-0000-0000-000000000161', 'a0000000-0000-0000-0000-000000000079', 'anika.brandt@learnloop.com', 'Anika Brandt', 'owner', 'active', '2026-03-01 02:43:59', '2026-02-22 11:06:35'),
('c0000000-0000-0000-0000-000000000162', 'a0000000-0000-0000-0000-000000000080', 'kenji.rodriguez@everbuild.com', 'Kenji Rodriguez', 'owner', 'active', '2026-02-24 10:01:13', '2025-12-16 12:40:03'),
('c0000000-0000-0000-0000-000000000163', 'a0000000-0000-0000-0000-000000000080', 'sakura.martinez@everbuild.com', 'Sakura Martinez', 'member', 'active', '2026-01-20 05:36:15', '2025-12-31 00:27:08'),
('c0000000-0000-0000-0000-000000000164', 'a0000000-0000-0000-0000-000000000081', 'takeshi.hernandez@flexiforge.com', 'Takeshi Hernandez', 'owner', 'active', '2026-02-18 23:08:50', '2026-02-27 01:29:33'),
('c0000000-0000-0000-0000-000000000165', 'a0000000-0000-0000-0000-000000000081', 'nupur.gonzalez@flexiforge.com', 'Nupur Gonzalez', 'viewer', 'active', '2026-01-07 13:14:53', '2026-02-05 07:30:12'),
('c0000000-0000-0000-0000-000000000166', 'a0000000-0000-0000-0000-000000000081', 'arjun.sanchez@flexiforge.com', 'Arjun Sanchez', 'member', 'active', '2026-01-21 00:40:17', '2026-02-19 03:33:58'),
('c0000000-0000-0000-0000-000000000167', 'a0000000-0000-0000-0000-000000000082', 'hana.ramirez@freshtrail.com', 'Hana Ramirez', 'owner', 'active', '2026-01-28 05:43:37', '2026-02-22 21:20:37'),
('c0000000-0000-0000-0000-000000000168', 'a0000000-0000-0000-0000-000000000082', 'sanjay.flores@freshtrail.com', 'Sanjay Flores', 'admin', 'active', '2026-02-15 02:05:17', '2026-02-28 19:36:28'),
('c0000000-0000-0000-0000-000000000169', 'a0000000-0000-0000-0000-000000000082', 'li.rivera@freshtrail.com', 'Li Rivera', 'member', 'active', '2026-01-24 03:05:00', '2026-02-22 09:09:33'),
('c0000000-0000-0000-0000-000000000170', 'a0000000-0000-0000-0000-000000000082', 'chen.ortiz@freshtrail.com', 'Chen Ortiz', 'owner', 'active', '2026-01-12 13:28:35', '2026-02-23 12:53:18'),
('c0000000-0000-0000-0000-000000000171', 'a0000000-0000-0000-0000-000000000083', 'haruto.castillo@galvanex.com', 'Haruto Castillo', 'owner', 'active', '2026-01-06 19:38:50', '2025-10-05 09:36:28'),
('c0000000-0000-0000-0000-000000000172', 'a0000000-0000-0000-0000-000000000084', 'akiko.wang@goldenaisle.com', 'Akiko Wang', 'owner', 'active', '2026-01-06 23:57:35', '2026-02-01 07:26:43'),
('c0000000-0000-0000-0000-000000000173', 'a0000000-0000-0000-0000-000000000085', 'deepa.kim@cascadewellness.com', 'Deepa Kim', 'owner', 'suspended', NULL, '2026-01-22 03:59:07'),
('c0000000-0000-0000-0000-000000000174', 'a0000000-0000-0000-0000-000000000085', 'vikram.patel@cascadewellness.com', 'Vikram Patel', 'member', 'active', '2026-01-05 05:27:17', '2025-11-13 20:19:33'),
('c0000000-0000-0000-0000-000000000175', 'a0000000-0000-0000-0000-000000000086', 'yuna.nguyen@hardenpro.com', 'Yuna Nguyen', 'owner', 'active', '2026-02-16 20:31:38', '2025-06-17 03:04:02'),
('c0000000-0000-0000-0000-000000000176', 'a0000000-0000-0000-0000-000000000086', 'rishi.chen@hardenpro.com', 'Rishi Chen', 'admin', 'active', '2026-01-22 19:24:51', '2025-07-17 00:48:12'),
('c0000000-0000-0000-0000-000000000177', 'a0000000-0000-0000-0000-000000000086', 'min.yamamoto@hardenpro.com', 'Min Yamamoto', 'owner', 'active', '2026-01-20 10:38:44', '2025-12-15 12:25:55'),
('c0000000-0000-0000-0000-000000000178', 'a0000000-0000-0000-0000-000000000086', 'jia.sharma@hardenpro.com', 'Jia Sharma', 'member', 'active', '2026-02-14 20:31:36', '2025-11-28 02:06:34'),
('c0000000-0000-0000-0000-000000000179', 'a0000000-0000-0000-0000-000000000087', 'satoshi.park@hearthstonemarket.com', 'Satoshi Park', 'owner', 'active', '2026-03-01 18:12:37', '2025-08-31 23:50:38'),
('c0000000-0000-0000-0000-000000000180', 'a0000000-0000-0000-0000-000000000087', 'mika.gupta@hearthstonemarket.com', 'Mika Gupta', 'viewer', 'active', '2026-01-30 22:13:28', '2026-01-04 04:29:17'),
('c0000000-0000-0000-0000-000000000181', 'a0000000-0000-0000-0000-000000000087', 'kavita.tran@hearthstonemarket.com', 'Kavita Tran', 'admin', 'active', '2026-01-09 20:19:15', '2025-07-09 01:11:02'),
('c0000000-0000-0000-0000-000000000182', 'a0000000-0000-0000-0000-000000000088', 'nikhil.reddy@tensorwave.com', 'Nikhil Reddy', 'owner', 'active', '2026-02-08 15:37:25', '2025-12-07 05:48:19'),
('c0000000-0000-0000-0000-000000000183', 'a0000000-0000-0000-0000-000000000088', 'soo-yeon.wu@tensorwave.com', 'Soo-Yeon Wu', 'member', 'inactive', '2025-08-21 17:43:51', '2026-02-14 07:17:53'),
('c0000000-0000-0000-0000-000000000184', 'a0000000-0000-0000-0000-000000000088', 'rahul.chandra@tensorwave.com', 'Rahul Chandra', 'admin', 'active', '2026-01-07 07:42:42', '2026-01-20 14:41:56'),
('c0000000-0000-0000-0000-000000000185', 'a0000000-0000-0000-0000-000000000089', 'amara.huang@elysiumcare.com', 'Amara Huang', 'owner', 'active', '2026-02-11 12:48:21', '2025-05-28 11:15:44'),
('c0000000-0000-0000-0000-000000000186', 'a0000000-0000-0000-0000-000000000089', 'kwame.kapoor@elysiumcare.com', 'Kwame Kapoor', 'viewer', 'active', '2026-02-02 23:33:35', '2025-05-10 19:50:15'),
('c0000000-0000-0000-0000-000000000187', 'a0000000-0000-0000-0000-000000000090', 'zuri.zheng@ironridgemanufacturing.com', 'Zuri Zheng', 'owner', 'active', '2026-01-24 12:29:49', '2026-03-02 22:01:05'),
('c0000000-0000-0000-0000-000000000188', 'a0000000-0000-0000-0000-000000000091', 'olu.okafor@prismentertainment.com', 'Olu Okafor', 'owner', 'active', '2026-01-07 09:26:58', '2025-06-11 22:25:50'),
('c0000000-0000-0000-0000-000000000189', 'a0000000-0000-0000-0000-000000000091', 'nia.mensah@prismentertainment.com', 'Nia Mensah', 'viewer', 'active', '2026-01-30 06:33:30', '2025-06-06 22:43:41'),
('c0000000-0000-0000-0000-000000000190', 'a0000000-0000-0000-0000-000000000091', 'chidi.adeyemi@prismentertainment.com', 'Chidi Adeyemi', 'member', 'active', '2026-01-03 22:07:01', '2025-11-12 21:28:39'),
('c0000000-0000-0000-0000-000000000191', 'a0000000-0000-0000-0000-000000000092', 'fatima.nkomo@nexgenpharma.com', 'Fatima Nkomo', 'owner', 'active', '2026-01-16 16:11:35', '2026-02-04 18:48:43'),
('c0000000-0000-0000-0000-000000000192', 'a0000000-0000-0000-0000-000000000092', 'kofi.osei@nexgenpharma.com', 'Kofi Osei', 'member', 'active', '2026-02-10 05:11:40', '2025-12-11 20:40:21'),
('c0000000-0000-0000-0000-000000000193', 'a0000000-0000-0000-0000-000000000093', 'adaeze.mbeki@blueshiftdev.com', 'Adaeze Mbeki', 'owner', 'active', '2026-01-28 12:00:45', '2026-02-19 02:34:07'),
('c0000000-0000-0000-0000-000000000194', 'a0000000-0000-0000-0000-000000000094', 'emeka.abubakar@biospherelabs.com', 'Emeka Abubakar', 'owner', 'active', '2026-02-25 17:11:23', '2025-12-11 01:29:05'),
('c0000000-0000-0000-0000-000000000195', 'a0000000-0000-0000-0000-000000000095', 'amina.banda@equinoxpartners.com', 'Amina Banda', 'owner', 'active', '2026-02-03 20:20:38', '2024-08-24 08:08:24'),
('c0000000-0000-0000-0000-000000000196', 'a0000000-0000-0000-0000-000000000096', 'jabari.sesay@clarityhealthsystems.com', 'Jabari Sesay', 'owner', 'active', '2026-01-30 19:11:52', '2025-07-15 21:31:24'),
('c0000000-0000-0000-0000-000000000197', 'a0000000-0000-0000-0000-000000000097', 'halima.ndlovu@arivalemedical.com', 'Halima Ndlovu', 'owner', 'active', '2026-01-09 10:07:15', '2026-02-27 05:55:06'),
('c0000000-0000-0000-0000-000000000198', 'a0000000-0000-0000-0000-000000000097', 'tendai.conteh@arivalemedical.com', 'Tendai Conteh', 'member', 'active', '2026-01-27 19:08:36', '2026-02-27 16:21:47'),
('c0000000-0000-0000-0000-000000000199', 'a0000000-0000-0000-0000-000000000097', 'nkechi.schmidt@arivalemedical.com', 'Nkechi Schmidt', 'member', 'active', '2026-02-11 05:35:10', '2026-02-28 05:34:21'),
('c0000000-0000-0000-0000-000000000200', 'a0000000-0000-0000-0000-000000000097', 'obinna.johansson@arivalemedical.com', 'Obinna Johansson', 'member', 'active', '2026-02-25 11:00:31', '2026-02-25 02:28:26');

INSERT INTO users (id, org_id, email, full_name, role, status, last_login_at, created_at) VALUES
('c0000000-0000-0000-0000-000000000201', 'a0000000-0000-0000-0000-000000000098', 'aisha.petrov@cygnux.com', 'Aisha Petrov', 'owner', 'active', '2026-01-27 21:31:26', '2026-02-10 11:26:38'),
('c0000000-0000-0000-0000-000000000202', 'a0000000-0000-0000-0000-000000000099', 'sekou.rossi@horizonlogistics.com', 'Sekou Rossi', 'owner', 'active', '2026-02-20 07:18:02', '2026-01-12 10:35:20'),
('c0000000-0000-0000-0000-000000000203', 'a0000000-0000-0000-0000-000000000099', 'imani.novak@horizonlogistics.com', 'Imani Novak', 'member', 'active', '2026-02-19 15:35:32', '2026-01-12 22:36:06'),
('c0000000-0000-0000-0000-000000000204', 'a0000000-0000-0000-0000-000000000100', 'taiwo.bergman@eclipticsoftware.com', 'Taiwo Bergman', 'owner', 'active', '2026-02-18 01:48:46', '2026-01-27 01:20:04'),
('c0000000-0000-0000-0000-000000000205', 'a0000000-0000-0000-0000-000000000101', 'chioma.fischer@ivorylane.com', 'Chioma Fischer', 'owner', 'active', '2026-02-11 07:19:55', '2024-10-05 22:37:12'),
('c0000000-0000-0000-0000-000000000206', 'a0000000-0000-0000-0000-000000000101', 'dayo.bianchi@ivorylane.com', 'Dayo Bianchi', 'viewer', 'active', '2026-01-08 07:13:51', '2024-07-18 21:18:14'),
('c0000000-0000-0000-0000-000000000207', 'a0000000-0000-0000-0000-000000000101', 'bintu.kowalski@ivorylane.com', 'Bintu Kowalski', 'admin', 'active', '2026-01-28 05:39:08', '2025-12-26 17:28:59'),
('c0000000-0000-0000-0000-000000000208', 'a0000000-0000-0000-0000-000000000102', 'kojo.weber@aperiontech.com', 'Kojo Weber', 'owner', 'active', '2026-02-04 08:38:34', '2025-12-07 21:13:12'),
('c0000000-0000-0000-0000-000000000209', 'a0000000-0000-0000-0000-000000000103', 'emma.moreau@zenithhealthcare.com', 'Emma Moreau', 'owner', 'suspended', NULL, '2024-03-17 01:17:38'),
('c0000000-0000-0000-0000-000000000210', 'a0000000-0000-0000-0000-000000000103', 'oliver.nilsson@zenithhealthcare.com', 'Oliver Nilsson', 'viewer', 'active', '2026-01-09 13:58:03', '2025-11-29 13:33:27'),
('c0000000-0000-0000-0000-000000000211', 'a0000000-0000-0000-0000-000000000104', 'sophie.keller@clarendongroup.com', 'Sophie Keller', 'owner', 'inactive', '2025-10-03 12:31:06', '2025-11-04 19:26:14'),
('c0000000-0000-0000-0000-000000000212', 'a0000000-0000-0000-0000-000000000104', 'liam.janssen@clarendongroup.com', 'Liam Janssen', 'member', 'active', '2026-01-10 18:40:17', '2025-12-05 17:56:37'),
('c0000000-0000-0000-0000-000000000213', 'a0000000-0000-0000-0000-000000000105', 'charlotte.lindberg@jetmoldindustries.com', 'Charlotte Lindberg', 'owner', 'active', '2026-02-19 02:25:32', '2025-08-19 15:00:23'),
('c0000000-0000-0000-0000-000000000214', 'a0000000-0000-0000-0000-000000000106', 'noah.brandt@gridlineai.com', 'Noah Brandt', 'owner', 'active', '2026-02-07 00:55:49', '2026-01-10 07:48:59'),
('c0000000-0000-0000-0000-000000000215', 'a0000000-0000-0000-0000-000000000106', 'amelia.garcia@gridlineai.com', 'Amelia Garcia', 'admin', 'active', '2026-01-23 02:50:34', '2026-01-21 14:00:23'),
('c0000000-0000-0000-0000-000000000216', 'a0000000-0000-0000-0000-000000000106', 'ethan.martinez@gridlineai.com', 'Ethan Martinez', 'member', 'suspended', NULL, '2025-12-21 08:34:59'),
('c0000000-0000-0000-0000-000000000217', 'a0000000-0000-0000-0000-000000000107', 'freya.lopez@upliftacademy.com', 'Freya Lopez', 'owner', 'active', '2026-02-20 10:57:43', '2025-11-13 15:41:08'),
('c0000000-0000-0000-0000-000000000218', 'a0000000-0000-0000-0000-000000000108', 'henrik.gonzalez@monokailabs.com', 'Henrik Gonzalez', 'owner', 'active', '2026-03-01 05:28:29', '2025-12-12 11:00:12'),
('c0000000-0000-0000-0000-000000000219', 'a0000000-0000-0000-0000-000000000109', 'ingrid.perez@luminhealth.com', 'Ingrid Perez', 'owner', 'suspended', NULL, '2025-05-30 10:59:39'),
('c0000000-0000-0000-0000-000000000220', 'a0000000-0000-0000-0000-000000000109', 'klaus.ramirez@luminhealth.com', 'Klaus Ramirez', 'owner', 'active', '2026-01-17 02:23:42', '2025-07-05 14:42:54'),
('c0000000-0000-0000-0000-000000000221', 'a0000000-0000-0000-0000-000000000109', 'brigitte.torres@luminhealth.com', 'Brigitte Torres', 'owner', 'active', '2026-02-14 07:27:41', '2025-09-06 08:21:17'),
('c0000000-0000-0000-0000-000000000222', 'a0000000-0000-0000-0000-000000000109', 'marcel.rivera@luminhealth.com', 'Marcel Rivera', 'member', 'active', '2026-02-07 07:33:43', '2025-06-05 03:05:39'),
('c0000000-0000-0000-0000-000000000223', 'a0000000-0000-0000-0000-000000000109', 'eloise.morales@luminhealth.com', 'Eloise Morales', 'member', 'active', '2026-02-14 04:30:04', '2025-08-09 15:56:58'),
('c0000000-0000-0000-0000-000000000224', 'a0000000-0000-0000-0000-000000000110', 'lars.castillo@velocicode.com', 'Lars Castillo', 'owner', 'active', '2026-02-26 09:08:24', '2024-04-21 17:33:45'),
('c0000000-0000-0000-0000-000000000225', 'a0000000-0000-0000-0000-000000000111', 'astrid.vargas@cinecraft.com', 'Astrid Vargas', 'owner', 'active', '2026-01-05 16:36:00', '2024-12-03 11:43:42'),
('c0000000-0000-0000-0000-000000000226', 'a0000000-0000-0000-0000-000000000112', 'magnus.kim@ridgelinefinancial.com', 'Magnus Kim', 'owner', 'active', '2026-02-17 04:58:26', '2024-06-19 10:00:06'),
('c0000000-0000-0000-0000-000000000227', 'a0000000-0000-0000-0000-000000000112', 'petra.tanaka@ridgelinefinancial.com', 'Petra Tanaka', 'admin', 'active', '2026-01-09 03:37:46', '2024-02-02 13:43:32'),
('c0000000-0000-0000-0000-000000000228', 'a0000000-0000-0000-0000-000000000113', 'ivan.nguyen@stratosphereio.com', 'Ivan Nguyen', 'owner', 'suspended', NULL, '2025-12-21 19:05:18'),
('c0000000-0000-0000-0000-000000000229', 'a0000000-0000-0000-0000-000000000114', 'nadia.singh@atlasventures.com', 'Nadia Singh', 'owner', 'active', '2026-01-19 22:01:54', '2025-11-23 09:30:53'),
('c0000000-0000-0000-0000-000000000230', 'a0000000-0000-0000-0000-000000000115', 'anton.yamamoto@nimbusdata.com', 'Anton Yamamoto', 'owner', 'inactive', '2025-11-28 01:27:47', '2025-12-24 05:06:19'),
('c0000000-0000-0000-0000-000000000231', 'a0000000-0000-0000-0000-000000000115', 'greta.lee@nimbusdata.com', 'Greta Lee', 'admin', 'active', '2026-01-08 07:31:40', '2025-12-03 19:59:11'),
('c0000000-0000-0000-0000-000000000232', 'a0000000-0000-0000-0000-000000000115', 'stefan.park@nimbusdata.com', 'Stefan Park', 'member', 'active', '2026-01-09 12:55:53', '2025-11-29 00:27:07'),
('c0000000-0000-0000-0000-000000000233', 'a0000000-0000-0000-0000-000000000116', 'sienna.suzuki@ceruleansystems.com', 'Sienna Suzuki', 'owner', 'active', '2026-02-19 02:01:37', '2026-02-19 00:17:47'),
('c0000000-0000-0000-0000-000000000234', 'a0000000-0000-0000-0000-000000000116', 'luca.tran@ceruleansystems.com', 'Luca Tran', 'member', 'active', '2026-02-02 09:40:45', '2025-09-07 20:19:42'),
('c0000000-0000-0000-0000-000000000235', 'a0000000-0000-0000-0000-000000000116', 'ada.nakamura@ceruleansystems.com', 'Ada Nakamura', 'member', 'active', '2026-02-04 17:39:09', '2026-02-24 06:34:57'),
('c0000000-0000-0000-0000-000000000236', 'a0000000-0000-0000-0000-000000000117', 'matteo.wu@jadeleaf.com', 'Matteo Wu', 'owner', 'active', '2026-02-04 10:25:37', '2025-06-26 15:38:43'),
('c0000000-0000-0000-0000-000000000237', 'a0000000-0000-0000-0000-000000000118', 'ines.sato@cerebralsystems.com', 'Ines Sato', 'owner', 'active', '2026-02-14 13:46:54', '2025-12-13 06:18:06'),
('c0000000-0000-0000-0000-000000000238', 'a0000000-0000-0000-0000-000000000119', 'hugo.huang@axonifytech.com', 'Hugo Huang', 'owner', 'active', '2026-02-08 01:19:42', '2026-02-03 19:47:45'),
('c0000000-0000-0000-0000-000000000239', 'a0000000-0000-0000-0000-000000000120', 'clara.takahashi@prismatech.com', 'Clara Takahashi', 'owner', 'active', '2026-02-14 00:10:31', '2024-12-29 11:08:19'),
('c0000000-0000-0000-0000-000000000240', 'a0000000-0000-0000-0000-000000000121', 'theo.zheng@crestwoodpartners.com', 'Theo Zheng', 'owner', 'active', '2026-02-17 08:46:56', '2025-08-03 12:58:26'),
('c0000000-0000-0000-0000-000000000241', 'a0000000-0000-0000-0000-000000000121', 'yara.das@crestwoodpartners.com', 'Yara Das', 'member', 'inactive', '2025-04-01 16:20:54', '2025-09-11 20:52:51'),
('c0000000-0000-0000-0000-000000000242', 'a0000000-0000-0000-0000-000000000122', 'daniil.mensah@bytecraft.com', 'Daniil Mensah', 'owner', 'active', '2026-02-24 18:10:23', '2025-02-21 04:59:19'),
('c0000000-0000-0000-0000-000000000243', 'a0000000-0000-0000-0000-000000000122', 'leila.diallo@bytecraft.com', 'Leila Diallo', 'member', 'active', '2026-01-15 23:32:00', '2025-04-26 15:41:55'),
('c0000000-0000-0000-0000-000000000244', 'a0000000-0000-0000-0000-000000000123', 'tariq.nkomo@beaconcapital.com', 'Tariq Nkomo', 'owner', 'inactive', '2025-10-28 15:28:21', '2025-11-27 15:58:44'),
('c0000000-0000-0000-0000-000000000245', 'a0000000-0000-0000-0000-000000000124', 'noor.traore@evermoreclinical.com', 'Noor Traore', 'owner', 'active', '2026-02-15 23:41:26', '2025-04-15 05:47:28'),
('c0000000-0000-0000-0000-000000000246', 'a0000000-0000-0000-0000-000000000125', 'hassan.mbeki@sigmalith.com', 'Hassan Mbeki', 'owner', 'active', '2026-02-06 11:07:32', '2026-01-31 02:35:07'),
('c0000000-0000-0000-0000-000000000247', 'a0000000-0000-0000-0000-000000000125', 'zeynep.kamau@sigmalith.com', 'Zeynep Kamau', 'admin', 'active', '2026-01-05 14:55:18', '2026-01-19 09:45:28'),
('c0000000-0000-0000-0000-000000000248', 'a0000000-0000-0000-0000-000000000125', 'omar.banda@sigmalith.com', 'Omar Banda', 'admin', 'active', '2026-01-24 06:18:36', '2026-01-02 11:12:03'),
('c0000000-0000-0000-0000-000000000249', 'a0000000-0000-0000-0000-000000000125', 'aaliya.okoro@sigmalith.com', 'Aaliya Okoro', 'admin', 'active', '2026-02-01 06:46:57', '2026-01-22 08:06:40'),
('c0000000-0000-0000-0000-000000000250', 'a0000000-0000-0000-0000-000000000126', 'idris.ndlovu@keystonefabricators.com', 'Idris Ndlovu', 'owner', 'active', '2026-01-02 07:34:22', '2026-01-02 12:04:41');

INSERT INTO users (id, org_id, email, full_name, role, status, last_login_at, created_at) VALUES
('c0000000-0000-0000-0000-000000000251', 'a0000000-0000-0000-0000-000000000127', 'maryam.olawale@lathetech.com', 'Maryam Olawale', 'owner', 'active', '2026-02-12 12:54:47', '2024-04-17 05:34:12'),
('c0000000-0000-0000-0000-000000000252', 'a0000000-0000-0000-0000-000000000128', 'faisal.schmidt@verdexsolutions.com', 'Faisal Schmidt', 'owner', 'active', '2026-01-04 04:45:17', '2026-02-25 19:22:08'),
('c0000000-0000-0000-0000-000000000253', 'a0000000-0000-0000-0000-000000000128', 'layla.mueller@verdexsolutions.com', 'Layla Mueller', 'member', 'inactive', '2025-10-14 11:55:37', '2026-02-24 01:40:34'),
('c0000000-0000-0000-0000-000000000254', 'a0000000-0000-0000-0000-000000000129', 'rashid.petrov@pathwisediagnostics.com', 'Rashid Petrov', 'owner', 'active', '2026-02-10 12:04:37', '2025-03-08 22:45:48'),
('c0000000-0000-0000-0000-000000000255', 'a0000000-0000-0000-0000-000000000130', 'samira.dubois@kindredgoods.com', 'Samira Dubois', 'owner', 'active', '2026-02-24 10:59:51', '2026-02-06 15:28:31'),
('c0000000-0000-0000-0000-000000000256', 'a0000000-0000-0000-0000-000000000130', 'khalid.novak@kindredgoods.com', 'Khalid Novak', 'member', 'active', '2026-01-15 02:12:08', '2026-02-12 18:38:32'),
('c0000000-0000-0000-0000-000000000257', 'a0000000-0000-0000-0000-000000000131', 'sofia.andersson@whitmoreassociates.com', 'Sofia Andersson', 'owner', 'active', '2026-01-30 10:26:07', '2025-11-25 21:48:58'),
('c0000000-0000-0000-0000-000000000258', 'a0000000-0000-0000-0000-000000000131', 'mateo.fischer@whitmoreassociates.com', 'Mateo Fischer', 'member', 'suspended', NULL, '2025-12-10 08:57:59'),
('c0000000-0000-0000-0000-000000000259', 'a0000000-0000-0000-0000-000000000131', 'isabella.laurent@whitmoreassociates.com', 'Isabella Laurent', 'member', 'active', '2026-02-15 22:38:02', '2025-11-27 15:58:22'),
('c0000000-0000-0000-0000-000000000260', 'a0000000-0000-0000-0000-000000000132', 'santiago.kowalski@moldmaster.com', 'Santiago Kowalski', 'owner', 'inactive', '2025-06-28 10:45:18', '2025-08-03 14:30:33'),
('c0000000-0000-0000-0000-000000000261', 'a0000000-0000-0000-0000-000000000132', 'valentina.eriksson@moldmaster.com', 'Valentina Eriksson', 'member', 'active', '2026-01-02 12:54:28', '2025-09-11 20:37:29'),
('c0000000-0000-0000-0000-000000000262', 'a0000000-0000-0000-0000-000000000132', 'diego.moreau@moldmaster.com', 'Diego Moreau', 'member', 'active', '2026-02-20 04:07:00', '2025-07-22 01:52:09'),
('c0000000-0000-0000-0000-000000000263', 'a0000000-0000-0000-0000-000000000132', 'camila.hansen@moldmaster.com', 'Camila Hansen', 'member', 'active', '2026-01-26 11:43:40', '2025-08-22 15:58:10'),
('c0000000-0000-0000-0000-000000000264', 'a0000000-0000-0000-0000-000000000133', 'alejandro.keller@crestviewholdings.com', 'Alejandro Keller', 'owner', 'active', '2026-01-05 00:04:12', '2026-02-16 04:49:32'),
('c0000000-0000-0000-0000-000000000265', 'a0000000-0000-0000-0000-000000000133', 'lucia.bauer@crestviewholdings.com', 'Lucia Bauer', 'owner', 'active', '2026-02-23 10:07:02', '2024-11-03 22:48:34'),
('c0000000-0000-0000-0000-000000000266', 'a0000000-0000-0000-0000-000000000134', 'carlos.lindberg@oakmontenterprises.com', 'Carlos Lindberg', 'owner', 'active', '2026-01-02 12:43:27', '2026-01-18 12:33:05'),
('c0000000-0000-0000-0000-000000000267', 'a0000000-0000-0000-0000-000000000134', 'gabriela.fontaine@oakmontenterprises.com', 'Gabriela Fontaine', 'member', 'active', '2026-02-26 04:02:39', '2025-09-13 21:25:02'),
('c0000000-0000-0000-0000-000000000268', 'a0000000-0000-0000-0000-000000000134', 'andres.garcia@oakmontenterprises.com', 'Andres Garcia', 'admin', 'active', '2026-02-05 15:03:05', '2025-11-09 04:34:30'),
('c0000000-0000-0000-0000-000000000269', 'a0000000-0000-0000-0000-000000000134', 'mariana.rodriguez@oakmontenterprises.com', 'Mariana Rodriguez', 'member', 'active', '2026-02-03 07:40:51', '2025-09-21 10:04:25'),
('c0000000-0000-0000-0000-000000000270', 'a0000000-0000-0000-0000-000000000135', 'javier.lopez@knowledgebaseinc.com', 'Javier Lopez', 'owner', 'active', '2026-02-04 15:22:58', '2025-11-24 06:25:40'),
('c0000000-0000-0000-0000-000000000271', 'a0000000-0000-0000-0000-000000000135', 'catalina.hernandez@knowledgebaseinc.com', 'Catalina Hernandez', 'member', 'active', '2026-02-08 07:01:57', '2025-09-27 13:04:30'),
('c0000000-0000-0000-0000-000000000272', 'a0000000-0000-0000-0000-000000000136', 'fernando.perez@silveroakpartners.com', 'Fernando Perez', 'owner', 'active', '2026-02-07 07:10:06', '2025-12-11 06:30:18'),
('c0000000-0000-0000-0000-000000000273', 'a0000000-0000-0000-0000-000000000137', 'elena.sanchez@fortisfinancial.com', 'Elena Sanchez', 'owner', 'active', '2026-02-21 12:22:59', '2025-11-04 23:08:22'),
('c0000000-0000-0000-0000-000000000274', 'a0000000-0000-0000-0000-000000000137', 'rafael.torres@fortisfinancial.com', 'Rafael Torres', 'admin', 'active', '2026-02-21 23:44:22', '2025-12-05 23:08:48'),
('c0000000-0000-0000-0000-000000000275', 'a0000000-0000-0000-0000-000000000137', 'ana.flores@fortisfinancial.com', 'Ana Flores', 'owner', 'active', '2026-02-06 06:53:51', '2026-01-20 10:07:37'),
('c0000000-0000-0000-0000-000000000276', 'a0000000-0000-0000-0000-000000000138', 'miguel.morales@solaradigital.com', 'Miguel Morales', 'owner', 'active', '2026-01-06 01:14:38', '2025-08-27 02:58:49'),
('c0000000-0000-0000-0000-000000000277', 'a0000000-0000-0000-0000-000000000139', 'rosa.ortiz@crestlinedev.com', 'Rosa Ortiz', 'owner', 'active', '2026-01-13 04:21:45', '2026-02-10 07:54:15'),
('c0000000-0000-0000-0000-000000000278', 'a0000000-0000-0000-0000-000000000140', 'eduardo.vargas@aethonlabs.com', 'Eduardo Vargas', 'owner', 'active', '2026-02-07 22:58:09', '2025-08-23 20:45:01'),
('c0000000-0000-0000-0000-000000000279', 'a0000000-0000-0000-0000-000000000141', 'carmen.wang@novacast.com', 'Carmen Wang', 'owner', 'active', '2026-02-12 12:37:06', '2025-11-22 18:05:13'),
('c0000000-0000-0000-0000-000000000280', 'a0000000-0000-0000-0000-000000000141', 'luis.tanaka@novacast.com', 'Luis Tanaka', 'member', 'active', '2026-02-10 15:41:20', '2025-10-01 15:09:18'),
('c0000000-0000-0000-0000-000000000281', 'a0000000-0000-0000-0000-000000000142', 'wei.patel@kineticcloud.com', 'Wei Patel', 'owner', 'suspended', NULL, '2025-12-18 12:18:02'),
('c0000000-0000-0000-0000-000000000282', 'a0000000-0000-0000-0000-000000000143', 'mei.singh@audiosphere.com', 'Mei Singh', 'owner', 'active', '2026-02-14 09:08:11', '2025-11-10 00:40:28'),
('c0000000-0000-0000-0000-000000000283', 'a0000000-0000-0000-0000-000000000143', 'hiroshi.chen@audiosphere.com', 'Hiroshi Chen', 'admin', 'inactive', '2025-09-28 01:20:42', '2026-02-20 01:15:31'),
('c0000000-0000-0000-0000-000000000284', 'a0000000-0000-0000-0000-000000000143', 'yuki.lee@audiosphere.com', 'Yuki Lee', 'member', 'active', '2026-03-01 15:09:21', '2025-11-22 08:56:48'),
('c0000000-0000-0000-0000-000000000285', 'a0000000-0000-0000-0000-000000000143', 'priya.sharma@audiosphere.com', 'Priya Sharma', 'admin', 'active', '2026-01-06 22:42:40', '2025-12-16 18:01:38'),
('c0000000-0000-0000-0000-000000000286', 'a0000000-0000-0000-0000-000000000144', 'raj.suzuki@palantissoftware.com', 'Raj Suzuki', 'owner', 'active', '2026-02-14 02:22:16', '2025-05-27 20:39:59'),
('c0000000-0000-0000-0000-000000000287', 'a0000000-0000-0000-0000-000000000145', 'suki.gupta@omnistack.com', 'Suki Gupta', 'owner', 'active', '2026-01-27 05:56:26', '2025-12-13 19:57:51'),
('c0000000-0000-0000-0000-000000000288', 'a0000000-0000-0000-0000-000000000145', 'jin.nakamura@omnistack.com', 'Jin Nakamura', 'member', 'active', '2026-01-31 18:41:48', '2026-02-14 19:35:58'),
('c0000000-0000-0000-0000-000000000289', 'a0000000-0000-0000-0000-000000000145', 'anika.reddy@omnistack.com', 'Anika Reddy', 'admin', 'active', '2026-01-21 08:06:04', '2025-12-16 08:47:06'),
('c0000000-0000-0000-0000-000000000290', 'a0000000-0000-0000-0000-000000000146', 'kenji.sato@bridgewateradvisory.com', 'Kenji Sato', 'owner', 'inactive', '2025-08-13 14:49:25', '2025-09-24 07:54:00'),
('c0000000-0000-0000-0000-000000000291', 'a0000000-0000-0000-0000-000000000146', 'sakura.chandra@bridgewateradvisory.com', 'Sakura Chandra', 'member', 'suspended', NULL, '2025-12-15 06:50:52'),
('c0000000-0000-0000-0000-000000000292', 'a0000000-0000-0000-0000-000000000146', 'takeshi.takahashi@bridgewateradvisory.com', 'Takeshi Takahashi', 'owner', 'active', '2026-01-22 06:12:26', '2025-12-02 13:52:31'),
('c0000000-0000-0000-0000-000000000293', 'a0000000-0000-0000-0000-000000000147', 'nupur.kapoor@keystonecapital.com', 'Nupur Kapoor', 'owner', 'active', '2026-01-20 07:06:03', '2026-02-10 23:08:21'),
('c0000000-0000-0000-0000-000000000294', 'a0000000-0000-0000-0000-000000000147', 'arjun.das@keystonecapital.com', 'Arjun Das', 'member', 'active', '2026-01-01 13:05:18', '2026-02-03 18:29:26'),
('c0000000-0000-0000-0000-000000000295', 'a0000000-0000-0000-0000-000000000148', 'hana.okafor@solacemedical.com', 'Hana Okafor', 'owner', 'active', '2026-01-14 05:40:18', '2026-01-02 22:54:32'),
('c0000000-0000-0000-0000-000000000296', 'a0000000-0000-0000-0000-000000000148', 'sanjay.diallo@solacemedical.com', 'Sanjay Diallo', 'viewer', 'active', '2026-01-31 15:57:42', '2025-10-02 02:38:56'),
('c0000000-0000-0000-0000-000000000297', 'a0000000-0000-0000-0000-000000000148', 'li.adeyemi@solacemedical.com', 'Li Adeyemi', 'member', 'active', '2026-01-25 11:11:28', '2025-12-10 22:12:27'),
('c0000000-0000-0000-0000-000000000298', 'a0000000-0000-0000-0000-000000000149', 'chen.traore@fluxionsystems.com', 'Chen Traore', 'owner', 'active', '2026-02-06 01:09:48', '2026-01-09 17:52:35'),
('c0000000-0000-0000-0000-000000000299', 'a0000000-0000-0000-0000-000000000149', 'haruto.osei@fluxionsystems.com', 'Haruto Osei', 'admin', 'active', '2026-02-07 07:35:03', '2026-01-21 03:26:06'),
('c0000000-0000-0000-0000-000000000300', 'a0000000-0000-0000-0000-000000000150', 'akiko.kamau@quadrantai.com', 'Akiko Kamau', 'owner', 'active', '2026-03-01 15:36:56', '2026-02-28 07:50:56');

INSERT INTO subscriptions (id, org_id, plan_id, status, trial_ends_at, current_period_start, current_period_end, started_at, canceled_at) VALUES
('d0000000-0000-0000-0000-000000000001', 'a0000000-0000-0000-0000-000000000001', 'b0000000-0000-0000-0000-000000000004', 'past_due', NULL, '2026-02-04 22:14:43', '2026-03-06 22:14:43', '2026-01-04 03:36:13', NULL),
('d0000000-0000-0000-0000-000000000002', 'a0000000-0000-0000-0000-000000000002', 'b0000000-0000-0000-0000-000000000002', 'active', NULL, '2026-01-20 04:21:40', '2026-02-19 04:21:40', '2025-01-29 16:19:15', NULL),
('d0000000-0000-0000-0000-000000000003', 'a0000000-0000-0000-0000-000000000003', 'b0000000-0000-0000-0000-000000000002', 'past_due', NULL, '2026-02-11 08:48:24', '2026-03-13 08:48:24', '2026-01-24 21:47:03', NULL),
('d0000000-0000-0000-0000-000000000004', 'a0000000-0000-0000-0000-000000000004', 'b0000000-0000-0000-0000-000000000002', 'active', NULL, '2026-02-12 09:51:05', '2026-03-14 09:51:05', '2025-12-31 05:55:51', NULL),
('d0000000-0000-0000-0000-000000000005', 'a0000000-0000-0000-0000-000000000004', 'b0000000-0000-0000-0000-000000000004', 'active', NULL, '2026-01-08 19:59:58', '2026-02-07 19:59:58', '2025-06-09 00:18:53', NULL),
('d0000000-0000-0000-0000-000000000006', 'a0000000-0000-0000-0000-000000000005', 'b0000000-0000-0000-0000-000000000002', 'active', NULL, '2026-01-17 21:27:06', '2026-02-16 21:27:06', '2025-11-12 09:35:03', NULL),
('d0000000-0000-0000-0000-000000000007', 'a0000000-0000-0000-0000-000000000006', 'b0000000-0000-0000-0000-000000000002', 'active', NULL, '2024-09-11 00:15:32', '2024-10-11 00:15:32', '2024-04-25 07:18:56', NULL),
('d0000000-0000-0000-0000-000000000008', 'a0000000-0000-0000-0000-000000000007', 'b0000000-0000-0000-0000-000000000002', 'active', NULL, '2025-12-08 12:55:55', '2026-01-07 12:55:55', '2025-08-14 10:57:32', NULL),
('d0000000-0000-0000-0000-000000000009', 'a0000000-0000-0000-0000-000000000008', 'b0000000-0000-0000-0000-000000000002', 'cancelled', NULL, '2025-05-28 01:00:50', '2025-06-27 01:00:50', '2025-03-25 03:59:35', '2025-10-01 19:38:03'),
('d0000000-0000-0000-0000-000000000010', 'a0000000-0000-0000-0000-000000000009', 'b0000000-0000-0000-0000-000000000002', 'past_due', NULL, '2025-06-22 05:24:02', '2025-07-22 05:24:02', '2025-02-09 05:30:18', NULL),
('d0000000-0000-0000-0000-000000000011', 'a0000000-0000-0000-0000-000000000009', 'b0000000-0000-0000-0000-000000000001', 'active', NULL, '2024-11-12 07:55:15', '2024-12-12 07:55:15', '2024-04-07 00:14:01', NULL),
('d0000000-0000-0000-0000-000000000012', 'a0000000-0000-0000-0000-000000000010', 'b0000000-0000-0000-0000-000000000002', 'cancelled', NULL, '2026-02-22 07:30:26', '2026-03-24 07:30:26', '2025-09-01 06:59:28', '2025-10-05 03:11:06'),
('d0000000-0000-0000-0000-000000000013', 'a0000000-0000-0000-0000-000000000011', 'b0000000-0000-0000-0000-000000000001', 'cancelled', NULL, '2025-10-25 05:18:19', '2025-11-24 05:18:19', '2025-08-15 15:20:55', '2025-11-13 05:37:08'),
('d0000000-0000-0000-0000-000000000014', 'a0000000-0000-0000-0000-000000000011', 'b0000000-0000-0000-0000-000000000003', 'active', NULL, '2026-01-25 21:55:13', '2026-02-24 21:55:13', '2026-01-25 05:12:20', NULL),
('d0000000-0000-0000-0000-000000000015', 'a0000000-0000-0000-0000-000000000012', 'b0000000-0000-0000-0000-000000000003', 'past_due', NULL, '2026-02-15 07:34:03', '2026-03-17 07:34:03', '2026-01-03 04:03:59', NULL),
('d0000000-0000-0000-0000-000000000016', 'a0000000-0000-0000-0000-000000000013', 'b0000000-0000-0000-0000-000000000002', 'active', NULL, '2026-02-08 13:08:08', '2026-03-10 13:08:08', '2025-11-08 16:48:56', NULL),
('d0000000-0000-0000-0000-000000000017', 'a0000000-0000-0000-0000-000000000014', 'b0000000-0000-0000-0000-000000000003', 'active', NULL, '2026-03-01 09:46:45', '2026-03-31 09:46:45', '2026-02-27 12:26:02', NULL),
('d0000000-0000-0000-0000-000000000018', 'a0000000-0000-0000-0000-000000000015', 'b0000000-0000-0000-0000-000000000001', 'active', NULL, '2025-12-31 17:12:36', '2026-01-30 17:12:36', '2025-11-08 04:47:49', NULL),
('d0000000-0000-0000-0000-000000000019', 'a0000000-0000-0000-0000-000000000016', 'b0000000-0000-0000-0000-000000000003', 'active', NULL, '2026-02-26 22:47:47', '2026-03-28 22:47:47', '2026-02-04 15:04:13', NULL),
('d0000000-0000-0000-0000-000000000020', 'a0000000-0000-0000-0000-000000000017', 'b0000000-0000-0000-0000-000000000003', 'cancelled', NULL, '2025-07-22 07:58:10', '2025-08-21 07:58:10', '2025-04-25 10:01:35', '2025-07-26 19:08:05'),
('d0000000-0000-0000-0000-000000000021', 'a0000000-0000-0000-0000-000000000018', 'b0000000-0000-0000-0000-000000000003', 'active', NULL, '2026-02-19 20:11:02', '2026-03-21 20:11:02', '2026-02-14 00:05:48', NULL),
('d0000000-0000-0000-0000-000000000022', 'a0000000-0000-0000-0000-000000000018', 'b0000000-0000-0000-0000-000000000003', 'active', NULL, '2026-01-22 19:29:24', '2026-02-21 19:29:24', '2025-12-11 08:12:47', NULL),
('d0000000-0000-0000-0000-000000000023', 'a0000000-0000-0000-0000-000000000019', 'b0000000-0000-0000-0000-000000000004', 'active', NULL, '2026-02-16 03:19:03', '2026-03-18 03:19:03', '2026-02-13 11:22:51', NULL),
('d0000000-0000-0000-0000-000000000024', 'a0000000-0000-0000-0000-000000000020', 'b0000000-0000-0000-0000-000000000004', 'active', NULL, '2025-10-25 17:26:42', '2025-11-24 17:26:42', '2025-10-12 13:18:30', NULL),
('d0000000-0000-0000-0000-000000000025', 'a0000000-0000-0000-0000-000000000021', 'b0000000-0000-0000-0000-000000000001', 'past_due', NULL, '2025-12-05 01:26:54', '2026-01-04 01:26:54', '2025-06-26 20:06:14', NULL),
('d0000000-0000-0000-0000-000000000026', 'a0000000-0000-0000-0000-000000000021', 'b0000000-0000-0000-0000-000000000001', 'past_due', NULL, '2025-10-24 14:31:42', '2025-11-23 14:31:42', '2025-06-21 12:23:03', NULL),
('d0000000-0000-0000-0000-000000000027', 'a0000000-0000-0000-0000-000000000021', 'b0000000-0000-0000-0000-000000000002', 'active', NULL, '2025-11-06 02:11:39', '2025-12-06 02:11:39', '2025-11-01 08:58:53', NULL),
('d0000000-0000-0000-0000-000000000028', 'a0000000-0000-0000-0000-000000000022', 'b0000000-0000-0000-0000-000000000001', 'active', NULL, '2025-10-01 10:47:10', '2025-10-31 10:47:10', '2025-09-29 14:00:55', NULL),
('d0000000-0000-0000-0000-000000000029', 'a0000000-0000-0000-0000-000000000023', 'b0000000-0000-0000-0000-000000000002', 'active', NULL, '2026-01-05 14:40:39', '2026-02-04 14:40:39', '2025-10-19 09:35:47', NULL),
('d0000000-0000-0000-0000-000000000030', 'a0000000-0000-0000-0000-000000000023', 'b0000000-0000-0000-0000-000000000004', 'active', NULL, '2026-02-20 07:04:44', '2026-03-22 07:04:44', '2026-01-17 20:36:48', NULL),
('d0000000-0000-0000-0000-000000000031', 'a0000000-0000-0000-0000-000000000024', 'b0000000-0000-0000-0000-000000000001', 'cancelled', NULL, '2026-01-30 11:49:16', '2026-03-01 11:49:16', '2026-01-19 23:48:02', '2026-02-03 22:56:15'),
('d0000000-0000-0000-0000-000000000032', 'a0000000-0000-0000-0000-000000000025', 'b0000000-0000-0000-0000-000000000003', 'cancelled', NULL, '2026-02-27 22:34:12', '2026-03-29 22:34:12', '2026-02-17 21:09:16', '2026-02-28 05:58:50'),
('d0000000-0000-0000-0000-000000000033', 'a0000000-0000-0000-0000-000000000026', 'b0000000-0000-0000-0000-000000000002', 'cancelled', NULL, '2026-01-20 23:35:45', '2026-02-19 23:35:45', '2026-01-13 10:07:21', '2026-01-21 03:23:51'),
('d0000000-0000-0000-0000-000000000034', 'a0000000-0000-0000-0000-000000000026', 'b0000000-0000-0000-0000-000000000002', 'cancelled', NULL, '2026-02-18 14:05:36', '2026-03-20 14:05:36', '2026-01-07 10:23:03', '2026-01-25 06:01:47'),
('d0000000-0000-0000-0000-000000000035', 'a0000000-0000-0000-0000-000000000026', 'b0000000-0000-0000-0000-000000000004', 'active', NULL, '2025-09-25 11:58:06', '2025-10-25 11:58:06', '2025-08-26 02:50:16', NULL),
('d0000000-0000-0000-0000-000000000036', 'a0000000-0000-0000-0000-000000000027', 'b0000000-0000-0000-0000-000000000002', 'active', NULL, '2025-08-27 13:09:31', '2025-09-26 13:09:31', '2025-07-07 01:24:05', NULL),
('d0000000-0000-0000-0000-000000000037', 'a0000000-0000-0000-0000-000000000028', 'b0000000-0000-0000-0000-000000000002', 'cancelled', NULL, '2026-02-09 15:03:02', '2026-03-11 15:03:02', '2026-01-19 08:03:02', '2026-01-24 11:56:38'),
('d0000000-0000-0000-0000-000000000038', 'a0000000-0000-0000-0000-000000000028', 'b0000000-0000-0000-0000-000000000001', 'cancelled', NULL, '2026-02-19 05:05:34', '2026-03-21 05:05:34', '2026-01-04 01:08:18', '2026-02-14 08:37:36'),
('d0000000-0000-0000-0000-000000000039', 'a0000000-0000-0000-0000-000000000029', 'b0000000-0000-0000-0000-000000000001', 'cancelled', NULL, '2026-02-20 19:30:10', '2026-03-22 19:30:10', '2026-02-14 22:09:43', '2026-02-26 01:16:37'),
('d0000000-0000-0000-0000-000000000040', 'a0000000-0000-0000-0000-000000000029', 'b0000000-0000-0000-0000-000000000001', 'cancelled', NULL, '2026-02-20 05:54:03', '2026-03-22 05:54:03', '2026-02-14 17:56:35', '2026-02-24 02:53:21'),
('d0000000-0000-0000-0000-000000000041', 'a0000000-0000-0000-0000-000000000030', 'b0000000-0000-0000-0000-000000000004', 'active', NULL, '2026-02-07 22:56:27', '2026-03-09 22:56:27', '2026-01-09 14:03:03', NULL),
('d0000000-0000-0000-0000-000000000042', 'a0000000-0000-0000-0000-000000000031', 'b0000000-0000-0000-0000-000000000003', 'past_due', NULL, '2026-02-27 23:12:50', '2026-03-29 23:12:50', '2026-02-27 18:06:24', NULL),
('d0000000-0000-0000-0000-000000000043', 'a0000000-0000-0000-0000-000000000031', 'b0000000-0000-0000-0000-000000000003', 'trialing', '2026-03-03 10:27:27', '2026-02-26 23:16:49', '2026-03-28 23:16:49', '2026-02-17 10:27:27', NULL),
('d0000000-0000-0000-0000-000000000044', 'a0000000-0000-0000-0000-000000000032', 'b0000000-0000-0000-0000-000000000004', 'past_due', NULL, '2026-02-25 18:43:49', '2026-03-27 18:43:49', '2026-02-10 14:47:23', NULL),
('d0000000-0000-0000-0000-000000000045', 'a0000000-0000-0000-0000-000000000033', 'b0000000-0000-0000-0000-000000000001', 'cancelled', NULL, '2026-01-27 07:52:20', '2026-02-26 07:52:20', '2025-09-14 08:15:34', '2026-02-05 15:58:29'),
('d0000000-0000-0000-0000-000000000046', 'a0000000-0000-0000-0000-000000000033', 'b0000000-0000-0000-0000-000000000003', 'active', NULL, '2026-02-28 18:27:43', '2026-03-30 18:27:43', '2026-02-17 10:57:21', NULL),
('d0000000-0000-0000-0000-000000000047', 'a0000000-0000-0000-0000-000000000034', 'b0000000-0000-0000-0000-000000000003', 'cancelled', NULL, '2024-02-17 03:13:51', '2024-03-18 03:13:51', '2023-12-24 02:31:52', '2024-06-01 19:26:22'),
('d0000000-0000-0000-0000-000000000048', 'a0000000-0000-0000-0000-000000000035', 'b0000000-0000-0000-0000-000000000004', 'past_due', NULL, '2025-10-30 20:39:10', '2025-11-29 20:39:10', '2025-05-14 12:35:38', NULL),
('d0000000-0000-0000-0000-000000000049', 'a0000000-0000-0000-0000-000000000036', 'b0000000-0000-0000-0000-000000000003', 'active', NULL, '2026-02-20 22:08:19', '2026-03-22 22:08:19', '2026-01-23 03:40:14', NULL),
('d0000000-0000-0000-0000-000000000050', 'a0000000-0000-0000-0000-000000000037', 'b0000000-0000-0000-0000-000000000002', 'past_due', NULL, '2026-01-05 02:55:59', '2026-02-04 02:55:59', '2026-01-03 23:30:33', NULL);

INSERT INTO subscriptions (id, org_id, plan_id, status, trial_ends_at, current_period_start, current_period_end, started_at, canceled_at) VALUES
('d0000000-0000-0000-0000-000000000051', 'a0000000-0000-0000-0000-000000000038', 'b0000000-0000-0000-0000-000000000003', 'cancelled', NULL, '2026-03-02 00:35:48', '2026-04-01 00:35:48', '2026-03-01 04:35:48', '2026-03-02 13:35:48'),
('d0000000-0000-0000-0000-000000000052', 'a0000000-0000-0000-0000-000000000038', 'b0000000-0000-0000-0000-000000000004', 'past_due', NULL, '2026-02-28 01:09:57', '2026-03-30 01:09:57', '2026-02-14 10:48:22', NULL),
('d0000000-0000-0000-0000-000000000053', 'a0000000-0000-0000-0000-000000000038', 'b0000000-0000-0000-0000-000000000003', 'past_due', NULL, '2026-02-17 04:38:15', '2026-03-19 04:38:15', '2026-02-15 07:24:15', NULL),
('d0000000-0000-0000-0000-000000000054', 'a0000000-0000-0000-0000-000000000038', 'b0000000-0000-0000-0000-000000000004', 'active', NULL, '2026-03-02 16:37:43', '2026-04-01 16:37:43', '2026-02-28 18:31:41', NULL),
('d0000000-0000-0000-0000-000000000055', 'a0000000-0000-0000-0000-000000000039', 'b0000000-0000-0000-0000-000000000001', 'past_due', NULL, '2025-12-02 19:44:16', '2026-01-01 19:44:16', '2025-11-19 11:05:04', NULL),
('d0000000-0000-0000-0000-000000000056', 'a0000000-0000-0000-0000-000000000039', 'b0000000-0000-0000-0000-000000000004', 'active', NULL, '2026-01-26 00:33:51', '2026-02-25 00:33:51', '2024-12-21 17:48:30', NULL),
('d0000000-0000-0000-0000-000000000057', 'a0000000-0000-0000-0000-000000000040', 'b0000000-0000-0000-0000-000000000002', 'active', NULL, '2026-02-26 22:50:29', '2026-03-28 22:50:29', '2026-02-02 08:20:47', NULL),
('d0000000-0000-0000-0000-000000000058', 'a0000000-0000-0000-0000-000000000041', 'b0000000-0000-0000-0000-000000000003', 'active', NULL, '2025-12-14 03:13:41', '2026-01-13 03:13:41', '2025-12-07 09:14:14', NULL),
('d0000000-0000-0000-0000-000000000059', 'a0000000-0000-0000-0000-000000000042', 'b0000000-0000-0000-0000-000000000003', 'past_due', NULL, '2026-02-11 12:58:34', '2026-03-13 12:58:34', '2026-02-05 13:06:26', NULL),
('d0000000-0000-0000-0000-000000000060', 'a0000000-0000-0000-0000-000000000043', 'b0000000-0000-0000-0000-000000000002', 'active', NULL, '2026-02-04 13:49:46', '2026-03-06 13:49:46', '2026-01-20 05:24:25', NULL),
('d0000000-0000-0000-0000-000000000061', 'a0000000-0000-0000-0000-000000000043', 'b0000000-0000-0000-0000-000000000003', 'trialing', '2025-11-30 20:12:05', '2026-02-14 19:44:24', '2026-03-16 19:44:24', '2025-11-16 20:12:05', NULL),
('d0000000-0000-0000-0000-000000000062', 'a0000000-0000-0000-0000-000000000044', 'b0000000-0000-0000-0000-000000000004', 'cancelled', NULL, '2026-02-15 00:53:45', '2026-03-17 00:53:45', '2025-08-16 15:10:23', '2026-02-04 19:56:04'),
('d0000000-0000-0000-0000-000000000063', 'a0000000-0000-0000-0000-000000000045', 'b0000000-0000-0000-0000-000000000002', 'cancelled', NULL, '2026-02-28 17:23:23', '2026-03-30 17:23:23', '2026-02-28 05:47:53', '2026-03-02 03:35:50'),
('d0000000-0000-0000-0000-000000000064', 'a0000000-0000-0000-0000-000000000045', 'b0000000-0000-0000-0000-000000000002', 'past_due', NULL, '2026-02-18 22:09:17', '2026-03-20 22:09:17', '2026-02-18 10:00:14', NULL),
('d0000000-0000-0000-0000-000000000065', 'a0000000-0000-0000-0000-000000000046', 'b0000000-0000-0000-0000-000000000002', 'cancelled', NULL, '2025-11-21 09:27:56', '2025-12-21 09:27:56', '2025-10-15 07:43:06', '2025-12-29 14:31:40'),
('d0000000-0000-0000-0000-000000000066', 'a0000000-0000-0000-0000-000000000047', 'b0000000-0000-0000-0000-000000000004', 'active', NULL, '2026-03-01 00:33:03', '2026-03-31 00:33:03', '2026-02-17 06:37:49', NULL),
('d0000000-0000-0000-0000-000000000067', 'a0000000-0000-0000-0000-000000000048', 'b0000000-0000-0000-0000-000000000003', 'cancelled', NULL, '2026-02-26 00:30:58', '2026-03-28 00:30:58', '2026-01-12 14:46:16', '2026-01-16 03:10:42'),
('d0000000-0000-0000-0000-000000000068', 'a0000000-0000-0000-0000-000000000049', 'b0000000-0000-0000-0000-000000000004', 'trialing', '2025-04-15 13:13:51', '2025-07-22 19:53:46', '2025-08-21 19:53:46', '2025-03-16 13:13:51', NULL),
('d0000000-0000-0000-0000-000000000069', 'a0000000-0000-0000-0000-000000000050', 'b0000000-0000-0000-0000-000000000003', 'active', NULL, '2026-02-23 06:02:17', '2026-03-25 06:02:17', '2026-01-29 06:49:59', NULL),
('d0000000-0000-0000-0000-000000000070', 'a0000000-0000-0000-0000-000000000050', 'b0000000-0000-0000-0000-000000000004', 'active', NULL, '2026-02-19 15:47:36', '2026-03-21 15:47:36', '2025-06-01 12:23:34', NULL),
('d0000000-0000-0000-0000-000000000071', 'a0000000-0000-0000-0000-000000000051', 'b0000000-0000-0000-0000-000000000003', 'active', NULL, '2026-02-19 02:47:14', '2026-03-21 02:47:14', '2026-02-11 02:25:45', NULL),
('d0000000-0000-0000-0000-000000000072', 'a0000000-0000-0000-0000-000000000052', 'b0000000-0000-0000-0000-000000000001', 'cancelled', NULL, '2026-01-23 10:41:37', '2026-02-22 10:41:37', '2025-11-03 14:47:55', '2025-12-12 06:38:31'),
('d0000000-0000-0000-0000-000000000073', 'a0000000-0000-0000-0000-000000000052', 'b0000000-0000-0000-0000-000000000001', 'active', NULL, '2026-01-05 14:48:49', '2026-02-04 14:48:49', '2025-10-31 11:58:17', NULL),
('d0000000-0000-0000-0000-000000000074', 'a0000000-0000-0000-0000-000000000053', 'b0000000-0000-0000-0000-000000000003', 'active', NULL, '2026-03-01 06:03:04', '2026-03-31 06:03:04', '2026-01-03 23:20:43', NULL),
('d0000000-0000-0000-0000-000000000075', 'a0000000-0000-0000-0000-000000000054', 'b0000000-0000-0000-0000-000000000002', 'active', NULL, '2026-03-01 01:35:19', '2026-03-31 01:35:19', '2026-02-24 05:35:12', NULL),
('d0000000-0000-0000-0000-000000000076', 'a0000000-0000-0000-0000-000000000055', 'b0000000-0000-0000-0000-000000000001', 'past_due', NULL, '2025-09-12 03:24:18', '2025-10-12 03:24:18', '2025-03-31 14:25:28', NULL),
('d0000000-0000-0000-0000-000000000077', 'a0000000-0000-0000-0000-000000000055', 'b0000000-0000-0000-0000-000000000002', 'trialing', '2026-02-13 11:59:33', '2026-03-01 04:52:22', '2026-03-31 04:52:22', '2026-01-30 11:59:33', NULL),
('d0000000-0000-0000-0000-000000000078', 'a0000000-0000-0000-0000-000000000056', 'b0000000-0000-0000-0000-000000000003', 'active', NULL, '2026-02-20 19:40:36', '2026-03-22 19:40:36', '2026-01-31 13:20:04', NULL),
('d0000000-0000-0000-0000-000000000079', 'a0000000-0000-0000-0000-000000000057', 'b0000000-0000-0000-0000-000000000001', 'active', NULL, '2026-02-01 07:23:18', '2026-03-03 07:23:18', '2026-01-28 00:40:38', NULL),
('d0000000-0000-0000-0000-000000000080', 'a0000000-0000-0000-0000-000000000058', 'b0000000-0000-0000-0000-000000000004', 'cancelled', NULL, '2026-02-22 16:41:33', '2026-03-24 16:41:33', '2025-11-24 16:52:06', '2026-02-14 19:39:49'),
('d0000000-0000-0000-0000-000000000081', 'a0000000-0000-0000-0000-000000000059', 'b0000000-0000-0000-0000-000000000003', 'active', NULL, '2025-09-22 01:22:20', '2025-10-22 01:22:20', '2025-09-08 19:32:04', NULL),
('d0000000-0000-0000-0000-000000000082', 'a0000000-0000-0000-0000-000000000060', 'b0000000-0000-0000-0000-000000000003', 'active', NULL, '2026-01-28 22:38:38', '2026-02-27 22:38:38', '2025-12-31 02:13:11', NULL),
('d0000000-0000-0000-0000-000000000083', 'a0000000-0000-0000-0000-000000000061', 'b0000000-0000-0000-0000-000000000002', 'past_due', NULL, '2026-02-23 21:40:27', '2026-03-25 21:40:27', '2026-02-21 22:03:25', NULL),
('d0000000-0000-0000-0000-000000000084', 'a0000000-0000-0000-0000-000000000061', 'b0000000-0000-0000-0000-000000000001', 'cancelled', NULL, '2026-02-25 19:45:47', '2026-03-27 19:45:47', '2026-02-21 00:40:29', '2026-02-28 13:06:21'),
('d0000000-0000-0000-0000-000000000085', 'a0000000-0000-0000-0000-000000000062', 'b0000000-0000-0000-0000-000000000003', 'cancelled', NULL, '2026-02-13 19:24:46', '2026-03-15 19:24:46', '2026-02-01 02:06:06', '2026-02-05 11:50:02'),
('d0000000-0000-0000-0000-000000000086', 'a0000000-0000-0000-0000-000000000063', 'b0000000-0000-0000-0000-000000000003', 'trialing', '2026-03-27 12:11:03', '2026-02-26 15:13:03', '2026-03-28 15:13:03', '2026-02-25 12:11:03', NULL),
('d0000000-0000-0000-0000-000000000087', 'a0000000-0000-0000-0000-000000000064', 'b0000000-0000-0000-0000-000000000004', 'active', NULL, '2026-02-25 02:58:31', '2026-03-27 02:58:31', '2026-02-13 20:31:34', NULL),
('d0000000-0000-0000-0000-000000000088', 'a0000000-0000-0000-0000-000000000065', 'b0000000-0000-0000-0000-000000000003', 'cancelled', NULL, '2026-01-28 07:22:09', '2026-02-27 07:22:09', '2025-12-27 01:14:58', '2026-01-02 18:44:39'),
('d0000000-0000-0000-0000-000000000089', 'a0000000-0000-0000-0000-000000000066', 'b0000000-0000-0000-0000-000000000002', 'active', NULL, '2026-01-25 22:15:11', '2026-02-24 22:15:11', '2025-10-25 03:43:50', NULL),
('d0000000-0000-0000-0000-000000000090', 'a0000000-0000-0000-0000-000000000067', 'b0000000-0000-0000-0000-000000000001', 'cancelled', NULL, '2025-11-16 08:31:03', '2025-12-16 08:31:03', '2025-07-23 21:51:21', '2025-10-10 20:28:30'),
('d0000000-0000-0000-0000-000000000091', 'a0000000-0000-0000-0000-000000000067', 'b0000000-0000-0000-0000-000000000002', 'active', NULL, '2026-01-06 12:31:04', '2026-02-05 12:31:04', '2025-11-27 04:40:50', NULL),
('d0000000-0000-0000-0000-000000000092', 'a0000000-0000-0000-0000-000000000068', 'b0000000-0000-0000-0000-000000000003', 'cancelled', NULL, '2025-08-28 19:43:29', '2025-09-27 19:43:29', '2024-09-23 04:14:01', '2025-09-25 13:45:36'),
('d0000000-0000-0000-0000-000000000093', 'a0000000-0000-0000-0000-000000000069', 'b0000000-0000-0000-0000-000000000003', 'active', NULL, '2025-08-24 19:26:22', '2025-09-23 19:26:22', '2025-07-20 02:14:06', NULL),
('d0000000-0000-0000-0000-000000000094', 'a0000000-0000-0000-0000-000000000070', 'b0000000-0000-0000-0000-000000000003', 'cancelled', NULL, '2026-02-28 02:39:17', '2026-03-30 02:39:17', '2025-11-11 09:59:16', '2026-02-24 04:36:41'),
('d0000000-0000-0000-0000-000000000095', 'a0000000-0000-0000-0000-000000000071', 'b0000000-0000-0000-0000-000000000004', 'cancelled', NULL, '2026-02-17 14:13:26', '2026-03-19 14:13:26', '2025-12-09 22:31:37', '2025-12-29 09:56:51'),
('d0000000-0000-0000-0000-000000000096', 'a0000000-0000-0000-0000-000000000071', 'b0000000-0000-0000-0000-000000000003', 'past_due', NULL, '2026-02-26 11:28:41', '2026-03-28 11:28:41', '2026-02-25 23:05:09', NULL),
('d0000000-0000-0000-0000-000000000097', 'a0000000-0000-0000-0000-000000000072', 'b0000000-0000-0000-0000-000000000002', 'active', NULL, '2026-02-24 11:16:29', '2026-03-26 11:16:29', '2026-02-23 05:39:53', NULL),
('d0000000-0000-0000-0000-000000000098', 'a0000000-0000-0000-0000-000000000073', 'b0000000-0000-0000-0000-000000000004', 'cancelled', NULL, '2026-02-14 21:43:32', '2026-03-16 21:43:32', '2025-12-28 06:29:28', '2026-01-13 17:43:30'),
('d0000000-0000-0000-0000-000000000099', 'a0000000-0000-0000-0000-000000000074', 'b0000000-0000-0000-0000-000000000002', 'active', NULL, '2026-02-28 20:17:17', '2026-03-30 20:17:17', '2026-02-27 16:31:44', NULL),
('d0000000-0000-0000-0000-000000000100', 'a0000000-0000-0000-0000-000000000074', 'b0000000-0000-0000-0000-000000000002', 'cancelled', NULL, '2026-02-26 22:45:03', '2026-03-28 22:45:03', '2026-02-25 10:03:39', '2026-02-28 04:45:36');

INSERT INTO subscriptions (id, org_id, plan_id, status, trial_ends_at, current_period_start, current_period_end, started_at, canceled_at) VALUES
('d0000000-0000-0000-0000-000000000101', 'a0000000-0000-0000-0000-000000000075', 'b0000000-0000-0000-0000-000000000003', 'past_due', NULL, '2026-01-01 14:34:57', '2026-01-31 14:34:57', '2025-11-17 03:03:07', NULL),
('d0000000-0000-0000-0000-000000000102', 'a0000000-0000-0000-0000-000000000076', 'b0000000-0000-0000-0000-000000000003', 'active', NULL, '2026-02-17 23:21:39', '2026-03-19 23:21:39', '2026-02-14 20:48:58', NULL),
('d0000000-0000-0000-0000-000000000103', 'a0000000-0000-0000-0000-000000000077', 'b0000000-0000-0000-0000-000000000001', 'cancelled', NULL, '2026-01-01 06:54:16', '2026-01-31 06:54:16', '2025-12-16 09:39:50', '2026-01-28 08:47:20'),
('d0000000-0000-0000-0000-000000000104', 'a0000000-0000-0000-0000-000000000077', 'b0000000-0000-0000-0000-000000000003', 'cancelled', NULL, '2026-02-08 19:50:53', '2026-03-10 19:50:53', '2026-01-13 19:35:51', '2026-01-22 14:13:01'),
('d0000000-0000-0000-0000-000000000105', 'a0000000-0000-0000-0000-000000000078', 'b0000000-0000-0000-0000-000000000003', 'active', NULL, '2025-09-20 12:31:24', '2025-10-20 12:31:24', '2025-08-04 20:05:46', NULL),
('d0000000-0000-0000-0000-000000000106', 'a0000000-0000-0000-0000-000000000079', 'b0000000-0000-0000-0000-000000000003', 'trialing', '2025-06-06 22:03:01', '2026-01-04 13:13:15', '2026-02-03 13:13:15', '2025-05-07 22:03:01', NULL),
('d0000000-0000-0000-0000-000000000107', 'a0000000-0000-0000-0000-000000000080', 'b0000000-0000-0000-0000-000000000003', 'cancelled', NULL, '2026-03-01 01:18:32', '2026-03-31 01:18:32', '2026-01-27 17:07:46', '2026-02-18 07:46:23'),
('d0000000-0000-0000-0000-000000000108', 'a0000000-0000-0000-0000-000000000081', 'b0000000-0000-0000-0000-000000000002', 'active', NULL, '2026-02-23 03:52:47', '2026-03-25 03:52:47', '2025-12-18 11:09:21', NULL),
('d0000000-0000-0000-0000-000000000109', 'a0000000-0000-0000-0000-000000000082', 'b0000000-0000-0000-0000-000000000001', 'cancelled', NULL, '2026-03-02 15:48:09', '2026-04-01 15:48:09', '2026-03-01 04:48:09', '2026-03-02 13:48:09'),
('d0000000-0000-0000-0000-000000000110', 'a0000000-0000-0000-0000-000000000082', 'b0000000-0000-0000-0000-000000000001', 'cancelled', NULL, '2026-02-23 03:01:32', '2026-03-25 03:01:32', '2026-02-22 05:20:05', '2026-02-26 18:44:00'),
('d0000000-0000-0000-0000-000000000111', 'a0000000-0000-0000-0000-000000000083', 'b0000000-0000-0000-0000-000000000003', 'active', NULL, '2026-01-14 10:42:33', '2026-02-13 10:42:33', '2025-11-26 23:04:42', NULL),
('d0000000-0000-0000-0000-000000000112', 'a0000000-0000-0000-0000-000000000084', 'b0000000-0000-0000-0000-000000000002', 'cancelled', NULL, '2026-02-01 19:30:04', '2026-03-03 19:30:04', '2026-01-27 09:51:08', '2026-02-22 18:03:08'),
('d0000000-0000-0000-0000-000000000113', 'a0000000-0000-0000-0000-000000000084', 'b0000000-0000-0000-0000-000000000003', 'cancelled', NULL, '2026-02-20 16:47:09', '2026-03-22 16:47:09', '2026-01-10 10:02:18', '2026-01-30 23:25:24'),
('d0000000-0000-0000-0000-000000000114', 'a0000000-0000-0000-0000-000000000085', 'b0000000-0000-0000-0000-000000000003', 'active', NULL, '2025-12-25 15:06:37', '2026-01-24 15:06:37', '2025-10-31 20:42:58', NULL),
('d0000000-0000-0000-0000-000000000115', 'a0000000-0000-0000-0000-000000000086', 'b0000000-0000-0000-0000-000000000003', 'active', NULL, '2026-01-10 20:35:00', '2026-02-09 20:35:00', '2025-08-21 05:23:37', NULL),
('d0000000-0000-0000-0000-000000000116', 'a0000000-0000-0000-0000-000000000087', 'b0000000-0000-0000-0000-000000000003', 'active', NULL, '2025-12-19 04:59:14', '2026-01-18 04:59:14', '2025-09-08 05:50:20', NULL),
('d0000000-0000-0000-0000-000000000117', 'a0000000-0000-0000-0000-000000000088', 'b0000000-0000-0000-0000-000000000001', 'past_due', NULL, '2025-11-28 11:48:07', '2025-12-28 11:48:07', '2025-10-18 08:34:35', NULL),
('d0000000-0000-0000-0000-000000000118', 'a0000000-0000-0000-0000-000000000089', 'b0000000-0000-0000-0000-000000000002', 'active', NULL, '2026-02-12 17:43:24', '2026-03-14 17:43:24', '2026-02-11 12:18:44', NULL),
('d0000000-0000-0000-0000-000000000119', 'a0000000-0000-0000-0000-000000000090', 'b0000000-0000-0000-0000-000000000001', 'active', NULL, '2026-03-03 10:01:05', '2026-04-02 10:01:05', '2026-03-02 03:01:05', NULL),
('d0000000-0000-0000-0000-000000000120', 'a0000000-0000-0000-0000-000000000091', 'b0000000-0000-0000-0000-000000000002', 'trialing', '2025-05-27 19:38:43', '2025-06-07 14:41:29', '2025-07-07 14:41:29', '2025-04-27 19:38:43', NULL),
('d0000000-0000-0000-0000-000000000121', 'a0000000-0000-0000-0000-000000000092', 'b0000000-0000-0000-0000-000000000002', 'trialing', '2026-02-13 05:07:41', '2026-02-18 06:57:33', '2026-03-20 06:57:33', '2026-01-30 05:07:41', NULL),
('d0000000-0000-0000-0000-000000000122', 'a0000000-0000-0000-0000-000000000093', 'b0000000-0000-0000-0000-000000000002', 'cancelled', NULL, '2025-09-16 03:17:23', '2025-10-16 03:17:23', '2024-12-24 18:05:21', '2026-01-30 13:37:54'),
('d0000000-0000-0000-0000-000000000123', 'a0000000-0000-0000-0000-000000000094', 'b0000000-0000-0000-0000-000000000003', 'cancelled', NULL, '2026-02-28 08:55:34', '2026-03-30 08:55:34', '2026-02-26 08:45:29', '2026-02-27 21:08:11'),
('d0000000-0000-0000-0000-000000000124', 'a0000000-0000-0000-0000-000000000095', 'b0000000-0000-0000-0000-000000000003', 'active', NULL, '2026-02-01 13:35:56', '2026-03-03 13:35:56', '2026-01-28 11:00:38', NULL),
('d0000000-0000-0000-0000-000000000125', 'a0000000-0000-0000-0000-000000000096', 'b0000000-0000-0000-0000-000000000003', 'cancelled', NULL, '2025-12-11 17:13:16', '2026-01-10 17:13:16', '2025-11-12 22:00:47', '2026-01-03 16:01:03'),
('d0000000-0000-0000-0000-000000000126', 'a0000000-0000-0000-0000-000000000097', 'b0000000-0000-0000-0000-000000000003', 'active', NULL, '2026-02-27 18:13:13', '2026-03-29 18:13:13', '2026-02-26 14:21:41', NULL),
('d0000000-0000-0000-0000-000000000127', 'a0000000-0000-0000-0000-000000000098', 'b0000000-0000-0000-0000-000000000004', 'trialing', '2026-03-13 13:01:51', '2026-03-01 01:38:21', '2026-03-31 01:38:21', '2026-02-27 13:01:51', NULL),
('d0000000-0000-0000-0000-000000000128', 'a0000000-0000-0000-0000-000000000099', 'b0000000-0000-0000-0000-000000000004', 'cancelled', NULL, '2026-02-28 05:59:23', '2026-03-30 05:59:23', '2026-02-19 05:29:16', '2026-02-23 07:53:56'),
('d0000000-0000-0000-0000-000000000129', 'a0000000-0000-0000-0000-000000000100', 'b0000000-0000-0000-0000-000000000002', 'cancelled', NULL, '2026-01-12 17:12:18', '2026-02-11 17:12:18', '2025-11-07 00:11:34', '2026-02-21 08:26:52'),
('d0000000-0000-0000-0000-000000000130', 'a0000000-0000-0000-0000-000000000100', 'b0000000-0000-0000-0000-000000000003', 'active', NULL, '2025-12-28 07:41:33', '2026-01-27 07:41:33', '2025-12-05 16:21:11', NULL),
('d0000000-0000-0000-0000-000000000131', 'a0000000-0000-0000-0000-000000000101', 'b0000000-0000-0000-0000-000000000003', 'active', NULL, '2024-08-14 10:20:30', '2024-09-13 10:20:30', '2024-02-01 18:33:18', NULL),
('d0000000-0000-0000-0000-000000000132', 'a0000000-0000-0000-0000-000000000102', 'b0000000-0000-0000-0000-000000000003', 'cancelled', NULL, '2024-12-15 22:11:52', '2025-01-14 22:11:52', '2024-04-04 02:49:43', '2024-07-22 06:47:48'),
('d0000000-0000-0000-0000-000000000133', 'a0000000-0000-0000-0000-000000000102', 'b0000000-0000-0000-0000-000000000002', 'past_due', NULL, '2025-12-28 00:19:04', '2026-01-27 00:19:04', '2025-10-27 12:39:44', NULL),
('d0000000-0000-0000-0000-000000000134', 'a0000000-0000-0000-0000-000000000102', 'b0000000-0000-0000-0000-000000000004', 'active', NULL, '2026-01-02 12:33:15', '2026-02-01 12:33:15', '2025-04-16 04:08:01', NULL),
('d0000000-0000-0000-0000-000000000135', 'a0000000-0000-0000-0000-000000000103', 'b0000000-0000-0000-0000-000000000001', 'cancelled', NULL, '2024-11-27 21:34:20', '2024-12-27 21:34:20', '2024-11-11 05:11:55', '2026-01-26 03:01:06'),
('d0000000-0000-0000-0000-000000000136', 'a0000000-0000-0000-0000-000000000104', 'b0000000-0000-0000-0000-000000000001', 'active', NULL, '2026-02-12 11:35:03', '2026-03-14 11:35:03', '2026-02-12 10:51:50', NULL),
('d0000000-0000-0000-0000-000000000137', 'a0000000-0000-0000-0000-000000000105', 'b0000000-0000-0000-0000-000000000001', 'active', NULL, '2025-11-24 07:20:58', '2025-12-24 07:20:58', '2025-10-31 14:04:43', NULL),
('d0000000-0000-0000-0000-000000000138', 'a0000000-0000-0000-0000-000000000106', 'b0000000-0000-0000-0000-000000000004', 'active', NULL, '2026-02-02 10:55:54', '2026-03-04 10:55:54', '2026-01-06 04:29:10', NULL),
('d0000000-0000-0000-0000-000000000139', 'a0000000-0000-0000-0000-000000000107', 'b0000000-0000-0000-0000-000000000003', 'active', NULL, '2026-01-07 05:41:27', '2026-02-06 05:41:27', '2025-12-21 10:58:13', NULL),
('d0000000-0000-0000-0000-000000000140', 'a0000000-0000-0000-0000-000000000107', 'b0000000-0000-0000-0000-000000000003', 'past_due', NULL, '2026-01-27 20:24:22', '2026-02-26 20:24:22', '2025-12-10 14:14:31', NULL),
('d0000000-0000-0000-0000-000000000141', 'a0000000-0000-0000-0000-000000000108', 'b0000000-0000-0000-0000-000000000002', 'cancelled', NULL, '2025-08-10 22:59:10', '2025-09-09 22:59:10', '2025-07-07 02:25:36', '2026-01-07 13:16:07'),
('d0000000-0000-0000-0000-000000000142', 'a0000000-0000-0000-0000-000000000108', 'b0000000-0000-0000-0000-000000000003', 'active', NULL, '2026-02-23 03:27:24', '2026-03-25 03:27:24', '2025-11-26 22:24:11', NULL),
('d0000000-0000-0000-0000-000000000143', 'a0000000-0000-0000-0000-000000000109', 'b0000000-0000-0000-0000-000000000003', 'past_due', NULL, '2025-08-17 14:12:27', '2025-09-16 14:12:27', '2025-04-06 02:48:52', NULL),
('d0000000-0000-0000-0000-000000000144', 'a0000000-0000-0000-0000-000000000109', 'b0000000-0000-0000-0000-000000000004', 'active', NULL, '2025-11-08 10:05:50', '2025-12-08 10:05:50', '2025-08-10 12:27:38', NULL),
('d0000000-0000-0000-0000-000000000145', 'a0000000-0000-0000-0000-000000000110', 'b0000000-0000-0000-0000-000000000003', 'active', NULL, '2025-10-11 06:46:12', '2025-11-10 06:46:12', '2025-07-12 20:02:40', NULL),
('d0000000-0000-0000-0000-000000000146', 'a0000000-0000-0000-0000-000000000111', 'b0000000-0000-0000-0000-000000000003', 'active', NULL, '2025-06-02 23:49:46', '2025-07-02 23:49:46', '2024-10-08 03:39:51', NULL),
('d0000000-0000-0000-0000-000000000147', 'a0000000-0000-0000-0000-000000000112', 'b0000000-0000-0000-0000-000000000002', 'active', NULL, '2025-04-19 07:22:41', '2025-05-19 07:22:41', '2025-03-14 05:12:20', NULL),
('d0000000-0000-0000-0000-000000000148', 'a0000000-0000-0000-0000-000000000112', 'b0000000-0000-0000-0000-000000000002', 'active', NULL, '2026-02-08 21:22:00', '2026-03-10 21:22:00', '2024-04-19 09:04:04', NULL),
('d0000000-0000-0000-0000-000000000149', 'a0000000-0000-0000-0000-000000000113', 'b0000000-0000-0000-0000-000000000004', 'active', NULL, '2026-02-01 03:37:45', '2026-03-03 03:37:45', '2026-01-03 14:27:34', NULL),
('d0000000-0000-0000-0000-000000000150', 'a0000000-0000-0000-0000-000000000114', 'b0000000-0000-0000-0000-000000000001', 'past_due', NULL, '2026-02-18 10:06:15', '2026-03-20 10:06:15', '2025-08-22 11:01:02', NULL);

INSERT INTO subscriptions (id, org_id, plan_id, status, trial_ends_at, current_period_start, current_period_end, started_at, canceled_at) VALUES
('d0000000-0000-0000-0000-000000000151', 'a0000000-0000-0000-0000-000000000115', 'b0000000-0000-0000-0000-000000000001', 'cancelled', NULL, '2026-02-21 22:18:53', '2026-03-23 22:18:53', '2026-01-27 05:30:48', '2026-02-02 14:09:57'),
('d0000000-0000-0000-0000-000000000152', 'a0000000-0000-0000-0000-000000000115', 'b0000000-0000-0000-0000-000000000004', 'active', NULL, '2026-02-03 12:22:10', '2026-03-05 12:22:10', '2026-01-15 21:42:02', NULL),
('d0000000-0000-0000-0000-000000000153', 'a0000000-0000-0000-0000-000000000116', 'b0000000-0000-0000-0000-000000000004', 'active', NULL, '2025-11-27 11:41:34', '2025-12-27 11:41:34', '2025-09-04 20:11:39', NULL),
('d0000000-0000-0000-0000-000000000154', 'a0000000-0000-0000-0000-000000000117', 'b0000000-0000-0000-0000-000000000002', 'active', NULL, '2025-08-22 08:10:37', '2025-09-21 08:10:37', '2025-05-23 13:32:08', NULL),
('d0000000-0000-0000-0000-000000000155', 'a0000000-0000-0000-0000-000000000118', 'b0000000-0000-0000-0000-000000000002', 'past_due', NULL, '2025-12-14 19:07:59', '2026-01-13 19:07:59', '2025-10-31 03:33:45', NULL),
('d0000000-0000-0000-0000-000000000156', 'a0000000-0000-0000-0000-000000000118', 'b0000000-0000-0000-0000-000000000002', 'past_due', NULL, '2025-06-27 23:30:29', '2025-07-27 23:30:29', '2025-01-23 23:29:56', NULL),
('d0000000-0000-0000-0000-000000000157', 'a0000000-0000-0000-0000-000000000119', 'b0000000-0000-0000-0000-000000000004', 'past_due', NULL, '2026-01-25 00:48:11', '2026-02-24 00:48:11', '2026-01-24 01:48:40', NULL),
('d0000000-0000-0000-0000-000000000158', 'a0000000-0000-0000-0000-000000000120', 'b0000000-0000-0000-0000-000000000003', 'trialing', '2024-09-22 00:14:29', '2025-05-02 00:49:52', '2025-06-01 00:49:52', '2024-09-08 00:14:29', NULL),
('d0000000-0000-0000-0000-000000000159', 'a0000000-0000-0000-0000-000000000121', 'b0000000-0000-0000-0000-000000000003', 'active', NULL, '2026-01-20 03:00:19', '2026-02-19 03:00:19', '2025-10-12 14:46:03', NULL),
('d0000000-0000-0000-0000-000000000160', 'a0000000-0000-0000-0000-000000000122', 'b0000000-0000-0000-0000-000000000002', 'cancelled', NULL, '2026-01-17 23:29:19', '2026-02-16 23:29:19', '2025-12-14 13:47:32', '2026-02-20 22:13:44'),
('d0000000-0000-0000-0000-000000000161', 'a0000000-0000-0000-0000-000000000122', 'b0000000-0000-0000-0000-000000000002', 'past_due', NULL, '2025-10-15 06:20:56', '2025-11-14 06:20:56', '2024-07-08 21:36:17', NULL),
('d0000000-0000-0000-0000-000000000162', 'a0000000-0000-0000-0000-000000000123', 'b0000000-0000-0000-0000-000000000002', 'active', NULL, '2025-12-08 19:20:39', '2026-01-07 19:20:39', '2025-11-15 16:02:22', NULL),
('d0000000-0000-0000-0000-000000000163', 'a0000000-0000-0000-0000-000000000124', 'b0000000-0000-0000-0000-000000000002', 'active', NULL, '2025-04-08 10:14:00', '2025-05-08 10:14:00', '2025-03-31 19:00:39', NULL),
('d0000000-0000-0000-0000-000000000164', 'a0000000-0000-0000-0000-000000000125', 'b0000000-0000-0000-0000-000000000003', 'active', NULL, '2026-02-23 15:18:40', '2026-03-25 15:18:40', '2026-02-23 05:12:47', NULL),
('d0000000-0000-0000-0000-000000000165', 'a0000000-0000-0000-0000-000000000126', 'b0000000-0000-0000-0000-000000000001', 'cancelled', NULL, '2026-02-17 04:22:46', '2026-03-19 04:22:46', '2026-01-17 23:09:49', '2026-02-03 12:02:49'),
('d0000000-0000-0000-0000-000000000166', 'a0000000-0000-0000-0000-000000000127', 'b0000000-0000-0000-0000-000000000003', 'active', NULL, '2025-04-24 07:25:04', '2025-05-24 07:25:04', '2024-12-18 08:22:52', NULL),
('d0000000-0000-0000-0000-000000000167', 'a0000000-0000-0000-0000-000000000128', 'b0000000-0000-0000-0000-000000000003', 'active', NULL, '2026-02-28 06:29:06', '2026-03-30 06:29:06', '2026-02-24 09:09:07', NULL),
('d0000000-0000-0000-0000-000000000168', 'a0000000-0000-0000-0000-000000000129', 'b0000000-0000-0000-0000-000000000003', 'cancelled', NULL, '2025-10-10 07:40:08', '2025-11-09 07:40:08', '2025-02-05 11:20:56', '2025-08-08 13:16:38'),
('d0000000-0000-0000-0000-000000000169', 'a0000000-0000-0000-0000-000000000129', 'b0000000-0000-0000-0000-000000000001', 'active', NULL, '2025-07-26 17:10:47', '2025-08-25 17:10:47', '2025-05-02 08:33:40', NULL),
('d0000000-0000-0000-0000-000000000170', 'a0000000-0000-0000-0000-000000000130', 'b0000000-0000-0000-0000-000000000002', 'active', NULL, '2026-02-20 01:39:08', '2026-03-22 01:39:08', '2026-02-04 03:00:59', NULL),
('d0000000-0000-0000-0000-000000000171', 'a0000000-0000-0000-0000-000000000131', 'b0000000-0000-0000-0000-000000000001', 'active', NULL, '2026-02-14 20:44:01', '2026-03-16 20:44:01', '2025-11-27 09:44:13', NULL),
('d0000000-0000-0000-0000-000000000172', 'a0000000-0000-0000-0000-000000000132', 'b0000000-0000-0000-0000-000000000001', 'cancelled', NULL, '2025-12-22 21:01:06', '2026-01-21 21:01:06', '2025-12-09 16:29:52', '2026-01-19 10:20:33'),
('d0000000-0000-0000-0000-000000000173', 'a0000000-0000-0000-0000-000000000133', 'b0000000-0000-0000-0000-000000000003', 'past_due', NULL, '2024-12-02 03:12:04', '2025-01-01 03:12:04', '2024-07-17 18:15:02', NULL),
('d0000000-0000-0000-0000-000000000174', 'a0000000-0000-0000-0000-000000000133', 'b0000000-0000-0000-0000-000000000002', 'active', NULL, '2025-07-30 07:46:45', '2025-08-29 07:46:45', '2025-04-23 13:35:11', NULL),
('d0000000-0000-0000-0000-000000000175', 'a0000000-0000-0000-0000-000000000134', 'b0000000-0000-0000-0000-000000000001', 'past_due', NULL, '2025-12-25 01:32:59', '2026-01-24 01:32:59', '2025-08-31 15:40:43', NULL),
('d0000000-0000-0000-0000-000000000176', 'a0000000-0000-0000-0000-000000000134', 'b0000000-0000-0000-0000-000000000001', 'past_due', NULL, '2026-02-25 21:48:08', '2026-03-27 21:48:08', '2026-02-25 01:53:45', NULL),
('d0000000-0000-0000-0000-000000000177', 'a0000000-0000-0000-0000-000000000134', 'b0000000-0000-0000-0000-000000000002', 'cancelled', NULL, '2025-10-20 17:16:09', '2025-11-19 17:16:09', '2025-07-13 10:42:26', '2025-11-18 03:52:05'),
('d0000000-0000-0000-0000-000000000178', 'a0000000-0000-0000-0000-000000000135', 'b0000000-0000-0000-0000-000000000002', 'active', NULL, '2025-11-09 13:02:51', '2025-12-09 13:02:51', '2025-10-23 11:09:43', NULL),
('d0000000-0000-0000-0000-000000000179', 'a0000000-0000-0000-0000-000000000136', 'b0000000-0000-0000-0000-000000000001', 'active', NULL, '2024-12-19 00:01:28', '2025-01-18 00:01:28', '2024-12-02 05:19:35', NULL),
('d0000000-0000-0000-0000-000000000180', 'a0000000-0000-0000-0000-000000000137', 'b0000000-0000-0000-0000-000000000003', 'active', NULL, '2026-01-03 17:54:40', '2026-02-02 17:54:40', '2025-12-25 16:54:42', NULL),
('d0000000-0000-0000-0000-000000000181', 'a0000000-0000-0000-0000-000000000138', 'b0000000-0000-0000-0000-000000000003', 'active', NULL, '2025-06-01 23:55:14', '2025-07-01 23:55:14', '2025-05-01 12:19:27', NULL),
('d0000000-0000-0000-0000-000000000182', 'a0000000-0000-0000-0000-000000000139', 'b0000000-0000-0000-0000-000000000002', 'trialing', '2026-03-07 18:59:28', '2026-02-26 11:02:14', '2026-03-28 11:02:14', '2026-02-21 18:59:28', NULL),
('d0000000-0000-0000-0000-000000000183', 'a0000000-0000-0000-0000-000000000140', 'b0000000-0000-0000-0000-000000000001', 'past_due', NULL, '2026-01-01 19:24:22', '2026-01-31 19:24:22', '2025-06-30 11:49:58', NULL),
('d0000000-0000-0000-0000-000000000184', 'a0000000-0000-0000-0000-000000000141', 'b0000000-0000-0000-0000-000000000003', 'active', NULL, '2026-02-08 09:28:28', '2026-03-10 09:28:28', '2025-10-24 10:21:39', NULL),
('d0000000-0000-0000-0000-000000000185', 'a0000000-0000-0000-0000-000000000142', 'b0000000-0000-0000-0000-000000000002', 'active', NULL, '2026-01-09 19:45:47', '2026-02-08 19:45:47', '2025-12-27 13:55:36', NULL),
('d0000000-0000-0000-0000-000000000186', 'a0000000-0000-0000-0000-000000000142', 'b0000000-0000-0000-0000-000000000003', 'active', NULL, '2026-01-06 09:59:38', '2026-02-05 09:59:38', '2025-11-10 22:02:18', NULL),
('d0000000-0000-0000-0000-000000000187', 'a0000000-0000-0000-0000-000000000143', 'b0000000-0000-0000-0000-000000000003', 'active', NULL, '2026-02-25 19:26:49', '2026-03-27 19:26:49', '2026-01-10 08:48:34', NULL),
('d0000000-0000-0000-0000-000000000188', 'a0000000-0000-0000-0000-000000000143', 'b0000000-0000-0000-0000-000000000002', 'active', NULL, '2026-02-22 02:02:05', '2026-03-24 02:02:05', '2026-02-14 11:37:05', NULL),
('d0000000-0000-0000-0000-000000000189', 'a0000000-0000-0000-0000-000000000144', 'b0000000-0000-0000-0000-000000000004', 'cancelled', NULL, '2025-11-01 04:54:54', '2025-12-01 04:54:54', '2025-05-31 04:35:40', '2025-09-17 14:37:29'),
('d0000000-0000-0000-0000-000000000190', 'a0000000-0000-0000-0000-000000000145', 'b0000000-0000-0000-0000-000000000004', 'active', NULL, '2026-02-15 04:08:33', '2026-03-17 04:08:33', '2026-02-11 01:06:04', NULL),
('d0000000-0000-0000-0000-000000000191', 'a0000000-0000-0000-0000-000000000145', 'b0000000-0000-0000-0000-000000000001', 'active', NULL, '2026-02-08 10:49:55', '2026-03-10 10:49:55', '2026-01-23 01:44:19', NULL),
('d0000000-0000-0000-0000-000000000192', 'a0000000-0000-0000-0000-000000000146', 'b0000000-0000-0000-0000-000000000003', 'cancelled', NULL, '2026-02-17 11:32:52', '2026-03-19 11:32:52', '2026-02-14 19:39:55', '2026-02-26 18:16:47'),
('d0000000-0000-0000-0000-000000000193', 'a0000000-0000-0000-0000-000000000146', 'b0000000-0000-0000-0000-000000000003', 'trialing', '2025-11-11 10:36:16', '2026-01-09 22:42:05', '2026-02-08 22:42:05', '2025-10-28 10:36:16', NULL),
('d0000000-0000-0000-0000-000000000194', 'a0000000-0000-0000-0000-000000000147', 'b0000000-0000-0000-0000-000000000002', 'active', NULL, '2026-02-04 12:13:39', '2026-03-06 12:13:39', '2026-01-28 04:25:58', NULL),
('d0000000-0000-0000-0000-000000000195', 'a0000000-0000-0000-0000-000000000147', 'b0000000-0000-0000-0000-000000000002', 'cancelled', NULL, '2026-02-26 03:49:56', '2026-03-28 03:49:56', '2026-02-22 02:29:22', '2026-02-26 06:49:54'),
('d0000000-0000-0000-0000-000000000196', 'a0000000-0000-0000-0000-000000000147', 'b0000000-0000-0000-0000-000000000002', 'cancelled', NULL, '2026-02-28 21:18:49', '2026-03-30 21:18:49', '2026-02-28 13:51:31', '2026-03-01 17:59:52'),
('d0000000-0000-0000-0000-000000000197', 'a0000000-0000-0000-0000-000000000148', 'b0000000-0000-0000-0000-000000000003', 'active', NULL, '2025-10-06 22:46:14', '2025-11-05 22:46:14', '2025-09-15 10:13:47', NULL),
('d0000000-0000-0000-0000-000000000198', 'a0000000-0000-0000-0000-000000000149', 'b0000000-0000-0000-0000-000000000001', 'cancelled', NULL, '2026-02-25 14:16:06', '2026-03-27 14:16:06', '2025-12-25 01:34:30', '2026-01-19 19:14:17'),
('d0000000-0000-0000-0000-000000000199', 'a0000000-0000-0000-0000-000000000150', 'b0000000-0000-0000-0000-000000000001', 'cancelled', NULL, '2026-02-28 04:33:26', '2026-03-30 04:33:26', '2026-02-28 00:51:00', '2026-03-01 12:13:12'),
('d0000000-0000-0000-0000-000000000200', 'a0000000-0000-0000-0000-000000000150', 'b0000000-0000-0000-0000-000000000003', 'active', NULL, '2026-03-01 18:26:51', '2026-03-31 18:26:51', '2026-02-21 23:17:23', NULL);
