CREATE TABLE organizations (
  id UUID PRIMARY KEY DEFAULT gen_random_uuid(),
  name VARCHAR(255) NOT NULL,
  slug VARCHAR(100) NOT NULL UNIQUE,
  industry VARCHAR(100),
  employee_count INTEGER,
  created_at TIMESTAMP NOT NULL DEFAULT now()
);

CREATE TABLE users (
  id UUID PRIMARY KEY DEFAULT gen_random_uuid(),
  org_id UUID REFERENCES organizations(id),
  email VARCHAR(255) NOT NULL UNIQUE,
  full_name VARCHAR(255) NOT NULL,
  role VARCHAR(50) NOT NULL DEFAULT 'member',
  status VARCHAR(50) NOT NULL DEFAULT 'active',
  last_login_at TIMESTAMP,
  created_at TIMESTAMP NOT NULL DEFAULT now()
);

CREATE TABLE plans (
  id UUID PRIMARY KEY DEFAULT gen_random_uuid(),
  name VARCHAR(100) NOT NULL,
  tier VARCHAR(50) NOT NULL DEFAULT 'starter',
  price_cents INTEGER NOT NULL,
  interval VARCHAR(20) NOT NULL DEFAULT 'monthly',
  trial_days INTEGER NOT NULL DEFAULT 14,
  is_active BOOLEAN NOT NULL DEFAULT true
);

CREATE TABLE subscriptions (
  id UUID PRIMARY KEY DEFAULT gen_random_uuid(),
  org_id UUID NOT NULL REFERENCES organizations(id),
  plan_id UUID NOT NULL REFERENCES plans(id),
  status VARCHAR(50) NOT NULL DEFAULT 'active',
  trial_ends_at TIMESTAMP,
  current_period_start TIMESTAMP,
  current_period_end TIMESTAMP,
  started_at TIMESTAMP NOT NULL DEFAULT now(),
  canceled_at TIMESTAMP
);

INSERT INTO organizations (id, name, slug, industry, employee_count, created_at) VALUES
('a0000000-0000-0000-0000-000000000001', 'Acme Corp', 'acme-corp', 'Technology', 150, '2024-01-15 09:00:00'),
('a0000000-0000-0000-0000-000000000002', 'Globex Industries', 'globex', 'Manufacturing', 320, '2024-02-01 10:30:00'),
('a0000000-0000-0000-0000-000000000003', 'Initech', 'initech', 'Finance', 85, '2024-03-10 14:00:00'),
('a0000000-0000-0000-0000-000000000004', 'Umbrella Labs', 'umbrella-labs', 'Biotech', 210, '2024-03-22 08:45:00'),
('a0000000-0000-0000-0000-000000000005', 'Stark Digital', 'stark-digital', 'Technology', 45, '2024-04-05 11:15:00'),
('a0000000-0000-0000-0000-000000000006', 'Wayne Enterprises', 'wayne-ent', 'Conglomerate', 500, '2024-05-12 16:00:00'),
('a0000000-0000-0000-0000-000000000007', 'Pied Piper', 'pied-piper', 'Technology', 12, '2024-06-01 09:30:00'),
('a0000000-0000-0000-0000-000000000008', 'Hooli', 'hooli', 'Technology', 1200, '2024-06-15 13:00:00');

INSERT INTO plans (id, name, tier, price_cents, interval, trial_days, is_active) VALUES
('b0000000-0000-0000-0000-000000000001', 'Free', 'free', 0, 'monthly', 0, true),
('b0000000-0000-0000-0000-000000000002', 'Starter', 'starter', 2900, 'monthly', 14, true),
('b0000000-0000-0000-0000-000000000003', 'Pro', 'pro', 9900, 'monthly', 14, true),
('b0000000-0000-0000-0000-000000000004', 'Enterprise', 'enterprise', 29900, 'monthly', 30, true);

INSERT INTO users (id, org_id, email, full_name, role, status, last_login_at, created_at) VALUES
('c0000000-0000-0000-0000-000000000001', 'a0000000-0000-0000-0000-000000000001', 'alice@acme.com', 'Alice Johnson', 'admin', 'active', '2025-01-10 08:00:00', '2024-01-15 09:05:00'),
('c0000000-0000-0000-0000-000000000002', 'a0000000-0000-0000-0000-000000000001', 'bob@acme.com', 'Bob Smith', 'member', 'active', '2025-01-09 14:30:00', '2024-01-20 10:00:00'),
('c0000000-0000-0000-0000-000000000003', 'a0000000-0000-0000-0000-000000000001', 'carol@acme.com', 'Carol Williams', 'member', 'active', '2025-01-08 11:00:00', '2024-02-05 09:00:00'),
('c0000000-0000-0000-0000-000000000004', 'a0000000-0000-0000-0000-000000000002', 'dave@globex.com', 'Dave Brown', 'admin', 'active', '2025-01-10 09:15:00', '2024-02-01 10:35:00'),
('c0000000-0000-0000-0000-000000000005', 'a0000000-0000-0000-0000-000000000002', 'emma@globex.com', 'Emma Davis', 'member', 'active', '2025-01-07 16:45:00', '2024-02-15 13:00:00'),
('c0000000-0000-0000-0000-000000000006', 'a0000000-0000-0000-0000-000000000003', 'frank@initech.com', 'Frank Miller', 'admin', 'active', '2025-01-10 07:30:00', '2024-03-10 14:05:00'),
('c0000000-0000-0000-0000-000000000007', 'a0000000-0000-0000-0000-000000000003', 'grace@initech.com', 'Grace Lee', 'member', 'inactive', '2024-11-15 10:00:00', '2024-03-15 09:30:00'),
('c0000000-0000-0000-0000-000000000008', 'a0000000-0000-0000-0000-000000000004', 'hank@umbrella.com', 'Hank Wilson', 'admin', 'active', '2025-01-10 12:00:00', '2024-03-22 08:50:00'),
('c0000000-0000-0000-0000-000000000009', 'a0000000-0000-0000-0000-000000000004', 'iris@umbrella.com', 'Iris Chen', 'member', 'active', '2025-01-09 15:20:00', '2024-04-01 11:00:00'),
('c0000000-0000-0000-0000-000000000010', 'a0000000-0000-0000-0000-000000000004', 'jack@umbrella.com', 'Jack Taylor', 'member', 'active', '2025-01-06 09:45:00', '2024-04-10 14:30:00'),
('c0000000-0000-0000-0000-000000000011', 'a0000000-0000-0000-0000-000000000005', 'kate@stark.com', 'Kate Anderson', 'admin', 'active', '2025-01-10 10:00:00', '2024-04-05 11:20:00'),
('c0000000-0000-0000-0000-000000000012', 'a0000000-0000-0000-0000-000000000006', 'liam@wayne.com', 'Liam Thomas', 'admin', 'active', '2025-01-10 08:30:00', '2024-05-12 16:05:00'),
('c0000000-0000-0000-0000-000000000013', 'a0000000-0000-0000-0000-000000000006', 'mia@wayne.com', 'Mia Jackson', 'member', 'active', '2025-01-09 11:15:00', '2024-05-20 09:00:00'),
('c0000000-0000-0000-0000-000000000014', 'a0000000-0000-0000-0000-000000000006', 'noah@wayne.com', 'Noah White', 'member', 'active', '2025-01-08 14:00:00', '2024-06-01 10:30:00'),
('c0000000-0000-0000-0000-000000000015', 'a0000000-0000-0000-0000-000000000006', 'olivia@wayne.com', 'Olivia Harris', 'member', 'suspended', '2024-12-01 09:00:00', '2024-06-05 08:45:00'),
('c0000000-0000-0000-0000-000000000016', 'a0000000-0000-0000-0000-000000000007', 'richard@piedpiper.com', 'Richard Hendricks', 'admin', 'active', '2025-01-10 09:00:00', '2024-06-01 09:35:00'),
('c0000000-0000-0000-0000-000000000017', 'a0000000-0000-0000-0000-000000000007', 'dinesh@piedpiper.com', 'Dinesh Chugtai', 'member', 'active', '2025-01-09 10:30:00', '2024-06-10 11:00:00'),
('c0000000-0000-0000-0000-000000000018', 'a0000000-0000-0000-0000-000000000008', 'gavin@hooli.com', 'Gavin Belson', 'admin', 'active', '2025-01-10 15:00:00', '2024-06-15 13:05:00'),
('c0000000-0000-0000-0000-000000000019', 'a0000000-0000-0000-0000-000000000008', 'nelson@hooli.com', 'Nelson Bighetti', 'member', 'active', '2025-01-05 10:00:00', '2024-07-01 09:00:00'),
('c0000000-0000-0000-0000-000000000020', 'a0000000-0000-0000-0000-000000000008', 'jian@hooli.com', 'Jian Yang', 'member', 'inactive', '2024-10-20 14:00:00', '2024-07-15 11:30:00');

INSERT INTO subscriptions (id, org_id, plan_id, status, trial_ends_at, current_period_start, current_period_end, started_at, canceled_at) VALUES
('d0000000-0000-0000-0000-000000000001', 'a0000000-0000-0000-0000-000000000001', 'b0000000-0000-0000-0000-000000000003', 'active', NULL, '2025-01-01', '2025-02-01', '2024-01-15 09:10:00', NULL),
('d0000000-0000-0000-0000-000000000002', 'a0000000-0000-0000-0000-000000000002', 'b0000000-0000-0000-0000-000000000004', 'active', NULL, '2025-01-01', '2025-02-01', '2024-02-01 10:40:00', NULL),
('d0000000-0000-0000-0000-000000000003', 'a0000000-0000-0000-0000-000000000003', 'b0000000-0000-0000-0000-000000000002', 'active', NULL, '2025-01-01', '2025-02-01', '2024-03-10 14:10:00', NULL),
('d0000000-0000-0000-0000-000000000004', 'a0000000-0000-0000-0000-000000000004', 'b0000000-0000-0000-0000-000000000003', 'active', NULL, '2025-01-01', '2025-02-01', '2024-03-22 09:00:00', NULL),
('d0000000-0000-0000-0000-000000000005', 'a0000000-0000-0000-0000-000000000005', 'b0000000-0000-0000-0000-000000000002', 'active', '2024-04-19', '2025-01-01', '2025-02-01', '2024-04-05 11:20:00', NULL),
('d0000000-0000-0000-0000-000000000006', 'a0000000-0000-0000-0000-000000000006', 'b0000000-0000-0000-0000-000000000004', 'active', NULL, '2025-01-01', '2025-02-01', '2024-05-12 16:10:00', NULL),
('d0000000-0000-0000-0000-000000000007', 'a0000000-0000-0000-0000-000000000007', 'b0000000-0000-0000-0000-000000000001', 'active', NULL, '2025-01-01', '2025-02-01', '2024-06-01 09:40:00', NULL),
('d0000000-0000-0000-0000-000000000008', 'a0000000-0000-0000-0000-000000000008', 'b0000000-0000-0000-0000-000000000004', 'active', NULL, '2025-01-01', '2025-02-01', '2024-06-15 13:10:00', NULL),
('d0000000-0000-0000-0000-000000000009', 'a0000000-0000-0000-0000-000000000003', 'b0000000-0000-0000-0000-000000000001', 'canceled', NULL, '2024-03-10', '2024-04-10', '2024-03-10 14:10:00', '2024-09-15 10:00:00'),
('d0000000-0000-0000-0000-000000000010', 'a0000000-0000-0000-0000-000000000005', 'b0000000-0000-0000-0000-000000000001', 'trialing', '2025-01-20', '2025-01-06', '2025-02-06', '2025-01-06 09:00:00', NULL);
