id,action,created_at
"b294e3a8-0861-4c2f-36a7-33f14b352979","INSERT","2025-08-17T17:48:51.159Z"
"bd9c817e-ceec-4630-929b-29a01a72b401","INSERT","2025-11-03T07:19:27.284Z"
"bc65d9b9-f3ca-455a-d082-09f939cf23df","INSERT","2026-04-09T07:37:11.216Z"
"e4fbca42-0ded-4708-cf47-2ec67866d035","DELETE","2026-01-27T23:39:42.710Z"
"4103776d-4b43-4e6a-7900-85eab35a07e6","INSERT","2025-08-02T01:51:33.611Z"
"0bb3985b-2cc4-41b8-22f0-6d251ea35524","INSERT","2026-03-22T08:48:07.001Z"
"56adb2aa-361d-4a61-c347-3916c381bd57","UPDATE","2026-03-25T11:52:23.657Z"
"129de83a-1df2-414d-afda-1b460d3f7788","DELETE","2025-09-27T20:18:25.428Z"
"1241a4e0-0dbf-4ac3-b2c2-b4f5ad82e546","DELETE","2026-03-05T14:47:09.078Z"
"47bf327c-d606-4aca-59f2-0568d386d6ce","DELETE","2025-10-22T20:32:29.242Z"
"5b4fafc5-435a-42e4-aeb2-14c7aa504992","DELETE","2026-01-21T05:54:44.414Z"
"214fa6ef-d355-4a48-aa44-e25153723ca3","DELETE","2026-01-10T04:18:49.684Z"
"ec9ed10f-35f0-4577-61fa-ae0b3df9ff25","INSERT","2025-12-04T13:32:15.621Z"
"0b52418d-d624-48c9-6abe-f43fad7315b7","INSERT","2025-07-16T16:39:25.442Z"
"e2f75030-2aa6-482b-7710-7574cb1cee20","DELETE","2025-06-14T20:14:08.727Z"
"58b26e73-7d4f-4a29-9400-b99f0d26cd6a","INSERT","2026-03-30T07:25:23.146Z"
"c5039596-be7a-4cde-2a0f-acf6bc95c271","DELETE","2026-03-07T12:46:26.810Z"
"38858a18-926a-4d37-ca5a-56cfd1b14c1e","INSERT","2025-07-19T11:58:42.938Z"
"c09c9701-8841-431b-0e65-96a55abdbde2","UPDATE","2026-02-14T04:36:01.293Z"
"d6213bfb-284e-42a4-f9bd-b48c7b4ee393","UPDATE","2025-06-25T00:37:07.361Z"
"8ed39622-e423-4bd7-749c-6a66aef5fd9d","INSERT","2025-05-14T13:23:38.391Z"
"962c7026-2fa1-41fe-e527-bcac5a7ed1f3","INSERT","2025-06-27T05:36:24.668Z"
"b4b6b108-c806-4e1b-1cd1-9a3679196b4f","INSERT","2025-06-16T15:27:34.240Z"
"eb6e121c-73d2-4bc0-0b23-fd2014717b4e","INSERT","2025-06-09T21:23:03.162Z"
"42bbb085-5b07-4643-637a-a6f902e201e7","UPDATE","2025-10-02T22:18:21.278Z"
"3a74a8df-4e54-4b23-16a1-19413ee846dd","UPDATE","2025-08-05T05:49:40.241Z"
"585462c7-eec3-4c0f-5849-0bbdf77e809b","DELETE","2025-06-13T23:49:49.439Z"
"73cfd8b6-97db-43a4-4a14-80dbd468e895","UPDATE","2026-03-16T06:05:11.032Z"
"e784d16e-42b2-4005-def2-793e6096eb09","DELETE","2025-05-29T06:59:08.391Z"
"1e840c07-7bb8-4786-7d6b-8beb36d3e028","INSERT","2025-05-22T05:49:41.754Z"
"6d18397d-3677-46fc-31b5-3d00fe7bf03c","UPDATE","2025-07-26T03:10:31.815Z"
"b4ab9efe-6bc8-4a9d-24a0-82402aba1361","DELETE","2025-06-19T00:24:02.051Z"
"38a72d8b-723f-416c-deaa-3cb81c0a79d7","INSERT","2025-05-04T11:31:26.757Z"
"9b2a39cd-7a09-4671-7e92-be08b7c2f179","INSERT","2025-05-31T23:30:53.692Z"
"a7acef79-73a0-412e-476c-54e13233f787","INSERT","2025-04-12T20:25:16.370Z"
"e4baf589-61ed-478d-7fe3-628c1d3521ab","INSERT","2025-09-03T00:19:46.367Z"
"3c91925c-e009-4aa3-0c20-68ffe9b1d441","UPDATE","2026-01-25T11:13:00.323Z"
"e3472d77-615a-43c7-9058-d38e5bfd231c","UPDATE","2025-05-26T17:04:29.033Z"
"a784a1c6-2b5f-4ece-3394-542fb1d5d222","INSERT","2025-06-24T08:52:44.883Z"
"e7312946-6a58-4500-90d4-322eb4e9b0a9","UPDATE","2025-11-30T20:49:42.552Z"
"f784dcbc-2762-4cb7-2617-acbb2c4cd57a","INSERT","2025-11-07T22:46:36.324Z"
"8cf6faf8-1533-45f5-7e19-4c5771096b92","DELETE","2026-02-23T12:22:49.875Z"
"c715ca11-b00d-465f-0c2d-7a6985cb4d17","UPDATE","2025-06-21T11:48:16.391Z"
"d5cfa723-7588-4248-06bb-22b4def82aec","UPDATE","2026-04-07T21:02:49.439Z"
"a5d86625-6257-470e-145e-a8301a18ac87","UPDATE","2025-04-10T23:10:09.704Z"
"39429ed4-fbe8-4126-8ff2-8221be8f7a00","INSERT","2025-04-26T06:44:28.087Z"
"e514ae0d-fa05-49e3-89e8-82b4fcfa8a99","INSERT","2025-09-20T05:43:07.372Z"
"4def3445-33d3-48a1-1c54-bd232f3a070c","UPDATE","2025-12-03T05:25:56.884Z"
"7577090a-5cd1-4738-a88b-bc03ead6373c","UPDATE","2025-04-11T18:30:07.331Z"
"075b6b6e-a349-45e4-b8a4-f23559c863ff","DELETE","2026-03-25T08:43:16.432Z"
"6bd56e8e-4697-4589-0da3-68db431557f7","DELETE","2025-06-25T19:05:04.695Z"
"aa294213-2d24-4fc1-5f12-8d5297d00359","INSERT","2025-12-14T08:43:07.199Z"
"8593fc49-f818-4c81-b985-451497b642ca","UPDATE","2025-08-30T21:25:10.414Z"
"ba50dbb9-4791-4caf-5e91-bb203ea77404","INSERT","2025-04-18T09:43:36.551Z"
"4d4e9212-f6ef-4025-5153-53a57c637a51","UPDATE","2025-08-24T05:39:00.920Z"
"60abdca8-c44c-4986-e267-14042833b5ee","INSERT","2026-01-01T03:42:32.312Z"
"779937fb-f9ca-4edd-a0e5-3c8917463bd8","INSERT","2025-07-03T12:53:58.204Z"
"4e4d0530-a32d-41a5-5458-37239a7cd7d1","DELETE","2025-05-17T12:28:32.161Z"
"5be83e8d-7a94-4245-9540-18f8f233c98f","DELETE","2025-05-05T17:45:58.126Z"
"8dbc1ba7-9f9d-4caf-31de-339802d16d1c","DELETE","2025-12-27T18:09:11.249Z"
"67abfb3b-15ba-4c6c-c382-679b07ca0c94","INSERT","2026-03-23T03:46:12.929Z"
"9fb99f38-4bbc-4e06-ba54-42340a7facb5","UPDATE","2025-04-28T15:19:02.474Z"
"dfa966ef-f40b-4b98-b40f-d5522ca621b7","DELETE","2025-05-16T13:28:53.429Z"
"60885c44-c508-4213-4b3e-047661a5c616","DELETE","2025-06-25T00:13:22.775Z"
"b479797f-6130-4da1-46ca-11e82a5ef4f1","DELETE","2025-07-03T16:47:02.717Z"
"1a84d3a5-3720-4268-c4e1-4ff5d89cf654","INSERT","2025-08-04T08:47:24.499Z"
"a1798e20-9888-4e60-ab6d-ab088e131137","UPDATE","2025-08-19T10:48:28.483Z"
"dc33cd13-ff73-47ed-9723-4a85b0236205","DELETE","2025-11-10T20:46:01.502Z"
"5666c8ed-8b78-4c4d-cba8-f2e704c4a978","INSERT","2026-01-22T11:45:12.781Z"
"1c36bb93-5ed8-4b6a-8d24-a186719c635b","UPDATE","2025-08-03T14:49:03.090Z"
"7243ba90-65d0-4f52-bc6c-00765e8128f2","INSERT","2026-03-11T08:55:50.729Z"
"84d3187a-0d67-4ec2-5ce4-9f11b6aecfe0","INSERT","2025-08-19T20:08:55.210Z"
"06da0403-c1c5-461c-d9a8-7897a26a140e","UPDATE","2026-04-07T13:47:15.208Z"
"398645e3-6429-4358-2f6a-f573a839c952","UPDATE","2025-11-27T03:19:19.950Z"
"661d2a26-1b2c-4247-5f60-262e03c85dc2","INSERT","2026-01-09T23:03:39.190Z"
"cd5b1a34-6e03-40de-f0f8-318a738e2ed7","UPDATE","2026-03-27T00:18:13.508Z"
"b8a70ba8-dbca-40e8-dea8-7d2d452665ab","UPDATE","2025-06-29T10:29:04.677Z"
"4aceafdb-e55a-4aab-111f-d0034fe26e8b","UPDATE","2025-06-23T03:12:28.096Z"
"e66e0f8e-3713-4467-fc5a-7ac1113cdcb1","INSERT","2026-02-07T15:46:32.120Z"
"a2c53c67-aa30-4f89-b861-cc0418e0b7ba","UPDATE","2026-02-02T17:24:38.617Z"
"bf606889-7f9e-478f-e5fe-8c21cc514ec3","UPDATE","2026-03-16T23:35:14.743Z"
"44d2978a-0a06-4a03-cd67-925a8b3548dc","DELETE","2026-04-08T00:42:21.430Z"
"80dda137-7857-437a-f4de-2bb5b937df6b","UPDATE","2026-02-14T05:17:46.487Z"