id,age_at_diagnosis,smoking_status,created_at
"b7d6c8bc-04f4-4e50-9088-9a83f556204c",89,"former","2025-05-31T22:15:19.068Z"
"2067992d-8a6f-457a-4add-a4a6ae74f86b",74,"former","2026-01-01T22:55:00.025Z"
"a8d11397-eb56-401c-a36e-0ee0e06a4509",46,"never","2025-08-13T13:37:03.916Z"
"018bb5be-b98a-4490-680c-57fc401ebfbf",89,"former","2025-10-01T12:13:35.276Z"
"d43dfa25-8cb7-48a0-3947-5c361c870088",78,"never","2026-01-29T11:42:07.403Z"
"4fbf2564-9edd-46f3-97af-6adcd25aae7e",63,"former","2025-07-06T17:49:04.605Z"
"4ec489d4-2d5c-485f-eb42-2800aebd566c",67,"current","2025-10-04T08:28:11.543Z"
"c83ba603-ec0d-4b3a-356b-b15aa65f15d2",20,"never","2025-11-11T00:16:51.625Z"
"c39ca8e3-f47f-4065-e8bc-a039d78fbb53",42,"never","2026-03-29T04:40:05.998Z"
"157d5245-254b-49c4-4d99-b0afdab62efc",63,"former","2025-07-23T10:23:38.716Z"
"ec0e2876-71c3-487f-dff5-b984c9422cc8",74,"former","2025-11-15T14:09:53.508Z"
"afb7ac0a-b837-4694-bdf9-4f53b3963b1e",24,"never","2025-05-23T19:39:46.403Z"
"1495cb9f-500d-4b4b-b334-620ff22c4faf",39,"never","2025-08-20T11:56:13.152Z"
"c3d5cbdc-cfc1-4556-2f35-c0d98f47be17",21,"former","2025-07-18T23:44:30.434Z"
"0ff8b328-6a5c-4311-18f4-6f61dcd6324f",58,"never","2026-03-02T23:34:55.264Z"
"6c4772d5-5c2d-4cba-7d9f-dc82ca4e18e1",48,"never","2025-10-20T14:16:25.745Z"
"0501536c-a55a-4282-27a9-d19188e57788",48,"former","2025-04-22T18:55:42.564Z"
"dafe13da-565a-4ae6-c133-86e274a458b6",31,"former","2026-02-11T10:05:58.956Z"
"11ffb6de-6e31-45b2-eb5e-ab6f3403784c",33,"former","2025-05-29T10:39:07.714Z"
"33001bcc-d04e-4311-e75b-400c184a620b",70,"former","2025-12-06T04:38:39.623Z"
"40b29f26-62b1-4366-5fee-427358c40d26",30,"current","2025-08-23T14:40:03.499Z"
"7b6c03ee-44ae-4700-0c46-5ec8866d6527",70,"never","2025-07-12T11:15:50.374Z"
"c487a564-1038-4a83-5bb3-0eb1d9ea16f8",66,"current","2025-12-11T23:44:35.097Z"
"7ce44c54-1fb9-4855-fcf7-38e4c5559662",32,"former","2025-08-30T15:44:27.302Z"
"6d973e6f-87a1-47e9-2aff-46b8ccefd425",80,"never","2025-12-29T18:03:12.911Z"
"3913783a-98b2-413e-6347-d520a07d8679",87,"current","2026-01-09T02:55:26.976Z"
"28143ea5-78a3-41f6-bebe-a257dbe969f9",44,"former","2025-06-28T15:18:11.512Z"
"d4c24906-4745-41d5-08c0-37e9b62e2676",70,"never","2025-11-16T22:35:49.910Z"
"83f27bf6-a56c-4501-cc89-25080d2acae1",31,"never","2025-09-11T22:15:16.511Z"
"34be42a3-11a7-4c4c-0071-d1c227923cd9",35,"never","2026-02-01T08:56:23.172Z"
"0384caf6-4e86-4789-f96d-27d58cf273b3",45,"never","2026-03-26T23:13:31.829Z"
"538b3322-26b4-47bf-5c2c-9b46e7c0b96c",27,"former","2026-01-10T15:19:21.542Z"
"86d9bc31-163f-4b03-2ed9-6ec6ac782bd1",70,"former","2025-11-16T08:25:58.415Z"
"8a138c36-1469-4140-d894-4a1cad7696db",75,"current","2026-04-01T01:44:27.558Z"
"5e005c4f-bbc2-44b7-f1b9-c4550e0fd663",68,"former","2026-02-04T16:08:19.664Z"
"e2c9d409-6d47-4f3a-8f7e-eb591655b0ff",78,"former","2026-02-16T16:20:36.533Z"
"1430cbd2-f6dd-4e2b-9577-654c12193138",27,"former","2026-01-21T10:35:01.342Z"
"7968b8e9-029d-418d-addf-50c057a0a862",34,"former","2025-08-31T10:53:01.779Z"
"91d05af3-c494-443c-3430-15a5cffa7110",27,"former","2025-10-17T03:08:55.936Z"
"08e6242d-bdab-4d6d-164a-a4128ac16736",37,"never","2025-07-02T01:50:53.184Z"
"3b2a4e31-e7ed-48fd-697e-c9f472ca5d2b",40,"current","2026-02-24T23:45:00.357Z"
"69ef37b6-462b-4b99-df10-15cc7fc23f54",62,"current","2026-03-24T19:03:24.197Z"
"da537db9-1d31-420c-07f2-746b14ad4729",89,"current","2026-03-13T13:14:45.854Z"
"3c299dff-a629-4660-8069-4c8de7cc509a",88,"never","2025-12-13T07:08:28.803Z"
"1fd700fc-c9d3-4586-9348-0c5ac9b6937b",25,"former","2025-08-11T23:17:18.804Z"
"4d0ec9a0-beed-4e46-88bd-b0217952ba48",23,"former","2025-05-27T02:12:06.303Z"
"55b5f3eb-3b4d-409a-59ee-4bb557248773",78,"never","2025-05-26T02:59:20.817Z"
"a208a391-8028-46e2-8bab-1db7c7ee5585",24,"current","2025-11-04T07:24:14.015Z"
"01fd0c17-f638-49ac-74bc-41f497640a17",37,"former","2025-09-29T10:34:38.820Z"
"e599815a-77bc-4ad8-e25b-6e87476ab846",77,"current","2026-02-26T22:46:23.496Z"
"218b16c0-28a3-4fba-51ad-0b7aefef7fac",44,"former","2025-05-16T02:28:02.085Z"
"3ccba4bb-c8ca-4a35-e012-cfa96405b286",79,"never","2025-10-25T17:07:48.442Z"
"96e284b2-8dce-460c-6f8a-94072da2fc6c",81,"current","2025-07-25T15:59:41.353Z"
"60f10c68-78bd-468f-f715-38ce7ba8e3c8",87,"former","2025-11-05T20:37:49.229Z"
"09483879-981a-4e0f-93ba-cefbe8f34536",79,"never","2025-10-08T19:00:25.550Z"
"d605d1ea-c33c-408d-d88a-c499a078b997",49,"former","2025-10-20T21:37:41.078Z"
"a461e14d-abd6-4a69-fb41-f2fbffbcd5a8",84,"former","2025-10-21T15:19:41.195Z"
"1c961d4d-0d18-44f8-01f6-8e026d9ed025",55,"never","2025-09-17T14:16:55.857Z"
"5b377370-b6e0-49a3-4656-8845779fbde2",72,"never","2025-09-01T22:14:06.075Z"
"b5fd0396-0719-4fd7-6172-0b5fa0771288",63,"former","2025-04-10T21:38:59.829Z"
"ec1a2d42-4c3e-45b9-f79e-3f4dc6343a9d",72,"never","2025-10-08T09:32:49.123Z"
"a9218ce8-ab19-452e-1044-543e87293768",85,"former","2026-01-10T19:01:22.296Z"
"90400b24-2266-4c26-cd21-9231a7d58c69",56,"former","2025-10-01T18:29:24.857Z"
"1bb07c93-59bb-436e-4a29-32449745af0a",42,"current","2025-08-22T16:00:48.063Z"
"94b539b1-422c-4a4a-8f0c-89b88e1e7811",41,"never","2025-10-19T12:31:44.729Z"
"5a49dadd-50e8-4d64-bc5c-6139e0b352a2",21,"former","2025-11-03T06:48:38.514Z"
"687732c3-8773-4f70-040f-b0ee3104b782",75,"former","2025-05-10T12:11:10.520Z"
"e0060cc3-c807-4b54-ec84-4da341371b58",32,"never","2025-12-02T18:14:12.018Z"
"8afb1f29-e432-4eb2-dbeb-5c77690b1457",44,"former","2025-07-17T13:39:42.343Z"
"909b4066-2450-4b34-b43d-d8f6bc54669e",42,"former","2025-09-15T19:45:36.967Z"
"c2c09105-f3ca-41d6-40ed-22a8b75c5513",64,"former","2025-06-24T23:15:50.455Z"
"a57e2a60-e098-4058-a0d0-b47b41ca4260",74,"never","2026-01-19T19:38:51.928Z"
"f5679659-8425-4f42-090d-d4bbccd3238d",39,"never","2025-05-31T07:28:16.171Z"
"90d52c13-cbc5-4124-84f4-31e2e387b05f",42,"current","2025-07-21T08:23:49.138Z"
"28be8c6e-4424-4cb6-9a69-dcee462519ea",32,"never","2025-11-26T16:38:38.177Z"
"cb8136ac-77c5-4bb6-2866-9ce48102404a",35,"never","2025-09-13T19:52:33.518Z"
"ca80d707-adee-48fc-da31-86d0faf18726",31,"never","2026-01-20T04:05:54.879Z"
"20b0bccd-0f85-446d-dbe5-6d60aabda6e4",57,"never","2025-11-24T10:25:53.231Z"
"23bd3ecd-57a4-4b94-1fb4-93065eef4b77",36,"former","2025-05-21T21:46:47.723Z"
"d3c6179d-9e03-4f9d-d843-6c71d8809219",73,"former","2025-07-24T19:21:12.313Z"
"400ef537-7f7e-4c32-a354-d88428fe4414",81,"former","2025-12-24T13:42:35.613Z"
"3cff2935-3d45-4a26-b435-4f36ecf4a127",25,"former","2025-07-16T20:52:27.325Z"
"0de41651-ace7-44e4-431b-c4412ebd1d1f",27,"never","2025-10-25T06:38:07.142Z"