id,site_id,created_at
"cea3fef7-3c81-42c5-3583-f41f9c97c743","95e27e14-103a-4af2-2f4c-7233dbccef07","2025-10-07T04:32:14.900Z"
"b6184de2-15c5-4f34-5969-60ed38560d6c","58cc569c-1968-4a86-6b6e-ae32105fe6f9","2025-08-01T18:17:37.446Z"
"67f3fea0-5636-4015-ee4b-7fbfc13285f9","25ac4bd2-81a7-4277-5a7c-b81774671c9c","2025-09-14T15:24:20.925Z"
"ecad8b60-b4cf-4933-9806-8495276c4a7e","4e913fe6-b48a-4c48-77a1-8578170c5e45","2026-03-20T01:03:41.325Z"
"527c790c-2b91-4c9c-e072-c3ba820d2a29","6f0c8452-068e-43da-a79b-87f87e53d5c3","2025-06-21T19:08:52.136Z"
"ca49c37a-eb54-4988-4557-3b996389f451","abff7541-6359-4bca-7591-20e175d35e83","2025-05-03T10:15:42.793Z"
"741529e3-97a2-4e50-c70a-97669b431401","4e913fe6-b48a-4c48-77a1-8578170c5e45","2025-06-02T11:46:47.670Z"
"d586892a-57c2-40c1-28cd-46ab9a264fa4","bf88dc54-4121-445a-417b-aa82e94d615d","2025-10-15T23:30:48.870Z"
"0020141c-ce7b-4d9b-d2c3-06be6a238475","61475d72-4e78-4328-ba9c-20e534b8641d","2026-01-11T19:30:08.925Z"
"7c7d7cc2-0531-4a17-7750-ba856487f466","0002f2ef-87e6-4608-86f8-cc86fe4ad9a4","2025-06-17T10:42:30.401Z"
"9bf1a0fe-82a0-4083-b4f5-6e1acd891344","6ae0aaed-eca8-4c95-6518-f58c62849a49","2025-09-10T15:20:47.892Z"
"b81f5ae1-cfaa-4e7f-6f43-50ea4518cf21","72e4a5f1-8e92-484a-fdc7-24124b9fb0a3","2026-03-06T03:43:07.191Z"
"7bddecf7-f4a9-494d-ca0b-62e60d32c879","d1ad845c-f226-4c1e-fe60-fda369482617","2026-02-14T21:00:57.247Z"
"85c49153-21dc-4558-34b2-8b14adb11cd0","c98ca026-c82b-4be3-b2e1-ecc54104193f","2025-10-08T13:58:15.995Z"
"cebffce8-0124-4da3-bd57-bfd23fc6f8b8","95e27e14-103a-4af2-2f4c-7233dbccef07","2025-05-15T21:03:50.811Z"
"cfbf9620-1daa-4fc2-31b3-f616db984011","ed1587a0-fb28-422e-59e2-a95b7f308062","2026-03-12T07:14:28.387Z"
"35703c59-ccbb-48ed-9d83-d16c04904a2f","6c2eb5b9-25fb-467a-1882-5a73734940a6","2025-09-05T08:47:49.718Z"
"b9ea824b-12cd-4f21-f63f-efe5bc4f244c","48a4afc5-327c-48f0-7636-6776b257f052","2026-02-19T12:42:07.832Z"
"fb72af9c-51c1-48f8-4372-601757939ed7","ab84ce38-df40-4d75-470d-fbb946378ed9","2025-06-13T20:47:25.343Z"
"e3c8d98e-7d78-4245-62dc-de355f7d0864","a0ab0f8e-abf1-4245-fec9-46c8c50b0233","2025-05-13T02:38:44.860Z"
"33f8841d-85f1-4975-9d37-32ef287c676f","852838c9-cffc-415b-5242-a9abd020bef4","2026-01-31T17:24:32.433Z"
"df392f2d-93eb-436f-8b00-3538adeaf359","72e4a5f1-8e92-484a-fdc7-24124b9fb0a3","2026-01-20T12:54:27.258Z"
"bd4a5501-bf15-41ec-9390-9a6fde02d5f3","2e1fb674-cb12-4805-0a7e-983d318c41e4","2025-04-24T05:26:16.342Z"
"9c38aaa0-dbf9-4ff4-7169-cc9c0dec52b5","b29239c7-47cd-424e-17f7-66d191650458","2025-11-13T04:42:49.774Z"
"f4a1c42b-3d70-44dc-62af-0e6cc732f402","066ef6f0-c659-4e1e-c04e-2f8073336955","2025-10-01T00:22:39.895Z"
"b22d410d-35f3-4ea2-1e97-6a5afc06fbf0","5fe17116-581b-433a-c242-d89e53ebea33","2026-03-20T09:40:32.664Z"
"f5752f6c-b9a9-441a-da08-173ccb7421ed","951bc304-f936-485c-65ba-bbdf324505e6","2025-09-05T19:29:01.351Z"
"404353f0-68b9-49be-e2b9-a79c83dd9ed4","48a4afc5-327c-48f0-7636-6776b257f052","2025-07-24T02:14:42.715Z"
"c3d0fd8a-3b77-4876-47c0-d2fd955e5795","444d1551-eb29-4337-616b-1707f0192c5a","2026-03-10T22:42:43.317Z"
"fad55bb4-8c9d-4f39-daed-c70fa65054a5","40d45b2d-15a6-4ddf-813d-7b36a3f23bc3","2025-09-14T05:43:42.063Z"
"4cc8d93e-cb15-4295-1377-1dae451d0fe2","b29239c7-47cd-424e-17f7-66d191650458","2025-08-30T16:08:55.309Z"
"722d75ae-24cd-4771-482d-12968bda90aa","7735c252-a065-47b6-e2a6-2c9962a820a2","2025-11-04T17:35:04.196Z"
"c724e1ca-630d-408e-8d0f-104832811957","d1ad845c-f226-4c1e-fe60-fda369482617","2025-07-05T02:49:40.828Z"
"6f403223-f68e-4339-2e00-d53dd2ecbc2a","066ef6f0-c659-4e1e-c04e-2f8073336955","2026-01-26T22:30:20.770Z"
"ed33c06c-f576-4ab9-8c8d-2ddfef76d809","61475d72-4e78-4328-ba9c-20e534b8641d","2025-04-21T03:37:05.832Z"
"92d6542f-59e0-4892-3462-a8ed8d2cd530","5fe17116-581b-433a-c242-d89e53ebea33","2025-12-08T02:34:49.430Z"
"34ecc89c-fa79-41b6-e2d6-1cfee48d227c","c222ddd9-53ce-44b6-c950-447a3df7db29","2025-04-28T14:47:17.270Z"
"785af1fd-88c0-40c9-8df0-852078c84c33","da21737e-5051-4a61-51f7-5e2018facc97","2026-01-05T13:09:34.101Z"
"451963cb-8717-4f29-6d30-ce84a3058a02","1b7df047-a32a-4362-055f-20ccc2c5f7e8","2025-08-11T19:36:21.720Z"
"a838d50f-2317-4b9f-1282-5940f2fd2582","58cc569c-1968-4a86-6b6e-ae32105fe6f9","2026-02-14T01:42:11.714Z"
"4540d03b-39b2-4969-7a87-ce08af6dd489","abff7541-6359-4bca-7591-20e175d35e83","2025-12-31T23:49:11.344Z"
"8a959604-b83a-4159-ce6a-967eefdc9205","ab84ce38-df40-4d75-470d-fbb946378ed9","2025-12-20T00:07:03.258Z"