id,patient_id,line_of_therapy,start_date
"e883c774-eeea-4410-f486-ddedc24d343a","400ef537-7f7e-4c32-a354-d88428fe4414",2,"2025-05-30T04:58:07.741Z"
"c04c4a8d-92c0-454d-243d-7661563c2d33","23bd3ecd-57a4-4b94-1fb4-93065eef4b77",1,"2025-09-08T02:48:36.111Z"
"0c9c5845-7a9a-4e63-e29b-3066dbf13f2b","23bd3ecd-57a4-4b94-1fb4-93065eef4b77",1,"2025-07-08T14:25:41.166Z"
"4fb33ef5-a9d0-40a6-971b-7f68934a9b07","0501536c-a55a-4282-27a9-d19188e57788",2,"2025-08-16T03:23:55.761Z"
"5a4e9ba1-4bd7-466e-af1f-97f4cc75df52","687732c3-8773-4f70-040f-b0ee3104b782",2,"2025-09-05T17:40:26.657Z"
"c4065368-41a7-4d06-2652-2722394f4649","3c299dff-a629-4660-8069-4c8de7cc509a",1,"2025-08-09T17:41:19.883Z"
"2d42ef66-33c4-43d5-0576-99028d87299d","6d973e6f-87a1-47e9-2aff-46b8ccefd425",1,"2025-04-10T06:59:34.082Z"
"a0a5f459-ff69-4173-41eb-d5ea77c4a5d0","018bb5be-b98a-4490-680c-57fc401ebfbf",3,"2026-02-02T07:11:43.157Z"
"bb573b00-35b5-4ca2-7285-f7324326a71c","23bd3ecd-57a4-4b94-1fb4-93065eef4b77",3,"2025-11-02T10:10:56.083Z"
"1871134b-083a-45a4-3bee-7b177b397f6a","e0060cc3-c807-4b54-ec84-4da341371b58",3,"2025-12-20T15:13:57.753Z"
"ee00174e-03bc-4b0a-f7a1-15fd4a16bf6b","1c961d4d-0d18-44f8-01f6-8e026d9ed025",1,"2025-11-13T08:03:28.052Z"
"35bcabbc-4ddf-4645-e3e7-6dfc90fd802a","f5679659-8425-4f42-090d-d4bbccd3238d",4,"2025-12-06T23:07:11.594Z"
"e3bc3033-e214-48a1-33a1-9ae2d084b888","5e005c4f-bbc2-44b7-f1b9-c4550e0fd663",4,"2026-02-06T21:55:38.428Z"
"89a2dea6-1f16-4bc0-7f70-cfda17f7efba","d605d1ea-c33c-408d-d88a-c499a078b997",4,"2025-09-18T23:29:23.216Z"
"0cfb734f-9a93-420c-d66c-41479a55d887","83f27bf6-a56c-4501-cc89-25080d2acae1",4,"2025-12-19T02:32:14.771Z"
"28666ab6-1946-4a60-6fde-39abbdff7144","96e284b2-8dce-460c-6f8a-94072da2fc6c",5,"2025-08-17T00:23:15.483Z"
"27e64c44-6633-49bc-69f8-e9cdc9860138","96e284b2-8dce-460c-6f8a-94072da2fc6c",4,"2026-04-07T10:26:30.747Z"
"661697c1-a785-414d-985b-c393edd59f9c","7968b8e9-029d-418d-addf-50c057a0a862",1,"2025-12-14T03:09:20.751Z"
"0a95c368-ab6f-44df-b5f6-c7e748258937","11ffb6de-6e31-45b2-eb5e-ab6f3403784c",1,"2025-05-26T17:59:43.866Z"
"80326f63-2572-4164-af1e-224a2409de4a","33001bcc-d04e-4311-e75b-400c184a620b",1,"2025-11-10T15:08:13.320Z"
"8ed90d82-111e-4508-175c-979e933307d7","34be42a3-11a7-4c4c-0071-d1c227923cd9",3,"2025-04-10T23:05:19.283Z"
"23f3000c-8ba3-484a-7bba-39cd0e0a7c5e","5b377370-b6e0-49a3-4656-8845779fbde2",5,"2025-07-10T05:46:48.105Z"
"f2eb8523-38be-43d4-0537-8324bc9aa47a","08e6242d-bdab-4d6d-164a-a4128ac16736",3,"2026-02-02T00:01:18.165Z"
"2985893a-2044-4298-ead4-2bf5d7d14697","a57e2a60-e098-4058-a0d0-b47b41ca4260",4,"2025-10-13T22:01:02.860Z"
"ab2f1cda-e2af-444a-ea81-89678a8ee584","c487a564-1038-4a83-5bb3-0eb1d9ea16f8",4,"2025-12-02T20:07:01.198Z"
"c891b4b5-7ef1-4a5f-0f00-41b8da98dffd","a208a391-8028-46e2-8bab-1db7c7ee5585",5,"2026-01-25T04:51:51.936Z"
"9784293b-c5a7-497e-2f48-d2ed748a1c2d","3cff2935-3d45-4a26-b435-4f36ecf4a127",2,"2025-10-29T11:03:15.444Z"
"0fb4304d-0389-4c8a-7138-371ae696676a","b5fd0396-0719-4fd7-6172-0b5fa0771288",1,"2026-02-09T09:35:06.139Z"
"8a8fe032-6b13-4b48-59de-ebb4286871c7","da537db9-1d31-420c-07f2-746b14ad4729",4,"2025-10-24T22:57:02.488Z"
"a1b68fe6-7432-439d-5f2d-d109bcfcfed4","1495cb9f-500d-4b4b-b334-620ff22c4faf",5,"2025-06-27T19:05:36.162Z"
"e32ccb3a-c3c3-450f-e78b-84e69f4cad32","018bb5be-b98a-4490-680c-57fc401ebfbf",3,"2025-06-06T03:21:05.713Z"
"979c9da6-0852-4ded-0066-15f683dde4ec","1fd700fc-c9d3-4586-9348-0c5ac9b6937b",1,"2025-12-25T22:44:20.078Z"
"fd67f815-e732-437d-3758-826b1acaa69f","d605d1ea-c33c-408d-d88a-c499a078b997",1,"2025-12-29T13:23:33.135Z"
"706c0ab0-80cc-43da-892c-9e61fbb761ee","23bd3ecd-57a4-4b94-1fb4-93065eef4b77",5,"2025-07-08T03:48:14.604Z"
"9aad8dd2-f5c9-4383-93c7-6f90f2294bf2","a8d11397-eb56-401c-a36e-0ee0e06a4509",4,"2025-07-09T10:41:23.197Z"
"b08cb24b-d54d-441d-6b53-d6a1454f6437","09483879-981a-4e0f-93ba-cefbe8f34536",4,"2026-01-30T15:36:04.790Z"
"e686b3ef-86c7-42ae-9bc2-37867464df89","5b377370-b6e0-49a3-4656-8845779fbde2",1,"2025-10-02T20:20:53.543Z"
"67a5c555-7fdd-4e09-1720-87ebbb19b0e9","c2c09105-f3ca-41d6-40ed-22a8b75c5513",3,"2025-08-05T23:28:07.721Z"
"b81cba5c-c08e-4707-9737-cba7366628d6","6d973e6f-87a1-47e9-2aff-46b8ccefd425",5,"2026-02-07T09:00:34.352Z"
"c2f50340-b123-4ea1-e080-715846954e05","d43dfa25-8cb7-48a0-3947-5c361c870088",3,"2026-02-10T22:57:18.977Z"
"0ce0b2da-5947-43db-b262-8d1a86497fc2","94b539b1-422c-4a4a-8f0c-89b88e1e7811",2,"2026-01-26T01:18:54.209Z"
"e901bb32-5ee6-401a-e7fe-e60462322940","3ccba4bb-c8ca-4a35-e012-cfa96405b286",1,"2025-07-20T20:04:04.041Z"