-- RealityDB E-Commerce Template | Seed: 42 | ~200 rows
-- Lifecycle: cancelled/returned orders → shipped_at = NULL
-- Temporal: shipped_at > created_at, delivered_at > shipped_at
-- Weights: status delivered=60% shipped=20% pending=10% returned=10% | carrier FedEx=40% UPS=35% DHL=25%

CREATE TABLE customers (
  id UUID PRIMARY KEY DEFAULT gen_random_uuid(),
  name TEXT NOT NULL,
  email TEXT NOT NULL,
  phone TEXT,
  tier TEXT NOT NULL,
  created_at TIMESTAMP NOT NULL
);

CREATE TABLE products (
  id UUID PRIMARY KEY DEFAULT gen_random_uuid(),
  name TEXT NOT NULL,
  category TEXT NOT NULL,
  price NUMERIC(10,2) NOT NULL,
  stock INTEGER NOT NULL,
  created_at TIMESTAMP NOT NULL
);

CREATE TABLE orders (
  id UUID PRIMARY KEY DEFAULT gen_random_uuid(),
  customer_id UUID NOT NULL REFERENCES customers(id),
  status TEXT NOT NULL,
  total NUMERIC(10,2) NOT NULL,
  shipped_at TIMESTAMP,
  created_at TIMESTAMP NOT NULL
);

CREATE TABLE order_items (
  id UUID PRIMARY KEY DEFAULT gen_random_uuid(),
  order_id UUID NOT NULL REFERENCES orders(id),
  product_id UUID NOT NULL REFERENCES products(id),
  quantity INTEGER NOT NULL,
  unit_price NUMERIC(10,2) NOT NULL,
  created_at TIMESTAMP NOT NULL
);

CREATE TABLE shipments (
  id UUID PRIMARY KEY DEFAULT gen_random_uuid(),
  order_id UUID NOT NULL REFERENCES orders(id),
  carrier TEXT NOT NULL,
  status TEXT NOT NULL,
  tracking_number TEXT,
  shipped_at TIMESTAMP NOT NULL,
  delivered_at TIMESTAMP,
  created_at TIMESTAMP NOT NULL
);

-- Customers (20) — tier: standard=60% premium=30% vip=10%
INSERT INTO customers (id, name, email, phone, tier, created_at) VALUES
('e1000001-0000-0000-0000-000000000001', 'Alice Thompson', 'alice@email.com', '555-0101', 'premium', '2024-01-10 08:00:00'),
('e1000001-0000-0000-0000-000000000002', 'Bob Martinez', 'bob.m@email.com', '555-0102', 'standard', '2024-01-20 09:30:00'),
('e1000001-0000-0000-0000-000000000003', 'Carol Williams', 'carol.w@email.com', '555-0103', 'standard', '2024-02-05 14:00:00'),
('e1000001-0000-0000-0000-000000000004', 'Daniel Park', 'daniel.p@email.com', '555-0104', 'vip', '2024-02-15 11:00:00'),
('e1000001-0000-0000-0000-000000000005', 'Eva Nguyen', 'eva.n@email.com', '555-0105', 'standard', '2024-03-01 10:00:00'),
('e1000001-0000-0000-0000-000000000006', 'Frank O''Brien', 'frank.o@email.com', '555-0106', 'standard', '2024-03-15 08:30:00'),
('e1000001-0000-0000-0000-000000000007', 'Grace Kim', 'grace.k@email.com', '555-0107', 'premium', '2024-04-01 12:00:00'),
('e1000001-0000-0000-0000-000000000008', 'Henry Davis', 'henry.d@email.com', '555-0108', 'standard', '2024-04-20 15:00:00'),
('e1000001-0000-0000-0000-000000000009', 'Iris Chen', 'iris.c@email.com', '555-0109', 'standard', '2024-05-10 09:00:00'),
('e1000001-0000-0000-0000-000000000010', 'Jack Wilson', 'jack.w@email.com', NULL, 'standard', '2024-05-25 16:00:00'),
('e1000001-0000-0000-0000-000000000011', 'Katie Brown', 'katie.b@email.com', '555-0111', 'premium', '2024-06-05 10:30:00'),
('e1000001-0000-0000-0000-000000000012', 'Leo Patel', 'leo.p@email.com', '555-0112', 'standard', '2024-06-20 14:00:00'),
('e1000001-0000-0000-0000-000000000013', 'Mia Johnson', 'mia.j@email.com', '555-0113', 'standard', '2024-07-01 08:00:00'),
('e1000001-0000-0000-0000-000000000014', 'Nathan Scott', 'nathan.s@email.com', '555-0114', 'standard', '2024-07-15 11:30:00'),
('e1000001-0000-0000-0000-000000000015', 'Olivia Taylor', 'olivia.t@email.com', '555-0115', 'premium', '2024-08-01 09:00:00'),
('e1000001-0000-0000-0000-000000000016', 'Peter Lee', 'peter.l@email.com', NULL, 'standard', '2024-08-20 13:00:00'),
('e1000001-0000-0000-0000-000000000017', 'Quinn Adams', 'quinn.a@email.com', '555-0117', 'standard', '2024-09-10 10:00:00'),
('e1000001-0000-0000-0000-000000000018', 'Rachel Green', 'rachel.g@email.com', '555-0118', 'vip', '2024-09-25 15:30:00'),
('e1000001-0000-0000-0000-000000000019', 'Sam Roberts', 'sam.r@email.com', '555-0119', 'standard', '2024-10-05 08:00:00'),
('e1000001-0000-0000-0000-000000000020', 'Tara White', 'tara.w@email.com', '555-0120', 'standard', '2024-10-20 12:00:00');

-- Products (20)
INSERT INTO products (id, name, category, price, stock, created_at) VALUES
('f2000001-0000-0000-0000-000000000001', 'Wireless Mouse Pro', 'Electronics', 49.99, 250, '2024-01-01 00:00:00'),
('f2000001-0000-0000-0000-000000000002', 'Mechanical Keyboard', 'Electronics', 129.99, 120, '2024-01-01 00:00:00'),
('f2000001-0000-0000-0000-000000000003', 'USB-C Hub 7-Port', 'Electronics', 39.99, 400, '2024-01-01 00:00:00'),
('f2000001-0000-0000-0000-000000000004', 'Noise-Cancel Headphones', 'Electronics', 199.99, 80, '2024-01-01 00:00:00'),
('f2000001-0000-0000-0000-000000000005', 'Standing Desk Mat', 'Office', 59.99, 300, '2024-01-01 00:00:00'),
('f2000001-0000-0000-0000-000000000006', 'Ergonomic Chair', 'Office', 349.99, 45, '2024-01-01 00:00:00'),
('f2000001-0000-0000-0000-000000000007', 'Monitor Light Bar', 'Electronics', 44.99, 200, '2024-01-01 00:00:00'),
('f2000001-0000-0000-0000-000000000008', 'Webcam HD 1080p', 'Electronics', 69.99, 150, '2024-01-01 00:00:00'),
('f2000001-0000-0000-0000-000000000009', 'Laptop Stand', 'Office', 34.99, 280, '2024-01-01 00:00:00'),
('f2000001-0000-0000-0000-000000000010', 'Desk Organizer', 'Office', 24.99, 500, '2024-01-01 00:00:00'),
('f2000001-0000-0000-0000-000000000011', 'Portable SSD 1TB', 'Electronics', 89.99, 100, '2024-01-01 00:00:00'),
('f2000001-0000-0000-0000-000000000012', 'Whiteboard 48x36', 'Office', 79.99, 60, '2024-01-01 00:00:00'),
('f2000001-0000-0000-0000-000000000013', 'Cable Management Kit', 'Office', 19.99, 600, '2024-01-01 00:00:00'),
('f2000001-0000-0000-0000-000000000014', 'Bluetooth Speaker', 'Electronics', 59.99, 180, '2024-01-01 00:00:00'),
('f2000001-0000-0000-0000-000000000015', 'Smart Power Strip', 'Electronics', 34.99, 220, '2024-01-01 00:00:00'),
('f2000001-0000-0000-0000-000000000016', 'Task Lamp LED', 'Office', 44.99, 160, '2024-01-01 00:00:00'),
('f2000001-0000-0000-0000-000000000017', 'Notebook Set (3-pack)', 'Office', 14.99, 800, '2024-01-01 00:00:00'),
('f2000001-0000-0000-0000-000000000018', 'Wireless Charger', 'Electronics', 29.99, 350, '2024-01-01 00:00:00'),
('f2000001-0000-0000-0000-000000000019', 'Privacy Screen Filter', 'Electronics', 39.99, 140, '2024-01-01 00:00:00'),
('f2000001-0000-0000-0000-000000000020', 'Footrest Adjustable', 'Office', 49.99, 90, '2024-01-01 00:00:00');

-- Orders (40) — status: delivered=60% shipped=20% pending=10% cancelled=5% returned=5%
-- LIFECYCLE: cancelled/returned → shipped_at = NULL
INSERT INTO orders (id, customer_id, status, total, shipped_at, created_at) VALUES
('g3000001-0000-0000-0000-000000000001', 'e1000001-0000-0000-0000-000000000001', 'delivered', 179.98, '2024-02-12 10:00:00', '2024-02-10 14:00:00'),
('g3000001-0000-0000-0000-000000000002', 'e1000001-0000-0000-0000-000000000002', 'delivered', 49.99, '2024-02-22 09:00:00', '2024-02-20 11:00:00'),
('g3000001-0000-0000-0000-000000000003', 'e1000001-0000-0000-0000-000000000003', 'delivered', 129.99, '2024-03-10 08:30:00', '2024-03-08 16:00:00'),
('g3000001-0000-0000-0000-000000000004', 'e1000001-0000-0000-0000-000000000004', 'delivered', 549.98, '2024-03-18 11:00:00', '2024-03-16 09:00:00'),
('g3000001-0000-0000-0000-000000000005', 'e1000001-0000-0000-0000-000000000001', 'delivered', 89.99, '2024-04-02 14:00:00', '2024-03-30 10:00:00'),
('g3000001-0000-0000-0000-000000000006', 'e1000001-0000-0000-0000-000000000005', 'cancelled', 199.99, NULL, '2024-04-05 13:00:00'),
('g3000001-0000-0000-0000-000000000007', 'e1000001-0000-0000-0000-000000000006', 'delivered', 69.98, '2024-04-22 09:30:00', '2024-04-20 08:00:00'),
('g3000001-0000-0000-0000-000000000008', 'e1000001-0000-0000-0000-000000000007', 'delivered', 394.98, '2024-05-05 10:00:00', '2024-05-02 15:00:00'),
('g3000001-0000-0000-0000-000000000009', 'e1000001-0000-0000-0000-000000000008', 'delivered', 34.99, '2024-05-16 08:00:00', '2024-05-14 12:00:00'),
('g3000001-0000-0000-0000-000000000010', 'e1000001-0000-0000-0000-000000000009', 'returned', 129.99, NULL, '2024-05-25 09:00:00'),
('g3000001-0000-0000-0000-000000000011', 'e1000001-0000-0000-0000-000000000010', 'delivered', 59.99, '2024-06-08 11:00:00', '2024-06-06 14:00:00'),
('g3000001-0000-0000-0000-000000000012', 'e1000001-0000-0000-0000-000000000011', 'delivered', 249.98, '2024-06-20 09:00:00', '2024-06-18 10:00:00'),
('g3000001-0000-0000-0000-000000000013', 'e1000001-0000-0000-0000-000000000012', 'delivered', 44.99, '2024-07-05 10:30:00', '2024-07-03 08:00:00'),
('g3000001-0000-0000-0000-000000000014', 'e1000001-0000-0000-0000-000000000013', 'delivered', 159.98, '2024-07-18 09:00:00', '2024-07-15 11:00:00'),
('g3000001-0000-0000-0000-000000000015', 'e1000001-0000-0000-0000-000000000004', 'delivered', 89.99, '2024-07-30 14:00:00', '2024-07-28 09:00:00'),
('g3000001-0000-0000-0000-000000000016', 'e1000001-0000-0000-0000-000000000014', 'shipped', 79.99, '2024-08-12 08:00:00', '2024-08-10 16:00:00'),
('g3000001-0000-0000-0000-000000000017', 'e1000001-0000-0000-0000-000000000015', 'delivered', 199.99, '2024-08-22 10:00:00', '2024-08-20 09:00:00'),
('g3000001-0000-0000-0000-000000000018', 'e1000001-0000-0000-0000-000000000016', 'delivered', 34.99, '2024-09-05 09:30:00', '2024-09-03 13:00:00'),
('g3000001-0000-0000-0000-000000000019', 'e1000001-0000-0000-0000-000000000017', 'delivered', 109.98, '2024-09-18 11:00:00', '2024-09-15 10:00:00'),
('g3000001-0000-0000-0000-000000000020', 'e1000001-0000-0000-0000-000000000018', 'delivered', 449.98, '2024-10-02 09:00:00', '2024-09-30 08:00:00'),
('g3000001-0000-0000-0000-000000000021', 'e1000001-0000-0000-0000-000000000019', 'delivered', 24.99, '2024-10-15 10:00:00', '2024-10-12 14:00:00'),
('g3000001-0000-0000-0000-000000000022', 'e1000001-0000-0000-0000-000000000020', 'cancelled', 349.99, NULL, '2024-10-25 09:00:00'),
('g3000001-0000-0000-0000-000000000023', 'e1000001-0000-0000-0000-000000000001', 'delivered', 69.99, '2024-11-05 08:00:00', '2024-11-02 11:00:00'),
('g3000001-0000-0000-0000-000000000024', 'e1000001-0000-0000-0000-000000000003', 'delivered', 94.98, '2024-11-18 10:30:00', '2024-11-15 09:00:00'),
('g3000001-0000-0000-0000-000000000025', 'e1000001-0000-0000-0000-000000000007', 'shipped', 129.99, '2024-11-28 09:00:00', '2024-11-25 14:00:00'),
('g3000001-0000-0000-0000-000000000026', 'e1000001-0000-0000-0000-000000000011', 'delivered', 59.99, '2024-12-08 10:00:00', '2024-12-05 08:00:00'),
('g3000001-0000-0000-0000-000000000027', 'e1000001-0000-0000-0000-000000000004', 'delivered', 199.99, '2024-12-20 11:00:00', '2024-12-18 09:00:00'),
('g3000001-0000-0000-0000-000000000028', 'e1000001-0000-0000-0000-000000000002', 'delivered', 44.99, '2025-01-05 09:00:00', '2025-01-03 10:00:00'),
('g3000001-0000-0000-0000-000000000029', 'e1000001-0000-0000-0000-000000000005', 'delivered', 79.98, '2025-01-18 08:30:00', '2025-01-15 12:00:00'),
('g3000001-0000-0000-0000-000000000030', 'e1000001-0000-0000-0000-000000000008', 'shipped', 159.98, '2025-01-28 10:00:00', '2025-01-25 09:00:00'),
('g3000001-0000-0000-0000-000000000031', 'e1000001-0000-0000-0000-000000000010', 'delivered', 89.99, '2025-02-08 09:00:00', '2025-02-05 14:00:00'),
('g3000001-0000-0000-0000-000000000032', 'e1000001-0000-0000-0000-000000000013', 'delivered', 34.99, '2025-02-18 10:00:00', '2025-02-15 08:00:00'),
('g3000001-0000-0000-0000-000000000033', 'e1000001-0000-0000-0000-000000000015', 'shipped', 249.98, '2025-02-28 11:00:00', '2025-02-25 13:00:00'),
('g3000001-0000-0000-0000-000000000034', 'e1000001-0000-0000-0000-000000000018', 'delivered', 69.99, '2025-03-05 08:00:00', '2025-03-02 10:00:00'),
('g3000001-0000-0000-0000-000000000035', 'e1000001-0000-0000-0000-000000000006', 'pending', 129.99, NULL, '2025-03-10 15:00:00'),
('g3000001-0000-0000-0000-000000000036', 'e1000001-0000-0000-0000-000000000009', 'delivered', 49.99, '2025-03-12 09:00:00', '2025-03-10 08:00:00'),
('g3000001-0000-0000-0000-000000000037', 'e1000001-0000-0000-0000-000000000012', 'pending', 199.99, NULL, '2025-03-14 11:00:00'),
('g3000001-0000-0000-0000-000000000038', 'e1000001-0000-0000-0000-000000000014', 'delivered', 59.99, '2025-03-15 10:00:00', '2025-03-13 09:00:00'),
('g3000001-0000-0000-0000-000000000039', 'e1000001-0000-0000-0000-000000000016', 'shipped', 89.99, '2025-03-16 08:00:00', '2025-03-14 14:00:00'),
('g3000001-0000-0000-0000-000000000040', 'e1000001-0000-0000-0000-000000000001', 'returned', 349.99, NULL, '2025-03-10 09:00:00');

-- Order Items (60)
INSERT INTO order_items (id, order_id, product_id, quantity, unit_price, created_at) VALUES
('h4000001-0000-0000-0000-000000000001', 'g3000001-0000-0000-0000-000000000001', 'f2000001-0000-0000-0000-000000000001', 1, 49.99, '2024-02-10 14:00:00'),
('h4000001-0000-0000-0000-000000000002', 'g3000001-0000-0000-0000-000000000001', 'f2000001-0000-0000-0000-000000000002', 1, 129.99, '2024-02-10 14:00:00'),
('h4000001-0000-0000-0000-000000000003', 'g3000001-0000-0000-0000-000000000002', 'f2000001-0000-0000-0000-000000000001', 1, 49.99, '2024-02-20 11:00:00'),
('h4000001-0000-0000-0000-000000000004', 'g3000001-0000-0000-0000-000000000003', 'f2000001-0000-0000-0000-000000000002', 1, 129.99, '2024-03-08 16:00:00'),
('h4000001-0000-0000-0000-000000000005', 'g3000001-0000-0000-0000-000000000004', 'f2000001-0000-0000-0000-000000000004', 1, 199.99, '2024-03-16 09:00:00'),
('h4000001-0000-0000-0000-000000000006', 'g3000001-0000-0000-0000-000000000004', 'f2000001-0000-0000-0000-000000000006', 1, 349.99, '2024-03-16 09:00:00'),
('h4000001-0000-0000-0000-000000000007', 'g3000001-0000-0000-0000-000000000005', 'f2000001-0000-0000-0000-000000000011', 1, 89.99, '2024-03-30 10:00:00'),
('h4000001-0000-0000-0000-000000000008', 'g3000001-0000-0000-0000-000000000006', 'f2000001-0000-0000-0000-000000000004', 1, 199.99, '2024-04-05 13:00:00'),
('h4000001-0000-0000-0000-000000000009', 'g3000001-0000-0000-0000-000000000007', 'f2000001-0000-0000-0000-000000000003', 1, 39.99, '2024-04-20 08:00:00'),
('h4000001-0000-0000-0000-000000000010', 'g3000001-0000-0000-0000-000000000007', 'f2000001-0000-0000-0000-000000000018', 1, 29.99, '2024-04-20 08:00:00'),
('h4000001-0000-0000-0000-000000000011', 'g3000001-0000-0000-0000-000000000008', 'f2000001-0000-0000-0000-000000000007', 1, 44.99, '2024-05-02 15:00:00'),
('h4000001-0000-0000-0000-000000000012', 'g3000001-0000-0000-0000-000000000008', 'f2000001-0000-0000-0000-000000000006', 1, 349.99, '2024-05-02 15:00:00'),
('h4000001-0000-0000-0000-000000000013', 'g3000001-0000-0000-0000-000000000009', 'f2000001-0000-0000-0000-000000000009', 1, 34.99, '2024-05-14 12:00:00'),
('h4000001-0000-0000-0000-000000000014', 'g3000001-0000-0000-0000-000000000010', 'f2000001-0000-0000-0000-000000000002', 1, 129.99, '2024-05-25 09:00:00'),
('h4000001-0000-0000-0000-000000000015', 'g3000001-0000-0000-0000-000000000011', 'f2000001-0000-0000-0000-000000000005', 1, 59.99, '2024-06-06 14:00:00'),
('h4000001-0000-0000-0000-000000000016', 'g3000001-0000-0000-0000-000000000012', 'f2000001-0000-0000-0000-000000000004', 1, 199.99, '2024-06-18 10:00:00'),
('h4000001-0000-0000-0000-000000000017', 'g3000001-0000-0000-0000-000000000012', 'f2000001-0000-0000-0000-000000000001', 1, 49.99, '2024-06-18 10:00:00'),
('h4000001-0000-0000-0000-000000000018', 'g3000001-0000-0000-0000-000000000013', 'f2000001-0000-0000-0000-000000000007', 1, 44.99, '2024-07-03 08:00:00'),
('h4000001-0000-0000-0000-000000000019', 'g3000001-0000-0000-0000-000000000014', 'f2000001-0000-0000-0000-000000000008', 1, 69.99, '2024-07-15 11:00:00'),
('h4000001-0000-0000-0000-000000000020', 'g3000001-0000-0000-0000-000000000014', 'f2000001-0000-0000-0000-000000000011', 1, 89.99, '2024-07-15 11:00:00'),
('h4000001-0000-0000-0000-000000000021', 'g3000001-0000-0000-0000-000000000015', 'f2000001-0000-0000-0000-000000000011', 1, 89.99, '2024-07-28 09:00:00'),
('h4000001-0000-0000-0000-000000000022', 'g3000001-0000-0000-0000-000000000016', 'f2000001-0000-0000-0000-000000000012', 1, 79.99, '2024-08-10 16:00:00'),
('h4000001-0000-0000-0000-000000000023', 'g3000001-0000-0000-0000-000000000017', 'f2000001-0000-0000-0000-000000000004', 1, 199.99, '2024-08-20 09:00:00'),
('h4000001-0000-0000-0000-000000000024', 'g3000001-0000-0000-0000-000000000018', 'f2000001-0000-0000-0000-000000000009', 1, 34.99, '2024-09-03 13:00:00'),
('h4000001-0000-0000-0000-000000000025', 'g3000001-0000-0000-0000-000000000019', 'f2000001-0000-0000-0000-000000000005', 1, 59.99, '2024-09-15 10:00:00'),
('h4000001-0000-0000-0000-000000000026', 'g3000001-0000-0000-0000-000000000019', 'f2000001-0000-0000-0000-000000000001', 1, 49.99, '2024-09-15 10:00:00'),
('h4000001-0000-0000-0000-000000000027', 'g3000001-0000-0000-0000-000000000020', 'f2000001-0000-0000-0000-000000000006', 1, 349.99, '2024-09-30 08:00:00'),
('h4000001-0000-0000-0000-000000000028', 'g3000001-0000-0000-0000-000000000020', 'f2000001-0000-0000-0000-000000000020', 1, 49.99, '2024-09-30 08:00:00'),
('h4000001-0000-0000-0000-000000000029', 'g3000001-0000-0000-0000-000000000020', 'f2000001-0000-0000-0000-000000000001', 1, 49.99, '2024-09-30 08:00:00'),
('h4000001-0000-0000-0000-000000000030', 'g3000001-0000-0000-0000-000000000021', 'f2000001-0000-0000-0000-000000000010', 1, 24.99, '2024-10-12 14:00:00');

-- Shipments (30) — carrier: FedEx=40% UPS=35% DHL=25%
INSERT INTO shipments (id, order_id, carrier, status, tracking_number, shipped_at, delivered_at, created_at) VALUES
('i5000001-0000-0000-0000-000000000001', 'g3000001-0000-0000-0000-000000000001', 'FedEx', 'delivered', 'FX-20240212-001', '2024-02-12 10:00:00', '2024-02-15 14:00:00', '2024-02-12 10:00:00'),
('i5000001-0000-0000-0000-000000000002', 'g3000001-0000-0000-0000-000000000002', 'UPS', 'delivered', 'UP-20240222-002', '2024-02-22 09:00:00', '2024-02-25 11:00:00', '2024-02-22 09:00:00'),
('i5000001-0000-0000-0000-000000000003', 'g3000001-0000-0000-0000-000000000003', 'FedEx', 'delivered', 'FX-20240310-003', '2024-03-10 08:30:00', '2024-03-13 10:00:00', '2024-03-10 08:30:00'),
('i5000001-0000-0000-0000-000000000004', 'g3000001-0000-0000-0000-000000000004', 'DHL', 'delivered', 'DH-20240318-004', '2024-03-18 11:00:00', '2024-03-22 09:00:00', '2024-03-18 11:00:00'),
('i5000001-0000-0000-0000-000000000005', 'g3000001-0000-0000-0000-000000000005', 'UPS', 'delivered', 'UP-20240402-005', '2024-04-02 14:00:00', '2024-04-05 10:00:00', '2024-04-02 14:00:00'),
('i5000001-0000-0000-0000-000000000006', 'g3000001-0000-0000-0000-000000000007', 'FedEx', 'delivered', 'FX-20240422-006', '2024-04-22 09:30:00', '2024-04-25 11:30:00', '2024-04-22 09:30:00'),
('i5000001-0000-0000-0000-000000000007', 'g3000001-0000-0000-0000-000000000008', 'DHL', 'delivered', 'DH-20240505-007', '2024-05-05 10:00:00', '2024-05-09 14:00:00', '2024-05-05 10:00:00'),
('i5000001-0000-0000-0000-000000000008', 'g3000001-0000-0000-0000-000000000009', 'UPS', 'delivered', 'UP-20240516-008', '2024-05-16 08:00:00', '2024-05-19 12:00:00', '2024-05-16 08:00:00'),
('i5000001-0000-0000-0000-000000000009', 'g3000001-0000-0000-0000-000000000011', 'FedEx', 'delivered', 'FX-20240608-009', '2024-06-08 11:00:00', '2024-06-11 09:00:00', '2024-06-08 11:00:00'),
('i5000001-0000-0000-0000-000000000010', 'g3000001-0000-0000-0000-000000000012', 'UPS', 'delivered', 'UP-20240620-010', '2024-06-20 09:00:00', '2024-06-23 15:00:00', '2024-06-20 09:00:00'),
('i5000001-0000-0000-0000-000000000011', 'g3000001-0000-0000-0000-000000000013', 'FedEx', 'delivered', 'FX-20240705-011', '2024-07-05 10:30:00', '2024-07-08 11:00:00', '2024-07-05 10:30:00'),
('i5000001-0000-0000-0000-000000000012', 'g3000001-0000-0000-0000-000000000014', 'DHL', 'delivered', 'DH-20240718-012', '2024-07-18 09:00:00', '2024-07-22 10:00:00', '2024-07-18 09:00:00'),
('i5000001-0000-0000-0000-000000000013', 'g3000001-0000-0000-0000-000000000015', 'FedEx', 'delivered', 'FX-20240730-013', '2024-07-30 14:00:00', '2024-08-02 09:00:00', '2024-07-30 14:00:00'),
('i5000001-0000-0000-0000-000000000014', 'g3000001-0000-0000-0000-000000000016', 'UPS', 'in_transit', 'UP-20240812-014', '2024-08-12 08:00:00', NULL, '2024-08-12 08:00:00'),
('i5000001-0000-0000-0000-000000000015', 'g3000001-0000-0000-0000-000000000017', 'DHL', 'delivered', 'DH-20240822-015', '2024-08-22 10:00:00', '2024-08-26 14:00:00', '2024-08-22 10:00:00'),
('i5000001-0000-0000-0000-000000000016', 'g3000001-0000-0000-0000-000000000018', 'FedEx', 'delivered', 'FX-20240905-016', '2024-09-05 09:30:00', '2024-09-08 10:00:00', '2024-09-05 09:30:00'),
('i5000001-0000-0000-0000-000000000017', 'g3000001-0000-0000-0000-000000000019', 'UPS', 'delivered', 'UP-20240918-017', '2024-09-18 11:00:00', '2024-09-21 13:00:00', '2024-09-18 11:00:00'),
('i5000001-0000-0000-0000-000000000018', 'g3000001-0000-0000-0000-000000000020', 'FedEx', 'delivered', 'FX-20241002-018', '2024-10-02 09:00:00', '2024-10-05 11:00:00', '2024-10-02 09:00:00'),
('i5000001-0000-0000-0000-000000000019', 'g3000001-0000-0000-0000-000000000021', 'DHL', 'delivered', 'DH-20241015-019', '2024-10-15 10:00:00', '2024-10-18 14:00:00', '2024-10-15 10:00:00'),
('i5000001-0000-0000-0000-000000000020', 'g3000001-0000-0000-0000-000000000023', 'UPS', 'delivered', 'UP-20241105-020', '2024-11-05 08:00:00', '2024-11-08 09:00:00', '2024-11-05 08:00:00'),
('i5000001-0000-0000-0000-000000000021', 'g3000001-0000-0000-0000-000000000024', 'FedEx', 'delivered', 'FX-20241118-021', '2024-11-18 10:30:00', '2024-11-21 12:00:00', '2024-11-18 10:30:00'),
('i5000001-0000-0000-0000-000000000022', 'g3000001-0000-0000-0000-000000000025', 'UPS', 'in_transit', 'UP-20241128-022', '2024-11-28 09:00:00', NULL, '2024-11-28 09:00:00'),
('i5000001-0000-0000-0000-000000000023', 'g3000001-0000-0000-0000-000000000026', 'DHL', 'delivered', 'DH-20241208-023', '2024-12-08 10:00:00', '2024-12-12 11:00:00', '2024-12-08 10:00:00'),
('i5000001-0000-0000-0000-000000000024', 'g3000001-0000-0000-0000-000000000027', 'FedEx', 'delivered', 'FX-20241220-024', '2024-12-20 11:00:00', '2024-12-23 09:00:00', '2024-12-20 11:00:00'),
('i5000001-0000-0000-0000-000000000025', 'g3000001-0000-0000-0000-000000000028', 'UPS', 'delivered', 'UP-20250105-025', '2025-01-05 09:00:00', '2025-01-08 10:00:00', '2025-01-05 09:00:00'),
('i5000001-0000-0000-0000-000000000026', 'g3000001-0000-0000-0000-000000000029', 'FedEx', 'delivered', 'FX-20250118-026', '2025-01-18 08:30:00', '2025-01-21 11:00:00', '2025-01-18 08:30:00'),
('i5000001-0000-0000-0000-000000000027', 'g3000001-0000-0000-0000-000000000030', 'DHL', 'in_transit', 'DH-20250128-027', '2025-01-28 10:00:00', NULL, '2025-01-28 10:00:00'),
('i5000001-0000-0000-0000-000000000028', 'g3000001-0000-0000-0000-000000000031', 'FedEx', 'delivered', 'FX-20250208-028', '2025-02-08 09:00:00', '2025-02-11 10:00:00', '2025-02-08 09:00:00'),
('i5000001-0000-0000-0000-000000000029', 'g3000001-0000-0000-0000-000000000033', 'UPS', 'in_transit', 'UP-20250228-029', '2025-02-28 11:00:00', NULL, '2025-02-28 11:00:00'),
('i5000001-0000-0000-0000-000000000030', 'g3000001-0000-0000-0000-000000000039', 'FedEx', 'in_transit', 'FX-20250316-030', '2025-03-16 08:00:00', NULL, '2025-03-16 08:00:00');
