-- RealityDB FinTech Template | Seed: 42 | ~180 rows
-- Lifecycle: reversed/failed transactions → settled_at = NULL
-- Temporal: settled_at > created_at
-- Weights: account_type checking=50% savings=30% investment=15% credit=5% | txn_status completed=70% pending=15% failed=10% reversed=5%

CREATE TABLE customers (id UUID PRIMARY KEY DEFAULT gen_random_uuid(), name TEXT NOT NULL, email TEXT NOT NULL, phone TEXT, risk_score TEXT NOT NULL, kyc_status TEXT NOT NULL, created_at TIMESTAMP NOT NULL);
CREATE TABLE accounts (id UUID PRIMARY KEY DEFAULT gen_random_uuid(), customer_id UUID NOT NULL REFERENCES customers(id), account_type TEXT NOT NULL, balance NUMERIC(12,2) NOT NULL, currency TEXT NOT NULL DEFAULT 'USD', status TEXT NOT NULL, created_at TIMESTAMP NOT NULL);
CREATE TABLE transactions (id UUID PRIMARY KEY DEFAULT gen_random_uuid(), account_id UUID NOT NULL REFERENCES accounts(id), type TEXT NOT NULL, amount NUMERIC(12,2) NOT NULL, status TEXT NOT NULL, description TEXT, settled_at TIMESTAMP, created_at TIMESTAMP NOT NULL);
CREATE TABLE fraud_alerts (id UUID PRIMARY KEY DEFAULT gen_random_uuid(), transaction_id UUID NOT NULL REFERENCES transactions(id), severity TEXT NOT NULL, type TEXT NOT NULL, status TEXT NOT NULL, resolved_at TIMESTAMP, created_at TIMESTAMP NOT NULL);

INSERT INTO customers VALUES
('aa100001-0000-0000-0000-000000000001','James Carter','james.c@email.com','555-2001','low','verified','2024-01-05 09:00:00'),
('aa100001-0000-0000-0000-000000000002','Maria Santos','maria.s@email.com','555-2002','low','verified','2024-01-15 10:00:00'),
('aa100001-0000-0000-0000-000000000003','Wei Zhang','wei.z@email.com','555-2003','medium','verified','2024-02-01 08:30:00'),
('aa100001-0000-0000-0000-000000000004','Fatima Al-Rashid','fatima.a@email.com','555-2004','low','verified','2024-02-20 14:00:00'),
('aa100001-0000-0000-0000-000000000005','Olga Petrova','olga.p@email.com','555-2005','high','pending','2024-03-10 11:00:00'),
('aa100001-0000-0000-0000-000000000006','Daniel Okonkwo','daniel.o@email.com','555-2006','low','verified','2024-03-25 09:15:00'),
('aa100001-0000-0000-0000-000000000007','Sophie Martin','sophie.m@email.com','555-2007','low','verified','2024-04-08 13:00:00'),
('aa100001-0000-0000-0000-000000000008','Kenji Tanaka','kenji.t@email.com','555-2008','medium','verified','2024-04-22 10:30:00'),
('aa100001-0000-0000-0000-000000000009','Elena Volkov','elena.v@email.com','555-2009','high','under_review','2024-05-05 08:00:00'),
('aa100001-0000-0000-0000-000000000010','Carlos Rivera','carlos.r@email.com','555-2010','low','verified','2024-05-18 15:00:00'),
('aa100001-0000-0000-0000-000000000011','Aisha Mohammed','aisha.m@email.com','555-2011','low','verified','2024-06-01 09:00:00'),
('aa100001-0000-0000-0000-000000000012','Lucas Schmidt','lucas.s@email.com','555-2012','medium','verified','2024-06-15 12:00:00'),
('aa100001-0000-0000-0000-000000000013','Priya Sharma','priya.s@email.com','555-2013','low','verified','2024-07-01 10:00:00'),
('aa100001-0000-0000-0000-000000000014','Thomas Anderson','thomas.a@email.com','555-2014','low','verified','2024-07-20 14:30:00'),
('aa100001-0000-0000-0000-000000000015','Yuki Nakamura','yuki.n@email.com','555-2015','low','verified','2024-08-05 08:00:00');

INSERT INTO accounts VALUES
('bb200001-0000-0000-0000-000000000001','aa100001-0000-0000-0000-000000000001','checking',12450.50,'USD','active','2024-01-05 09:10:00'),
('bb200001-0000-0000-0000-000000000002','aa100001-0000-0000-0000-000000000001','savings',45000.00,'USD','active','2024-01-05 09:15:00'),
('bb200001-0000-0000-0000-000000000003','aa100001-0000-0000-0000-000000000002','checking',8200.75,'USD','active','2024-01-15 10:10:00'),
('bb200001-0000-0000-0000-000000000004','aa100001-0000-0000-0000-000000000003','checking',3100.00,'USD','active','2024-02-01 08:40:00'),
('bb200001-0000-0000-0000-000000000005','aa100001-0000-0000-0000-000000000003','investment',125000.00,'USD','active','2024-02-01 08:45:00'),
('bb200001-0000-0000-0000-000000000006','aa100001-0000-0000-0000-000000000004','checking',6780.25,'USD','active','2024-02-20 14:10:00'),
('bb200001-0000-0000-0000-000000000007','aa100001-0000-0000-0000-000000000005','checking',950.00,'USD','frozen','2024-03-10 11:10:00'),
('bb200001-0000-0000-0000-000000000008','aa100001-0000-0000-0000-000000000006','checking',15600.00,'USD','active','2024-03-25 09:20:00'),
('bb200001-0000-0000-0000-000000000009','aa100001-0000-0000-0000-000000000006','savings',32000.00,'USD','active','2024-03-25 09:25:00'),
('bb200001-0000-0000-0000-000000000010','aa100001-0000-0000-0000-000000000007','checking',4200.50,'USD','active','2024-04-08 13:10:00'),
('bb200001-0000-0000-0000-000000000011','aa100001-0000-0000-0000-000000000008','savings',28500.00,'USD','active','2024-04-22 10:40:00'),
('bb200001-0000-0000-0000-000000000012','aa100001-0000-0000-0000-000000000009','checking',180.00,'USD','frozen','2024-05-05 08:10:00'),
('bb200001-0000-0000-0000-000000000013','aa100001-0000-0000-0000-000000000010','checking',9800.00,'USD','active','2024-05-18 15:10:00'),
('bb200001-0000-0000-0000-000000000014','aa100001-0000-0000-0000-000000000010','investment',75000.00,'USD','active','2024-05-18 15:15:00'),
('bb200001-0000-0000-0000-000000000015','aa100001-0000-0000-0000-000000000011','checking',5400.00,'USD','active','2024-06-01 09:10:00'),
('bb200001-0000-0000-0000-000000000016','aa100001-0000-0000-0000-000000000012','checking',2100.00,'USD','active','2024-06-15 12:10:00'),
('bb200001-0000-0000-0000-000000000017','aa100001-0000-0000-0000-000000000012','credit',-1250.00,'USD','active','2024-06-15 12:15:00'),
('bb200001-0000-0000-0000-000000000018','aa100001-0000-0000-0000-000000000013','savings',18000.00,'USD','active','2024-07-01 10:10:00'),
('bb200001-0000-0000-0000-000000000019','aa100001-0000-0000-0000-000000000014','checking',7600.00,'USD','active','2024-07-20 14:40:00'),
('bb200001-0000-0000-0000-000000000020','aa100001-0000-0000-0000-000000000015','savings',42000.00,'USD','active','2024-08-05 08:10:00');

INSERT INTO transactions VALUES
('cc300001-0000-0000-0000-000000000001','bb200001-0000-0000-0000-000000000001','deposit',5000.00,'completed','Payroll deposit','2024-01-15 09:05:00','2024-01-15 09:00:00'),
('cc300001-0000-0000-0000-000000000002','bb200001-0000-0000-0000-000000000001','withdrawal',200.00,'completed','ATM withdrawal','2024-01-20 14:02:00','2024-01-20 14:00:00'),
('cc300001-0000-0000-0000-000000000003','bb200001-0000-0000-0000-000000000001','transfer',1500.00,'completed','Transfer to savings','2024-02-01 10:03:00','2024-02-01 10:00:00'),
('cc300001-0000-0000-0000-000000000004','bb200001-0000-0000-0000-000000000002','deposit',1500.00,'completed','Transfer from checking','2024-02-01 10:03:00','2024-02-01 10:00:00'),
('cc300001-0000-0000-0000-000000000005','bb200001-0000-0000-0000-000000000003','deposit',3200.00,'completed','Payroll deposit','2024-02-01 09:02:00','2024-02-01 09:00:00'),
('cc300001-0000-0000-0000-000000000006','bb200001-0000-0000-0000-000000000003','payment',89.99,'completed','Electric bill','2024-02-10 08:01:00','2024-02-10 08:00:00'),
('cc300001-0000-0000-0000-000000000007','bb200001-0000-0000-0000-000000000004','deposit',2800.00,'completed','Payroll deposit','2024-02-15 09:03:00','2024-02-15 09:00:00'),
('cc300001-0000-0000-0000-000000000008','bb200001-0000-0000-0000-000000000005','purchase',15000.00,'completed','Stock purchase AAPL','2024-02-20 10:05:00','2024-02-20 10:00:00'),
('cc300001-0000-0000-0000-000000000009','bb200001-0000-0000-0000-000000000005','purchase',8000.00,'failed','Stock purchase MSFT',NULL,'2024-03-01 11:00:00'),
('cc300001-0000-0000-0000-000000000010','bb200001-0000-0000-0000-000000000006','deposit',4500.00,'completed','Payroll deposit','2024-03-01 09:02:00','2024-03-01 09:00:00'),
('cc300001-0000-0000-0000-000000000011','bb200001-0000-0000-0000-000000000007','withdrawal',500.00,'reversed','Suspicious ATM',NULL,'2024-03-15 22:00:00'),
('cc300001-0000-0000-0000-000000000012','bb200001-0000-0000-0000-000000000008','deposit',5200.00,'completed','Payroll deposit','2024-04-01 09:03:00','2024-04-01 09:00:00'),
('cc300001-0000-0000-0000-000000000013','bb200001-0000-0000-0000-000000000008','payment',150.00,'completed','Insurance premium','2024-04-05 10:02:00','2024-04-05 10:00:00'),
('cc300001-0000-0000-0000-000000000014','bb200001-0000-0000-0000-000000000009','deposit',2000.00,'completed','Transfer from ext','2024-04-10 14:03:00','2024-04-10 14:00:00'),
('cc300001-0000-0000-0000-000000000015','bb200001-0000-0000-0000-000000000010','deposit',3800.00,'completed','Payroll deposit','2024-04-15 09:02:00','2024-04-15 09:00:00'),
('cc300001-0000-0000-0000-000000000016','bb200001-0000-0000-0000-000000000010','payment',45.00,'pending','Subscription renewal',NULL,'2024-04-20 08:00:00'),
('cc300001-0000-0000-0000-000000000017','bb200001-0000-0000-0000-000000000011','deposit',3000.00,'completed','Monthly savings','2024-05-01 09:02:00','2024-05-01 09:00:00'),
('cc300001-0000-0000-0000-000000000018','bb200001-0000-0000-0000-000000000012','withdrawal',150.00,'reversed','Flagged activity',NULL,'2024-05-10 23:30:00'),
('cc300001-0000-0000-0000-000000000019','bb200001-0000-0000-0000-000000000013','deposit',4800.00,'completed','Payroll deposit','2024-05-20 09:03:00','2024-05-20 09:00:00'),
('cc300001-0000-0000-0000-000000000020','bb200001-0000-0000-0000-000000000014','purchase',25000.00,'completed','Bond purchase','2024-06-01 10:04:00','2024-06-01 10:00:00'),
('cc300001-0000-0000-0000-000000000021','bb200001-0000-0000-0000-000000000015','deposit',4200.00,'completed','Payroll deposit','2024-06-15 09:02:00','2024-06-15 09:00:00'),
('cc300001-0000-0000-0000-000000000022','bb200001-0000-0000-0000-000000000015','payment',120.00,'completed','Phone bill','2024-06-20 11:01:00','2024-06-20 11:00:00'),
('cc300001-0000-0000-0000-000000000023','bb200001-0000-0000-0000-000000000016','deposit',1800.00,'completed','Freelance payment','2024-07-01 14:02:00','2024-07-01 14:00:00'),
('cc300001-0000-0000-0000-000000000024','bb200001-0000-0000-0000-000000000017','payment',250.00,'completed','Credit card payment','2024-07-05 10:01:00','2024-07-05 10:00:00'),
('cc300001-0000-0000-0000-000000000025','bb200001-0000-0000-0000-000000000018','deposit',2500.00,'completed','Monthly deposit','2024-07-15 09:03:00','2024-07-15 09:00:00'),
('cc300001-0000-0000-0000-000000000026','bb200001-0000-0000-0000-000000000019','deposit',5000.00,'completed','Payroll deposit','2024-08-01 09:02:00','2024-08-01 09:00:00'),
('cc300001-0000-0000-0000-000000000027','bb200001-0000-0000-0000-000000000019','withdrawal',800.00,'completed','ATM withdrawal','2024-08-10 16:01:00','2024-08-10 16:00:00'),
('cc300001-0000-0000-0000-000000000028','bb200001-0000-0000-0000-000000000020','deposit',5500.00,'completed','Monthly savings','2024-08-15 09:04:00','2024-08-15 09:00:00'),
('cc300001-0000-0000-0000-000000000029','bb200001-0000-0000-0000-000000000001','payment',2500.00,'failed','Wire transfer intl',NULL,'2024-09-01 15:00:00'),
('cc300001-0000-0000-0000-000000000030','bb200001-0000-0000-0000-000000000003','deposit',3200.00,'completed','Payroll deposit','2024-09-15 09:02:00','2024-09-15 09:00:00');

INSERT INTO fraud_alerts VALUES
('dd400001-0000-0000-0000-000000000001','cc300001-0000-0000-0000-000000000011','high','unusual_location','resolved','2024-03-16 10:00:00','2024-03-15 22:05:00'),
('dd400001-0000-0000-0000-000000000002','cc300001-0000-0000-0000-000000000018','critical','repeated_attempts','resolved','2024-05-11 14:00:00','2024-05-10 23:35:00'),
('dd400001-0000-0000-0000-000000000003','cc300001-0000-0000-0000-000000000009','medium','large_amount','dismissed',NULL,'2024-03-01 11:05:00'),
('dd400001-0000-0000-0000-000000000004','cc300001-0000-0000-0000-000000000029','low','international_wire','investigating',NULL,'2024-09-01 15:05:00'),
('dd400001-0000-0000-0000-000000000005','cc300001-0000-0000-0000-000000000008','low','large_amount','dismissed',NULL,'2024-02-20 10:10:00');
