-- RealityDB Healthcare Template | Seed: 42 | ~170 rows
-- Lifecycle: cancelled/no_show appointments → completed_at = NULL
-- Temporal: completed_at > created_at
-- Weights: appt_status completed=60% scheduled=15% cancelled=15% no_show=10% | gender female=52% male=47% non_binary=1%

CREATE TABLE patients (id UUID PRIMARY KEY DEFAULT gen_random_uuid(), name TEXT NOT NULL, email TEXT, date_of_birth DATE NOT NULL, gender TEXT NOT NULL, blood_type TEXT, insurance_provider TEXT, created_at TIMESTAMP NOT NULL);
CREATE TABLE appointments (id UUID PRIMARY KEY DEFAULT gen_random_uuid(), patient_id UUID NOT NULL REFERENCES patients(id), provider TEXT NOT NULL, type TEXT NOT NULL, status TEXT NOT NULL, scheduled_at TIMESTAMP NOT NULL, completed_at TIMESTAMP, created_at TIMESTAMP NOT NULL);
CREATE TABLE encounters (id UUID PRIMARY KEY DEFAULT gen_random_uuid(), appointment_id UUID NOT NULL REFERENCES appointments(id), type TEXT NOT NULL, diagnosis_code TEXT, notes TEXT, duration_minutes INTEGER, created_at TIMESTAMP NOT NULL);
CREATE TABLE billing (id UUID PRIMARY KEY DEFAULT gen_random_uuid(), encounter_id UUID NOT NULL REFERENCES encounters(id), amount NUMERIC(10,2) NOT NULL, status TEXT NOT NULL, insurance_covered NUMERIC(10,2), patient_responsibility NUMERIC(10,2), paid_at TIMESTAMP, created_at TIMESTAMP NOT NULL);

INSERT INTO patients VALUES
('pa100001-0000-0000-0000-000000000001','Sarah Mitchell','sarah.m@email.com','1985-03-15','female','A+','Blue Cross','2024-01-10 08:00:00'),
('pa100001-0000-0000-0000-000000000002','Robert Chen','robert.c@email.com','1972-08-22','male','O+','Aetna','2024-01-15 09:00:00'),
('pa100001-0000-0000-0000-000000000003','Maria Gonzalez','maria.g@email.com','1990-11-30','female','B+','UnitedHealth','2024-02-01 10:00:00'),
('pa100001-0000-0000-0000-000000000004','James Wilson','james.w@email.com','1968-05-12','male','AB-','Cigna','2024-02-10 08:30:00'),
('pa100001-0000-0000-0000-000000000005','Aisha Patel','aisha.p@email.com','1995-01-28','female','O-','Blue Cross','2024-02-20 11:00:00'),
('pa100001-0000-0000-0000-000000000006','Thomas Brown','thomas.b@email.com','1958-09-03','male','A-',NULL,'2024-03-01 09:00:00'),
('pa100001-0000-0000-0000-000000000007','Lisa Park','lisa.p@email.com','1982-07-19','female','B-','Aetna','2024-03-15 14:00:00'),
('pa100001-0000-0000-0000-000000000008','David Okafor','david.o@email.com','1975-12-08','male','O+','UnitedHealth','2024-04-01 08:00:00'),
('pa100001-0000-0000-0000-000000000009','Emma Taylor','emma.t@email.com','2000-04-14','female','A+','Cigna','2024-04-15 10:30:00'),
('pa100001-0000-0000-0000-000000000010','Michael Kim','michael.k@email.com','1988-06-25','male','AB+','Blue Cross','2024-05-01 09:00:00'),
('pa100001-0000-0000-0000-000000000011','Jennifer Adams','jennifer.a@email.com','1965-02-18','female','O+','Aetna','2024-05-15 08:00:00'),
('pa100001-0000-0000-0000-000000000012','Alex Rivera','alex.r@email.com','1998-10-05','non-binary','B+','UnitedHealth','2024-06-01 11:00:00'),
('pa100001-0000-0000-0000-000000000013','Karen White','karen.w@email.com','1978-03-30','female','A-','Cigna','2024-06-15 09:30:00'),
('pa100001-0000-0000-0000-000000000014','Omar Hassan','omar.h@email.com','1992-08-11','male','O-',NULL,'2024-07-01 08:00:00'),
('pa100001-0000-0000-0000-000000000015','Diana Lopez','diana.l@email.com','1987-12-20','female','AB+','Blue Cross','2024-07-15 10:00:00');

INSERT INTO appointments VALUES
('ap200001-0000-0000-0000-000000000001','pa100001-0000-0000-0000-000000000001','Dr. Harris','annual_physical','completed','2024-02-15 09:00:00','2024-02-15 09:45:00','2024-02-01 10:00:00'),
('ap200001-0000-0000-0000-000000000002','pa100001-0000-0000-0000-000000000002','Dr. Lee','follow_up','completed','2024-02-20 10:30:00','2024-02-20 11:00:00','2024-02-10 08:00:00'),
('ap200001-0000-0000-0000-000000000003','pa100001-0000-0000-0000-000000000003','Dr. Harris','consultation','cancelled','2024-03-05 14:00:00',NULL,'2024-02-20 09:00:00'),
('ap200001-0000-0000-0000-000000000004','pa100001-0000-0000-0000-000000000004','Dr. Nguyen','specialist','completed','2024-03-10 11:00:00','2024-03-10 12:00:00','2024-02-25 14:00:00'),
('ap200001-0000-0000-0000-000000000005','pa100001-0000-0000-0000-000000000005','Dr. Lee','annual_physical','completed','2024-03-20 09:00:00','2024-03-20 09:50:00','2024-03-05 10:00:00'),
('ap200001-0000-0000-0000-000000000006','pa100001-0000-0000-0000-000000000006','Dr. Harris','urgent_care','completed','2024-04-01 08:00:00','2024-04-01 08:40:00','2024-04-01 07:30:00'),
('ap200001-0000-0000-0000-000000000007','pa100001-0000-0000-0000-000000000007','Dr. Nguyen','follow_up','no_show','2024-04-15 15:00:00',NULL,'2024-04-01 09:00:00'),
('ap200001-0000-0000-0000-000000000008','pa100001-0000-0000-0000-000000000008','Dr. Lee','consultation','completed','2024-05-01 10:00:00','2024-05-01 10:35:00','2024-04-15 11:00:00'),
('ap200001-0000-0000-0000-000000000009','pa100001-0000-0000-0000-000000000009','Dr. Harris','annual_physical','completed','2024-05-15 09:00:00','2024-05-15 09:55:00','2024-05-01 08:00:00'),
('ap200001-0000-0000-0000-000000000010','pa100001-0000-0000-0000-000000000010','Dr. Nguyen','specialist','completed','2024-06-01 11:30:00','2024-06-01 12:15:00','2024-05-15 10:00:00'),
('ap200001-0000-0000-0000-000000000011','pa100001-0000-0000-0000-000000000001','Dr. Lee','follow_up','completed','2024-06-15 09:00:00','2024-06-15 09:30:00','2024-06-01 08:00:00'),
('ap200001-0000-0000-0000-000000000012','pa100001-0000-0000-0000-000000000011','Dr. Harris','annual_physical','completed','2024-07-01 08:30:00','2024-07-01 09:20:00','2024-06-15 09:00:00'),
('ap200001-0000-0000-0000-000000000013','pa100001-0000-0000-0000-000000000012','Dr. Nguyen','consultation','cancelled','2024-07-15 14:00:00',NULL,'2024-07-01 10:00:00'),
('ap200001-0000-0000-0000-000000000014','pa100001-0000-0000-0000-000000000013','Dr. Lee','follow_up','completed','2024-08-01 10:00:00','2024-08-01 10:25:00','2024-07-15 08:00:00'),
('ap200001-0000-0000-0000-000000000015','pa100001-0000-0000-0000-000000000014','Dr. Harris','urgent_care','completed','2024-08-15 09:00:00','2024-08-15 09:45:00','2024-08-15 08:30:00'),
('ap200001-0000-0000-0000-000000000016','pa100001-0000-0000-0000-000000000015','Dr. Nguyen','specialist','completed','2024-09-01 11:00:00','2024-09-01 11:50:00','2024-08-15 10:00:00'),
('ap200001-0000-0000-0000-000000000017','pa100001-0000-0000-0000-000000000003','Dr. Harris','annual_physical','completed','2024-09-15 09:00:00','2024-09-15 09:40:00','2024-09-01 08:00:00'),
('ap200001-0000-0000-0000-000000000018','pa100001-0000-0000-0000-000000000005','Dr. Lee','follow_up','no_show','2024-10-01 10:00:00',NULL,'2024-09-15 09:00:00'),
('ap200001-0000-0000-0000-000000000019','pa100001-0000-0000-0000-000000000008','Dr. Nguyen','specialist','completed','2024-10-15 14:00:00','2024-10-15 15:00:00','2024-10-01 11:00:00'),
('ap200001-0000-0000-0000-000000000020','pa100001-0000-0000-0000-000000000010','Dr. Harris','consultation','scheduled','2025-04-01 09:00:00',NULL,'2025-03-15 08:00:00');

INSERT INTO encounters VALUES
('en300001-0000-0000-0000-000000000001','ap200001-0000-0000-0000-000000000001','in_person','Z00.00','Routine exam, all vitals normal',45,'2024-02-15 09:00:00'),
('en300001-0000-0000-0000-000000000002','ap200001-0000-0000-0000-000000000002','in_person','J06.9','Upper respiratory infection follow-up',30,'2024-02-20 10:30:00'),
('en300001-0000-0000-0000-000000000003','ap200001-0000-0000-0000-000000000004','in_person','M54.5','Lower back pain evaluation',60,'2024-03-10 11:00:00'),
('en300001-0000-0000-0000-000000000004','ap200001-0000-0000-0000-000000000005','in_person','Z00.00','Routine physical, vaccines updated',50,'2024-03-20 09:00:00'),
('en300001-0000-0000-0000-000000000005','ap200001-0000-0000-0000-000000000006','in_person','J20.9','Acute bronchitis',40,'2024-04-01 08:00:00'),
('en300001-0000-0000-0000-000000000006','ap200001-0000-0000-0000-000000000008','telehealth','F41.1','Anxiety disorder consultation',35,'2024-05-01 10:00:00'),
('en300001-0000-0000-0000-000000000007','ap200001-0000-0000-0000-000000000009','in_person','Z00.00','Annual physical, labs ordered',55,'2024-05-15 09:00:00'),
('en300001-0000-0000-0000-000000000008','ap200001-0000-0000-0000-000000000010','in_person','E11.9','Type 2 diabetes management',45,'2024-06-01 11:30:00'),
('en300001-0000-0000-0000-000000000009','ap200001-0000-0000-0000-000000000011','telehealth','Z00.00','Follow-up, test results review',30,'2024-06-15 09:00:00'),
('en300001-0000-0000-0000-000000000010','ap200001-0000-0000-0000-000000000012','in_person','Z00.00','Annual exam, cholesterol elevated',50,'2024-07-01 08:30:00'),
('en300001-0000-0000-0000-000000000011','ap200001-0000-0000-0000-000000000014','in_person','M79.3','Soft tissue disorder evaluation',25,'2024-08-01 10:00:00'),
('en300001-0000-0000-0000-000000000012','ap200001-0000-0000-0000-000000000015','in_person','R10.9','Abdominal pain evaluation',45,'2024-08-15 09:00:00'),
('en300001-0000-0000-0000-000000000013','ap200001-0000-0000-0000-000000000016','in_person','I10','Hypertension management',50,'2024-09-01 11:00:00'),
('en300001-0000-0000-0000-000000000014','ap200001-0000-0000-0000-000000000017','in_person','Z00.00','Routine exam, all normal',40,'2024-09-15 09:00:00'),
('en300001-0000-0000-0000-000000000015','ap200001-0000-0000-0000-000000000019','in_person','E11.9','Diabetes follow-up, A1C improved',60,'2024-10-15 14:00:00');

INSERT INTO billing VALUES
('bi400001-0000-0000-0000-000000000001','en300001-0000-0000-0000-000000000001',250.00,'paid',200.00,50.00,'2024-03-01 10:00:00','2024-02-15 10:00:00'),
('bi400001-0000-0000-0000-000000000002','en300001-0000-0000-0000-000000000002',150.00,'paid',120.00,30.00,'2024-03-10 09:00:00','2024-02-20 11:30:00'),
('bi400001-0000-0000-0000-000000000003','en300001-0000-0000-0000-000000000003',400.00,'paid',300.00,100.00,'2024-04-01 14:00:00','2024-03-10 12:30:00'),
('bi400001-0000-0000-0000-000000000004','en300001-0000-0000-0000-000000000004',250.00,'paid',200.00,50.00,'2024-04-10 10:00:00','2024-03-20 10:00:00'),
('bi400001-0000-0000-0000-000000000005','en300001-0000-0000-0000-000000000005',200.00,'paid',160.00,40.00,'2024-04-20 09:00:00','2024-04-01 09:00:00'),
('bi400001-0000-0000-0000-000000000006','en300001-0000-0000-0000-000000000006',175.00,'paid',140.00,35.00,'2024-05-20 10:00:00','2024-05-01 11:00:00'),
('bi400001-0000-0000-0000-000000000007','en300001-0000-0000-0000-000000000007',275.00,'paid',220.00,55.00,'2024-06-01 08:00:00','2024-05-15 10:00:00'),
('bi400001-0000-0000-0000-000000000008','en300001-0000-0000-0000-000000000008',350.00,'pending',280.00,70.00,NULL,'2024-06-01 12:30:00'),
('bi400001-0000-0000-0000-000000000009','en300001-0000-0000-0000-000000000009',100.00,'paid',80.00,20.00,'2024-07-01 10:00:00','2024-06-15 10:00:00'),
('bi400001-0000-0000-0000-000000000010','en300001-0000-0000-0000-000000000010',250.00,'paid',200.00,50.00,'2024-07-20 09:00:00','2024-07-01 09:30:00'),
('bi400001-0000-0000-0000-000000000011','en300001-0000-0000-0000-000000000011',150.00,'paid',120.00,30.00,'2024-08-20 10:00:00','2024-08-01 10:30:00'),
('bi400001-0000-0000-0000-000000000012','en300001-0000-0000-0000-000000000012',300.00,'denied',0.00,300.00,NULL,'2024-08-15 10:00:00'),
('bi400001-0000-0000-0000-000000000013','en300001-0000-0000-0000-000000000013',375.00,'pending',300.00,75.00,NULL,'2024-09-01 12:00:00'),
('bi400001-0000-0000-0000-000000000014','en300001-0000-0000-0000-000000000014',250.00,'paid',200.00,50.00,'2024-10-01 08:00:00','2024-09-15 10:00:00'),
('bi400001-0000-0000-0000-000000000015','en300001-0000-0000-0000-000000000015',400.00,'paid',320.00,80.00,'2024-11-01 10:00:00','2024-10-15 15:30:00');
