-- RealityDB Logistics Template | Seed: 42 | ~160 rows
-- Lifecycle: cancelled purchase_orders → delivered_at = NULL
-- Temporal: delivered_at > created_at
-- Weights: country China=30% USA=25% Germany=15% India=15% Brazil=10% Other=5% | po_status delivered=50% shipped=20% pending=15% cancelled=15%

CREATE TABLE suppliers (id UUID PRIMARY KEY DEFAULT gen_random_uuid(), name TEXT NOT NULL, country TEXT NOT NULL, contact_email TEXT, rating NUMERIC(2,1) NOT NULL, tier TEXT NOT NULL, created_at TIMESTAMP NOT NULL);
CREATE TABLE purchase_orders (id UUID PRIMARY KEY DEFAULT gen_random_uuid(), supplier_id UUID NOT NULL REFERENCES suppliers(id), status TEXT NOT NULL, total NUMERIC(12,2) NOT NULL, priority TEXT NOT NULL, shipped_at TIMESTAMP, delivered_at TIMESTAMP, created_at TIMESTAMP NOT NULL);
CREATE TABLE shipment_tracking (id UUID PRIMARY KEY DEFAULT gen_random_uuid(), purchase_order_id UUID NOT NULL REFERENCES purchase_orders(id), carrier TEXT NOT NULL, status TEXT NOT NULL, location TEXT, updated_at TIMESTAMP NOT NULL, created_at TIMESTAMP NOT NULL);
CREATE TABLE inventory (id UUID PRIMARY KEY DEFAULT gen_random_uuid(), supplier_id UUID NOT NULL REFERENCES suppliers(id), product_name TEXT NOT NULL, sku TEXT NOT NULL, quantity INTEGER NOT NULL, warehouse TEXT NOT NULL, reorder_point INTEGER NOT NULL, created_at TIMESTAMP NOT NULL);

INSERT INTO suppliers VALUES
('su100001-0000-0000-0000-000000000001','Shenzhen Electronics Co','China','contact@shenzhen-elec.cn',4.5,'gold','2024-01-05 08:00:00'),
('su100001-0000-0000-0000-000000000002','Detroit Auto Parts Inc','USA','sales@detroit-auto.com',4.2,'gold','2024-01-10 09:00:00'),
('su100001-0000-0000-0000-000000000003','Munich Precision GmbH','Germany','info@munich-precision.de',4.8,'platinum','2024-01-15 10:00:00'),
('su100001-0000-0000-0000-000000000004','Mumbai Textiles Ltd','India','orders@mumbai-textiles.in',3.9,'silver','2024-02-01 08:00:00'),
('su100001-0000-0000-0000-000000000005','Sao Paulo Rubber SA','Brazil','vendas@sp-rubber.br',3.5,'silver','2024-02-15 09:00:00'),
('su100001-0000-0000-0000-000000000006','Guangzhou Components','China','sales@gz-components.cn',4.1,'gold','2024-03-01 08:30:00'),
('su100001-0000-0000-0000-000000000007','Chicago Steel Works','USA','orders@chi-steel.com',4.4,'gold','2024-03-15 10:00:00'),
('su100001-0000-0000-0000-000000000008','Hamburg Logistics AG','Germany','kontakt@hamburg-log.de',4.6,'platinum','2024-04-01 09:00:00'),
('su100001-0000-0000-0000-000000000009','Delhi Chemicals Corp','India','info@delhi-chem.in',3.7,'silver','2024-04-15 08:00:00'),
('su100001-0000-0000-0000-000000000010','Shanghai Tech Supply','China','trade@sh-tech.cn',4.3,'gold','2024-05-01 10:00:00');

INSERT INTO purchase_orders VALUES
('po200001-0000-0000-0000-000000000001','su100001-0000-0000-0000-000000000001','delivered',45000.00,'high','2024-02-10 08:00:00','2024-02-25 14:00:00','2024-01-20 09:00:00'),
('po200001-0000-0000-0000-000000000002','su100001-0000-0000-0000-000000000002','delivered',12500.00,'medium','2024-02-05 10:00:00','2024-02-12 09:00:00','2024-01-25 14:00:00'),
('po200001-0000-0000-0000-000000000003','su100001-0000-0000-0000-000000000003','delivered',78000.00,'high','2024-03-01 09:00:00','2024-03-18 10:00:00','2024-02-10 11:00:00'),
('po200001-0000-0000-0000-000000000004','su100001-0000-0000-0000-000000000004','cancelled',8900.00,'low',NULL,NULL,'2024-02-20 08:00:00'),
('po200001-0000-0000-0000-000000000005','su100001-0000-0000-0000-000000000005','delivered',22000.00,'medium','2024-03-20 08:00:00','2024-04-05 14:00:00','2024-03-01 09:00:00'),
('po200001-0000-0000-0000-000000000006','su100001-0000-0000-0000-000000000006','delivered',35000.00,'high','2024-04-01 10:00:00','2024-04-18 09:00:00','2024-03-15 10:00:00'),
('po200001-0000-0000-0000-000000000007','su100001-0000-0000-0000-000000000007','shipped',15800.00,'medium','2024-04-20 08:00:00',NULL,'2024-04-05 09:00:00'),
('po200001-0000-0000-0000-000000000008','su100001-0000-0000-0000-000000000008','delivered',92000.00,'critical','2024-04-25 09:00:00','2024-05-10 10:00:00','2024-04-10 08:00:00'),
('po200001-0000-0000-0000-000000000009','su100001-0000-0000-0000-000000000009','cancelled',5600.00,'low',NULL,NULL,'2024-04-25 14:00:00'),
('po200001-0000-0000-0000-000000000010','su100001-0000-0000-0000-000000000010','delivered',28000.00,'medium','2024-05-15 08:00:00','2024-06-01 09:00:00','2024-05-01 10:00:00'),
('po200001-0000-0000-0000-000000000011','su100001-0000-0000-0000-000000000001','delivered',52000.00,'high','2024-06-01 09:00:00','2024-06-18 14:00:00','2024-05-15 08:00:00'),
('po200001-0000-0000-0000-000000000012','su100001-0000-0000-0000-000000000003','shipped',65000.00,'high','2024-06-20 10:00:00',NULL,'2024-06-01 09:00:00'),
('po200001-0000-0000-0000-000000000013','su100001-0000-0000-0000-000000000002','delivered',9200.00,'low','2024-07-01 08:00:00','2024-07-08 10:00:00','2024-06-15 14:00:00'),
('po200001-0000-0000-0000-000000000014','su100001-0000-0000-0000-000000000006','pending',41000.00,'high',NULL,NULL,'2024-07-01 10:00:00'),
('po200001-0000-0000-0000-000000000015','su100001-0000-0000-0000-000000000008','delivered',88000.00,'critical','2024-07-20 09:00:00','2024-08-05 10:00:00','2024-07-05 08:00:00'),
('po200001-0000-0000-0000-000000000016','su100001-0000-0000-0000-000000000005','cancelled',11500.00,'low',NULL,NULL,'2024-07-20 09:00:00'),
('po200001-0000-0000-0000-000000000017','su100001-0000-0000-0000-000000000010','pending',33000.00,'medium',NULL,NULL,'2024-08-01 10:00:00'),
('po200001-0000-0000-0000-000000000018','su100001-0000-0000-0000-000000000007','delivered',18500.00,'medium','2024-08-15 08:00:00','2024-08-22 09:00:00','2024-08-01 09:00:00'),
('po200001-0000-0000-0000-000000000019','su100001-0000-0000-0000-000000000004','shipped',7200.00,'low','2024-09-01 08:00:00',NULL,'2024-08-15 10:00:00'),
('po200001-0000-0000-0000-000000000020','su100001-0000-0000-0000-000000000001','delivered',58000.00,'high','2024-09-10 09:00:00','2024-09-28 14:00:00','2024-08-25 08:00:00');

INSERT INTO shipment_tracking VALUES
('st300001-0000-0000-0000-000000000001','po200001-0000-0000-0000-000000000001','Maersk','delivered','Los Angeles Port','2024-02-25 14:00:00','2024-02-10 08:00:00'),
('st300001-0000-0000-0000-000000000002','po200001-0000-0000-0000-000000000002','FedEx Freight','delivered','Detroit Warehouse','2024-02-12 09:00:00','2024-02-05 10:00:00'),
('st300001-0000-0000-0000-000000000003','po200001-0000-0000-0000-000000000003','DHL Express','delivered','Chicago Hub','2024-03-18 10:00:00','2024-03-01 09:00:00'),
('st300001-0000-0000-0000-000000000004','po200001-0000-0000-0000-000000000005','MSC','delivered','Houston Port','2024-04-05 14:00:00','2024-03-20 08:00:00'),
('st300001-0000-0000-0000-000000000005','po200001-0000-0000-0000-000000000006','COSCO','delivered','Oakland Port','2024-04-18 09:00:00','2024-04-01 10:00:00'),
('st300001-0000-0000-0000-000000000006','po200001-0000-0000-0000-000000000007','UPS Freight','in_transit','Memphis Hub','2024-04-25 14:00:00','2024-04-20 08:00:00'),
('st300001-0000-0000-0000-000000000007','po200001-0000-0000-0000-000000000008','Hapag-Lloyd','delivered','New York Port','2024-05-10 10:00:00','2024-04-25 09:00:00'),
('st300001-0000-0000-0000-000000000008','po200001-0000-0000-0000-000000000010','Maersk','delivered','Seattle Port','2024-06-01 09:00:00','2024-05-15 08:00:00'),
('st300001-0000-0000-0000-000000000009','po200001-0000-0000-0000-000000000011','COSCO','delivered','Los Angeles Port','2024-06-18 14:00:00','2024-06-01 09:00:00'),
('st300001-0000-0000-0000-000000000010','po200001-0000-0000-0000-000000000012','DHL Express','in_transit','Frankfurt Hub','2024-06-28 10:00:00','2024-06-20 10:00:00');

INSERT INTO inventory VALUES
('in400001-0000-0000-0000-000000000001','su100001-0000-0000-0000-000000000001','Circuit Board A1','CB-A1-001',2500,'Warehouse East',500,'2024-01-20 08:00:00'),
('in400001-0000-0000-0000-000000000002','su100001-0000-0000-0000-000000000001','LED Panel 15in','LED-15-002',800,'Warehouse East',200,'2024-02-01 09:00:00'),
('in400001-0000-0000-0000-000000000003','su100001-0000-0000-0000-000000000002','Brake Pad Set','BP-SET-003',1200,'Warehouse Central',300,'2024-01-25 10:00:00'),
('in400001-0000-0000-0000-000000000004','su100001-0000-0000-0000-000000000003','Precision Gear 8mm','PG-8M-004',450,'Warehouse West',100,'2024-02-10 08:00:00'),
('in400001-0000-0000-0000-000000000005','su100001-0000-0000-0000-000000000003','Titanium Rod 12mm','TR-12-005',180,'Warehouse West',50,'2024-03-01 09:00:00'),
('in400001-0000-0000-0000-000000000006','su100001-0000-0000-0000-000000000004','Cotton Fabric Roll','CF-RL-006',3500,'Warehouse South',800,'2024-02-20 10:00:00'),
('in400001-0000-0000-0000-000000000007','su100001-0000-0000-0000-000000000005','Natural Rubber 5kg','NR-5K-007',600,'Warehouse South',150,'2024-03-15 08:00:00'),
('in400001-0000-0000-0000-000000000008','su100001-0000-0000-0000-000000000006','Capacitor 100uF','CAP-100-008',8000,'Warehouse East',2000,'2024-03-20 09:00:00'),
('in400001-0000-0000-0000-000000000009','su100001-0000-0000-0000-000000000007','Steel Sheet 4x8','SS-4X8-009',200,'Warehouse Central',50,'2024-04-01 10:00:00'),
('in400001-0000-0000-0000-000000000010','su100001-0000-0000-0000-000000000008','Hydraulic Pump HP-3','HP3-010',75,'Warehouse West',20,'2024-04-15 08:00:00'),
('in400001-0000-0000-0000-000000000011','su100001-0000-0000-0000-000000000009','Sulfuric Acid 25L','SA-25L-011',120,'Warehouse South',30,'2024-05-01 09:00:00'),
('in400001-0000-0000-0000-000000000012','su100001-0000-0000-0000-000000000010','Microchip MC-7','MC7-012',5000,'Warehouse East',1000,'2024-05-15 10:00:00'),
('in400001-0000-0000-0000-000000000013','su100001-0000-0000-0000-000000000002','Oil Filter OEM','OF-OEM-013',900,'Warehouse Central',200,'2024-06-01 08:00:00'),
('in400001-0000-0000-0000-000000000014','su100001-0000-0000-0000-000000000006','Resistor Pack 1K','RP-1K-014',12000,'Warehouse East',3000,'2024-06-15 09:00:00'),
('in400001-0000-0000-0000-000000000015','su100001-0000-0000-0000-000000000008','Servo Motor SM-5','SM5-015',40,'Warehouse West',10,'2024-07-01 10:00:00');
