-- RealityDB SaaS Template | Seed: 42 | ~170 rows
-- Lifecycle: cancelled subscriptions → next_billing_at = NULL
-- Temporal: subscriptions.started_at < subscriptions.next_billing_at
-- Weights: plan free=60% pro=30% enterprise=10% | status active=60% trial=15% cancelled=15% past_due=10%

CREATE TABLE organizations (
  id UUID PRIMARY KEY DEFAULT gen_random_uuid(),
  name TEXT NOT NULL,
  industry TEXT NOT NULL,
  plan TEXT NOT NULL,
  employee_count INTEGER NOT NULL,
  created_at TIMESTAMP NOT NULL
);

CREATE TABLE users (
  id UUID PRIMARY KEY DEFAULT gen_random_uuid(),
  org_id UUID NOT NULL REFERENCES organizations(id),
  email TEXT NOT NULL,
  name TEXT NOT NULL,
  role TEXT NOT NULL,
  last_login TIMESTAMP,
  created_at TIMESTAMP NOT NULL
);

CREATE TABLE subscriptions (
  id UUID PRIMARY KEY DEFAULT gen_random_uuid(),
  org_id UUID NOT NULL REFERENCES organizations(id),
  plan TEXT NOT NULL,
  status TEXT NOT NULL,
  amount NUMERIC(10,2) NOT NULL,
  started_at TIMESTAMP NOT NULL,
  next_billing_at TIMESTAMP,
  created_at TIMESTAMP NOT NULL
);

CREATE TABLE payments (
  id UUID PRIMARY KEY DEFAULT gen_random_uuid(),
  subscription_id UUID NOT NULL REFERENCES subscriptions(id),
  amount NUMERIC(10,2) NOT NULL,
  status TEXT NOT NULL,
  method TEXT NOT NULL,
  processed_at TIMESTAMP,
  created_at TIMESTAMP NOT NULL
);

-- Organizations (20)
INSERT INTO organizations (id, name, industry, plan, employee_count, created_at) VALUES
('a1000001-0000-0000-0000-000000000001', 'Nexus Analytics', 'Technology', 'enterprise', 450, '2024-01-15 09:00:00'),
('a1000001-0000-0000-0000-000000000002', 'BrightPath Education', 'Education', 'pro', 85, '2024-02-10 14:30:00'),
('a1000001-0000-0000-0000-000000000003', 'CloudVault Systems', 'Technology', 'pro', 120, '2024-03-05 11:15:00'),
('a1000001-0000-0000-0000-000000000004', 'GreenLeaf Organics', 'Agriculture', 'free', 12, '2024-03-20 08:00:00'),
('a1000001-0000-0000-0000-000000000005', 'MediCore Health', 'Healthcare', 'enterprise', 800, '2024-04-01 10:00:00'),
('a1000001-0000-0000-0000-000000000006', 'FinEdge Capital', 'Finance', 'pro', 65, '2024-04-15 13:45:00'),
('a1000001-0000-0000-0000-000000000007', 'QuickShip Logistics', 'Logistics', 'free', 25, '2024-05-01 07:30:00'),
('a1000001-0000-0000-0000-000000000008', 'UrbanNest Properties', 'Real Estate', 'free', 8, '2024-05-20 16:00:00'),
('a1000001-0000-0000-0000-000000000009', 'DataStream AI', 'Technology', 'pro', 200, '2024-06-01 09:30:00'),
('a1000001-0000-0000-0000-000000000010', 'Pinnacle Consulting', 'Consulting', 'free', 15, '2024-06-15 12:00:00'),
('a1000001-0000-0000-0000-000000000011', 'SafeGuard Insurance', 'Insurance', 'pro', 300, '2024-07-01 08:15:00'),
('a1000001-0000-0000-0000-000000000012', 'TasteBud Restaurants', 'Food & Bev', 'free', 5, '2024-07-20 15:00:00'),
('a1000001-0000-0000-0000-000000000013', 'CodeForge Labs', 'Technology', 'pro', 45, '2024-08-01 10:30:00'),
('a1000001-0000-0000-0000-000000000014', 'EcoWatt Energy', 'Energy', 'free', 18, '2024-08-15 14:00:00'),
('a1000001-0000-0000-0000-000000000015', 'SwiftPay Solutions', 'FinTech', 'pro', 90, '2024-09-01 11:00:00'),
('a1000001-0000-0000-0000-000000000016', 'Harmony Schools', 'Education', 'free', 30, '2024-09-20 09:00:00'),
('a1000001-0000-0000-0000-000000000017', 'Atlas Manufacturing', 'Manufacturing', 'enterprise', 1200, '2024-10-01 07:00:00'),
('a1000001-0000-0000-0000-000000000018', 'BlueSky Travel', 'Travel', 'free', 10, '2024-10-15 13:00:00'),
('a1000001-0000-0000-0000-000000000019', 'VeriTrust Legal', 'Legal', 'pro', 55, '2024-11-01 10:00:00'),
('a1000001-0000-0000-0000-000000000020', 'PulsePoint Media', 'Media', 'free', 20, '2024-11-15 16:30:00');

-- Users (50) — roles: owner=5% admin=15% member=60% viewer=20%
INSERT INTO users (id, org_id, email, name, role, last_login, created_at) VALUES
('b2000001-0000-0000-0000-000000000001', 'a1000001-0000-0000-0000-000000000001', 'sarah.chen@nexus.io', 'Sarah Chen', 'owner', '2025-03-15 09:12:00', '2024-01-15 09:05:00'),
('b2000001-0000-0000-0000-000000000002', 'a1000001-0000-0000-0000-000000000001', 'marcus.jones@nexus.io', 'Marcus Jones', 'admin', '2025-03-14 14:30:00', '2024-01-20 10:00:00'),
('b2000001-0000-0000-0000-000000000003', 'a1000001-0000-0000-0000-000000000001', 'priya.patel@nexus.io', 'Priya Patel', 'member', '2025-03-15 08:00:00', '2024-02-01 09:00:00'),
('b2000001-0000-0000-0000-000000000004', 'a1000001-0000-0000-0000-000000000001', 'david.kim@nexus.io', 'David Kim', 'member', '2025-03-10 16:45:00', '2024-02-15 11:30:00'),
('b2000001-0000-0000-0000-000000000005', 'a1000001-0000-0000-0000-000000000001', 'lisa.wang@nexus.io', 'Lisa Wang', 'viewer', '2025-03-01 12:00:00', '2024-03-01 14:00:00'),
('b2000001-0000-0000-0000-000000000006', 'a1000001-0000-0000-0000-000000000002', 'james.wright@brightpath.edu', 'James Wright', 'owner', '2025-03-14 10:20:00', '2024-02-10 14:35:00'),
('b2000001-0000-0000-0000-000000000007', 'a1000001-0000-0000-0000-000000000002', 'maria.garcia@brightpath.edu', 'Maria Garcia', 'member', '2025-03-15 07:00:00', '2024-02-20 09:00:00'),
('b2000001-0000-0000-0000-000000000008', 'a1000001-0000-0000-0000-000000000002', 'tom.baker@brightpath.edu', 'Tom Baker', 'member', '2025-03-12 15:30:00', '2024-03-01 10:00:00'),
('b2000001-0000-0000-0000-000000000009', 'a1000001-0000-0000-0000-000000000003', 'anna.kowalski@cloudvault.com', 'Anna Kowalski', 'owner', '2025-03-15 11:00:00', '2024-03-05 11:20:00'),
('b2000001-0000-0000-0000-000000000010', 'a1000001-0000-0000-0000-000000000003', 'raj.sharma@cloudvault.com', 'Raj Sharma', 'admin', '2025-03-14 09:00:00', '2024-03-10 08:30:00'),
('b2000001-0000-0000-0000-000000000011', 'a1000001-0000-0000-0000-000000000003', 'emma.lee@cloudvault.com', 'Emma Lee', 'member', '2025-03-13 14:15:00', '2024-03-20 10:00:00'),
('b2000001-0000-0000-0000-000000000012', 'a1000001-0000-0000-0000-000000000004', 'noah.green@greenleaf.co', 'Noah Green', 'owner', '2025-03-10 08:00:00', '2024-03-20 08:05:00'),
('b2000001-0000-0000-0000-000000000013', 'a1000001-0000-0000-0000-000000000004', 'olivia.brown@greenleaf.co', 'Olivia Brown', 'member', '2025-02-28 12:00:00', '2024-04-01 09:00:00'),
('b2000001-0000-0000-0000-000000000014', 'a1000001-0000-0000-0000-000000000005', 'dr.johnson@medicore.health', 'Robert Johnson', 'owner', '2025-03-15 07:30:00', '2024-04-01 10:05:00'),
('b2000001-0000-0000-0000-000000000015', 'a1000001-0000-0000-0000-000000000005', 'nurse.williams@medicore.health', 'Karen Williams', 'admin', '2025-03-15 06:45:00', '2024-04-05 08:00:00'),
('b2000001-0000-0000-0000-000000000016', 'a1000001-0000-0000-0000-000000000005', 'tech.davis@medicore.health', 'Michael Davis', 'member', '2025-03-14 10:00:00', '2024-04-10 09:30:00'),
('b2000001-0000-0000-0000-000000000017', 'a1000001-0000-0000-0000-000000000005', 'admin.wilson@medicore.health', 'Jennifer Wilson', 'member', '2025-03-13 16:00:00', '2024-04-15 14:00:00'),
('b2000001-0000-0000-0000-000000000018', 'a1000001-0000-0000-0000-000000000005', 'intern.taylor@medicore.health', 'Chris Taylor', 'viewer', '2025-03-08 11:00:00', '2024-05-01 08:00:00'),
('b2000001-0000-0000-0000-000000000019', 'a1000001-0000-0000-0000-000000000006', 'alex.morgan@finedge.com', 'Alex Morgan', 'owner', '2025-03-15 08:45:00', '2024-04-15 13:50:00'),
('b2000001-0000-0000-0000-000000000020', 'a1000001-0000-0000-0000-000000000006', 'diana.ross@finedge.com', 'Diana Ross', 'member', '2025-03-14 15:00:00', '2024-05-01 10:00:00'),
('b2000001-0000-0000-0000-000000000021', 'a1000001-0000-0000-0000-000000000007', 'frank.miller@quickship.io', 'Frank Miller', 'owner', '2025-03-12 07:00:00', '2024-05-01 07:35:00'),
('b2000001-0000-0000-0000-000000000022', 'a1000001-0000-0000-0000-000000000008', 'grace.lee@urbannest.com', 'Grace Lee', 'owner', '2025-03-09 10:00:00', '2024-05-20 16:05:00'),
('b2000001-0000-0000-0000-000000000023', 'a1000001-0000-0000-0000-000000000009', 'hassan.ali@datastream.ai', 'Hassan Ali', 'owner', '2025-03-15 10:30:00', '2024-06-01 09:35:00'),
('b2000001-0000-0000-0000-000000000024', 'a1000001-0000-0000-0000-000000000009', 'yuki.tanaka@datastream.ai', 'Yuki Tanaka', 'admin', '2025-03-15 09:00:00', '2024-06-05 08:00:00'),
('b2000001-0000-0000-0000-000000000025', 'a1000001-0000-0000-0000-000000000009', 'carlos.rivera@datastream.ai', 'Carlos Rivera', 'member', '2025-03-14 11:00:00', '2024-06-10 10:00:00'),
('b2000001-0000-0000-0000-000000000026', 'a1000001-0000-0000-0000-000000000009', 'sophie.martin@datastream.ai', 'Sophie Martin', 'member', '2025-03-13 14:00:00', '2024-06-15 09:00:00'),
('b2000001-0000-0000-0000-000000000027', 'a1000001-0000-0000-0000-000000000009', 'kevin.o@datastream.ai', 'Kevin O''Brien', 'viewer', '2025-03-05 16:00:00', '2024-07-01 11:00:00'),
('b2000001-0000-0000-0000-000000000028', 'a1000001-0000-0000-0000-000000000010', 'helen.park@pinnacle.co', 'Helen Park', 'owner', '2025-03-11 13:00:00', '2024-06-15 12:05:00'),
('b2000001-0000-0000-0000-000000000029', 'a1000001-0000-0000-0000-000000000011', 'brian.scott@safeguard.com', 'Brian Scott', 'owner', '2025-03-15 07:15:00', '2024-07-01 08:20:00'),
('b2000001-0000-0000-0000-000000000030', 'a1000001-0000-0000-0000-000000000011', 'nina.adams@safeguard.com', 'Nina Adams', 'admin', '2025-03-14 12:30:00', '2024-07-05 09:00:00'),
('b2000001-0000-0000-0000-000000000031', 'a1000001-0000-0000-0000-000000000011', 'peter.white@safeguard.com', 'Peter White', 'member', '2025-03-13 10:00:00', '2024-07-10 11:00:00'),
('b2000001-0000-0000-0000-000000000032', 'a1000001-0000-0000-0000-000000000012', 'rosa.martinez@tastebud.com', 'Rosa Martinez', 'owner', '2025-03-08 18:00:00', '2024-07-20 15:05:00'),
('b2000001-0000-0000-0000-000000000033', 'a1000001-0000-0000-0000-000000000013', 'leo.chang@codeforge.dev', 'Leo Chang', 'owner', '2025-03-15 09:45:00', '2024-08-01 10:35:00'),
('b2000001-0000-0000-0000-000000000034', 'a1000001-0000-0000-0000-000000000013', 'amy.zhao@codeforge.dev', 'Amy Zhao', 'member', '2025-03-14 08:30:00', '2024-08-10 09:00:00'),
('b2000001-0000-0000-0000-000000000035', 'a1000001-0000-0000-0000-000000000014', 'sam.green@ecowatt.com', 'Sam Green', 'owner', '2025-03-06 14:00:00', '2024-08-15 14:05:00'),
('b2000001-0000-0000-0000-000000000036', 'a1000001-0000-0000-0000-000000000015', 'rachel.kim@swiftpay.io', 'Rachel Kim', 'owner', '2025-03-15 08:00:00', '2024-09-01 11:05:00'),
('b2000001-0000-0000-0000-000000000037', 'a1000001-0000-0000-0000-000000000015', 'derek.hall@swiftpay.io', 'Derek Hall', 'admin', '2025-03-14 13:00:00', '2024-09-05 10:00:00'),
('b2000001-0000-0000-0000-000000000038', 'a1000001-0000-0000-0000-000000000015', 'mia.johnson@swiftpay.io', 'Mia Johnson', 'member', '2025-03-13 11:30:00', '2024-09-10 09:00:00'),
('b2000001-0000-0000-0000-000000000039', 'a1000001-0000-0000-0000-000000000016', 'principal.oak@harmony.edu', 'Patricia Oak', 'owner', '2025-03-10 08:00:00', '2024-09-20 09:05:00'),
('b2000001-0000-0000-0000-000000000040', 'a1000001-0000-0000-0000-000000000016', 'teacher.elm@harmony.edu', 'Robert Elm', 'member', '2025-03-09 15:00:00', '2024-10-01 08:00:00'),
('b2000001-0000-0000-0000-000000000041', 'a1000001-0000-0000-0000-000000000017', 'ceo.atlas@atlas-mfg.com', 'Victoria Atlas', 'owner', '2025-03-15 06:30:00', '2024-10-01 07:05:00'),
('b2000001-0000-0000-0000-000000000042', 'a1000001-0000-0000-0000-000000000017', 'cto.atlas@atlas-mfg.com', 'Douglas Stone', 'admin', '2025-03-15 07:00:00', '2024-10-02 08:00:00'),
('b2000001-0000-0000-0000-000000000043', 'a1000001-0000-0000-0000-000000000017', 'eng.atlas@atlas-mfg.com', 'Tanya Brooks', 'member', '2025-03-14 09:30:00', '2024-10-05 09:00:00'),
('b2000001-0000-0000-0000-000000000044', 'a1000001-0000-0000-0000-000000000017', 'qa.atlas@atlas-mfg.com', 'Luis Ortiz', 'member', '2025-03-12 14:00:00', '2024-10-10 10:00:00'),
('b2000001-0000-0000-0000-000000000045', 'a1000001-0000-0000-0000-000000000017', 'intern.atlas@atlas-mfg.com', 'Jenny Park', 'viewer', '2025-02-20 11:00:00', '2024-11-01 09:00:00'),
('b2000001-0000-0000-0000-000000000046', 'a1000001-0000-0000-0000-000000000018', 'owner@bluesky.travel', 'Marco Rossi', 'owner', '2025-03-07 10:00:00', '2024-10-15 13:05:00'),
('b2000001-0000-0000-0000-000000000047', 'a1000001-0000-0000-0000-000000000019', 'partner@veritrust.law', 'Elizabeth Grant', 'owner', '2025-03-15 08:30:00', '2024-11-01 10:05:00'),
('b2000001-0000-0000-0000-000000000048', 'a1000001-0000-0000-0000-000000000019', 'associate@veritrust.law', 'Nathan Reed', 'member', '2025-03-14 17:00:00', '2024-11-05 09:00:00'),
('b2000001-0000-0000-0000-000000000049', 'a1000001-0000-0000-0000-000000000020', 'editor@pulsepoint.media', 'Zoe Campbell', 'owner', '2025-03-11 12:00:00', '2024-11-15 16:35:00'),
('b2000001-0000-0000-0000-000000000050', 'a1000001-0000-0000-0000-000000000020', 'writer@pulsepoint.media', 'Aiden Fox', 'member', '2025-03-10 09:00:00', '2024-12-01 10:00:00');

-- Subscriptions (30) — plan: free=60% pro=30% enterprise=10% | status: active=60% trial=15% cancelled=15% past_due=10%
-- LIFECYCLE: cancelled → next_billing_at = NULL
INSERT INTO subscriptions (id, org_id, plan, status, amount, started_at, next_billing_at, created_at) VALUES
('c3000001-0000-0000-0000-000000000001', 'a1000001-0000-0000-0000-000000000001', 'enterprise', 'active', 499.00, '2024-01-15 09:10:00', '2025-04-15 09:10:00', '2024-01-15 09:10:00'),
('c3000001-0000-0000-0000-000000000002', 'a1000001-0000-0000-0000-000000000002', 'pro', 'active', 29.00, '2024-02-10 14:40:00', '2025-04-10 14:40:00', '2024-02-10 14:40:00'),
('c3000001-0000-0000-0000-000000000003', 'a1000001-0000-0000-0000-000000000003', 'pro', 'active', 29.00, '2024-03-05 11:20:00', '2025-04-05 11:20:00', '2024-03-05 11:20:00'),
('c3000001-0000-0000-0000-000000000004', 'a1000001-0000-0000-0000-000000000004', 'free', 'active', 0.00, '2024-03-20 08:05:00', '2025-04-20 08:05:00', '2024-03-20 08:05:00'),
('c3000001-0000-0000-0000-000000000005', 'a1000001-0000-0000-0000-000000000005', 'enterprise', 'active', 499.00, '2024-04-01 10:10:00', '2025-05-01 10:10:00', '2024-04-01 10:10:00'),
('c3000001-0000-0000-0000-000000000006', 'a1000001-0000-0000-0000-000000000006', 'pro', 'active', 29.00, '2024-04-15 14:00:00', '2025-04-15 14:00:00', '2024-04-15 14:00:00'),
('c3000001-0000-0000-0000-000000000007', 'a1000001-0000-0000-0000-000000000007', 'free', 'active', 0.00, '2024-05-01 07:35:00', '2025-05-01 07:35:00', '2024-05-01 07:35:00'),
('c3000001-0000-0000-0000-000000000008', 'a1000001-0000-0000-0000-000000000008', 'free', 'cancelled', 0.00, '2024-05-20 16:10:00', NULL, '2024-05-20 16:10:00'),
('c3000001-0000-0000-0000-000000000009', 'a1000001-0000-0000-0000-000000000009', 'pro', 'active', 29.00, '2024-06-01 09:40:00', '2025-04-01 09:40:00', '2024-06-01 09:40:00'),
('c3000001-0000-0000-0000-000000000010', 'a1000001-0000-0000-0000-000000000010', 'free', 'active', 0.00, '2024-06-15 12:05:00', '2025-06-15 12:05:00', '2024-06-15 12:05:00'),
('c3000001-0000-0000-0000-000000000011', 'a1000001-0000-0000-0000-000000000011', 'pro', 'active', 29.00, '2024-07-01 08:25:00', '2025-04-01 08:25:00', '2024-07-01 08:25:00'),
('c3000001-0000-0000-0000-000000000012', 'a1000001-0000-0000-0000-000000000012', 'free', 'cancelled', 0.00, '2024-07-20 15:10:00', NULL, '2024-07-20 15:10:00'),
('c3000001-0000-0000-0000-000000000013', 'a1000001-0000-0000-0000-000000000013', 'pro', 'active', 29.00, '2024-08-01 10:40:00', '2025-04-01 10:40:00', '2024-08-01 10:40:00'),
('c3000001-0000-0000-0000-000000000014', 'a1000001-0000-0000-0000-000000000014', 'free', 'trial', 0.00, '2025-01-15 14:10:00', '2025-04-15 14:10:00', '2025-01-15 14:10:00'),
('c3000001-0000-0000-0000-000000000015', 'a1000001-0000-0000-0000-000000000015', 'pro', 'active', 29.00, '2024-09-01 11:10:00', '2025-04-01 11:10:00', '2024-09-01 11:10:00'),
('c3000001-0000-0000-0000-000000000016', 'a1000001-0000-0000-0000-000000000016', 'free', 'active', 0.00, '2024-09-20 09:10:00', '2025-09-20 09:10:00', '2024-09-20 09:10:00'),
('c3000001-0000-0000-0000-000000000017', 'a1000001-0000-0000-0000-000000000017', 'enterprise', 'active', 499.00, '2024-10-01 07:10:00', '2025-04-01 07:10:00', '2024-10-01 07:10:00'),
('c3000001-0000-0000-0000-000000000018', 'a1000001-0000-0000-0000-000000000018', 'free', 'cancelled', 0.00, '2024-10-15 13:10:00', NULL, '2024-10-15 13:10:00'),
('c3000001-0000-0000-0000-000000000019', 'a1000001-0000-0000-0000-000000000019', 'pro', 'past_due', 29.00, '2024-11-01 10:10:00', '2025-03-01 10:10:00', '2024-11-01 10:10:00'),
('c3000001-0000-0000-0000-000000000020', 'a1000001-0000-0000-0000-000000000020', 'free', 'trial', 0.00, '2025-02-01 16:40:00', '2025-05-01 16:40:00', '2025-02-01 16:40:00');

-- Payments (70) — status: completed=70% pending=15% failed=10% refunded=5% | method: card=60% bank=25% paypal=15%
INSERT INTO payments (id, subscription_id, amount, status, method, processed_at, created_at) VALUES
('d4000001-0000-0000-0000-000000000001', 'c3000001-0000-0000-0000-000000000001', 499.00, 'completed', 'card', '2024-02-15 09:12:00', '2024-02-15 09:10:00'),
('d4000001-0000-0000-0000-000000000002', 'c3000001-0000-0000-0000-000000000001', 499.00, 'completed', 'card', '2024-03-15 09:11:00', '2024-03-15 09:10:00'),
('d4000001-0000-0000-0000-000000000003', 'c3000001-0000-0000-0000-000000000001', 499.00, 'completed', 'card', '2024-04-15 09:13:00', '2024-04-15 09:10:00'),
('d4000001-0000-0000-0000-000000000004', 'c3000001-0000-0000-0000-000000000002', 29.00, 'completed', 'card', '2024-03-10 14:42:00', '2024-03-10 14:40:00'),
('d4000001-0000-0000-0000-000000000005', 'c3000001-0000-0000-0000-000000000002', 29.00, 'completed', 'card', '2024-04-10 14:41:00', '2024-04-10 14:40:00'),
('d4000001-0000-0000-0000-000000000006', 'c3000001-0000-0000-0000-000000000002', 29.00, 'completed', 'bank', '2024-05-10 14:45:00', '2024-05-10 14:40:00'),
('d4000001-0000-0000-0000-000000000007', 'c3000001-0000-0000-0000-000000000003', 29.00, 'completed', 'paypal', '2024-04-05 11:22:00', '2024-04-05 11:20:00'),
('d4000001-0000-0000-0000-000000000008', 'c3000001-0000-0000-0000-000000000003', 29.00, 'completed', 'paypal', '2024-05-05 11:21:00', '2024-05-05 11:20:00'),
('d4000001-0000-0000-0000-000000000009', 'c3000001-0000-0000-0000-000000000005', 499.00, 'completed', 'bank', '2024-05-01 10:15:00', '2024-05-01 10:10:00'),
('d4000001-0000-0000-0000-000000000010', 'c3000001-0000-0000-0000-000000000005', 499.00, 'completed', 'bank', '2024-06-01 10:12:00', '2024-06-01 10:10:00'),
('d4000001-0000-0000-0000-000000000011', 'c3000001-0000-0000-0000-000000000005', 499.00, 'completed', 'bank', '2024-07-01 10:14:00', '2024-07-01 10:10:00'),
('d4000001-0000-0000-0000-000000000012', 'c3000001-0000-0000-0000-000000000005', 499.00, 'failed', 'bank', '2024-08-01 10:10:00', '2024-08-01 10:10:00'),
('d4000001-0000-0000-0000-000000000013', 'c3000001-0000-0000-0000-000000000005', 499.00, 'completed', 'card', '2024-08-02 14:30:00', '2024-08-02 14:28:00'),
('d4000001-0000-0000-0000-000000000014', 'c3000001-0000-0000-0000-000000000006', 29.00, 'completed', 'card', '2024-05-15 14:02:00', '2024-05-15 14:00:00'),
('d4000001-0000-0000-0000-000000000015', 'c3000001-0000-0000-0000-000000000006', 29.00, 'completed', 'card', '2024-06-15 14:01:00', '2024-06-15 14:00:00'),
('d4000001-0000-0000-0000-000000000016', 'c3000001-0000-0000-0000-000000000009', 29.00, 'completed', 'card', '2024-07-01 09:42:00', '2024-07-01 09:40:00'),
('d4000001-0000-0000-0000-000000000017', 'c3000001-0000-0000-0000-000000000009', 29.00, 'completed', 'card', '2024-08-01 09:41:00', '2024-08-01 09:40:00'),
('d4000001-0000-0000-0000-000000000018', 'c3000001-0000-0000-0000-000000000009', 29.00, 'pending', 'card', '2024-09-01 09:40:00', '2024-09-01 09:40:00'),
('d4000001-0000-0000-0000-000000000019', 'c3000001-0000-0000-0000-000000000011', 29.00, 'completed', 'paypal', '2024-08-01 08:27:00', '2024-08-01 08:25:00'),
('d4000001-0000-0000-0000-000000000020', 'c3000001-0000-0000-0000-000000000011', 29.00, 'completed', 'paypal', '2024-09-01 08:26:00', '2024-09-01 08:25:00'),
('d4000001-0000-0000-0000-000000000021', 'c3000001-0000-0000-0000-000000000013', 29.00, 'completed', 'card', '2024-09-01 10:42:00', '2024-09-01 10:40:00'),
('d4000001-0000-0000-0000-000000000022', 'c3000001-0000-0000-0000-000000000013', 29.00, 'refunded', 'card', '2024-10-01 10:50:00', '2024-10-01 10:40:00'),
('d4000001-0000-0000-0000-000000000023', 'c3000001-0000-0000-0000-000000000015', 29.00, 'completed', 'bank', '2024-10-01 11:12:00', '2024-10-01 11:10:00'),
('d4000001-0000-0000-0000-000000000024', 'c3000001-0000-0000-0000-000000000015', 29.00, 'completed', 'bank', '2024-11-01 11:11:00', '2024-11-01 11:10:00'),
('d4000001-0000-0000-0000-000000000025', 'c3000001-0000-0000-0000-000000000015', 29.00, 'failed', 'bank', '2024-12-01 11:10:00', '2024-12-01 11:10:00'),
('d4000001-0000-0000-0000-000000000026', 'c3000001-0000-0000-0000-000000000017', 499.00, 'completed', 'bank', '2024-11-01 07:12:00', '2024-11-01 07:10:00'),
('d4000001-0000-0000-0000-000000000027', 'c3000001-0000-0000-0000-000000000017', 499.00, 'completed', 'bank', '2024-12-01 07:11:00', '2024-12-01 07:10:00'),
('d4000001-0000-0000-0000-000000000028', 'c3000001-0000-0000-0000-000000000017', 499.00, 'completed', 'bank', '2025-01-01 07:13:00', '2025-01-01 07:10:00'),
('d4000001-0000-0000-0000-000000000029', 'c3000001-0000-0000-0000-000000000019', 29.00, 'pending', 'card', '2025-03-01 10:10:00', '2025-03-01 10:10:00'),
('d4000001-0000-0000-0000-000000000030', 'c3000001-0000-0000-0000-000000000019', 29.00, 'failed', 'card', '2025-02-01 10:10:00', '2025-02-01 10:10:00');
