id,diagnosis_id,mutation,created_at
"95899f46-41ba-4015-7cb9-43484a6b6899","b4f65a74-d17c-4a0d-2238-15e4ee734221","EGFR","2025-07-06T08:05:12.698Z"
"af30e53f-4f7d-4c28-ebfc-8a56e8d4a60e","bfb4bc2d-4f9c-47cb-d65b-a4e9b60fd2d7","KRAS","2026-01-24T08:10:33.247Z"
"72edbc47-926d-4112-60d5-d8b1b69728b0","34b25fde-d9a9-4331-1d1e-2d0b37957124","EGFR","2026-02-23T20:38:12.782Z"
"69828fc7-4e72-4c18-f33b-d9a5587f5a8d","b4f65a74-d17c-4a0d-2238-15e4ee734221","WT","2025-10-05T22:59:22.291Z"
"5c6f4548-77df-4c3f-1259-69a8ab354015","316adda1-2fc7-4c68-e3a1-958c49392538","KRAS","2026-01-22T09:36:27.890Z"
"a1184978-b3d5-43e3-de4e-71061cd038e7","cd66682e-c779-4aa5-53bb-f9cad8fd8e9b","WT","2025-06-04T18:55:13.759Z"
"cdec2eec-647d-45fb-da69-97062449e95c","9cda340a-8548-444f-d036-9e26c66320cd","KRAS","2026-03-31T01:25:48.546Z"
"37f540be-3a61-4e01-057a-781a9e8d1f10","bfb4bc2d-4f9c-47cb-d65b-a4e9b60fd2d7","BRAF","2026-01-02T00:05:21.810Z"
"49f64df7-cc4b-4e87-a69d-823dca427749","66655069-4e87-4e84-47d1-43c93b9b031f","EGFR","2026-03-11T21:12:12.953Z"
"caab1059-8240-4938-dbef-33484914c84a","f743d565-063b-4fe5-544e-bcd87bda13c4","BRAF","2025-12-10T13:29:53.160Z"
"e85cadb1-66b8-449b-5c34-8394c59250fc","b32dc727-b3f2-462f-c072-03a0a1d2534d","BRAF","2025-05-07T19:17:07.938Z"
"23f453e5-3e17-4e65-2ac4-aa83f0adb0d6","fde1ae8c-e793-49e4-60c6-ba7b52c972ad","BRAF","2026-04-02T12:22:13.044Z"
"0f006acc-3c3c-47b5-c81c-e9333906d1fc","66f60f47-d150-4440-fbb0-be6e55459e79","WT","2025-04-27T20:23:09.965Z"
"e3b2abfa-82c0-4785-5ab7-fd67dcd2d11d","9995f0ee-1d43-4a97-d6fb-c848339cb13a","EGFR","2026-01-27T01:12:24.123Z"
"b75f32e8-1bcb-4ea9-4498-2891f33463b4","70df4167-a744-49d6-8cbe-45296d6b2284","BRAF","2025-07-17T00:39:10.524Z"
"1373654a-f6ad-43a7-bec5-ee61fff80189","764f344b-bfc3-464d-1346-d7b4bf19c0b3","BRAF","2025-07-25T04:12:11.335Z"
"73af05c7-6702-4f47-a4e1-ade6e29a7818","50d34a2c-3c41-4903-df03-bde93dd56a9c","WT","2025-08-15T08:41:44.911Z"
"f90000f8-615b-447d-9ccb-78551e98ddab","e00251b5-b23b-4d75-07c0-833b37df6405","KRAS","2025-04-30T08:27:43.113Z"
"7e361f5e-90c1-4aec-477e-62db5ae9559b","0f855aa2-bb8d-4d52-8894-ae11716c2123","EGFR","2026-01-30T16:12:38.481Z"
"331a111b-af03-456b-2747-2faa34aecbd1","c36e553f-b117-4539-deaa-632447255636","BRAF","2025-12-09T18:18:47.813Z"
"f9a3d379-66f9-4905-e774-79c74a79ddf9","9995f0ee-1d43-4a97-d6fb-c848339cb13a","EGFR","2026-01-28T00:44:40.719Z"
"c28205f7-8e21-4a52-932d-5103d2ff8d00","beda1e73-c49d-4062-99af-ed18d9e041e2","WT","2025-06-18T23:50:36.668Z"
"53fb9d65-e384-42c6-fb76-e5814f779568","620c6a84-b315-4bfe-14e7-d931951557d5","KRAS","2026-02-03T12:25:15.032Z"
"5a1b7379-ce7c-411a-fb58-670b211dd822","d08f66c0-8ee2-4eb6-6915-71dd18d5303d","WT","2025-09-02T17:03:48.803Z"
"c6f96c3a-1fed-4a79-5f5d-24e87c90c4b7","b90f1270-4ee3-44a1-6e69-3a962536acfe","WT","2025-09-07T10:49:58.834Z"
"edc1ddd1-2098-46b4-b360-84338cd3d29f","205e82a9-a778-48d8-2651-613e130ded4d","WT","2026-03-04T19:05:02.159Z"
"12eef97e-eb73-4188-e648-5b0f4dac955b","27503135-01a1-49f8-f481-bf94d4ff4618","WT","2026-03-03T12:18:27.943Z"
"8d384c28-8769-43e3-7475-0af2f1ba7bb6","1937f802-22fc-43e7-12f3-14cef78ed9c1","WT","2025-06-18T04:03:14.406Z"
"dd9aad77-7c3b-4d35-32e0-4345f35c4544","b32dc727-b3f2-462f-c072-03a0a1d2534d","WT","2025-10-03T23:15:59.042Z"
"068c52b5-0a39-4d99-8904-cdd8b481ed57","77cb6cab-1111-4745-4cdb-ad18ba6e076c","WT","2025-06-13T11:06:25.594Z"
"512eaede-f879-4197-34ef-0f7ece283f07","5e7d6d00-0eee-4a64-db65-3e06d09fb277","WT","2025-06-05T21:07:26.874Z"
"0c0f607b-6e12-4106-c12e-1c8c5f77d51b","c8c163be-4df6-41ab-7444-6dfe277a582f","WT","2025-07-17T05:52:02.228Z"
"0e3b0186-2031-492b-2c76-a362d8a7a5fd","df158556-70c7-4198-dd28-6cf3b66b3969","WT","2025-08-01T18:08:15.463Z"
"dc3746d8-8aa2-4464-a9dc-d00a2b3af8fd","c2219c9f-134a-4268-93ae-2806921172e0","EGFR","2025-05-16T11:21:01.911Z"
"0a5b4976-f2f4-47e5-5952-fb02e5a1109b","5358f2fc-74f4-49b8-4c07-77d0f2e1ded5","WT","2026-01-17T01:38:07.182Z"
"9aa6d670-1f0f-4a34-9bab-29ccf29af0be","fde1ae8c-e793-49e4-60c6-ba7b52c972ad","EGFR","2026-03-10T04:56:05.366Z"
"b48eacce-0258-49bd-6be6-33097070f9b8","4f3de12e-f6c0-49ad-1cc3-159c5a2d3633","WT","2025-10-23T07:10:40.621Z"
"943c4edc-f65e-4d8c-b537-e7d249c45f6c","6e28d84d-e7fd-4f67-1be6-b5bd757868b8","EGFR","2025-11-16T08:50:29.617Z"
"589902fe-4ea9-4db4-8cfc-75e5c85f9279","fa40155b-1c22-4927-7915-d6eb98bdf7ea","EGFR","2025-04-20T20:57:57.978Z"
"fc4fb671-f721-48e3-7c96-6ee78a880de7","e0d6d133-8e13-447f-1493-7e3b27400a1d","EGFR","2025-11-26T08:49:40.353Z"
"8097c498-2099-4c4a-6fac-6a7d7d1088f7","b172026d-c52d-47bd-c263-6603ee62a319","EGFR","2025-07-12T19:52:52.964Z"
"0f6c2dbf-fe90-4376-116d-3b4a79a9eca9","beda1e73-c49d-4062-99af-ed18d9e041e2","WT","2025-05-22T15:40:04.274Z"
"51529c32-b924-4f51-86c3-0b3f087026f6","24e174f1-eeab-442a-51e8-000cd4b85e64","EGFR","2025-08-12T06:55:44.245Z"
"b537215b-976e-41a8-9855-3953250372a1","73f04b37-d4ce-40ce-5725-2b29ee122105","KRAS","2025-11-01T08:43:33.433Z"
"7154ea54-e6ee-4751-8455-e259b2e61022","219853cf-5b2d-44d0-327b-f49ab872af98","KRAS","2025-12-31T19:58:23.319Z"
"cf136259-6194-4172-c5ed-2e700f72d6d8","10e1eaf7-9736-4dd0-9623-4466e4f5c8af","EGFR","2025-10-06T16:15:43.532Z"
"f26abdac-476e-4132-c45f-10872f1ef2f5","6bf75976-5d00-49b7-7471-b9eb660b10f9","WT","2026-01-22T00:23:07.331Z"
"9ecfddb6-e95d-4071-8348-cac9df03bb05","4bb91812-2f29-4502-996b-909ed174ca60","WT","2026-01-30T00:16:00.819Z"
"c2e361d9-0f2a-4e4d-3264-d8a37db78b30","ff98c6f7-1f72-441c-fcd2-b73f5fa5be16","WT","2025-11-21T15:11:01.698Z"
"689a9dfe-bc21-4fc3-0c4a-80735760d47d","b36a8269-573d-49cf-b993-6a127c1338da","EGFR","2025-12-01T20:01:47.824Z"
"7d3ba7ad-29d9-4077-9395-3d7bd3b93444","870b150c-faa0-48aa-1526-085a69cc8c94","EGFR","2025-11-14T12:55:49.040Z"
"b6ab7513-6ddf-4364-7303-c4f7a8c219eb","12e41660-3c6c-464d-e40f-46b33a4b46ec","KRAS","2025-09-12T16:44:20.106Z"
"c98dede3-4779-4ef3-cfe7-ec768c3b51d7","e2e96963-20fc-4c22-8580-1112f08e149e","WT","2025-06-15T10:49:52.949Z"
"8a7fccdc-c0b7-4b4a-2b9f-e369ab0ac24a","58e7080d-88c0-4b5b-b3ba-3abc6fc7d56c","WT","2026-03-20T00:36:33.452Z"
"0c3ce252-569b-46ba-25f6-4369d47f28b7","63894722-c3a1-4e42-6237-d789c77d07cb","WT","2026-01-21T06:42:36.535Z"
"ef4c5360-e4d5-4687-2d87-75ff04883f0f","0ec8dc91-105c-4362-91d7-9bfac6515441","WT","2025-08-25T05:46:50.747Z"
"398b4942-692c-45cd-bf68-3b1b59a48f17","6e28d84d-e7fd-4f67-1be6-b5bd757868b8","BRAF","2025-05-12T15:24:15.310Z"
"b785934b-7fde-4ccb-a431-309cfd9fedad","0f855aa2-bb8d-4d52-8894-ae11716c2123","WT","2026-03-24T18:13:55.339Z"
"0125e115-b5b9-464b-2c65-29db016ea3a0","5e7d6d00-0eee-4a64-db65-3e06d09fb277","WT","2025-08-06T21:19:52.756Z"
"97728c8b-0f1c-401d-a929-9c273a7e2b19","4a971c6f-e4e2-4cc8-dc7b-f10fb13ddbdf","BRAF","2025-05-01T15:13:25.466Z"
"ccb824ed-5742-4ec2-da3e-c89315cc52e5","a6c261fb-7f13-422d-ca3e-7ddd28130be0","WT","2025-06-06T03:54:23.273Z"
"014fe4f9-e0a1-432f-bf7a-eac5c07653f0","1937f802-22fc-43e7-12f3-14cef78ed9c1","KRAS","2026-04-08T14:23:19.214Z"
"967a80c2-9b89-4e70-8498-eac5b04aa104","5510d7d6-87a0-4195-18a9-0845c2cdb081","KRAS","2026-02-13T20:56:23.531Z"
"4a83674d-3028-4bf2-ba30-bb85d0c49d1d","e2e96963-20fc-4c22-8580-1112f08e149e","KRAS","2025-06-13T06:35:33.780Z"
"9d8bab23-b126-4f4b-2952-f14e402e9ac1","0384b294-7081-4f9d-0d74-52f435b8ed34","KRAS","2025-12-27T01:52:24.589Z"
"53fa6818-fc42-4be7-3ad9-ea00b169008c","d9b3b5cd-0196-448b-905e-aea84849b8ae","WT","2026-03-10T18:38:19.800Z"
"27c0e3c6-616d-4127-696a-52927c469410","8c861563-b4b4-4025-068a-0f1805e9b3bb","WT","2025-10-31T15:00:37.408Z"
"2861fb89-6f22-49ca-e304-612486a128cc","63894722-c3a1-4e42-6237-d789c77d07cb","BRAF","2025-04-27T01:42:29.428Z"
"b63e123e-4c7a-4def-6c00-70c31f35a9ed","9329a131-1ffb-43ce-bfba-e8d2bce2b70e","BRAF","2025-05-05T18:19:54.855Z"
"200f17e4-e833-492c-cd7a-17085d880607","870b150c-faa0-48aa-1526-085a69cc8c94","KRAS","2026-01-02T03:08:11.209Z"
"49fde8a6-e726-430f-3f40-23f9e568fc06","9329a131-1ffb-43ce-bfba-e8d2bce2b70e","WT","2025-09-14T02:32:51.772Z"
"b6d6b2ba-dcbe-40c4-3697-13c0bef1187f","9ccf86c7-870c-4833-518b-17c5d0e9f0ee","WT","2025-12-21T18:17:24.650Z"
"9adb79c2-d69e-4465-ff79-0a6adfb5f961","d08f66c0-8ee2-4eb6-6915-71dd18d5303d","WT","2025-08-02T06:10:32.403Z"
"86f86d85-956e-438c-ad89-974747e44b64","6290b4f9-afc3-472f-56e1-f9bdbf278b78","BRAF","2026-01-09T08:57:43.738Z"
"005b92c0-4842-40cc-0025-ab72c71da85c","cfeb431a-79f4-4236-6f64-3ece5fa43070","BRAF","2025-12-02T08:21:00.181Z"
"4a1b9b2c-ca7f-4331-7cf2-ed51a847cb65","a01205fc-4121-4e2b-4467-3d4bd8017fcf","EGFR","2025-07-14T20:57:16.301Z"
"af375da4-6ecf-41d4-99ac-54b8ff6fd74b","901ddc25-9fba-4c5c-8137-6ff29ba6fd01","WT","2025-12-27T13:47:25.423Z"
"5c8716d1-c33d-453e-fb1c-ac6393d61852","a90e1576-a021-45f5-65ce-c122c43e388f","KRAS","2025-06-10T04:16:41.542Z"
"4b82db50-3a8b-44e2-6e0c-34b7bac2390c","10e1eaf7-9736-4dd0-9623-4466e4f5c8af","BRAF","2026-03-29T09:28:53.953Z"
"37fe2fda-5ffd-4aa8-78a2-0dd6905aee11","6c802ade-21fb-4781-1ff8-6eb6d05af4c1","EGFR","2025-12-14T21:15:49.249Z"
"1250b5a1-8d72-45c4-e596-7c0b047f3f67","e996c58e-8200-4248-32d9-0318b0c418b2","BRAF","2025-12-16T02:18:49.416Z"
"2976b953-4d29-44fe-3f16-13077fe99e3f","4ef1e6ae-25a9-4d22-638f-7b57abc185e2","BRAF","2025-12-18T10:39:05.309Z"
"aea917b0-302f-41b9-27b8-d9ee06c140e8","9c95a2df-b02b-43b2-4cb5-37bc1beae849","WT","2025-06-24T00:16:22.177Z"
"ea93b2c6-41fc-4297-5579-7f9474ec0305","06e29318-d15e-40b9-0b28-814e0f040e23","BRAF","2025-11-18T16:31:29.908Z"
"df4b47c5-abf6-4945-0eb0-2011d1da6548","d98bbcb3-cb34-48a6-bd8a-da2f8b9dec3d","BRAF","2025-12-27T13:06:45.497Z"
"424aabf3-d504-4ce3-2129-4e8151bc7966","9995f0ee-1d43-4a97-d6fb-c848339cb13a","BRAF","2025-06-16T19:32:28.661Z"
"fc546980-47ea-47d8-7399-d3af3c68f1d8","454aea57-dcc1-4257-512f-b1c053f34449","EGFR","2025-05-30T22:45:52.680Z"
"39ebff4b-8a2b-4040-0e40-5c083a7a47f6","12e41660-3c6c-464d-e40f-46b33a4b46ec","KRAS","2026-01-09T14:23:52.456Z"
"9198ee53-8f97-4c34-cb89-4c9e08249ab3","0f855aa2-bb8d-4d52-8894-ae11716c2123","WT","2025-08-29T11:32:10.514Z"
"6242b223-a281-4b5d-f943-484f0a1a21ce","b4506efa-479a-4026-429d-9da7419f6087","WT","2025-07-15T22:59:27.806Z"
"25285c95-770c-4f8a-64ff-13a20687c022","b9962176-cc64-46f4-70f8-de10a2564622","EGFR","2026-03-15T09:34:32.792Z"
"e29263fe-2f8d-4336-cc05-385cb9a862d9","beda1e73-c49d-4062-99af-ed18d9e041e2","WT","2025-09-20T04:13:51.681Z"
"e4e82b20-4f6b-48dd-0d8d-0ee27b6bcf2c","5fc76c06-af09-4081-e540-61b873b4dfd9","WT","2025-08-30T02:24:39.084Z"
"293d8c68-8d8e-4821-9e42-4ba8bdc215f9","812e9459-aaf4-464b-3501-68110c6d3826","WT","2025-07-28T12:06:47.302Z"
"a8adb435-dbda-43ea-9e4a-69a8a850dc47","94342485-b017-4914-d668-06356a833891","WT","2026-03-01T05:05:54.825Z"
"f5ffa045-a5de-4592-8b73-67fb46b25cf7","697c8ad1-58f9-4d11-92b4-67f62cb97d5e","WT","2026-03-10T14:43:37.676Z"
"396ae625-07ab-4d59-4c18-452cad8554d8","fc412948-f1c7-428a-78c5-0451281042b6","KRAS","2026-03-05T11:56:53.730Z"
"6995f164-f6b9-42f8-5ac0-93323cd652d5","9995f0ee-1d43-4a97-d6fb-c848339cb13a","BRAF","2025-11-22T04:59:35.276Z"
"749b8d5d-7c32-474d-5af0-1491330c65a9","197df87a-4064-420e-45dd-9e2c86656094","WT","2026-02-27T10:24:52.310Z"
"363b8ec8-e65b-46f4-1005-d4554cc1ddf6","901ddc25-9fba-4c5c-8137-6ff29ba6fd01","WT","2026-03-06T06:11:28.229Z"
"901c1b83-588f-48f0-b965-615d8e653869","812e9459-aaf4-464b-3501-68110c6d3826","WT","2025-09-05T08:14:00.878Z"
"49c66769-d545-4fdd-0171-ce00a55b5614","08e4c3c1-ffe0-4bf1-f84b-78097354aafc","WT","2025-10-29T21:57:17.912Z"
"9d224f89-d327-4b24-d541-daa23b9eebc7","0557a7a5-a647-434a-b132-a101443c3f5e","WT","2025-06-04T01:09:50.658Z"
"255123cd-d65b-451c-245f-0ecb61d6f41b","aae7b9b6-f3c9-44f5-8aef-a3eedea9963e","WT","2026-01-21T19:10:47.850Z"
"3bd43256-e5af-4d02-86c2-6f64d9e22f20","b3fbaeb1-fd62-4491-80f8-b8b3d2538a7e","KRAS","2025-05-17T05:37:42.530Z"
"3ef50df0-c775-4274-3745-8edb2345e4dd","2a8f79a1-5130-4293-7fb1-a16e7ffb8fb3","WT","2026-02-17T15:09:59.908Z"
"6ef0e4f1-01a0-4bfd-98ee-d08e37906232","f9a57586-b158-465a-721f-606282658064","KRAS","2025-12-20T08:11:39.152Z"
"cc0609e8-a4a6-44ff-60c9-e4863f2360cf","27503135-01a1-49f8-f481-bf94d4ff4618","WT","2025-10-29T00:44:32.781Z"
"8a3fff50-e565-4157-a04c-67b1474cdc18","b40459cf-db4a-40ef-670b-2dada7648a8b","WT","2025-06-22T16:35:40.540Z"
"50bfe0a6-5db8-44f9-df52-63611fd92e8c","dd1960e6-a3b8-4556-5d04-3f1439745757","WT","2026-02-21T11:51:22.977Z"
"428c59c5-04b9-4081-43f2-e9fe35de74f9","7699749a-51c5-44bf-6f8a-579fd6b5bae2","WT","2025-10-18T19:09:42.698Z"
"2f017b07-7817-4be7-a98e-ee83102b30e3","34b25fde-d9a9-4331-1d1e-2d0b37957124","EGFR","2025-12-27T23:02:21.418Z"
"3ff13858-8e3c-412f-5062-864ba11fe03a","ff2313dd-cd55-4c17-e354-71aa1544fbd9","WT","2025-08-26T21:23:59.079Z"
"be61ee1c-0687-4eb1-5544-ca52d8e6692e","e5499fe0-dc81-4481-cd7a-57d955d51637","WT","2025-10-11T07:08:23.426Z"
"a808d2a6-f562-40b4-4733-a9eb9130590f","b2d385a2-ddbf-42a7-1617-8dfe8433be67","BRAF","2025-07-18T12:04:42.934Z"
"7860b70a-87b6-4eac-4c50-bf38e94882ff","8c71ab54-bee2-4c70-3c27-8c101b045ca8","EGFR","2025-06-17T05:17:33.299Z"
"6696bd3a-77c5-455e-ce76-18fd0b19f427","8fa93eeb-4e5f-4ba0-d9a3-e7266269be40","BRAF","2025-07-03T10:38:50.807Z"
"690590ea-4e57-4ab7-54dd-3394252987d9","884ce4c5-a447-40da-1699-c99162ff78ad","WT","2025-05-25T14:46:20.880Z"
"8857a964-c5e4-454e-ef3a-846dea4c9f70","b2d385a2-ddbf-42a7-1617-8dfe8433be67","WT","2025-12-28T16:23:47.639Z"
"c27402ba-44d2-46d0-9cca-ca1588490022","9ad4b6a0-28d0-4c30-3f4a-c8d7d86b42ec","WT","2025-12-12T12:10:31.812Z"
"47172564-589a-4ca3-c273-90d72833050c","0ec8dc91-105c-4362-91d7-9bfac6515441","WT","2026-02-27T12:28:16.391Z"
"24473a9a-39c9-4bb7-ed3a-a9037d6a68fc","fcce7c03-2302-445f-34d9-d46d56dd959d","EGFR","2026-02-03T09:31:04.515Z"
"530725c5-4237-45df-bbd4-e8b088cdd330","620c6a84-b315-4bfe-14e7-d931951557d5","EGFR","2025-08-29T08:24:34.136Z"
"969deabb-a4a9-4aee-564d-0a7d14df3bde","8c1730b8-0156-4e36-edbc-3300a68c0994","KRAS","2025-04-29T17:13:39.653Z"
"d32b41ee-8521-4d6a-54e5-b34effbe504a","06e29318-d15e-40b9-0b28-814e0f040e23","EGFR","2025-11-23T23:21:03.966Z"
"fc4783cb-983d-4a3d-50da-49a839a89f59","5922080b-8fa9-4ee7-2fcb-81629f795e50","WT","2025-10-28T06:50:09.062Z"
"f7a44c5f-2a4d-4467-7364-6f35aa7f9c99","1ffbe6e3-7086-4895-f148-7a4f7baca334","KRAS","2026-01-30T02:28:13.464Z"
"74cbb641-3d5e-4233-c9c6-c7673af704dd","08e4c3c1-ffe0-4bf1-f84b-78097354aafc","WT","2025-07-12T08:20:59.444Z"
"8227fe62-6059-4711-508b-a3d14efbf783","a90e1576-a021-45f5-65ce-c122c43e388f","KRAS","2025-08-22T18:39:33.940Z"
"3ef99336-ca2e-46b9-bb5d-a12be1faf8a0","b36a8269-573d-49cf-b993-6a127c1338da","WT","2025-11-23T21:48:34.537Z"
"7f6bba55-223f-47ae-d162-b96956256418","f9daa49a-3044-4c5b-4133-a722aa97ac5a","KRAS","2025-07-18T03:28:52.209Z"
"097b27e1-fb41-4aee-4363-8afc3f05e867","c36e553f-b117-4539-deaa-632447255636","WT","2026-03-12T14:13:10.249Z"
"72f42aca-2cd8-47dc-a5f1-5b31f0a98abe","9a3f8dd3-b17e-447c-5586-7866f7f85da3","WT","2025-07-05T03:49:00.700Z"
"e6a651f8-c07c-4d75-1a14-ffc1a3152d2f","f743d565-063b-4fe5-544e-bcd87bda13c4","KRAS","2026-03-07T17:22:54.422Z"
"7b60f2ba-8b2e-4939-15f7-4ebcc6bf7039","40888914-49e2-4843-18a1-bff1a97b98e6","WT","2025-09-18T21:16:21.738Z"
"03bffc11-fe8e-4588-366c-5f19967f4fbe","27503135-01a1-49f8-f481-bf94d4ff4618","KRAS","2026-02-24T08:33:46.507Z"
"f2389146-cfd9-4fd2-e880-17940db79fc3","b90f1270-4ee3-44a1-6e69-3a962536acfe","BRAF","2026-03-26T08:17:26.773Z"
"4fc3c913-db5b-41d5-7c80-82ce0c98e33f","b90f1270-4ee3-44a1-6e69-3a962536acfe","EGFR","2025-12-05T03:13:37.551Z"
"408d01bd-ca1c-4d93-0c74-3592ba69a0a8","a96a7675-3ea2-4f43-8e31-0d4e503ac12a","BRAF","2025-08-24T05:45:05.858Z"
"51880590-bf99-47eb-1b72-87e8b1291ba3","9995f0ee-1d43-4a97-d6fb-c848339cb13a","BRAF","2025-10-22T20:05:34.342Z"
"0af34e52-4fff-4eff-4beb-cdfec623f046","c86fa474-dc21-4f48-cc12-9ddf8ada3ba4","BRAF","2025-05-19T15:48:19.185Z"
"6aacc834-99a5-45d4-b3b1-21028b007978","f9a57586-b158-465a-721f-606282658064","WT","2026-01-04T15:33:20.596Z"
"cc3d77a2-686e-40c3-1a53-c4c0dbde33af","5e7d6d00-0eee-4a64-db65-3e06d09fb277","KRAS","2026-01-14T10:47:28.396Z"
"4e33d021-dffb-4244-7958-4a6d74720ae0","63a589b0-66d3-4caf-c448-c945b334612a","EGFR","2025-10-05T09:22:02.866Z"
"28401dcd-6d4a-4b51-7e1b-743a4786cbb4","538d9651-993c-4d0e-8309-2f0f81117be8","KRAS","2025-08-23T03:14:28.202Z"