id,trial_id,created_at
"86239cea-6b4e-49ba-fe6b-e9b4446ade8c","8e145f67-2efd-4dca-a118-6160c0affbbb","2025-09-18T04:33:34.582Z"
"4cc98336-8fe7-4c98-21a5-860c83535815","8e145f67-2efd-4dca-a118-6160c0affbbb","2025-09-19T09:16:24.749Z"
"730ae047-b1d6-4fdf-6dbc-dba5e38327bd","c771ec0c-4abb-4aaa-f4ec-156dee5a16a6","2025-12-22T16:56:09.549Z"
"e10d06c5-af01-44dd-fedf-57ee0db31a95","14bcd465-3c77-4d3c-114d-bc7eeb889fe9","2025-04-10T17:36:15.653Z"
"5a9f5a4e-38ae-4b73-933f-9717849c3e55","8f2396e2-9feb-4e04-b211-bfece47ee049","2026-01-21T03:35:13.794Z"
"a4b7ba73-b7d9-4b78-38d3-70b56c3911a1","d3b0b9ee-dbb9-4e8a-b30c-de3e0e8c3b25","2025-07-21T01:15:22.697Z"
"89990f36-e0c6-4849-a7b8-24bfc80347c9","d2059545-a194-4f3c-4c34-bb750a4dd56f","2025-05-17T18:16:56.501Z"
"ed248a77-b9e6-47d7-0af9-a75247dac3fa","21552463-8c9d-41c6-cb01-403edd342400","2025-09-13T22:43:08.809Z"
"efb9861c-9c1c-4a41-8daa-00abf9dd0d28","a4ea0c9e-b019-4a55-c942-9e6ac94d9a44","2025-06-23T15:43:56.262Z"
"68d242d4-392a-48dc-7a7e-8d3c4c21fbaa","5bd276b6-a155-4a5f-2e66-024cc478e75b","2026-03-12T14:41:44.012Z"
"5b58fc27-ab4e-4ca7-1276-371d14825c7d","329c1f6d-d129-43ed-e725-450bf8b8a156","2025-12-27T08:19:06.502Z"
"c2c39161-47ac-42a7-2b17-2fff2c23eddf","66171d4b-95a0-46a8-5e7e-525e239771ff","2026-01-17T23:26:00.261Z"
"95a99272-8143-4bf6-89dd-2bfdfc9fe1ec","6285186f-067f-48e2-5da4-93ebdc8f441e","2025-09-15T16:21:27.557Z"
"62cd46cb-e158-4b35-379f-7b382637e401","f2b756e6-9a74-40d8-96ff-85cd511dc76d","2025-10-11T03:34:53.493Z"
"71b4885f-01ea-4f1e-72c2-05c0835d29de","91ef845d-eea0-4638-c063-b3c1f89dde2b","2025-09-05T23:32:27.382Z"
"87579a9f-aa19-4fde-5110-78f8c60f53aa","b67d4790-c0f2-44ac-94c3-76e4dc57abc2","2026-03-05T12:30:18.218Z"
"962cb885-b976-42d7-5065-7a3acacca401","66171d4b-95a0-46a8-5e7e-525e239771ff","2025-12-13T03:07:52.571Z"
"0670ac79-0dd5-4387-e1b3-86d6d35b9b21","5ed3d401-d67b-4d11-57a6-861a90b3ad69","2025-12-14T15:25:24.521Z"
"0fa96835-d9cb-4a71-4159-49934f5cc0ce","4d0ea987-f41d-4cb1-2350-cab2b63744be","2026-03-30T08:51:40.456Z"
"4c385ea6-ffeb-4a1a-e631-f23681a8a363","dc81b199-e0b4-41a9-8fbe-e1711f167fb9","2025-10-27T20:05:21.001Z"
"3ce961a1-0603-4f4a-d2b7-6b71a99a59e7","3986e05c-9889-4411-aad5-90565a4fa5b3","2025-09-16T14:16:37.250Z"
"f713f7c0-7067-4b5d-d18f-ec4002b2b58c","0c0fd8bd-3122-4ac6-b60a-dede0399d7e3","2025-11-02T01:35:02.656Z"
"ac49ca2a-859c-4bdc-f639-50d3c957d624","a4d90c12-d9ab-4f2e-67bc-e6559effa9b1","2026-03-07T09:52:27.118Z"
"2a981144-62c9-4489-4c86-88aeeb049a27","4d42be5c-4155-44fe-c8fe-cba01f44cc17","2025-06-30T13:54:24.852Z"
"fea5e1e8-7a59-4caa-c91a-4ebccc9cd326","a9b281bd-5820-47b5-6619-d284dc2eec6c","2026-03-11T17:11:37.952Z"
"d42aee8a-5d87-4ff8-71d1-62d1848d0bb7","f273f36c-02c9-4368-5999-603183b3c7eb","2025-11-24T10:31:06.027Z"
"e65cbce6-ec24-483e-63b1-76d72fd8779e","1ce2a0d9-4e8e-460b-7798-0bfd32d1cbcb","2025-12-27T13:31:37.605Z"
"537d5e09-36f5-4b76-cc3b-e72d2d9fe7b2","d39c80eb-2fbb-4bb1-c718-6de1a4c450b7","2025-07-28T07:25:30.897Z"
"0e900f6a-96f9-40e2-9f38-b649ad165d6d","957cd623-ba9d-49e0-cd48-5bdb56461be3","2025-04-26T09:25:30.503Z"
"3899544e-b109-4e5a-3844-ecddeb3736f8","a2c5e5cd-a177-4f79-9945-ab0fd8853708","2025-05-12T12:26:30.802Z"
"61b48059-8326-4a62-c796-97e11e516c9a","dd86de3f-4318-4122-a3f1-4c1af1e4767c","2025-12-26T03:53:17.348Z"
"68df96b1-8355-47f7-d6e1-5fb54e3b92a1","3a45f9cb-187a-4ef3-22b5-ac066bac8718","2025-08-26T09:24:33.532Z"
"bc542386-5fdf-4337-3b62-789351a3f32c","80ac7090-bba6-45a1-2454-5336d996945e","2025-12-04T17:37:24.211Z"
"591c7643-b65a-4a95-ee07-9514469339ba","02a04db2-8b67-4398-68d6-883e523f6c10","2025-06-04T13:50:33.816Z"
"af95d6e5-a283-48c5-e98a-89f6478e1923","e576b945-c37e-4a89-9321-152a6119df3b","2025-05-06T17:56:17.157Z"
"8916fb63-2c5c-4a7d-e459-07eaeff94a57","6e4feda5-d682-4e29-1a44-7d9f8907c457","2025-08-31T03:25:02.184Z"
"9e9f10cd-ebb8-4f09-c572-19d9f9526697","260783ee-2565-4c87-5687-ebfae9b1bb9c","2025-11-26T22:54:13.285Z"
"7676108c-f12f-44bb-c001-4e4d8a2bdd6c","c541b040-220e-4cfd-0485-42bc27b0976c","2025-06-26T18:44:19.976Z"
"26d40c69-66ab-4f09-f638-048f063949ad","29803424-9129-44c0-4b46-108b58c3e94a","2025-08-13T08:12:01.863Z"
"a36144ee-ad6b-479d-ae0b-f6d61ccc8903","91ef845d-eea0-4638-c063-b3c1f89dde2b","2025-08-11T03:16:35.830Z"
"33c37e0b-9e72-4ee3-90a4-70968b3e0055","0c38ca4a-ba36-4d1e-0837-d488f8856322","2026-01-31T11:42:30.325Z"
"8836aa27-d821-4bfd-adfd-1a4ccf2174ba","7501195b-2624-4737-d0d5-779f6547260a","2025-12-01T15:48:46.393Z"
"c9f2e551-c7e6-435b-5951-879ec9b8bceb","583a7382-5a86-48fe-f76d-2ab0a55e7ba7","2026-03-21T02:46:07.069Z"
"9fcff5e3-417f-4da1-af82-07432221972f","a674acce-65af-447e-188f-700ae0d34b0b","2025-11-26T18:12:16.865Z"
"150ba8ac-b113-4ec6-dadf-187d3511d55e","59c4cd56-bd67-4835-1cb1-daff2c64b2f9","2025-04-12T11:40:40.387Z"
"d561bc89-e917-41e4-3787-855e38cd7be7","94b3a4cb-fbb0-4e15-235e-b90a0d074743","2026-03-20T19:55:50.978Z"
"dad20fe6-f5b2-410c-8fe0-db342c483f3c","93f57fcc-994d-4c97-0dee-03e6577fb78d","2025-06-22T11:06:20.863Z"
"bbdd19a3-691e-4c45-b1f2-6b201e90cdf0","e2381ff3-c728-4a22-9fd4-9437a32fb081","2026-03-31T22:19:45.317Z"
"463477f0-8374-4820-6b32-ac099bcafb0c","86058209-12c1-46a7-d976-7a00ed153347","2026-03-14T07:06:46.514Z"
"d3dd9303-9e27-43aa-e92b-efbb9d75e6c7","5c09bc39-3070-4367-97e3-b238da0c5f06","2026-03-12T22:20:20.095Z"
"55aad9be-4c41-45d4-32d6-e8e23aa512f9","c943f2fa-37bc-4efb-de0d-dd2e45199e1e","2026-01-06T19:36:54.510Z"
"f27ad500-35b3-4b30-4bfe-39a73b1e532c","e45bf75b-733a-426f-5a37-80d2a82d3d2d","2025-04-12T05:52:42.804Z"
"782f6565-0242-4262-8836-8ddaa4d540f2","6d112fc7-1d3f-4db8-4483-a8709a454216","2025-12-16T23:39:29.603Z"
"6c04b5eb-1eb8-4435-7c7e-c493dfd7ee46","6c0f8f78-ec26-4170-8e6b-4d5521713a29","2025-09-09T05:09:46.101Z"
"79bc1d9c-9f54-49e4-09b2-168597fda130","127829c7-1f29-4aff-9486-7bf7855d759b","2026-04-08T18:50:16.205Z"
"e64bdb34-5a3e-4d25-1190-793ce1ea86d5","738e79a6-b7b2-42cf-1a20-d609d9461f3f","2025-06-22T06:46:33.517Z"
"d7add9be-655e-4e6e-8bca-4bf7496b97f7","94b3a4cb-fbb0-4e15-235e-b90a0d074743","2025-06-30T10:21:24.835Z"
"13f161a4-b633-483f-d311-005d74afe410","e8f71d17-9b88-4168-228b-86a38338e73e","2025-05-10T22:46:27.143Z"
"af1bab17-eda4-4f92-255e-c2b067ca390c","21552463-8c9d-41c6-cb01-403edd342400","2025-12-06T21:11:05.032Z"
"cbee3c62-d32b-4689-69dd-ff40f2393c8b","41a13602-0ec9-4fc0-8a83-b819463b507a","2026-01-16T17:26:14.973Z"
"7c32ff52-18af-42a6-e082-ee0c05023058","41a13602-0ec9-4fc0-8a83-b819463b507a","2025-07-20T21:06:46.717Z"
"969d6c5e-072e-4945-561b-dead484c9fc1","41a13602-0ec9-4fc0-8a83-b819463b507a","2026-04-03T06:52:52.101Z"
"d0931eb4-51a5-4287-5266-6e5790b1abc7","f675810b-09f1-4286-54c9-f14678e64f34","2025-10-13T06:16:33.500Z"
"6142c6cf-5d48-43a4-95fa-e726af7005c3","19c224a0-82d2-434d-d6ea-4b3dac8048ce","2025-12-09T01:42:59.732Z"
"0dc6c873-a14b-4fea-6090-c4e94019e611","1b78d504-51ee-4715-139d-c139b5d9af85","2026-01-18T15:19:58.535Z"
"db60cb01-76c1-4a30-d116-8557f710b69e","643bdce9-d19e-4ea5-e552-55d0f22b7cee","2025-08-06T14:26:25.638Z"
"09230ca5-cdf9-4ea9-1d06-29b7c560232b","86058209-12c1-46a7-d976-7a00ed153347","2025-06-13T18:08:49.327Z"
"b6deedea-aca1-4f0b-ff1b-8af34123aacf","2e2787de-3694-4ac6-30de-91705a727cb1","2025-09-09T15:15:05.280Z"
"45316e15-97c7-4b4a-fb20-e915adc5c825","8eff8037-fa40-4284-ee20-2702239dd8b9","2025-05-17T11:57:03.094Z"
"21262b84-d5c6-4198-e1c3-4be96c5ecb5c","4c10475c-6472-49e1-4c18-a0f1a7ae4236","2025-11-16T00:41:43.253Z"
"8b70e939-49f1-4362-ef45-9979ab8f31a7","4f3ebec2-779f-4ed0-f481-ebcc7ea1b0d3","2026-01-16T20:10:16.006Z"
"bf894f00-4cbd-4ddc-d1da-9bc4dd563051","479c4661-50ff-4026-bc52-c5e47d172a4c","2025-12-15T01:06:49.914Z"
"553736a8-db38-49dc-b5c0-268a0d5873fc","66171d4b-95a0-46a8-5e7e-525e239771ff","2025-10-13T22:59:19.672Z"
"e582ec20-1b7c-44fb-80d9-08e3e37462f1","dcf36689-c7f7-49bd-9276-316c3baac211","2026-02-10T00:58:09.435Z"
"407cf5df-28c9-4028-9c34-920d2fd65081","0c0b3c21-e810-4b6d-08f3-e066593f5d22","2026-01-03T01:38:12.921Z"
"abf2e0ca-f286-4f56-a5a4-d4b8fb90084f","8eff8037-fa40-4284-ee20-2702239dd8b9","2025-10-02T04:39:57.458Z"
"9efa3806-d0b0-4593-5faf-41dd959bbd93","0c0b3c21-e810-4b6d-08f3-e066593f5d22","2025-06-22T02:13:35.760Z"
"88d389ff-9236-4984-eb28-8ad810c58636","0378d38b-61f1-4c54-93c1-f916efd696ba","2025-04-12T22:50:14.830Z"
"56a6e98f-ad8e-48d8-1df8-ab8017a6f870","b56b0c56-9c00-4b77-5a8d-bb0ec907de0a","2025-05-30T08:07:53.527Z"
"29d1137c-0be4-4774-9988-e27ae453c3f8","583a7382-5a86-48fe-f76d-2ab0a55e7ba7","2025-05-14T07:29:35.964Z"
"8a5033ea-452a-4df3-dfad-f05b158edc5d","12cb8949-a64d-4bab-7328-c7f10c526727","2025-07-24T01:46:09.067Z"
"5cd54a8d-f3db-43bc-6133-3a8a2f27d913","1b78d504-51ee-4715-139d-c139b5d9af85","2025-12-24T01:25:08.047Z"
"830e0b00-bd98-4d10-08ee-78407ea1a8ba","f1d8a552-057e-472a-df78-a08f1041fce8","2026-01-17T00:48:17.941Z"
"42f367d1-227c-4a58-0f86-9fd04ff90389","eb6e50f0-862f-412b-4846-b1eb7817bb4b","2025-08-31T07:59:25.476Z"
"df3c8cbf-b438-41ac-8513-29159b87729b","4d121da1-7c8f-4bd9-58ad-4ebdcadd17b8","2025-07-13T11:32:15.121Z"
"a27ba808-35ea-496b-5079-51a4e2488ea0","297ea64c-2680-4779-7953-13e99a05f1e5","2025-05-14T04:29:50.911Z"
"325ef461-dcb4-4a94-c3c1-6998707933d1","f2926e13-9ba3-4183-6b16-924887d49af0","2025-05-09T02:37:33.152Z"
"fe3306ae-1123-40b7-c856-c8228161a9f5","2809baed-de26-4607-6e5d-83d4fb88bad2","2025-07-09T19:09:17.467Z"
"277c1674-96a4-47b7-9a60-ce413a906246","46ff95a0-fb5e-4484-ce8c-660d04862fa1","2025-06-11T07:41:35.686Z"
"f450f43c-c997-4845-2759-65d2175f9793","7c9619b2-4998-4946-62ba-9480c04dcddc","2026-01-19T14:12:43.549Z"
"09be5899-9c7c-4858-ea9c-132152604585","e46342a9-6100-4296-14b2-8a14e6ac5efa","2026-04-02T18:54:58.199Z"
"c9c2e17f-0af0-4ba0-e208-e36a7796589a","f4d5da3d-f541-422e-483c-69df18530c5d","2026-03-15T13:23:55.344Z"
"ebead4e9-770f-46b6-1435-1282da478fc7","c7fb007e-cc0a-4f62-afd6-88c29e59372e","2025-10-09T08:41:51.074Z"
"0de999ad-690f-4316-57b0-c7ec17085277","eb6e50f0-862f-412b-4846-b1eb7817bb4b","2025-07-28T02:47:56.996Z"
"92fb0aae-0374-4595-882e-34e6d0f490c8","5bd276b6-a155-4a5f-2e66-024cc478e75b","2025-08-25T19:58:44.419Z"
"5693239a-4cb8-417d-6818-aae6f43d42ed","b6bc8c16-d06f-46b8-7ac0-a63985b4ea9b","2025-09-13T18:12:27.536Z"
"307d4432-c965-4889-cb20-4c17ac2ddc3e","7b576cdd-048c-4106-890d-31e461a3a637","2025-05-10T04:08:14.123Z"
"3317572a-2d49-45fa-5c99-cc6a49e5a961","601db8d2-40b2-47a6-1c90-f3e7210b7381","2026-03-29T20:19:48.296Z"
"4f5309c8-3c91-4a52-3bc7-7a65a8f63ff1","47eef91b-b229-426e-eb48-9420dd81f8be","2025-08-26T20:22:32.559Z"
"85011ed1-c32f-4aba-4e0e-b1decd4a6eb7","e0d5ae63-8cb0-431f-47ab-0910d2c9a6f1","2026-02-01T10:49:34.839Z"
"fdb8201e-548f-4366-b960-9d996f7c708c","0c96edcc-0193-4de4-47ce-32d2e72b2f31","2026-04-06T02:57:11.572Z"
"36ddb56c-c18f-44e1-4a31-0c71759ad65e","35fd54da-c048-4c1b-4d9b-af169b4922e7","2025-11-03T13:07:07.534Z"
"6c29ecbd-fdda-4ead-2a5a-09188926579f","6d6aee2b-8d21-47b8-8f95-ef8b939e3cc4","2025-11-28T05:47:53.074Z"
"f76bdace-3594-4cdc-2bd9-96f61b09d1ea","91b301b9-f451-4248-b2cb-f27c4bc2324c","2025-04-26T09:46:31.555Z"
"cf5b91a5-414b-406e-9fba-43eaa65cd91f","5b012166-0e8c-49ad-868c-d1a1a5a4244e","2025-08-22T02:52:33.224Z"
"40f72458-694c-481c-844f-98f84e2e08d5","1b78d504-51ee-4715-139d-c139b5d9af85","2026-02-08T05:21:49.437Z"
"9089bc0f-89fc-4db3-e49e-083bd98b6765","a798d51e-b90c-4acb-510e-cab09618c37a","2026-03-05T19:10:47.806Z"
"9391d172-9720-4b4b-7835-4a367759717a","4f4d1e37-c5cc-4c59-07d2-1d88b9a62501","2025-05-28T09:12:11.572Z"
"9d385a8c-f34c-462a-d276-1b6939d4c179","8f2396e2-9feb-4e04-b211-bfece47ee049","2026-02-28T15:48:07.599Z"
"265c0e06-d821-47eb-98c8-24cdbbe582a7","e1b38f8b-9823-491b-3f03-bc724eb631e7","2025-08-28T02:59:12.850Z"
"5d6161a7-757f-4d66-f7d4-604610c6a4d6","b2c4a2e2-4c2a-4abd-8426-82e20e3b45b8","2025-08-11T14:37:04.960Z"
"d7f7eef9-77b8-4bc1-0b7f-3f186515e6a0","af0b910b-d942-4403-f1d6-21f8ee3d0bf3","2025-04-27T04:00:50.825Z"
"1c80118f-7b15-4af4-dbce-6a89efff85f7","c5cbb047-0c20-4e86-c09c-98dd0ebe540a","2026-04-04T11:32:34.594Z"
"7f6daf52-8ec3-498c-7c3e-35ac68cd90e0","41a13602-0ec9-4fc0-8a83-b819463b507a","2025-12-20T08:50:47.074Z"
"6180a44a-e369-4fbb-2822-a6d6305ba81b","87101564-224d-4036-963a-e970349ff6d7","2026-03-19T14:23:09.108Z"
"af8ae24e-2fb6-4e42-da53-5ba4cc36aa5f","f1d8a552-057e-472a-df78-a08f1041fce8","2025-12-29T15:50:52.410Z"
"181fbd80-7243-414d-2fce-35c8a74cc5f4","f2a17241-4be2-4a0b-1c66-136d21d29e8d","2025-12-31T18:40:10.320Z"
"238e6f9e-80ec-455b-e30e-1b704a68b157","0c9afcf0-c4ac-479c-9f8e-ff1f7179e2c1","2026-02-01T21:09:39.821Z"
"0537b9c6-d12a-47fe-a94f-c100a3d630b3","9de0a610-9f0e-40b9-e122-004d0ef31c4e","2026-03-01T06:58:22.414Z"
"3351736d-7c33-44ae-bf12-88a4b64c5dbb","069dccc7-eacf-4920-85cd-960297646159","2025-05-17T17:32:43.649Z"
"475b2d63-c617-4723-13d2-b36dff979913","8e9be755-2627-4c2f-b62d-6280262ba9d6","2026-01-27T18:36:10.348Z"
"cd3cb908-ee8d-4925-bdd8-0846eea2be56","d6e1d4a9-63fc-40d8-1a69-91893c2d721e","2026-01-29T06:02:54.267Z"
"017db6ce-34f9-4bd1-66b8-3e6ccc6eed5a","90d309b5-e09a-4479-0c0f-6e26a37e3456","2026-01-17T05:03:10.395Z"
"9cd8c3ff-2a2d-47af-7579-e05439a20883","d1327efe-a899-4f8d-f994-ba09f9b0fec0","2026-04-08T12:11:33.363Z"
"fa1a6394-2f0a-470a-3078-b6293e7da87b","329c1f6d-d129-43ed-e725-450bf8b8a156","2025-09-22T19:28:36.159Z"
"f98043fb-1573-4ce3-118f-f776834b7645","583a7382-5a86-48fe-f76d-2ab0a55e7ba7","2026-03-16T06:17:02.171Z"
"ee62499c-a995-48ec-305f-e8d3b9e4ce6b","fed1dd76-a8ab-4079-fd18-43a6f43032a2","2025-10-30T05:15:18.106Z"
"b12dbcfb-5b5b-43b8-2ff2-1843b69defcc","a9823fc2-bd40-4711-e370-a7c50436595b","2025-09-22T02:03:09.398Z"
"c4d43352-5dab-4634-0f0c-9b8a4efa400f","31c8ff69-85fc-4e84-ea20-c31599446fe6","2026-02-07T19:54:24.950Z"
"d3f06441-7258-4b4f-3b7a-6c4cd1af7745","83df74f2-251f-4a29-952b-82638692b125","2025-10-14T03:16:56.278Z"
"f0876567-065a-421d-07e7-8c1eaff01a6c","f8c0b24b-d6df-46b2-04f5-746a7fc22035","2025-11-09T13:01:57.377Z"
"32c072ce-1b8a-410c-26b9-fb646b7376d2","a9823fc2-bd40-4711-e370-a7c50436595b","2026-03-05T01:35:24.811Z"
"c524e099-0aac-43fe-c94c-68944b710de9","eb6e50f0-862f-412b-4846-b1eb7817bb4b","2026-03-01T09:21:25.470Z"
"1a4052a8-2873-4f06-3133-71d23e76470a","cae7bbd7-43b3-45c2-4c21-5263747360af","2025-04-13T07:07:38.091Z"
"b8e7e049-f647-4788-9258-ff4c634bbb4d","a74cc29a-082e-4762-ed33-a42b8438dc71","2026-03-24T09:05:27.719Z"
"455e75f2-5237-460a-cdba-d21bc2f15097","d1ecfe78-1d8e-45b6-9cbd-2702815b0619","2025-09-29T10:32:38.657Z"
"fad69bef-b6cd-4e74-f91a-4fe7e13674b9","0b14e99a-cd53-44e4-db44-1b90875a4c1b","2026-03-07T06:49:50.211Z"
"4581d581-412b-4dd7-b7a9-2c965b026399","42ebe0f8-d312-45ca-bf3c-9445f8fdc686","2025-05-24T16:55:52.037Z"
"b24a7368-6996-45a5-da1c-172133609ace","1c97e9bc-bc0e-44f3-fa8e-6425c77cd984","2026-03-14T08:58:35.440Z"
"245c4019-acfd-45cf-d4b6-d4ae93814f17","329c1f6d-d129-43ed-e725-450bf8b8a156","2026-03-12T13:58:05.174Z"
"352f2ae0-5359-4abb-724a-b5bda1781a07","4676e262-a8f3-4f46-fef8-5f448ee87190","2025-09-21T08:38:22.359Z"
"e2ef0802-826a-434c-a50e-2698abacc52e","8c2a475b-648b-44dd-38b0-dfb7952fdbaa","2025-04-21T02:01:23.465Z"
"90dcb171-2e06-4577-ce4e-e8a0682db7dd","81899017-0781-4e1e-58df-7cad15be1b8c","2025-08-18T16:18:17.451Z"
"73260886-dfdd-42f9-7bfe-6de82fb8e3e1","2e010457-2b48-45a7-5247-b720f54ed0c2","2026-01-03T15:13:32.770Z"
"a0442512-cbbc-4c2f-8a5f-7617786efcf4","a4ea0c9e-b019-4a55-c942-9e6ac94d9a44","2026-03-09T23:59:35.231Z"