id,treatment_id,cycle_number,created_at
"90491c9d-5337-40b5-d7ab-ca549e8cbdef","e2b72444-db87-40dd-2885-38e9a88f0ab2",836,"2025-08-17T05:32:16.506Z"
"a513705a-6ea5-4020-72c7-01be4f5cf318","45b666e2-dc3a-44e7-52cb-46892eed6375",53,"2025-11-28T19:43:33.344Z"
"24868e06-410e-45ca-7f43-af82a3edc0c1","39194921-6750-449f-a680-8b7cc7883e5a",51,"2026-01-28T18:37:07.965Z"
"29b19297-532d-44c1-b058-3658dd70a868","290acd25-b6de-4aa4-0d90-67e8d5572d5b",328,"2025-10-23T14:17:22.153Z"
"8f8f0b36-85ed-4e9b-8a7f-83cf30b58017","535948a7-efb8-48e0-b7f4-95fe3fd9a836",993,"2025-12-31T10:59:32.408Z"
"956b61fb-c586-4285-16eb-4a8bd1b63df6","22b02753-18f6-4e16-f037-e65f4bb27cde",734,"2025-12-24T10:24:58.802Z"
"5fbe5f29-54b4-4d74-bc22-289217f0f23b","1e1edb80-3ad1-41b1-6be1-9ff781685907",352,"2025-11-30T14:44:40.323Z"
"8947e8f2-6a40-4166-3a32-7269eced05a0","68bdc710-23d8-475d-90ca-0b8613cab63d",621,"2026-01-29T18:33:59.039Z"
"13c2635d-b67d-4569-744e-c7dc095f9cf6","4c901dfc-dc95-4044-d28e-f9a118708b04",64,"2025-10-24T19:53:58.131Z"
"647a967a-bf9c-490b-109d-8619374480ec","a49a09eb-ba87-4dd7-868e-d34d9de7a27e",550,"2025-06-22T04:00:42.052Z"
"c73aa124-d2fe-468f-6355-880cf9188a00","82d07215-23e1-4463-2bd0-bf9de15bdbd2",805,"2025-06-13T02:41:08.040Z"
"5b8a4a5a-7e71-47c5-a805-acac85aa122e","cb1f6cbc-564c-4e7e-129a-82b510dc2a9f",520,"2025-06-19T17:23:44.164Z"
"95b065a1-a0b2-439a-d61e-f95907ebeb73","66d226c3-f918-4bf5-2368-8c82aca6203f",36,"2025-09-26T06:19:21.569Z"
"e6067886-45d9-49b4-1d28-336e15867965","39194921-6750-449f-a680-8b7cc7883e5a",565,"2026-03-15T07:16:02.849Z"
"1ab4ba3f-d7a0-402d-dfd9-36dffb128e3f","ced18be6-9ec9-4ef6-6b89-ef72d749bb09",181,"2025-05-27T13:59:38.750Z"
"ae6aeb75-6237-442a-0b47-1e2ba468b975","e1cbc1ac-6b74-410f-13bb-b3b43d8dd95e",205,"2025-05-12T18:35:33.169Z"
"398b3e48-4b84-40e1-d035-0a129e37e00a","2dd14fba-0b5a-4384-9942-bca8520c75a1",65,"2026-01-06T16:20:54.447Z"
"5f8081f6-052a-422a-da5f-59e6b605a544","9c4a6c0c-7b04-4afc-aa2f-e61fb96838eb",105,"2026-01-15T01:24:29.775Z"
"5899f00a-872f-4eb2-ea0b-0caad34a5f5f","e99f7cf8-bac4-48ff-6f16-64e3dbf6bf19",792,"2025-10-31T23:43:30.795Z"
"a29f9191-01e2-470c-fe2f-70c9daa4f597","ee09fc0a-fad9-4e94-57d4-ca12f8bac43b",933,"2025-05-10T04:04:13.532Z"
"4b08b968-3b21-4515-8b50-2f1192d611eb","6a689cfc-7315-4fff-6af7-f7252c0c9bf3",86,"2026-02-16T21:17:35.444Z"
"cbfba1c6-7987-4bb3-361a-cbed16d40f33","22f93462-a1ad-470a-f34d-c8a8532539cc",199,"2025-08-16T23:34:21.690Z"
"13fcd133-cb8a-4f36-4780-c9f78721f895","45b666e2-dc3a-44e7-52cb-46892eed6375",797,"2025-07-23T17:25:55.877Z"
"b4b1123d-d2d5-4e06-c69b-db5f98270b7e","c5da6fce-58fe-410e-a17c-a6d2359f6c12",889,"2026-01-11T12:04:07.163Z"
"338c7872-2c93-4a3d-3103-5850d60518f5","e52e0d33-5c4f-42ed-a622-0cf760dba664",886,"2025-12-07T12:46:11.758Z"
"357b25a5-1c60-47e9-2166-b9b6f5f9464d","91e4bc90-dcca-4431-71b2-828144abfd30",501,"2026-03-31T12:30:07.471Z"
"42e7c404-d63f-4524-28a2-df9b3d2d3a26","54b9b423-3181-4418-d5a3-2c5afdfa67c2",562,"2026-03-14T12:25:42.142Z"
"03f2bf45-c040-4bff-4680-7234d6a9f0b1","218e4e39-9505-4fcf-f596-3d7a05e9a3d9",191,"2025-12-11T11:32:45.137Z"
"18413077-7d43-4072-a7bb-754277663b11","290acd25-b6de-4aa4-0d90-67e8d5572d5b",56,"2025-10-29T07:23:37.930Z"
"966de12c-d71b-44ee-0a80-09b0b3b13158","2572d1c3-ad3e-4dc3-8014-244615406984",796,"2026-01-30T18:16:30.934Z"
"9f63c414-3909-47ad-8401-688621f0a8bf","e2b72444-db87-40dd-2885-38e9a88f0ab2",868,"2025-10-15T00:02:57.645Z"
"25fcb7ac-0d8a-4fdd-7db7-a743cbc17581","81c5f81e-1079-401b-03b1-aaebc3beb654",16,"2025-11-27T14:04:14.677Z"
"bc6030be-7d08-481e-8891-903f79cbad0e","c8a8704b-01c5-47c1-111d-9c9995cbff25",923,"2026-02-28T09:13:32.609Z"
"b20e8e2b-0d5e-4856-6919-ac33fe04c7b3","b746222a-bbf0-4cf5-e798-ee4a3a8cf451",949,"2026-01-04T09:29:45.723Z"
"8ef586d6-3e78-4c27-c03a-0d6934562aac","c5cd7694-25f4-4124-6513-b431d9de99f2",535,"2025-11-26T20:33:59.490Z"
"dfc6b05c-8b1a-4504-ca41-9a3c0874f921","61873a20-a8e6-4de8-81af-9f788d13870f",116,"2025-07-18T07:17:30.188Z"
"9044ef36-2851-4001-2b25-acb4dc9c055d","53b608cc-94f0-4598-9319-a53ecd14db0f",156,"2025-05-12T14:45:07.833Z"
"e2934357-117a-42b9-be3c-02a2eea82f56","9137e3b4-4de2-4486-5c62-8c1ab6757fe0",434,"2025-06-01T20:02:39.354Z"
"47eccbfa-253f-4c1e-0b52-bc8c9b843489","adc8a4f9-1c83-4ba1-d5c7-b456fd2b41d2",22,"2025-05-17T06:22:08.512Z"
"01bbe2d9-6fe2-4820-f8d9-064137752919","731aefea-9766-4a15-99ad-780744fa85a0",303,"2026-04-02T08:44:35.298Z"
"a9e2b1c8-3e8a-4010-24c5-43b532618441","471e5bb3-7aff-4cb7-9823-9dd302e0a29e",631,"2025-05-05T05:38:55.052Z"
"1087f653-dfe3-40fc-36ea-f27f5cb54aeb","e7230389-d698-4eba-06a0-e9a7656a7a7c",884,"2025-07-21T22:48:45.333Z"
"35302ba3-69b5-4d76-53fe-224f9e22d619","0d679868-56a2-4135-e261-17be6e0e3fb6",481,"2025-06-19T04:59:22.663Z"
"53b762fe-5cdb-46a9-a488-29c3733047a4","1d6a5d90-fec8-4055-33bc-f37defc8aeb2",610,"2025-05-09T22:35:04.661Z"
"f28604b1-8795-4b0d-7448-dca2548b532a","8f28863f-6a03-4b94-a7d0-e4b6f6d709f7",500,"2025-11-22T16:47:34.721Z"
"f7e9b7c9-d394-4ffd-7cec-8ccdfb7f020b","d381ba71-2d2b-403b-2f58-1ceed7fb89fa",538,"2026-02-04T07:58:01.839Z"
"1a082c63-a9ef-4573-fc2d-15f1cb9d8e26","6b6f9035-ca5a-4260-3184-76f697f8736e",738,"2025-11-26T17:27:12.057Z"
"40f22c21-c123-4b0d-74d6-7a4805f80ba5","2909bd95-2b6d-4098-3bfe-a65e7588466f",981,"2025-05-07T17:34:21.060Z"
"f44165a4-db3c-4e27-2892-54fb703c936c","0bec79d9-9d6b-4622-b796-a88abe202f8c",820,"2025-10-30T06:58:27.252Z"
"5a3dc080-2b87-4296-0ecd-5eba67507700","c8850144-7dde-4320-6a71-a13bd866a389",584,"2026-03-05T07:24:17.982Z"
"4163b16a-5f4c-43b2-b81c-b7cfdc175a49","218e4e39-9505-4fcf-f596-3d7a05e9a3d9",886,"2025-06-13T09:08:38.459Z"
"c3abe5f1-4427-44d5-4cd8-7e1a6fa6f6bd","81c5f81e-1079-401b-03b1-aaebc3beb654",568,"2025-06-25T17:15:22.987Z"
"04452a50-efb6-4a87-feae-25e45d628f6f","d4337784-bd42-4242-09e8-f7c6ff8702cf",538,"2026-02-28T22:31:41.557Z"
"e1a9a259-445f-4ac8-2f6a-12bb7b855c02","9137e3b4-4de2-4486-5c62-8c1ab6757fe0",7,"2025-08-31T18:58:57.847Z"
"856c02ac-fbcb-4400-34e7-7e81d0d0463b","ae8e1570-a02a-4007-13de-2890777a831a",28,"2025-11-16T17:56:32.179Z"
"91cfdb79-494b-4d43-4d7a-5249c7711866","1d99d6e1-9e40-457f-efd2-ee409164635b",151,"2025-08-03T09:32:31.022Z"
"c65dd66a-0fa0-4d05-e618-942de3cebd25","53b608cc-94f0-4598-9319-a53ecd14db0f",923,"2025-05-27T06:29:26.564Z"
"1b438723-eff3-4c88-ac62-010ba0510b60","c5da6fce-58fe-410e-a17c-a6d2359f6c12",133,"2025-04-21T09:42:43.037Z"
"fad5b53a-7f00-4c7e-ef69-5c65ae5bf07d","dd3d0a18-ca29-4256-e335-35f37f60d6cc",90,"2025-08-21T06:06:08.296Z"
"c5515c97-cb3b-4682-c59c-0522f0b55afd","6b6f9035-ca5a-4260-3184-76f697f8736e",211,"2025-04-20T01:49:07.204Z"
"a9e043f8-ba2f-4e80-c595-7d44ec43cb78","f76f673e-940f-4e63-c397-1a67659e441d",780,"2025-10-11T06:38:05.308Z"
"3a0caf85-d890-4621-166c-9bfb0cba1e9e","165c0ad6-9405-4506-2bf3-86b754b81cca",680,"2025-04-15T20:01:16.777Z"
"4b0e4a19-7684-47ee-4ac6-791110ad9f3c","ed1e4a86-3458-4934-368f-efc3a012b8ef",858,"2025-10-06T07:45:13.941Z"
"bb37ceb6-702a-4f40-be8c-145e24927323","b72ff56d-a65f-4ee5-4f7c-cfefe18e488d",654,"2026-03-31T22:13:56.280Z"
"9bc5987b-7a76-4504-d206-4e8a59fbfb9e","08413189-0f21-49cb-4fee-4b43fce59dd9",403,"2025-11-02T17:01:20.860Z"
"b10f64b2-e73f-408e-aad8-da87f233eedc","e0008c90-2ed5-4092-d6fc-f6e4940cd9f4",316,"2026-01-22T13:04:47.646Z"
"e66b9325-6287-493b-734c-a7cc8689f5d8","88f2e52a-a2c0-4688-c276-f1040b794817",840,"2026-02-03T07:20:20.343Z"
"3ddbf19e-9f7a-45e4-33bf-b1afe31bdc6f","46e10d11-8bd2-41f0-c1a5-909fa022eab7",140,"2025-06-04T01:08:12.437Z"
"ba0631f0-59be-462e-381e-fc69cc7c2f69","c2839a35-1083-40df-562f-cb834c812bab",619,"2026-02-01T14:17:21.416Z"
"f38d9684-71d8-437f-d363-5567509ebdac","e4b85c0f-f2bc-4797-da61-821ef1cc43d0",620,"2025-04-29T20:39:12.332Z"
"22ef4528-d4ca-4a04-d726-801a5fb26e83","46e10d11-8bd2-41f0-c1a5-909fa022eab7",640,"2025-04-10T17:28:03.388Z"
"af4fc78e-b69a-452b-f166-7a961e331101","e4b85c0f-f2bc-4797-da61-821ef1cc43d0",688,"2026-03-07T05:54:36.110Z"
"72d905c0-e242-46db-d3ff-cba863abfffa","1691dc80-7770-4c5c-549d-fc4a5783c545",31,"2025-05-13T22:53:05.560Z"
"0441e220-15a3-4236-6216-c30940366ac3","308fbd5e-e679-4439-213f-01d97aac2707",627,"2025-04-10T17:53:45.172Z"
"5ebb2694-07fe-4934-d155-c334cc4114cb","93ac9248-f04a-46f9-c398-9c012db5cda5",872,"2026-02-01T16:33:59.327Z"
"23370704-bd56-416f-7c40-dc391c4b0a87","d489cad5-68d8-4012-57f7-db7ec3ba4c75",692,"2025-09-18T15:10:17.319Z"
"5a83614a-cd20-4d48-6170-a40027ed5988","2acc6fa2-549a-4815-d38d-9202b7c1f613",906,"2025-12-06T15:25:29.922Z"
"938b10a4-06c0-4ee5-9a44-8dae2d3be009","50cfbae7-157d-4bf9-f6b2-1cfa15aca35e",436,"2025-10-11T05:43:49.005Z"
"847aa268-b22b-49f7-43f5-e3b615990055","45b666e2-dc3a-44e7-52cb-46892eed6375",556,"2025-11-21T03:20:28.354Z"
"b4488594-334b-4a3c-eb2f-cdaa5aa79e2c","d97b7db5-d279-4de4-02e5-0a0212e77856",379,"2025-07-07T14:45:43.309Z"
"9bc4f0b6-cfbe-4489-ab97-ce4c5ecac920","471e5bb3-7aff-4cb7-9823-9dd302e0a29e",472,"2025-06-27T05:30:47.418Z"
"b8f3d35d-d44b-4f0b-bb60-affe04a0e8f7","e1cbc1ac-6b74-410f-13bb-b3b43d8dd95e",386,"2025-05-04T22:14:11.874Z"
"42cae825-8360-4289-625d-084fec52f354","36e358dc-6e03-43fe-67d4-4048d61fe3e7",865,"2025-08-04T05:04:11.212Z"
"e09c7a8a-0683-4d57-32bf-380ca2511cb2","cb4a0dff-2944-4108-6670-a04258580421",679,"2025-07-04T06:44:12.323Z"
"09434585-eb4b-4732-71c6-d4d4447a378e","c8673170-0c42-4387-1470-a57c740ab5a8",532,"2026-01-17T02:43:21.324Z"
"3ee5e591-9a5f-4a50-faf9-1f6c18459f76","ced18be6-9ec9-4ef6-6b89-ef72d749bb09",480,"2025-04-18T20:30:36.693Z"
"18288761-dded-45a6-9e90-e4a84a4fb358","c8a8704b-01c5-47c1-111d-9c9995cbff25",834,"2026-01-19T11:04:47.349Z"
"adaca4c3-9641-4ac6-c375-f6f78f22b2f5","2909bd95-2b6d-4098-3bfe-a65e7588466f",239,"2026-01-23T19:06:26.601Z"
"c753e5e4-ec3d-4e73-ce7f-a6b35d40c2fe","dd3d0a18-ca29-4256-e335-35f37f60d6cc",377,"2025-08-12T19:48:25.632Z"
"416a1cc9-aaed-4250-9e70-94eb6a91e91b","2acc6fa2-549a-4815-d38d-9202b7c1f613",891,"2025-07-11T14:56:10.251Z"
"33dc4823-d46f-458c-05f5-763543c93971","91e4bc90-dcca-4431-71b2-828144abfd30",302,"2026-02-10T21:07:55.108Z"
"08a7b204-5d6f-4628-0531-7c4a05e2af48","aa5833e6-166d-48ed-687c-851dd81c14a3",164,"2025-05-10T03:01:36.825Z"
"d26ea364-e2f6-4651-9da7-5e7920f760c8","42893151-de26-4e00-4e15-2b62b3afa724",311,"2025-12-29T03:37:46.500Z"
"9754d475-cb05-4fea-d876-388d5c71309e","18c6e63b-0dd2-49d9-e36b-fa6fee32badb",340,"2025-10-04T07:46:08.710Z"
"b3d286e7-6f0a-47dd-63b2-e1309524803f","5de96ecf-1894-48b9-2f6e-201e6aca4769",826,"2026-04-06T12:57:46.357Z"
"5502120d-013b-452d-3ce6-b31c4101f589","656fdfcc-f004-48e4-f879-14c32dd278e9",141,"2025-07-29T10:09:33.855Z"
"d3e6b503-f846-404d-0c18-a742a69b363e","a754974c-f679-4ab3-5f95-57d4ad90180b",459,"2026-02-13T20:22:32.724Z"
"3e0dfb76-652c-44dc-abd7-894f04e86714","e99f7cf8-bac4-48ff-6f16-64e3dbf6bf19",846,"2025-12-18T10:49:51.836Z"
"d9e6e04b-e690-43c0-499a-2773a829972f","22b02753-18f6-4e16-f037-e65f4bb27cde",413,"2025-07-16T10:51:41.765Z"
"660941f9-4499-4da3-ec3c-da14ac9a5f5e","c2f614b2-25d7-40e6-c73a-c08119409cb6",640,"2026-04-02T23:53:59.024Z"
"3169b21b-9c04-4b87-a4b1-33aff0c4a53a","00991694-a3da-42c4-6d2f-655409623b38",916,"2025-09-01T16:18:44.689Z"
"20ebb32b-6b02-44b5-c634-bd6ee6bfb09c","1d99d6e1-9e40-457f-efd2-ee409164635b",946,"2025-08-09T21:50:13.131Z"
"74a3d62a-98b3-4752-b5b2-904576dba8a2","ea859e3d-1418-4ee5-4308-a34fc791b211",337,"2026-01-09T05:19:09.865Z"
"170cef93-9606-4b74-b740-e18e323d3a7c","63ebe664-d094-4e70-e18a-105e11dfa236",8,"2025-10-28T13:24:54.878Z"
"d5f3f197-62f8-4f2b-8299-7392f9692d92","ce9b94ac-d9b9-4d1f-a19d-7e7950006478",934,"2025-05-24T02:36:05.922Z"
"d86aa7ed-e618-4830-4757-beecbbbfca76","f7b4b607-c433-4482-2033-aac8bc1f126b",448,"2025-11-15T22:52:28.382Z"
"7f82673a-8fbf-48f3-4756-61fdd22aa36f","d13585df-e029-473d-521d-e0887462fb74",856,"2025-04-24T04:39:34.661Z"
"b512b5ec-2d24-4e66-1e07-34e2b65cf76b","d88f1bf0-c2f9-470f-30bf-d44700c0ccf9",911,"2026-02-14T07:02:27.117Z"
"51b0a1aa-6d08-4bd9-ef00-65fbfeaeeb56","9c0c9555-8ca5-4479-8a6e-899415b4a1d4",588,"2025-04-18T17:39:23.564Z"
"9bb1af6c-50e4-4cab-8855-cc02079ce91d","22f93462-a1ad-470a-f34d-c8a8532539cc",186,"2026-01-25T06:12:21.286Z"
"60e7c138-781e-4a07-2ce8-19fae8b507d6","d9bb6de6-e396-4e8e-ba9d-45b05c9fece3",273,"2025-10-04T21:53:53.719Z"
"f7697d68-3cec-431c-e3ab-a7c091f4132e","d41aea25-5457-4562-4636-9f9860236f13",289,"2026-04-03T07:20:34.257Z"
"ecc31181-0d71-4656-8e23-0cc802fadadf","29a5b861-8dd9-4591-37fe-180338207533",791,"2025-09-09T04:08:50.184Z"
"3e319600-2676-4689-e953-0077167ab0e0","29a5b861-8dd9-4591-37fe-180338207533",667,"2026-02-25T03:52:40.894Z"
"25ff8372-491c-48a3-3a05-dc557ecf177e","f33720bf-d676-4068-fcc6-35d21aef28fb",440,"2025-05-17T22:31:16.933Z"
"8f1cbb98-fbcb-4a67-135c-bb4e7b8eec0b","0d679868-56a2-4135-e261-17be6e0e3fb6",591,"2026-01-12T06:03:47.426Z"
"20a08b44-6d12-4d36-5ad1-9e186b39e0ae","dd764752-18f7-44fd-3763-c5ff9b37a150",255,"2025-07-04T03:08:25.721Z"
"ffa1adb7-c402-42fd-a2bb-87814e8ed69a","823a0580-0f13-4037-3c9c-4fc93b60f08f",674,"2025-12-10T20:38:51.951Z"
"2611a4ea-419f-42f7-ac13-94c284125775","3579447b-9dfe-4e71-21ef-721d5aec9270",235,"2026-02-13T05:31:22.997Z"
"351c30f8-acd2-4991-5830-2a917e893e75","6be7bf7c-edc8-454c-9fb3-7b4a98ddbbc9",360,"2025-09-27T13:19:21.138Z"
"ac5f6443-f502-4d62-22f7-56326f2481b9","535948a7-efb8-48e0-b7f4-95fe3fd9a836",260,"2025-08-01T05:14:49.804Z"
"352df33b-0eb6-4c00-fdd0-a8ec07a8e61a","52b7571d-5ef6-44f1-8adb-876c0d8c77b0",835,"2025-07-10T08:15:01.662Z"
"b6eb0335-2b92-47bd-f05c-e7e49faefac5","bca5da61-1fa8-409f-248a-c47db8fd6552",591,"2026-02-14T01:55:48.361Z"
"a4f0d613-066a-4d1d-2221-8da0a052b316","169277f7-6c91-4ca1-4918-25b6d4c9aabd",250,"2026-03-27T08:17:39.336Z"
"2cf030f4-0a23-4c79-3bf0-0229dd34127b","185df19c-216b-4014-c6b2-6530a2909d5e",781,"2026-02-07T20:38:50.507Z"
"54e15ebf-ba70-4f7e-eea5-059cfa79ba18","b746222a-bbf0-4cf5-e798-ee4a3a8cf451",531,"2026-01-18T12:39:03.462Z"
"9f431336-e638-4fc9-e2be-3557bda51bbe","9ba45f82-c6e8-4feb-1eeb-ffac4f79cd4b",717,"2026-01-17T13:27:56.216Z"
"2822e6c3-f67f-4915-bbcc-e1440e47cefa","54b9b423-3181-4418-d5a3-2c5afdfa67c2",298,"2025-07-05T05:25:57.824Z"
"b1c3a722-0207-404f-1973-9fd26430e9d9","7fa03c81-ea67-4fa5-f4d4-4dcccda19f79",397,"2025-06-28T07:19:15.255Z"
"2c31201d-7271-4773-7587-2bf4367c149d","13d89ae2-2b0c-4e81-abbb-5fa2c738ca36",633,"2025-05-11T06:44:05.669Z"
"871531e3-9f3f-42cc-8ddf-b9c4a9d00b9a","f7b4b607-c433-4482-2033-aac8bc1f126b",272,"2025-10-30T12:15:40.536Z"
"8c9795c4-a525-47ea-6d4c-f752da85a15b","80043f18-8564-47c0-4244-3a5062c06643",953,"2025-10-12T04:19:37.363Z"
"ef94a679-ebf6-439c-830e-b3e9dda064a3","c2f614b2-25d7-40e6-c73a-c08119409cb6",588,"2025-08-04T21:07:56.921Z"
"edd691d6-4a46-4428-0adf-b2140bc6b2ba","169277f7-6c91-4ca1-4918-25b6d4c9aabd",519,"2026-03-11T00:19:28.384Z"
"9ba07b7c-2698-4d53-a89e-3b9bbd88855c","00991694-a3da-42c4-6d2f-655409623b38",468,"2025-07-17T08:04:18.960Z"
"596cd8f1-ce80-430e-5427-51949242628b","290acd25-b6de-4aa4-0d90-67e8d5572d5b",17,"2025-08-01T08:17:20.396Z"
"17187a0e-7ea1-4908-de59-b3e566c3a388","d4337784-bd42-4242-09e8-f7c6ff8702cf",843,"2025-05-17T14:30:30.782Z"
"b4dacfed-7fe3-43d7-e315-5cfe4ca2ab32","1e581767-b11f-49df-f49c-bd819cd2e83f",135,"2025-12-16T02:47:39.702Z"
"c291b049-9ae2-4b75-c943-98cdd460715a","e1cbc1ac-6b74-410f-13bb-b3b43d8dd95e",346,"2025-08-25T07:05:07.351Z"
"8c219dcc-a9c0-49d6-df8b-63671b6945bc","535948a7-efb8-48e0-b7f4-95fe3fd9a836",870,"2025-09-25T12:20:33.216Z"
"43cd8190-1906-4949-11b8-361db37a03b1","d4337784-bd42-4242-09e8-f7c6ff8702cf",332,"2026-03-18T07:31:30.134Z"
"51cb77bf-e67e-4684-4e17-5628b1a8361f","ef11c8cc-2209-4aa0-dfed-35e169d9f305",470,"2025-08-20T03:21:55.362Z"
"b31b8193-9d5a-4413-d1d0-e207bb0164c3","5171b8ab-31e3-495d-8c88-880bd8f71136",792,"2026-02-27T13:05:38.355Z"
"6858b2c7-49ca-406a-0145-42ebf341e927","3579447b-9dfe-4e71-21ef-721d5aec9270",660,"2025-10-16T14:35:30.294Z"
"679e0327-9d41-4adc-9b47-8d882bed6b0c","5234921a-d5e3-451c-9173-f70d5f0a9b48",723,"2025-05-08T13:06:20.690Z"