id,patient_id,created_at
"5372a6ea-92ae-4cde-01c8-58738238fae4","58f8eb75-189d-4cba-4fd5-f92da54ef3d0","2026-03-22T03:24:55.701Z"
"90e0bf8c-17c5-4a0a-4152-0f52ac706b09","58f8eb75-189d-4cba-4fd5-f92da54ef3d0","2025-05-31T13:24:43.526Z"
"ab9b4f6d-1577-497c-6d6d-240a3938032b","9ebf30d4-0915-40bb-4491-4ad72dbe4a17","2025-05-31T09:34:24.256Z"
"a2c89b18-cb37-4e1a-f7ca-dce2b320e3a1","1cc4f1b3-29a8-4cbd-26c6-06b93c6b5fa4","2025-04-26T23:51:40.779Z"
"ec7ed41b-8537-4f94-2c08-f004c6ce2fad","b40c81df-7eb3-493e-afe2-4b39077657ee","2025-05-03T02:23:26.293Z"
"daadf965-835c-4937-4e8c-af97f1b57c77","0a0d87f5-7564-43d8-23a9-eb820ef64213","2025-05-10T05:33:00.806Z"
"3e7fd7f6-7010-4c3b-917f-ea3450da41f4","8e094aff-8b7b-461b-a6a9-6889fdd3a461","2026-01-31T01:30:35.817Z"
"caaf5099-2273-43ff-beca-7249c747266e","e392b9f7-bcde-4d47-30c4-fc6499a41483","2026-03-25T10:41:20.332Z"
"24dc9e54-c442-4e0b-581b-0261764dd90f","2f2ca36c-7c18-4151-d7d9-6ef6277f214f","2025-10-09T09:01:11.084Z"
"32cc0fb4-5267-48f9-ab47-bcb4afe702e5","12e15c3a-d6fb-4b85-db7c-1c080ebcd363","2025-10-18T11:06:56.512Z"
"57decff2-7a30-4fe1-0156-8150e30065db","4ee8e24b-6e07-430e-3692-baf3360c9b3b","2025-09-06T12:36:07.893Z"
"2cf45b09-50a0-4a67-96cd-d042aafa4ed4","a0588d3c-ec44-4c58-1d8a-eea3c2ba2132","2025-04-17T23:36:15.141Z"
"965e2fbf-59af-455e-e16e-bace8d345983","7db30fdc-d917-4936-6d02-9e4bb0a2b6b8","2025-08-18T08:23:00.092Z"
"e5d30540-4764-4639-a4e4-04acd2b97d73","3fc58b01-a956-4abb-3336-8f169ba82fd6","2026-03-03T06:09:39.222Z"
"902fe290-1a20-44f7-f818-661cb1235a2e","e20d4db3-f25e-42c4-82f1-b0367378980d","2025-07-02T17:40:07.743Z"
"a0d02bbb-bbd4-46df-9a5d-043e04c1243d","b5b708e7-f9e8-47f2-17b2-50e1d61f8766","2025-09-16T08:40:21.050Z"
"253c2aa5-dc70-454c-391f-48418deb2ee4","afce59c9-45d8-445e-abdb-44353f1c9de5","2026-01-06T16:09:10.689Z"
"12f9c78f-c939-4739-0006-d125368cdb3c","5fe50933-95f8-4676-8575-bc1ceec1d4ab","2025-04-10T19:10:51.110Z"
"e94941a1-7cae-4414-d00a-2931015ada50","0dddb4ef-1be0-4549-d017-9524bd6148ae","2025-12-06T05:37:17.521Z"
"84d25bf5-b2d9-476f-3385-6ffcaad75908","2411f198-3f6d-4b1a-dbf5-6fc5d03398b1","2025-10-24T07:31:12.836Z"
"8accc765-254d-4ad3-67f7-51b2caacab93","4880cd3c-f018-4e39-476b-095522f7af65","2025-09-08T11:59:36.326Z"
"f33d2d8b-7442-4c32-cb62-1cf16930e376","5785902c-fd3b-4f25-bf35-e9169853c441","2026-03-14T03:14:55.921Z"
"202b03d7-20ac-4ec1-0df3-e6c1a9c5cced","4880cd3c-f018-4e39-476b-095522f7af65","2025-07-06T23:58:14.997Z"
"b8d60803-53aa-45c3-4435-6a3c5486cdc4","b5b708e7-f9e8-47f2-17b2-50e1d61f8766","2025-10-28T15:00:03.218Z"
"9ca86088-e6fa-4fb4-4aee-072deac3e7ee","dd26ae76-2745-4418-02c2-ac794098d9fe","2025-07-04T23:00:40.451Z"
"4375024c-8cf5-4e53-fe72-09e47ffbd41b","6b1231e5-4625-44bc-b74b-ceba8a037f1c","2025-04-22T08:26:12.927Z"
"bcbfb769-1b6e-4f11-9e27-49d9fc50e606","d929db5a-f12e-4d54-25e7-d104042a4784","2026-02-21T08:13:38.674Z"
"4999a911-5956-4704-4a3a-63cb15d4f53a","4104a035-5e88-4571-6c84-46f7352ad36d","2025-09-08T03:23:41.737Z"
"8756bc5d-0fec-46fb-6773-c6e06c3f5441","0954a79a-9915-4fcf-a683-22067286a1d5","2026-02-21T12:10:57.349Z"
"2f191060-a92b-4a28-a017-06f163a499cc","146a3560-5f79-445d-9702-59f8bbb7653a","2026-02-04T07:11:04.032Z"
"1e14bd28-17f2-44a8-c5da-bef05a6795f7","84472f28-a11b-41b1-5ba8-9eaed4b7803a","2025-07-19T12:46:20.973Z"
"3a52b3e6-dff9-4277-bb17-580cd9f542fb","7767ac98-d720-4ad7-76d3-e9d485eadd03","2025-07-30T10:03:45.551Z"
"775b8a57-bf81-4eab-02c3-8a5355812d82","895dc29e-0427-41bc-e47e-70b630a35f07","2025-12-02T14:51:03.258Z"
"e1fdeb6d-bb02-4f90-3e21-ff89944ec50c","18442c7f-83b2-43f4-a111-a7b65b6c7acd","2025-07-08T07:57:38.127Z"
"efe55489-09d7-4df2-8674-586cc4fef6bf","2f2ca36c-7c18-4151-d7d9-6ef6277f214f","2026-02-17T13:55:04.522Z"
"12a7276a-843d-4321-0bd3-41ab7657f662","c733b166-643d-4b37-88a2-ded75b11668e","2025-04-14T11:36:14.279Z"
"0146acf7-1a9f-480e-8f32-86944e6782a3","3ee1a9e6-caee-4654-d817-0de2b6bae63a","2025-08-13T08:20:47.073Z"
"b22c8ef3-883d-4a85-be2a-1d3603c95a5d","7215d39e-d919-4c3e-7312-a841367ca23f","2025-08-03T06:39:50.012Z"
"cb4967b8-d32d-470b-d6fb-2278f564613b","57d18b6a-0674-4a4b-154f-a1eccbaebb48","2026-03-21T15:42:37.770Z"
"295d645f-4c37-431c-0107-ab615ca7432b","062ae200-f551-4581-322e-53e8509f9188","2025-07-05T07:23:12.510Z"
"ed26b2e7-c28f-4579-c5f5-53c12d8b42df","db7affc8-c7f9-406a-4015-89fee8082bdb","2025-07-29T17:12:51.077Z"
"ddcdfefe-dc98-4775-5e7e-bcebf11a230f","0dddb4ef-1be0-4549-d017-9524bd6148ae","2026-01-06T02:29:39.179Z"
"01392eef-c5cb-47d3-56e2-b567592c0b48","d929db5a-f12e-4d54-25e7-d104042a4784","2025-05-21T03:30:51.549Z"
"db12c1d1-6afd-438e-8ebd-f00f8cedab47","5a94a2d2-47a2-48e6-d079-5b50ff71ecb8","2025-11-09T11:48:41.834Z"
"ebebee1c-94b4-4533-0a2e-e28d9697b000","7c7f2e51-9f5b-449d-86da-c5ce56468219","2026-01-10T16:07:20.459Z"
"260b354a-a871-4775-1a6e-ec3c52f4b4a9","231aebe4-8b55-4fcc-d282-f89539b21044","2025-06-17T06:10:24.217Z"
"6f664f74-5c1c-442f-2401-03fbb1bb3ef1","3ce3b60b-d8dc-44a2-9fc0-1213566ef488","2025-09-07T11:53:32.484Z"
"bbb13b4c-63c1-4c94-6bb8-188d7bea2edf","a983bcd6-c000-4426-8d24-f50359192761","2026-03-08T07:24:22.558Z"
"cf12530b-e8f4-4604-b2ea-5216683e28f6","750c5f04-9c21-430e-1164-6ca560445fa1","2025-11-29T12:33:11.472Z"
"5f4f0d6b-b5cf-43ff-38c7-e37b9f5d9af2","78c3447f-7612-48d7-e569-00c7bff8b0a4","2025-08-17T20:47:11.621Z"
"2487a632-b774-4143-852f-7620f5a06fdf","3fc58b01-a956-4abb-3336-8f169ba82fd6","2025-11-28T04:59:35.625Z"
"cc966403-d3e0-4c26-20dc-63c75457fccc","66054b2b-7a79-4d32-ea2d-58200841baa2","2025-06-18T12:15:37.106Z"
"4c149197-4cd4-436c-1628-48ffe18a9858","263a3893-6669-4c60-e3a7-5728b9d09221","2025-06-20T13:49:25.569Z"
"d5c035f5-cbde-432d-7cb8-679155e36b2d","960e7a9f-d2db-431f-ab2b-18d811616ae9","2026-03-03T13:43:59.306Z"
"5fd1a5bf-8517-4905-0003-b05684c2ab15","487c4e43-f771-42c3-7c40-8ea0bdfd2da9","2025-09-26T03:39:22.515Z"
"c295b41c-038d-4954-e2ab-30d637916225","69e0c2f2-9313-4488-9d79-74d02a92a007","2025-10-01T00:27:38.006Z"
"a1ac80db-d22a-4faa-bfa5-665ab94f25a4","d4bde6bc-ae1c-4f07-97c7-ede4d8680f0e","2026-03-20T15:30:53.762Z"
"96da0e83-3ad4-457c-e6c7-59cfe22e6e0b","0675445e-8261-4478-adc7-bba94fa6dc45","2025-08-21T19:21:53.765Z"
"1aeecc1a-086a-407c-5964-0c0e30ee8641","7d7a746b-e6c2-468f-c118-81e05a00f381","2025-06-05T20:24:47.082Z"
"776434ad-c31f-4546-58db-5913a87033be","dfad8732-df61-4a43-9365-1f6765d8efe9","2025-05-30T11:38:15.126Z"
"f0e63a5a-e612-4a06-f9ef-51cee5ef7776","19452ebd-4d30-4997-ce4f-f69eca34214d","2026-01-09T00:42:46.168Z"
"7d904ad0-56e3-498e-3c83-e2d31dca102a","94fed07c-6ea5-4eca-f8bc-9327b478610c","2025-07-28T12:05:47.282Z"
"83c75faf-3456-4518-0607-75677be03219","8e1dd7f3-ddb1-4a95-340f-3aa82c1fb3f7","2025-12-15T17:38:34.595Z"
"f9cb29cc-015a-447a-0172-ea11522daaa7","d1184295-bae7-48c0-ec68-e96dc06c1acd","2025-09-07T05:15:29.558Z"
"bb4e4ed0-aaf8-4bcd-53de-eb270058345f","5801ecde-4958-454d-5c60-628f3dec6716","2025-07-02T22:28:47.170Z"
"a780bc96-e60b-4aec-77f0-3c163796649d","3bae6502-bdb3-4cd9-fdb5-a5e319eeb6ff","2025-10-09T15:17:43.667Z"
"963fd909-6aa8-4d89-2756-96da914612cc","35761ab5-e086-4b16-1ac0-54e8d26f2bdc","2025-10-18T09:28:12.154Z"
"2fa2c3e6-ac67-47bb-02da-6b073a8f4f20","ff1a556a-edb4-43c2-7dcd-e76e805ba54c","2025-08-21T18:33:44.554Z"
"e9957d9e-4518-4794-87b1-47ed5a874db2","4e03505b-891d-4cb8-0acc-adf4aa479cf3","2025-04-25T12:36:58.897Z"
"7f55d337-c7b0-43a6-2b76-48cbac476594","bba66e24-370d-4f44-4870-dca89e0856e4","2025-12-20T09:31:17.933Z"
"092fad7e-f7ff-4937-eeaa-3f2a910c3b58","c24c749b-5539-4120-4c61-88894da909a4","2025-12-11T11:59:48.885Z"
"58b111cd-4988-49ee-fe19-bb9861b0f501","e594dd18-0ae7-4e73-cb02-0bb2becfe102","2025-07-27T09:49:28.997Z"
"2734dcb5-b77e-40cc-2771-104313cacb96","81ee75b0-6e2a-4ed9-ad93-5599d7d88d28","2025-06-12T12:35:37.996Z"
"6a8c107f-cfea-48f3-36d7-3c78862f0442","7767ac98-d720-4ad7-76d3-e9d485eadd03","2025-08-20T20:55:42.913Z"
"5acffee8-ffd2-4c57-80bf-e5d6fc6159b5","999c986d-30a4-4220-667d-282cc9ceac72","2025-10-06T09:19:34.655Z"
"1435bf9f-eb01-4dfe-e31a-3f10929b7108","d6c8a5b1-4816-44eb-a844-c2cc931883da","2025-05-10T13:45:15.865Z"
"ab8201c0-951f-48c3-07fe-3fc9e8cfde43","99352f0b-71fa-4a52-d031-37b31c8a7a5f","2025-04-22T09:19:16.040Z"
"ce7fb1ce-ec97-4041-2343-eb03c2e9ab2b","94fed07c-6ea5-4eca-f8bc-9327b478610c","2025-09-11T22:18:56.978Z"
"ae60b255-c2c4-41a9-d48a-57e797399969","18442c7f-83b2-43f4-a111-a7b65b6c7acd","2025-05-01T05:35:37.574Z"
"fbcdd38d-8dcd-488e-ed5a-a4fec87f42e9","2a957443-90e2-4bdb-2a64-4a554ec8c119","2026-02-10T03:08:22.542Z"
"02da6b02-42f0-42f8-dcd6-22359add2e10","c62707c1-bc86-4641-e788-b62eb4d5883b","2025-11-15T07:28:44.322Z"
"9c85dfc7-395e-4f5d-136c-b195aaebc847","cfabd6b6-4f82-4701-675c-945b35e322ac","2026-01-09T18:05:55.530Z"
"05a4e02e-37f4-4413-808b-3cb7a87a6313","d6c8a5b1-4816-44eb-a844-c2cc931883da","2026-01-08T04:59:24.878Z"
"1075eabf-a84a-4067-64df-2197118ca2ff","037b45e1-407f-43b1-b28c-7ffca572ac05","2025-07-29T09:22:08.495Z"
"0c031309-7925-495f-bbb5-69884e90fc26","aa7bc520-06d5-463f-a239-4e43b992fe72","2025-12-24T05:48:03.772Z"
"df64917a-eab5-447f-7273-50baab207962","00a78121-0215-4b4a-f3e8-515bf7e3779a","2026-02-24T21:35:38.368Z"
"4019c55e-23b6-40f1-8a9d-b68524b6f9e6","7aed7d76-8c8c-4a62-eb19-3461f0c4cd01","2025-10-03T21:19:27.204Z"
"25bdc906-09d4-4412-0cff-6c684ec929f1","9866bcc7-0cab-4086-81b4-88f10edf3827","2026-02-04T14:21:32.780Z"
"8bfc7054-a802-4218-09ae-5ccf886e42e8","a66bacec-79c0-4447-4a01-57ccc70c56c1","2025-04-13T14:52:24.501Z"
"e247d800-bae0-43bc-3b47-8b97d5c5b4c7","57d18b6a-0674-4a4b-154f-a1eccbaebb48","2025-12-17T11:04:34.919Z"
"33e3b9c4-b756-4b03-3e7f-a9ee064697fe","e732ca21-73d9-45af-8a14-c6f21a491887","2025-11-22T09:04:25.990Z"
"1faa3478-5436-4f3e-0dec-4423938d6301","d4f5937e-2db1-4b9b-a8b8-19ec791da9a0","2025-07-02T01:36:14.983Z"
"4b78c9a5-d787-40c0-5289-a1f9c4160232","69bcef44-f18f-4e58-a0c8-5aaa8f01e459","2026-02-06T13:06:59.469Z"
"00951bc1-2d0d-478e-bce2-008e54b5fb3f","540b9626-fba8-4e1a-4f6b-cea0f3a4984b","2025-12-04T22:48:39.562Z"
"763b9679-d7fa-4885-4439-abbc652bb7dc","3e708a04-b373-4173-7c62-26ed74e0ed07","2025-05-31T08:01:14.247Z"
"f442f069-2fa7-43a2-187c-b5a5be5171ef","dc84359b-84b2-47df-c04c-1da058cebcc1","2025-10-13T17:17:08.978Z"
"08eb5964-d6f2-4714-4920-97ade505396b","b5af670d-af9c-422a-287f-8d474542f4a8","2026-01-03T03:03:16.506Z"
"e2a41437-9be0-4f4a-24e3-6d658816104b","67858c6e-5f8a-480b-296b-a04ca15e76d4","2025-08-11T21:18:57.552Z"
"610d5800-e07f-497e-e281-9709ed4554f7","4e03505b-891d-4cb8-0acc-adf4aa479cf3","2026-04-05T19:49:30.380Z"
"a91915ec-e377-4414-2d82-706cea02cdb7","dc27af37-b343-48cf-5278-19628afdf76f","2026-03-23T00:24:14.572Z"
"f94c6192-0fe4-4cca-63a8-cc3a6c513c6e","bb1bf78b-c7e3-4f0f-a3b5-c8b04c58fca6","2025-05-12T15:20:34.046Z"
"2651513f-aaf5-4135-a645-415f0d719530","4b940584-65e4-481d-e994-d4f0135dbc8c","2025-10-28T15:51:04.185Z"
"228fd154-cb0d-4697-cb08-30507428717c","acd4d3a8-37e0-4165-8663-4529e088b1ce","2025-10-03T03:27:25.402Z"
"57a79a1b-ca10-4a77-04bd-a7245ff17d4d","f9071c92-86d4-4023-40fe-1140612074be","2025-12-31T02:29:40.269Z"
"ab532d1c-5ce3-4921-f9d3-fdf40f77bb5d","07375683-eeb6-4cb2-7a9f-99c3454bff50","2025-08-14T17:08:25.423Z"
"e94f60c9-6a5b-4774-5d3c-6190db459e82","7c8b6fd1-c1d5-42dd-6871-985963dffefa","2026-03-25T04:43:25.090Z"
"8b993737-2daf-416b-1045-d320c64ead31","7c9b4663-d880-44d0-81b3-864917b17c2a","2025-08-01T19:52:22.039Z"
"6204ade4-34dd-4748-d39c-7d3099d05ab7","775eefd1-b2ca-4335-e45e-a9f357fa9219","2025-05-09T16:03:46.360Z"
"59d6bb14-5f75-41eb-36d6-a826545b2faa","90aa0aed-3133-446c-29fc-7cd296f88a4a","2025-07-03T15:56:29.552Z"
"d964666f-bb58-4501-8b73-9f193413666a","40c330f1-0de5-4807-eaf4-7bece032b7d8","2026-02-05T00:17:19.358Z"
"2f68ff1c-a7d4-4959-60c2-74322c6f1134","ad2fb8a3-b5c0-48a8-1523-de6da1da9c2e","2025-10-27T14:25:03.136Z"
"219345d8-f6e1-4703-5529-77560c2793a2","ca9cb2aa-c7b4-4136-88c3-8423f95764a9","2025-11-29T03:32:39.616Z"
"d9228579-20da-40c0-a620-44c0939de021","5bc50806-343a-425a-5407-61c0c62ebadc","2025-10-20T12:12:47.183Z"
"b098d1ca-4b95-479f-da90-ba47a3fdd9d1","40c330f1-0de5-4807-eaf4-7bece032b7d8","2025-10-25T12:52:33.490Z"
"c33e80e6-489e-4165-ad70-6e22ea4a4fd9","ad2fb8a3-b5c0-48a8-1523-de6da1da9c2e","2026-03-24T04:05:00.881Z"
"09e3085d-0cb3-4149-1ccf-28068f1b4c14","b5b85e9b-9c8c-43da-df8c-c5f2547e1129","2025-07-05T17:30:42.232Z"
"b4a063fb-0170-4f74-fbd9-3a237ab3f50a","c24c749b-5539-4120-4c61-88894da909a4","2026-01-20T13:32:44.845Z"
"a1026b69-b032-473b-de69-6ade2813a26b","a08011c9-6052-459b-25df-e77db13bd7ce","2025-06-09T10:23:32.499Z"
"9df4b2f5-cfaa-44f0-99bc-738ac4b545ff","c62707c1-bc86-4641-e788-b62eb4d5883b","2025-08-08T04:29:15.338Z"
"c1dd11c3-321e-44de-19da-97923146d609","1c2f79e5-ee69-4cfd-8850-2d09aaadb454","2025-11-24T16:24:39.786Z"
"dbe8bf18-ea66-444e-0b8f-7d0075e71445","3f1b4161-7a40-4f1c-4057-ab85d76a39b0","2026-01-18T12:05:24.380Z"
"8b683047-3b20-4a20-5f14-ec12e82c6f6e","e31d798d-ad6b-4f21-bcea-00625c197589","2025-06-19T01:47:01.072Z"
"5f856c4f-cf66-4bc1-a66e-79563c40dc06","f12f7bb0-9d4b-48b6-9b9c-4ae1363ee84a","2025-08-21T11:40:39.842Z"
"870b3f13-e978-498e-c73c-317ac5faf2b9","e594dd18-0ae7-4e73-cb02-0bb2becfe102","2025-11-15T12:58:03.111Z"
"7fd48a67-e88b-4583-1cca-333f92121b48","1d3e9480-ca03-419e-07ed-f673220d6375","2025-12-08T19:49:30.681Z"
"cf2085f7-c7fb-4621-a7f6-dd6e2af08a2f","9d544c27-4ef3-474a-efd8-016f0b5a181b","2025-06-07T21:25:08.427Z"
"8cd99c54-0cae-4635-201c-61b2d4ff58eb","324b5a24-ae29-4cf0-8f72-576977c674ce","2025-09-13T06:18:17.660Z"
"1415661b-6646-45fc-8605-ae42099f4aa6","263a3893-6669-4c60-e3a7-5728b9d09221","2025-11-17T00:49:00.995Z"
"a447682e-cea7-4ce3-705b-153daeb3d953","7ec9890f-9ca4-48d5-f28f-0692560d3e44","2026-01-15T01:19:27.378Z"
"33aca014-ffea-4af3-6e0a-4e88fd6c9f4b","f09ee891-4e63-4f26-09a4-40fa57b13d79","2025-07-06T04:57:00.493Z"
"c4750e31-b2d8-421a-0963-fa8f82ae76ca","3ce3b60b-d8dc-44a2-9fc0-1213566ef488","2026-01-19T17:34:00.535Z"
"517debd8-7b1e-4bca-0c63-ffdc5a662f38","9a1af057-9a0a-436a-be44-675a2c093829","2025-05-14T08:15:30.249Z"
"6efd049e-c072-45e9-46bf-1fdb66893090","0a92794d-0997-4c96-4b00-174622fbdf01","2026-03-06T14:32:41.984Z"
"4b91da37-e030-4319-8bb7-9baca8ba3620","0a4cb03c-b3f1-4245-498b-147087311d66","2025-04-22T13:21:54.427Z"
"acc016ce-c869-48f5-3a05-cd8d81fb366c","e1b969f6-3a4d-44c6-3861-14d3c175d643","2026-01-27T21:58:16.725Z"
"66b8edb6-dffb-482f-cb5a-f83e899c61ab","749bb1d5-fab2-4a8d-3df8-1d173665fe4d","2025-08-30T15:30:35.910Z"
"597e96cd-b467-4475-dfe3-fdc21c915af4","ad2fb8a3-b5c0-48a8-1523-de6da1da9c2e","2025-10-23T00:03:53.835Z"
"1038a803-cd66-4dc2-5092-c5a56e3150d0","1cc4f1b3-29a8-4cbd-26c6-06b93c6b5fa4","2025-08-04T08:01:16.542Z"
"f8a81a73-cf4e-4b88-740b-b63dfcb52490","f28e4c46-adb4-4465-c3bf-74cd50b3d546","2026-04-07T03:43:34.286Z"
"346c34dc-104f-45e6-8987-f5d9e22455f8","55d186d0-79c5-4990-e94d-c050f72ddd4a","2025-09-13T04:02:34.058Z"
"e41c6281-5803-4e17-61f5-b896be4b0dac","82456a0f-29a0-4ee6-4657-76236a715e87","2025-10-27T02:03:57.477Z"
"22417111-1974-4811-69af-34ad78eba5e4","146a3560-5f79-445d-9702-59f8bbb7653a","2025-05-09T20:22:28.486Z"
"a8b19bb2-4203-4def-a15b-5fc971a557d6","e183ad92-c7b8-4bc7-0206-72d34107fcaa","2025-09-12T05:54:25.449Z"
"02ec57c8-fe08-4e4f-33dd-35da127dbf36","2b52796e-ff73-46ef-f6de-a36b1bf632e4","2025-05-05T12:01:11.143Z"
"dd8dd05c-19b1-4ecb-afda-242a9a07e699","203e7e5c-803b-4529-a537-a74f8632cd98","2026-01-21T18:26:41.489Z"