-- =================================================================
-- Generated by RealityDB
-- Template: ecommerce
-- Seed: 42
-- Generated at: 2026-03-22T04:47:16.893Z
-- =================================================================

-- --- SCHEMA ---------------------------------------------------------

CREATE TABLE "customers" (
  "id" UUID NOT NULL DEFAULT gen_random_uuid(),
  "email" VARCHAR(255) NOT NULL,
  "first_name" VARCHAR(100) NOT NULL,
  "last_name" VARCHAR(100) NOT NULL,
  "phone" VARCHAR(50),
  "city" VARCHAR(100),
  "country" VARCHAR(100) NOT NULL DEFAULT 'US'::character varying,
  "lifetime_value_cents" INTEGER NOT NULL DEFAULT 0,
  "created_at" TIMESTAMP WITHOUT TIME ZONE NOT NULL DEFAULT now(),
  PRIMARY KEY ("id")
);

CREATE TABLE "categories" (
  "id" UUID NOT NULL DEFAULT gen_random_uuid(),
  "name" VARCHAR(100) NOT NULL,
  "slug" VARCHAR(100) NOT NULL,
  "parent_id" UUID,
  PRIMARY KEY ("id"),
  FOREIGN KEY ("parent_id") REFERENCES "categories" ("id")
);

CREATE TABLE "products" (
  "id" UUID NOT NULL DEFAULT gen_random_uuid(),
  "name" VARCHAR(255) NOT NULL,
  "description" TEXT,
  "category_id" UUID,
  "price_cents" INTEGER NOT NULL,
  "compare_at_price_cents" INTEGER,
  "brand" VARCHAR(100),
  "sku" VARCHAR(50) NOT NULL,
  "rating" NUMERIC DEFAULT 0,
  "review_count" INTEGER DEFAULT 0,
  "in_stock" BOOLEAN NOT NULL DEFAULT true,
  "created_at" TIMESTAMP WITHOUT TIME ZONE NOT NULL DEFAULT now(),
  PRIMARY KEY ("id"),
  FOREIGN KEY ("category_id") REFERENCES "categories" ("id")
);

CREATE TABLE "sessions" (
  "id" UUID NOT NULL,
  "user_id" UUID,
  "started_at" TIMESTAMP WITH TIME ZONE,
  "ended_at" TIMESTAMP WITH TIME ZONE,
  "duration_seconds" INTEGER,
  "ip_address" VARCHAR(255),
  "user_agent" VARCHAR(255),
  "country" VARCHAR(10),
  "created_at" TIMESTAMP WITH TIME ZONE,
  PRIMARY KEY ("id")
);

CREATE TABLE "cart_items" (
  "id" UUID NOT NULL DEFAULT gen_random_uuid(),
  "session_id" UUID,
  "customer_id" UUID,
  "product_id" UUID,
  "quantity" INTEGER DEFAULT 1,
  "price_cents" INTEGER,
  "added_at" TIMESTAMP WITH TIME ZONE NOT NULL,
  "converted" BOOLEAN DEFAULT false,
  "created_at" TIMESTAMP WITH TIME ZONE NOT NULL DEFAULT now(),
  PRIMARY KEY ("id"),
  FOREIGN KEY ("customer_id") REFERENCES "customers" ("id"),
  FOREIGN KEY ("product_id") REFERENCES "products" ("id"),
  FOREIGN KEY ("session_id") REFERENCES "sessions" ("id")
);

CREATE TABLE "payments" (
  "id" UUID NOT NULL DEFAULT gen_random_uuid(),
  "invoice_id" UUID NOT NULL,
  "amount_cents" INTEGER NOT NULL,
  "currency" VARCHAR(3) NOT NULL DEFAULT 'USD'::character varying,
  "payment_method" VARCHAR(50) NOT NULL DEFAULT 'card'::character varying,
  "status" VARCHAR(50) NOT NULL DEFAULT 'succeeded'::character varying,
  "failure_reason" VARCHAR(255),
  "paid_at" TIMESTAMP WITHOUT TIME ZONE NOT NULL DEFAULT now(),
  PRIMARY KEY ("id")
);

CREATE TABLE "orders" (
  "id" UUID NOT NULL DEFAULT gen_random_uuid(),
  "customer_id" UUID NOT NULL,
  "status" VARCHAR(50) NOT NULL DEFAULT 'pending'::character varying,
  "total_cents" INTEGER NOT NULL,
  "discount_cents" INTEGER NOT NULL DEFAULT 0,
  "currency" VARCHAR(3) NOT NULL DEFAULT 'USD'::character varying,
  "ordered_at" TIMESTAMP WITHOUT TIME ZONE NOT NULL DEFAULT now(),
  "shipped_at" TIMESTAMP WITHOUT TIME ZONE,
  "delivered_at" TIMESTAMP WITHOUT TIME ZONE,
  PRIMARY KEY ("id"),
  FOREIGN KEY ("customer_id") REFERENCES "customers" ("id")
);

CREATE TABLE "refunds" (
  "id" UUID NOT NULL DEFAULT gen_random_uuid(),
  "payment_id" UUID,
  "order_id" UUID,
  "amount_cents" INTEGER NOT NULL,
  "reason" VARCHAR(100),
  "status" VARCHAR(20),
  "processed_at" TIMESTAMP WITH TIME ZONE,
  "created_at" TIMESTAMP WITH TIME ZONE NOT NULL DEFAULT now(),
  PRIMARY KEY ("id"),
  FOREIGN KEY ("order_id") REFERENCES "orders" ("id"),
  FOREIGN KEY ("payment_id") REFERENCES "payments" ("id")
);

CREATE TABLE "disputes" (
  "id" UUID NOT NULL DEFAULT gen_random_uuid(),
  "refund_id" UUID,
  "payment_id" UUID,
  "reason" VARCHAR(100),
  "status" VARCHAR(20),
  "amount_cents" INTEGER,
  "evidence_submitted" BOOLEAN DEFAULT false,
  "resolved_at" TIMESTAMP WITH TIME ZONE,
  "created_at" TIMESTAMP WITH TIME ZONE NOT NULL DEFAULT now(),
  PRIMARY KEY ("id"),
  FOREIGN KEY ("payment_id") REFERENCES "payments" ("id"),
  FOREIGN KEY ("refund_id") REFERENCES "refunds" ("id")
);

CREATE TABLE "order_items" (
  "id" UUID NOT NULL DEFAULT gen_random_uuid(),
  "order_id" UUID NOT NULL,
  "product_id" UUID NOT NULL,
  "quantity" INTEGER NOT NULL DEFAULT 1,
  "unit_price_cents" INTEGER NOT NULL,
  PRIMARY KEY ("id"),
  FOREIGN KEY ("order_id") REFERENCES "orders" ("id"),
  FOREIGN KEY ("product_id") REFERENCES "products" ("id")
);

CREATE TABLE "reviews" (
  "id" UUID NOT NULL DEFAULT gen_random_uuid(),
  "product_id" UUID NOT NULL,
  "customer_id" UUID NOT NULL,
  "rating" INTEGER NOT NULL,
  "title" VARCHAR(255),
  "body" TEXT,
  "verified_purchase" BOOLEAN NOT NULL DEFAULT false,
  "created_at" TIMESTAMP WITHOUT TIME ZONE NOT NULL DEFAULT now(),
  PRIMARY KEY ("id"),
  FOREIGN KEY ("customer_id") REFERENCES "customers" ("id"),
  FOREIGN KEY ("product_id") REFERENCES "products" ("id")
);

CREATE TABLE "shipments" (
  "id" UUID NOT NULL DEFAULT gen_random_uuid(),
  "order_id" UUID,
  "carrier" VARCHAR(50),
  "tracking_number" VARCHAR(100),
  "status" VARCHAR(20),
  "shipped_at" TIMESTAMP WITH TIME ZONE,
  "estimated_delivery" DATE,
  "actual_delivery_at" TIMESTAMP WITH TIME ZONE,
  "created_at" TIMESTAMP WITH TIME ZONE NOT NULL DEFAULT now(),
  PRIMARY KEY ("id"),
  FOREIGN KEY ("order_id") REFERENCES "orders" ("id")
);


-- --- DATA -----------------------------------------------------------

INSERT INTO "categories" ("id", "name", "slug", "parent_id") VALUES
  ('9972daab-2c86-459f-9d78-3fe1be4e3280', 'Toys', 'SLU-000001', NULL),
  ('9c0078d6-0d97-4844-8f2f-c887062cd77c', 'Beauty', 'SLU-000002', '9972daab-2c86-459f-9d78-3fe1be4e3280');

INSERT INTO "customers" ("id", "email", "first_name", "last_name", "phone", "city", "country", "lifetime_value_cents", "created_at") VALUES
  ('73090d8e-983e-4535-8dbd-db8234484b13', 'angela.morgan.0@mail.com', 'Patrick', 'Rodriguez', '+1-954-544-9480', 'Los Angeles', 'US', 31685, '2024-04-12T20:59:29.698Z'),
  ('7b9ce613-b8ef-47b4-ad85-d21efe90ea6f', 'laura.king.1@icloud.com', 'Steven', 'Reed', '+1-436-559-8588', 'Tokyo', 'Other', 1780397, '2024-02-20T17:15:41.205Z'),
  ('8b4b19b2-50c9-4717-b9d2-21f92db5b339', 'michelle.taylor.2@mail.com', 'Dorothy', 'Lee', '+1-703-909-3937', 'San Francisco', 'US', 262785, '2023-04-11T11:56:15.509Z'),
  ('5e02bca2-e0e8-459a-bd2f-0cb4b54a4656', 'robert.thompson.3@aol.com', 'Laura', 'Foster', '+1-331-336-6048', 'London', 'US', 868822, '2024-03-01T14:24:38.668Z'),
  ('af6656e5-537e-4c8b-963c-534c52ab382b', 'anna.young.4@yahoo.com', 'Ashley', 'Jones', '+1-662-366-5333', 'Toronto', 'FR', 1825256, '2023-05-19T11:01:26.752Z'),
  ('7027de86-d7e4-4325-9ece-35638bfc7ddc', 'raymond.howard.5@gmail.com', 'Michael', 'Taylor', '+1-605-741-7847', 'Austin', 'JP', 1263228, '2023-05-01T00:10:46.211Z'),
  ('da995972-e0ae-49f0-a054-d8265d0515a5', 'larry.myers.6@zoho.com', 'George', 'Peterson', '+1-316-418-2252', 'New York', 'US', 881968, '2023-11-12T19:15:22.457Z'),
  ('b7cbc832-aa84-4178-b56c-544e25814487', 'jason.cook.7@protonmail.com', 'Susan', 'Smith', '+1-318-954-1623', 'Chicago', 'CA', 1004932, '2024-10-20T21:10:37.030Z'),
  ('d20e5e3a-b390-48f7-80a9-cb8cce862d13', 'elizabeth.garcia.8@outlook.com', 'Shirley', 'Gutierrez', '+1-648-981-1199', 'Toronto', 'US', 568262, '2023-05-03T20:03:45.668Z'),
  ('8934f1f3-4484-4cef-af91-cf4f7ec08caf', 'sharon.diaz.9@aol.com', 'Jerry', 'Kim', '+1-446-705-7011', 'Chicago', 'US', 1755860, '2024-05-14T14:53:08.946Z');

INSERT INTO "orders" ("id", "customer_id", "status", "total_cents", "discount_cents", "currency", "ordered_at", "shipped_at", "delivered_at") VALUES
  ('e1695688-d69e-4eb1-a649-f67c46a1c5bd', 'b7cbc832-aa84-4178-b56c-544e25814487', 'delivered', 84749, 45128, 'USD', '2024-01-22T22:24:14.637Z', '2024-11-09T01:36:21.694Z', '2024-01-02T01:38:06.168Z'),
  ('e4ac6b71-9db7-440b-aa18-1f60d4d6ae15', '73090d8e-983e-4535-8dbd-db8234484b13', 'delivered', 70152, 13483, 'EUR', '2023-10-01T22:50:20.132Z', '2023-03-09T11:15:29.646Z', '2023-03-24T15:46:27.078Z'),
  ('5819a03d-7a47-42b8-847c-971bc8b0eb1d', '73090d8e-983e-4535-8dbd-db8234484b13', 'delivered', 34381, 12007, 'USD', '2023-01-09T00:26:29.134Z', '2023-11-03T17:23:15.209Z', '2023-04-28T19:07:03.869Z'),
  ('57a608bc-cc60-44c9-8123-15c56edeca7e', '8934f1f3-4484-4cef-af91-cf4f7ec08caf', 'delivered', 14976, 27606, 'EUR', '2024-08-03T05:02:33.984Z', '2023-06-18T18:42:51.675Z', '2024-07-08T20:27:55.153Z'),
  ('22a89a8e-34ec-45be-8cf5-94480c53b6c2', '8b4b19b2-50c9-4717-b9d2-21f92db5b339', 'canceled', 45852, 9132, 'USD', '2023-12-27T12:20:50.754Z', '2024-08-16T11:32:41.599Z', '2023-04-19T16:12:46.358Z'),
  ('1622fe36-7882-4e7c-ac28-fad4583484c3', 'af6656e5-537e-4c8b-963c-534c52ab382b', 'shipped', 25591, 24967, 'USD', '2023-04-12T23:07:27.591Z', '2024-04-10T13:42:22.658Z', '2024-02-24T23:55:11.342Z'),
  ('40810aaa-10e6-43a8-8f0d-968c7b837973', '7027de86-d7e4-4325-9ece-35638bfc7ddc', 'delivered', 70973, 185, 'EUR', '2024-08-20T05:46:17.310Z', '2024-04-06T15:07:35.367Z', '2023-07-21T04:28:04.455Z'),
  ('ee479ee7-760b-417e-b177-c01fb798f2d5', 'af6656e5-537e-4c8b-963c-534c52ab382b', 'delivered', 91094, 3111, 'USD', '2024-01-11T15:17:32.530Z', '2023-08-22T05:15:57.491Z', '2023-11-22T17:38:26.668Z'),
  ('9cdaaafb-faf7-4ff5-8f28-16fe087ddfad', 'b7cbc832-aa84-4178-b56c-544e25814487', 'delivered', 84138, 22688, 'GBP', '2023-09-10T07:40:35.089Z', '2024-07-02T02:37:51.731Z', '2024-09-09T00:23:28.274Z'),
  ('5fb90c23-3d9e-4fa2-b968-cabd04afe041', '7027de86-d7e4-4325-9ece-35638bfc7ddc', 'canceled', 46956, 19067, 'EUR', '2023-09-28T05:49:27.143Z', '2024-05-15T23:18:16.942Z', '2024-01-27T20:01:31.476Z'),
  ('87fe2c98-13a4-4b6f-98d5-64962bf92ead', 'b7cbc832-aa84-4178-b56c-544e25814487', 'processing', 54885, 31512, 'GBP', '2023-06-17T18:02:37.252Z', '2024-12-31T21:27:54.683Z', '2024-11-17T21:46:55.144Z'),
  ('18e80008-860e-4ea2-8067-d35832bea70c', 'da995972-e0ae-49f0-a054-d8265d0515a5', 'processing', 85177, 29002, 'USD', '2023-10-29T15:28:27.081Z', '2024-03-06T19:28:05.200Z', '2023-10-28T00:22:16.075Z'),
  ('3122b5bb-48ec-416e-9856-aafae4b157e8', '7027de86-d7e4-4325-9ece-35638bfc7ddc', 'returned', 23712, 7537, 'USD', '2023-01-14T15:45:52.219Z', '2023-12-28T18:59:50.617Z', '2023-01-19T13:16:27.994Z'),
  ('05a69afd-40f6-49f2-8e83-633749f1a050', '7027de86-d7e4-4325-9ece-35638bfc7ddc', 'delivered', 44872, 8812, 'USD', '2023-03-16T03:16:12.385Z', '2023-09-07T20:16:21.185Z', '2023-12-03T09:51:44.451Z'),
  ('e396da71-a174-46a9-a068-2c01b5615304', '7b9ce613-b8ef-47b4-ad85-d21efe90ea6f', 'processing', 28471, 2150, 'USD', '2023-08-09T04:54:54.822Z', '2024-09-23T06:53:36.788Z', '2023-08-02T21:13:27.311Z'),
  ('37479e57-599d-47d0-9533-58e2dbf3772c', 'da995972-e0ae-49f0-a054-d8265d0515a5', 'processing', 75328, 47017, 'USD', '2024-04-01T11:03:44.802Z', '2024-09-04T11:04:52.653Z', '2023-03-14T16:49:50.803Z'),
  ('922c08db-1888-4599-b986-ac86e6e21639', '8934f1f3-4484-4cef-af91-cf4f7ec08caf', 'delivered', 70475, 26809, 'USD', '2024-05-09T03:01:22.698Z', '2024-04-04T13:34:17.273Z', '2024-04-30T16:38:11.903Z'),
  ('a5dfe13d-967e-44ba-9268-ff386d0a270c', '7b9ce613-b8ef-47b4-ad85-d21efe90ea6f', 'delivered', 76688, 26350, 'USD', '2024-03-30T06:39:03.749Z', '2023-01-04T03:51:15.289Z', '2023-07-21T01:27:03.814Z'),
  ('7059bf4a-9543-4cd8-a01e-f20bc093109e', 'd20e5e3a-b390-48f7-80a9-cb8cce862d13', 'delivered', 84352, 10978, 'GBP', '2024-02-06T18:04:09.938Z', '2024-03-02T05:58:39.734Z', '2024-12-16T17:04:34.603Z'),
  ('650d627b-6604-46c4-ba1f-30b0caf9dae3', '8b4b19b2-50c9-4717-b9d2-21f92db5b339', 'pending', 51148, 41139, 'USD', '2024-12-30T19:05:26.355Z', '2023-04-27T16:33:11.055Z', '2023-03-10T02:22:08.566Z'),
  ('ee392202-f4ab-4217-a2b0-cb03d839865e', '73090d8e-983e-4535-8dbd-db8234484b13', 'delivered', 90066, 49594, 'USD', '2024-08-03T22:41:03.420Z', '2024-12-07T10:07:47.335Z', '2023-05-20T08:41:38.335Z'),
  ('0aed56f3-f3c4-455c-8811-a38b99a89710', 'd20e5e3a-b390-48f7-80a9-cb8cce862d13', 'pending', 62583, 20873, 'EUR', '2024-07-21T05:04:13.182Z', '2024-02-25T11:38:45.642Z', '2024-10-18T01:42:47.069Z'),
  ('f0323b9b-9b8e-4d67-9a6d-b9149fa6a6e0', 'd20e5e3a-b390-48f7-80a9-cb8cce862d13', 'shipped', 77927, 7343, 'USD', '2023-09-12T04:49:40.947Z', '2024-03-14T18:32:16.723Z', '2024-08-11T21:25:53.925Z'),
  ('faec6eec-e718-4fdd-857e-cc58b95af50f', '8934f1f3-4484-4cef-af91-cf4f7ec08caf', 'pending', 46261, 14837, 'USD', '2024-04-07T06:11:35.850Z', '2024-06-18T01:03:54.708Z', '2024-08-02T18:48:49.774Z'),
  ('07b52741-09cc-46bb-8c73-55a4974cc8df', 'b7cbc832-aa84-4178-b56c-544e25814487', 'processing', 48404, 18376, 'USD', '2023-01-15T04:33:00.900Z', '2024-05-27T22:15:24.119Z', '2024-03-06T22:49:10.430Z');

INSERT INTO "products" ("id", "name", "description", "category_id", "price_cents", "compare_at_price_cents", "brand", "sku", "rating", "review_count", "in_stock", "created_at") VALUES
  ('694aad5a-30a4-4a8f-bdde-e7988263da40', 'USB-C Cable', 'Omega the fox process over dog over delta', '9c0078d6-0d97-4844-8f2f-c887062cd77c', 14699, 143361, 'Solidcraft', 'SKU-3J3NJ', 1.2343936823308468, 362, TRUE, '2023-03-22T14:47:11.504Z'),
  ('7d409da2-46e4-4ba0-a083-e968f5d116e0', 'Tablet Sleeve', 'Client dog fox client delta lambda client epsilon', '9972daab-2c86-459f-9d78-3fe1be4e3280', 16274, 8880, 'PeakGear', 'SKU-88UTH', 1.3439562050625682, 439, TRUE, '2024-06-04T23:46:28.637Z'),
  ('ffa93f4d-3539-45fc-a462-c02c9375975a', 'Portable Charger', 'Theta theta data lazy system server omega jumps', '9972daab-2c86-459f-9d78-3fe1be4e3280', 5638, 174718, 'Acme', 'SKU-T1KBR', 1.2799876406788826, 396, TRUE, '2024-07-12T23:35:15.780Z'),
  ('9e8f86d6-fa2b-40d3-8985-14453cce7621', 'Mouse Pad', 'Omega process network module theta client engine process', '9c0078d6-0d97-4844-8f2f-c887062cd77c', 11209, 39040, 'Acme', 'SKU-SWJ88', 3.8923418056219816, 489, TRUE, '2023-05-31T07:02:56.199Z'),
  ('114c84a2-ffc2-4fcf-becd-db99e75f8e0a', 'Webcam HD', 'Lazy network lazy system lazy cloud alpha the', '9972daab-2c86-459f-9d78-3fe1be4e3280', 6094, 188670, 'Zenith', 'SKU-ML60I', 2.327936434186995, 85, TRUE, '2023-03-17T02:37:22.171Z');

INSERT INTO "order_items" ("id", "order_id", "product_id", "quantity", "unit_price_cents") VALUES
  ('b3cdd6b2-b83e-4269-baf5-288fd256e8f2', 'a5dfe13d-967e-44ba-9268-ff386d0a270c', '694aad5a-30a4-4a8f-bdde-e7988263da40', 1, 15486),
  ('e366d410-0a9d-4221-a1df-331308313ef0', 'f0323b9b-9b8e-4d67-9a6d-b9149fa6a6e0', '7d409da2-46e4-4ba0-a083-e968f5d116e0', 3, 10320),
  ('813a43b0-787b-4989-90e5-82a61d258cf9', '9cdaaafb-faf7-4ff5-8f28-16fe087ddfad', '7d409da2-46e4-4ba0-a083-e968f5d116e0', 2, 14685),
  ('67568572-117e-4e22-8648-396febe0a16a', '37479e57-599d-47d0-9533-58e2dbf3772c', '7d409da2-46e4-4ba0-a083-e968f5d116e0', 5, 6361),
  ('b2d3839c-57a8-4240-bd3a-5f75227e563d', '5fb90c23-3d9e-4fa2-b968-cabd04afe041', '7d409da2-46e4-4ba0-a083-e968f5d116e0', 2, 23543),
  ('0b6ed2a9-7516-4020-afd3-398f68c4927e', 'ee392202-f4ab-4217-a2b0-cb03d839865e', '9e8f86d6-fa2b-40d3-8985-14453cce7621', 2, 7528),
  ('b0edefc4-cda4-4f2f-9fe9-b67b8c4a9adf', 'ee479ee7-760b-417e-b177-c01fb798f2d5', 'ffa93f4d-3539-45fc-a462-c02c9375975a', 5, 26329),
  ('bb0387eb-3b1b-4d6d-87d5-db9a0eef569c', '9cdaaafb-faf7-4ff5-8f28-16fe087ddfad', 'ffa93f4d-3539-45fc-a462-c02c9375975a', 4, 22083),
  ('d9502e1a-7e36-468d-9aed-a2bd49280d05', '650d627b-6604-46c4-ba1f-30b0caf9dae3', '694aad5a-30a4-4a8f-bdde-e7988263da40', 1, 2778),
  ('497d7318-bdf6-4a78-a015-fd9315291408', '22a89a8e-34ec-45be-8cf5-94480c53b6c2', '9e8f86d6-fa2b-40d3-8985-14453cce7621', 4, 11799),
  ('3567c11d-2a71-4267-911a-f795ff766b69', '5819a03d-7a47-42b8-847c-971bc8b0eb1d', '9e8f86d6-fa2b-40d3-8985-14453cce7621', 4, 5799),
  ('eaf09b6d-47b2-462f-a9ed-61f02de75c66', '5fb90c23-3d9e-4fa2-b968-cabd04afe041', '7d409da2-46e4-4ba0-a083-e968f5d116e0', 3, 29230),
  ('c3730b26-18cc-4307-83bf-bd78a7bbe12c', '650d627b-6604-46c4-ba1f-30b0caf9dae3', 'ffa93f4d-3539-45fc-a462-c02c9375975a', 3, 29074),
  ('c8903073-28e2-4491-b445-2cb88f192889', '57a608bc-cc60-44c9-8123-15c56edeca7e', '114c84a2-ffc2-4fcf-becd-db99e75f8e0a', 5, 16246),
  ('4d777340-474b-4bfd-a278-122aed6d89a9', 'faec6eec-e718-4fdd-857e-cc58b95af50f', 'ffa93f4d-3539-45fc-a462-c02c9375975a', 4, 16693),
  ('710c4c1e-ecc7-4381-844e-92bf2ff1ef0b', '9cdaaafb-faf7-4ff5-8f28-16fe087ddfad', '114c84a2-ffc2-4fcf-becd-db99e75f8e0a', 3, 7206),
  ('08cff4c2-2f4d-4235-84fe-185d2130323c', '07b52741-09cc-46bb-8c73-55a4974cc8df', '7d409da2-46e4-4ba0-a083-e968f5d116e0', 2, 21947),
  ('35e486b2-21e4-4127-8aa7-121516feb15f', '7059bf4a-9543-4cd8-a01e-f20bc093109e', '694aad5a-30a4-4a8f-bdde-e7988263da40', 2, 3976),
  ('d5524db2-7558-419f-9ab6-b605527ab117', '0aed56f3-f3c4-455c-8811-a38b99a89710', '9e8f86d6-fa2b-40d3-8985-14453cce7621', 4, 18063),
  ('8af13001-ba1c-4cdb-8300-e5db3412f069', '57a608bc-cc60-44c9-8123-15c56edeca7e', '9e8f86d6-fa2b-40d3-8985-14453cce7621', 2, 10448),
  ('2eeae508-e159-4cc1-af80-ec2cd6fab93c', 'ee392202-f4ab-4217-a2b0-cb03d839865e', '114c84a2-ffc2-4fcf-becd-db99e75f8e0a', 3, 16921),
  ('4a18d6f6-07bc-4d83-ad23-a95ca32b1a15', '18e80008-860e-4ea2-8067-d35832bea70c', '694aad5a-30a4-4a8f-bdde-e7988263da40', 2, 24392),
  ('1ea3071c-ed0b-493d-8040-8d8cfcabaf62', '37479e57-599d-47d0-9533-58e2dbf3772c', 'ffa93f4d-3539-45fc-a462-c02c9375975a', 1, 19098),
  ('f22c0ceb-ce3b-4e8d-ab7c-c911d56f22f1', '07b52741-09cc-46bb-8c73-55a4974cc8df', '9e8f86d6-fa2b-40d3-8985-14453cce7621', 4, 19096),
  ('6b0648cf-3dae-49aa-aae4-80d0c23ede94', 'e1695688-d69e-4eb1-a649-f67c46a1c5bd', '694aad5a-30a4-4a8f-bdde-e7988263da40', 4, 27035),
  ('448e52a0-1147-4818-a030-d4282bbf7151', 'e4ac6b71-9db7-440b-aa18-1f60d4d6ae15', '9e8f86d6-fa2b-40d3-8985-14453cce7621', 4, 21797),
  ('239dce22-ca0b-4b5d-9951-107b69b978fc', '37479e57-599d-47d0-9533-58e2dbf3772c', '9e8f86d6-fa2b-40d3-8985-14453cce7621', 3, 27860),
  ('a026e1e7-0966-4270-8b74-468257e64643', 'ee392202-f4ab-4217-a2b0-cb03d839865e', 'ffa93f4d-3539-45fc-a462-c02c9375975a', 1, 21571),
  ('53ac9eec-6a35-4d51-bfcb-7de0410b92e6', '05a69afd-40f6-49f2-8e83-633749f1a050', '9e8f86d6-fa2b-40d3-8985-14453cce7621', 5, 19745),
  ('b1756344-dd1d-44b9-8cc0-ab677f1d6653', 'faec6eec-e718-4fdd-857e-cc58b95af50f', '114c84a2-ffc2-4fcf-becd-db99e75f8e0a', 2, 24602),
  ('0ae4b9a5-04f6-4d0f-ab34-f7da400c04fd', '7059bf4a-9543-4cd8-a01e-f20bc093109e', '114c84a2-ffc2-4fcf-becd-db99e75f8e0a', 5, 11756),
  ('ddf3ab2f-c811-4e8d-8e8b-43692bbdd2ab', 'a5dfe13d-967e-44ba-9268-ff386d0a270c', 'ffa93f4d-3539-45fc-a462-c02c9375975a', 4, 16879),
  ('8e18351f-512c-4b1b-a665-aab178d9df1d', 'faec6eec-e718-4fdd-857e-cc58b95af50f', '114c84a2-ffc2-4fcf-becd-db99e75f8e0a', 5, 6255),
  ('7d557daa-8247-4b63-b222-0e31701ef953', '40810aaa-10e6-43a8-8f0d-968c7b837973', 'ffa93f4d-3539-45fc-a462-c02c9375975a', 1, 20185),
  ('252140b8-a7fa-4b5c-be22-d23a1a204a4b', 'e396da71-a174-46a9-a068-2c01b5615304', '9e8f86d6-fa2b-40d3-8985-14453cce7621', 2, 7148);

INSERT INTO "reviews" ("id", "product_id", "customer_id", "rating", "title", "body", "verified_purchase", "created_at") VALUES
  ('5545e95e-2e2e-44c1-8dfd-2d70d5aea16d', '114c84a2-ffc2-4fcf-becd-db99e75f8e0a', '73090d8e-983e-4535-8dbd-db8234484b13', 4, 'Omega system service', 'Engine engine lazy service gamma alpha lazy brown', FALSE, '2024-01-18T16:38:52.345Z'),
  ('22b07234-d69b-4fd2-a07b-8f6e27287415', 'ffa93f4d-3539-45fc-a462-c02c9375975a', '7027de86-d7e4-4325-9ece-35638bfc7ddc', 5, 'System beta fox', 'Engine jumps dog fox alpha cloud the data', FALSE, '2023-02-05T08:51:03.516Z'),
  ('91379e3c-8d03-4e67-bff5-0ca02419a61a', 'ffa93f4d-3539-45fc-a462-c02c9375975a', '73090d8e-983e-4535-8dbd-db8234484b13', 3, 'Zeta theta module', 'Service network lambda over platform server delta system', TRUE, '2024-05-13T21:01:20.950Z'),
  ('447bfdfb-7b89-4b01-9706-24e086e5623a', '9e8f86d6-fa2b-40d3-8985-14453cce7621', '73090d8e-983e-4535-8dbd-db8234484b13', 4, 'Alpha server theta', 'The omega theta dog jumps server kappa system', FALSE, '2024-04-18T15:33:06.316Z'),
  ('d402be10-eb4c-47c3-8e53-e2ee98c784a1', '9e8f86d6-fa2b-40d3-8985-14453cce7621', '7b9ce613-b8ef-47b4-ad85-d21efe90ea6f', 4, 'Beta brown system', 'Service the lazy network jumps engine server delta', TRUE, '2023-01-15T21:11:21.928Z'),
  ('60fb0954-2f9c-4ae2-8e82-56a58ae0b1a2', 'ffa93f4d-3539-45fc-a462-c02c9375975a', '5e02bca2-e0e8-459a-bd2f-0cb4b54a4656', 5, 'Theta process lambda', 'Service client lambda engine process client quick dog', TRUE, '2023-12-06T10:30:16.494Z'),
  ('b177da73-306f-41fa-8ba2-aeafe7794935', '694aad5a-30a4-4a8f-bdde-e7988263da40', '7027de86-d7e4-4325-9ece-35638bfc7ddc', 5, 'Quick client omega', 'Delta theta jumps fox omega fox jumps quick', TRUE, '2024-07-18T08:59:40.750Z'),
  ('27b908dc-61de-4706-8f6b-ec3bdee33a0b', 'ffa93f4d-3539-45fc-a462-c02c9375975a', '7b9ce613-b8ef-47b4-ad85-d21efe90ea6f', 1, 'Quick alpha sigma', 'Lambda server service beta lambda quick engine the', TRUE, '2023-06-02T07:28:26.640Z'),
  ('9af18f2c-d193-4e26-9b32-617ea4344f25', '7d409da2-46e4-4ba0-a083-e968f5d116e0', 'd20e5e3a-b390-48f7-80a9-cb8cce862d13', 4, 'Network cloud platform', 'Theta omega over sigma lazy over server gamma', TRUE, '2023-10-20T22:52:46.821Z'),
  ('f7af01ee-dd91-4171-8f8a-33e964f6e3ca', '114c84a2-ffc2-4fcf-becd-db99e75f8e0a', '73090d8e-983e-4535-8dbd-db8234484b13', 4, 'Over server cloud', 'Alpha server alpha omega gamma process engine client', TRUE, '2023-08-14T21:09:52.613Z'),
  ('aa34a6af-e919-4db1-a763-b2c7105cfd4f', '694aad5a-30a4-4a8f-bdde-e7988263da40', '7b9ce613-b8ef-47b4-ad85-d21efe90ea6f', 3, 'Engine kappa gamma', 'Sigma quick system system client service platform system', TRUE, '2023-11-20T03:34:33.310Z'),
  ('ce691bd3-5e7b-42b3-9613-b0986504cdbb', '9e8f86d6-fa2b-40d3-8985-14453cce7621', 'da995972-e0ae-49f0-a054-d8265d0515a5', 5, 'Dog beta over', 'Client kappa fox service epsilon the gamma brown', TRUE, '2024-09-11T19:31:29.727Z'),
  ('106aca15-f2e3-4115-874b-d9bf985298b7', 'ffa93f4d-3539-45fc-a462-c02c9375975a', 'd20e5e3a-b390-48f7-80a9-cb8cce862d13', 4, 'System beta service', 'System engine omega service brown the omega module', TRUE, '2023-10-18T13:00:44.777Z'),
  ('26f6b16b-4cab-4d7b-b11f-6643cb80c0ac', '694aad5a-30a4-4a8f-bdde-e7988263da40', 'b7cbc832-aa84-4178-b56c-544e25814487', 2, 'Data engine fox', 'Jumps gamma data over theta brown service lambda', TRUE, '2024-06-08T17:22:56.031Z'),
  ('01dd8936-0912-4ca9-ac6d-4d6a952d8723', '694aad5a-30a4-4a8f-bdde-e7988263da40', '8b4b19b2-50c9-4717-b9d2-21f92db5b339', 5, 'Over delta network', 'Over delta alpha beta service brown server over', TRUE, '2024-06-30T19:02:11.622Z'),
  ('45966cd2-96e2-4f3c-8fb5-b735b2e467dd', '7d409da2-46e4-4ba0-a083-e968f5d116e0', '7b9ce613-b8ef-47b4-ad85-d21efe90ea6f', 3, 'Kappa quick beta', 'Client server lazy sigma module delta zeta kappa', TRUE, '2023-04-29T18:15:53.219Z'),
  ('cbce150c-bdc0-4b9a-a93b-ce5bb61c637a', '694aad5a-30a4-4a8f-bdde-e7988263da40', '73090d8e-983e-4535-8dbd-db8234484b13', 3, 'Epsilon data quick', 'System gamma lambda brown kappa dog engine lambda', TRUE, '2023-07-09T06:58:29.240Z'),
  ('516fd00b-5ba5-4ee8-b560-3af7203a4e10', '9e8f86d6-fa2b-40d3-8985-14453cce7621', '8b4b19b2-50c9-4717-b9d2-21f92db5b339', 3, 'Zeta kappa over', 'Server process client service platform jumps alpha kappa', TRUE, '2024-08-18T22:10:19.256Z'),
  ('1474d592-fe20-4598-aa62-504a90a12bfc', '7d409da2-46e4-4ba0-a083-e968f5d116e0', '8b4b19b2-50c9-4717-b9d2-21f92db5b339', 5, 'System platform beta', 'Delta network quick engine alpha delta brown lambda', FALSE, '2024-04-05T12:46:43.491Z'),
  ('ec4c8de4-b64b-4994-a8e5-ca3e3bdd5a5c', '694aad5a-30a4-4a8f-bdde-e7988263da40', '8934f1f3-4484-4cef-af91-cf4f7ec08caf', 5, 'Epsilon over delta', 'Alpha system data beta data omega client system', FALSE, '2024-12-24T02:52:37.247Z');

INSERT INTO "shipments" ("id", "order_id", "carrier", "tracking_number", "status", "shipped_at", "estimated_delivery", "actual_delivery_at", "created_at") VALUES
  ('d48242d4-c099-473e-af59-94f2777edf69', '5fb90c23-3d9e-4fa2-b968-cabd04afe041', 'ups', 'Alpha server brown brown kappa server dog system', 'out_for_delivery', '2024-10-31T08:40:22.425Z', '2024-01-10T07:25:26.758Z', '2023-01-15T21:09:58.076Z', '2024-11-15T02:31:53.609Z'),
  ('46323bad-e7d6-48c5-8f19-6133e0b8017e', '05a69afd-40f6-49f2-8e83-633749f1a050', 'fedex', 'Over over cloud epsilon delta service quick over', 'in_transit', '2024-09-07T22:26:56.493Z', '2023-05-17T10:35:39.276Z', '2023-04-02T09:19:36.485Z', '2023-05-15T08:43:20.150Z'),
  ('0012a6d6-ef1b-41c0-ab6c-167b3aab2ee0', '5819a03d-7a47-42b8-847c-971bc8b0eb1d', 'ups', 'Module lambda kappa jumps system server jumps jumps', 'in_transit', '2024-05-09T21:04:44.608Z', '2023-06-04T05:48:22.923Z', '2023-05-14T12:20:59.029Z', '2024-07-08T18:38:18.786Z'),
  ('54df35fa-ee3f-4ec4-bb4b-32170c19f71e', '9cdaaafb-faf7-4ff5-8f28-16fe087ddfad', 'usps', 'Cloud engine kappa fox data data platform lambda', 'delivered', '2023-09-14T18:56:40.512Z', '2024-11-09T20:05:28.741Z', '2023-11-06T13:21:39.178Z', '2024-09-29T18:33:29.328Z'),
  ('53b3622a-db3f-4814-9a16-060dcd4d02ff', '7059bf4a-9543-4cd8-a01e-f20bc093109e', 'usps', 'Data cloud over quick lazy omega server module', 'label_created', '2024-04-28T23:54:25.832Z', '2024-07-27T09:59:40.043Z', '2023-08-29T18:18:28.162Z', '2023-12-21T12:58:23.169Z'),
  ('b785c9fc-1927-4dff-a41d-c323073511a4', '1622fe36-7882-4e7c-ac28-fad4583484c3', 'ups', 'Kappa process lambda network zeta system service delta', 'out_for_delivery', '2023-11-24T15:01:39.196Z', '2024-04-06T22:26:55.582Z', '2023-08-06T15:09:03.505Z', '2023-09-24T00:42:16.900Z'),
  ('1ae04cba-ee74-47c9-ba55-54ad8161d6b8', 'ee479ee7-760b-417e-b177-c01fb798f2d5', 'dhl', 'Omega network omega lambda the delta dog quick', 'in_transit', '2024-05-05T16:16:40.361Z', '2023-02-10T22:42:33.346Z', '2024-02-17T15:01:29.523Z', '2024-07-20T13:52:27.710Z'),
  ('c1dbe337-3fd4-4baf-bdfa-fd719fda347f', 'e396da71-a174-46a9-a068-2c01b5615304', 'usps', 'The quick omega epsilon omega beta alpha network', 'delivered', '2024-08-07T16:59:18.499Z', '2024-04-24T18:22:54.892Z', '2024-01-15T00:12:31.393Z', '2023-04-05T23:27:26.525Z'),
  ('00bf4d40-7096-43d0-82de-541246c540d1', '1622fe36-7882-4e7c-ac28-fad4583484c3', 'ups', 'Platform omega engine zeta theta server omega engine', 'delivered', '2024-09-26T19:01:43.100Z', '2024-11-05T21:13:58.605Z', '2023-12-21T22:06:30.570Z', '2023-07-06T15:30:32.668Z'),
  ('5ef4df07-9b15-4d5e-9286-81d89b5359f0', 'ee392202-f4ab-4217-a2b0-cb03d839865e', 'usps', 'Cloud network system kappa dog server network theta', 'out_for_delivery', '2023-06-21T06:47:02.744Z', '2023-11-14T15:08:43.088Z', '2023-05-29T15:49:34.890Z', '2023-09-28T03:41:56.752Z'),
  ('766343cf-989d-47ba-9662-62306e6c1d25', 'faec6eec-e718-4fdd-857e-cc58b95af50f', 'ups', 'Theta system the cloud gamma client system module', 'in_transit', '2023-04-11T23:06:37.322Z', '2023-09-04T07:05:49.527Z', '2024-07-01T21:58:56.832Z', '2023-10-29T05:03:47.151Z'),
  ('514a777c-daf3-4e4d-a3d3-ce03a086ae75', 'f0323b9b-9b8e-4d67-9a6d-b9149fa6a6e0', 'fedex', 'Module over data zeta theta epsilon theta beta', 'out_for_delivery', '2024-08-15T04:39:32.071Z', '2024-05-23T19:27:53.014Z', '2023-06-01T00:15:54.816Z', '2024-12-13T01:43:19.828Z'),
  ('2fa03277-6630-420b-bcc9-f82594e8f386', 'faec6eec-e718-4fdd-857e-cc58b95af50f', 'dhl', 'Client theta platform lazy sigma module gamma service', 'in_transit', '2024-11-24T04:48:48.648Z', '2024-06-06T09:01:41.982Z', '2023-10-03T15:28:43.968Z', '2023-03-07T08:50:32.247Z'),
  ('d91476ec-20bd-4a7c-92c3-46b4f5ad6264', '5fb90c23-3d9e-4fa2-b968-cabd04afe041', 'fedex', 'Omega sigma sigma delta lazy lazy data kappa', 'exception', '2024-02-25T15:08:16.377Z', '2024-06-20T00:43:05.833Z', '2023-05-24T12:19:15.845Z', '2023-03-01T17:39:32.523Z'),
  ('223e6ec8-7b8b-4067-9951-ccf320c37d88', '37479e57-599d-47d0-9533-58e2dbf3772c', 'usps', 'Jumps alpha server sigma engine client epsilon zeta', 'out_for_delivery', '2023-01-12T17:30:35.408Z', '2023-09-21T02:46:15.524Z', '2024-03-03T15:31:56.721Z', '2024-04-25T00:41:20.824Z'),
  ('686c878f-6668-49c8-9c4d-32350ee63ff7', '07b52741-09cc-46bb-8c73-55a4974cc8df', 'usps', 'Module beta beta epsilon brown cloud epsilon server', 'delivered', '2024-09-06T04:29:43.778Z', '2024-01-12T04:27:28.276Z', '2024-05-17T00:52:00.439Z', '2023-09-07T16:23:09.961Z'),
  ('eea47fa1-50f3-4b78-8d0d-ebdd71f835ce', '0aed56f3-f3c4-455c-8811-a38b99a89710', 'fedex', 'Data service brown data cloud lambda client sigma', 'delivered', '2024-02-02T21:59:56.682Z', '2023-09-20T19:28:04.345Z', '2024-06-21T15:46:12.071Z', '2023-05-28T16:43:11.981Z'),
  ('05e95c61-57c4-4cc5-bf6b-7f88354d250b', '57a608bc-cc60-44c9-8123-15c56edeca7e', 'fedex', 'Fox process server omega epsilon client network over', 'in_transit', '2024-06-28T09:44:46.535Z', '2024-10-04T02:41:41.416Z', '2024-02-10T02:09:49.622Z', '2023-10-10T01:48:13.659Z'),
  ('6eb61598-3f0e-48d9-bccc-7513e33a6aae', '650d627b-6604-46c4-ba1f-30b0caf9dae3', 'ups', 'Kappa network alpha dog omega cloud omega delta', 'in_transit', '2023-10-17T15:29:13.781Z', '2024-05-07T06:41:22.640Z', '2024-04-04T12:50:11.900Z', '2024-02-13T22:59:29.958Z'),
  ('f2837b12-b759-46b8-9035-04b81114eef0', '18e80008-860e-4ea2-8067-d35832bea70c', 'dhl', 'Alpha quick over over delta lambda platform process', 'delivered', '2024-11-19T14:22:11.980Z', '2023-02-09T14:24:15.695Z', '2024-02-14T13:13:04.430Z', '2024-12-12T21:30:40.023Z'),
  ('f74b06b0-d89c-41d3-a3a1-6506d96dba19', '37479e57-599d-47d0-9533-58e2dbf3772c', 'fedex', 'Jumps sigma lazy lambda cloud delta jumps service', 'in_transit', '2023-07-07T08:17:08.511Z', '2023-09-04T01:50:50.633Z', '2024-03-08T06:56:28.191Z', '2024-10-17T06:28:27.655Z'),
  ('8ab1e212-7ad2-4ad6-bbec-c112746b38f9', '22a89a8e-34ec-45be-8cf5-94480c53b6c2', 'ups', 'Engine beta sigma data system brown beta module', 'delivered', '2024-10-16T12:29:42.735Z', '2024-01-19T17:33:09.413Z', '2024-03-05T05:42:19.892Z', '2024-10-26T09:16:13.427Z'),
  ('cb88a4a9-445b-4426-a980-72584921a68b', 'e396da71-a174-46a9-a068-2c01b5615304', 'ups', 'Lambda over module over over gamma module module', 'in_transit', '2024-01-16T17:30:16.915Z', '2024-06-10T00:07:02.064Z', '2023-09-29T05:01:39.190Z', '2024-03-16T05:06:20.959Z'),
  ('7dcc583d-2e9b-4472-8065-800580950a4d', '9cdaaafb-faf7-4ff5-8f28-16fe087ddfad', 'ups', 'Quick theta system kappa process brown delta the', 'exception', '2024-01-11T19:38:08.191Z', '2023-02-09T10:06:45.919Z', '2023-02-15T01:12:07.607Z', '2024-03-29T20:41:55.217Z'),
  ('c5e2a039-f299-48c0-abb6-1056b7036642', 'ee392202-f4ab-4217-a2b0-cb03d839865e', 'fedex', 'Zeta the cloud platform platform dog client sigma', 'label_created', '2023-03-19T05:11:07.088Z', '2024-05-31T19:02:04.798Z', '2024-05-21T03:10:02.049Z', '2023-11-17T16:48:36.610Z'),
  ('4c05cb53-85d0-4350-8b57-5698800ca260', 'f0323b9b-9b8e-4d67-9a6d-b9149fa6a6e0', 'usps', 'Brown sigma client delta module theta dog jumps', 'in_transit', '2023-08-30T23:20:07.895Z', '2024-11-07T03:02:15.703Z', '2024-08-05T22:05:34.717Z', '2024-08-03T06:18:04.101Z'),
  ('ee51d8ac-4c62-4059-994b-3e89e5d13f0a', '650d627b-6604-46c4-ba1f-30b0caf9dae3', 'ups', 'Sigma kappa data engine omega server omega lambda', 'out_for_delivery', '2024-12-06T16:38:23.157Z', '2023-11-23T10:39:25.187Z', '2023-03-31T14:51:45.034Z', '2024-07-09T01:39:04.138Z'),
  ('792bb077-2c80-4838-a9a9-1ae85dcabf87', 'f0323b9b-9b8e-4d67-9a6d-b9149fa6a6e0', 'dhl', 'Lambda jumps gamma system system zeta quick client', 'delivered', '2024-11-09T16:44:18.607Z', '2024-10-06T19:51:04.886Z', '2024-04-26T08:40:09.555Z', '2023-08-09T21:41:38.242Z'),
  ('36e7fea0-d234-440a-a5ea-c024c0e9004e', '18e80008-860e-4ea2-8067-d35832bea70c', 'ups', 'Delta zeta engine theta network jumps beta alpha', 'delivered', '2024-10-27T08:52:31.589Z', '2023-11-14T13:35:40.681Z', '2024-12-04T19:49:49.129Z', '2024-08-05T10:59:27.764Z'),
  ('29aaeee3-df75-454f-b59a-947c92e247df', '05a69afd-40f6-49f2-8e83-633749f1a050', 'usps', 'Module quick quick platform process omega lambda platform', 'delivered', '2024-09-17T07:26:50.628Z', '2023-09-27T14:06:11.611Z', '2023-10-20T02:16:25.111Z', '2024-01-18T11:08:39.876Z');

INSERT INTO "payments" ("id", "invoice_id", "amount_cents", "currency", "payment_method", "status", "failure_reason", "paid_at") VALUES
  ('373d56b0-ae25-4abd-a1ba-4d290e301b42', '428c5bf4-ace4-4e7a-82f0-26748ceab864', 96019, 'USD', 'Jumps cloud delta fox lazy delta engine brown', 'succeeded', 'Data theta omega process theta engine omega delta', '2023-03-13T16:10:22.844Z'),
  ('f51b502b-944a-4756-bf51-ef4a77298cc5', '164b0c21-cf33-4303-a27b-5a53d74647ad', 122219, 'EUR', 'Platform quick alpha brown process client server l', 'succeeded', 'Platform data service lazy delta gamma the sigma', '2023-08-19T07:31:21.631Z'),
  ('4a041ec5-5c8f-401b-a590-51b8f2f2ca2a', '4c7827d0-91b3-46c0-b28c-e7deae25cecc', 57150, 'USD', 'Kappa data platform module platform service alpha ', 'succeeded', 'Brown service quick engine zeta lazy alpha client', '2024-08-14T18:54:01.434Z'),
  ('cf6bf881-12bf-4351-9222-abb1385ca745', 'f8d74667-2961-4c63-8392-79c5185f819d', 190408, 'GBP', 'Delta server system theta service theta sigma brow', 'pending', 'Jumps theta module server lambda engine network lazy', '2024-08-14T20:08:30.270Z'),
  ('31746e7c-d2b4-4aba-916d-a617abe318bb', 'fcb2c0ac-1c8a-47be-ae94-6a79f451429b', 115779, 'USD', 'Over dog dog gamma delta service sigma over', 'succeeded', 'Lazy kappa system service platform platform brown brown', '2023-12-06T16:02:02.007Z'),
  ('96763494-6b2a-4334-8902-dd2fa734fc3a', '40cb767e-1d93-4421-aaff-ff15b8fa40dd', 91482, 'USD', 'Engine over alpha fox gamma omega dog service', 'failed', 'Beta service gamma theta over theta epsilon network', '2023-10-07T00:51:45.066Z'),
  ('98fbe279-85c1-49bc-80b2-d373e789c964', '2eaa720e-c4a0-445b-b091-6d1ff3d72b9a', 56192, 'USD', 'Jumps data delta over theta kappa theta sigma', 'refunded', 'Jumps beta beta delta delta epsilon lazy data', '2023-11-26T01:45:28.119Z'),
  ('63cb7f18-24c8-47a3-92e7-90d4059ceb88', '516d0b1b-fdd7-404f-a315-6e3ee0787e5f', 74913, 'USD', 'Fox delta delta quick sigma process lambda service', 'succeeded', 'Gamma theta jumps dog quick lazy module alpha', '2024-12-09T08:40:22.176Z'),
  ('146a44e0-4e46-4948-a7ca-274fc8f91f47', 'b099383d-25a9-4ec5-a472-5de7581087a9', 85741, 'USD', 'Kappa jumps process server engine server gamma eps', 'succeeded', 'System dog quick the engine over the network', '2024-09-21T18:55:26.342Z'),
  ('d7b63a17-3262-47e2-b5b0-56c24fa37b85', 'a8532f99-aca0-4f67-8416-6f3fc2d38e38', 108064, 'GBP', 'Kappa server lazy module omega service client sigm', 'succeeded', 'Lazy service lambda jumps epsilon lambda kappa data', '2024-06-26T20:13:51.952Z'),
  ('3143031c-7440-4be1-958e-6e4c396527f4', 'cb828b06-4038-4a50-8fb2-0623be2b6a1c', 12755, 'USD', 'Server epsilon zeta cloud fox omega quick network', 'succeeded', 'Process data client delta over platform data theta', '2023-09-01T03:51:12.726Z'),
  ('7307fcaf-eb94-49f9-9644-f849a7eeb4fe', '844fd97b-80b6-4024-a735-c0381c3931b3', 75030, 'EUR', 'Server epsilon jumps lambda data sigma alpha syste', 'succeeded', 'Network fox lazy gamma engine server lambda dog', '2023-05-17T06:23:06.094Z'),
  ('c4bf627e-bec3-4f58-9614-71d0530ff0fa', '7fec35e8-0c02-4bcd-91e6-a688f29f8919', 83140, 'USD', 'Process jumps data quick client kappa epsilon dog', 'succeeded', 'Theta the platform fox process kappa service quick', '2023-02-08T04:23:11.539Z'),
  ('16bf6b77-4309-43c1-b480-0e9e1f45760a', '72f30e48-f031-4365-98af-d98c20dae3fe', 106631, 'USD', 'Data service engine epsilon cloud engine alpha fox', 'refunded', 'Omega brown cloud the dog beta jumps beta', '2023-05-25T16:30:37.087Z'),
  ('2fdab79a-3980-48e5-a348-50f6572cbe4c', '5dfd91dd-cbca-480a-abb1-dd4907d34d56', 103110, 'USD', 'Dog sigma system cloud kappa dog client the', 'succeeded', 'Cloud gamma zeta network server zeta omega delta', '2024-07-01T10:18:41.353Z'),
  ('26f90513-fa3e-4138-bc29-8338d3f892e1', 'a868fdd4-316e-45df-b552-1a87d5b4739c', 89827, 'USD', 'Kappa delta client fox lazy dog client client', 'succeeded', 'Server gamma omega jumps gamma sigma dog beta', '2023-05-17T05:57:46.158Z'),
  ('0cd87f71-cfef-4fa3-a01b-6a257048bbf9', '07fcf43c-717a-4ddf-bb84-184bf977f1b2', 35103, 'USD', 'Dog dog zeta quick over module cloud kappa', 'refunded', 'Service alpha cloud system engine beta dog process', '2024-06-01T15:48:23.927Z'),
  ('656e218e-837d-43bf-8d98-5fbae1e75df6', '57617f0c-da92-4e56-9f9e-55ccad2dda35', 90032, 'USD', 'Delta alpha process dog fox kappa gamma epsilon', 'failed', 'Dog cloud theta jumps system fox network theta', '2024-07-11T23:16:02.249Z'),
  ('8d4a69ba-5b0f-459c-9c15-07dce9debaaa', '73c6105d-d42e-4876-9d72-980b02ca47e2', 1471, 'USD', 'Gamma module the client zeta epsilon platform beta', 'succeeded', 'Client the system network cloud lambda the brown', '2024-11-05T16:29:45.716Z'),
  ('c201b7c2-968b-485b-bbf5-7f90e1e21650', '14c741c8-f87e-497f-9310-45db9ea1a913', 194178, 'USD', 'Gamma service theta jumps platform service the pro', 'succeeded', 'Process engine dog alpha module lambda platform fox', '2023-07-24T12:41:56.442Z'),
  ('1fbd10ef-e8dc-4963-a76b-b35f26d5efed', 'ff5a7933-3c21-4c48-b66f-779ab6f3f5db', 41685, 'USD', 'Network beta omega delta engine alpha server lazy', 'succeeded', 'Platform lazy process quick lazy server the gamma', '2024-06-09T02:48:40.715Z'),
  ('767b88dc-8881-4726-82c7-e1252828db84', '1885cd90-ead8-4479-bb9a-3b4a067505d6', 142561, 'USD', 'Over theta network server module the platform sigm', 'succeeded', 'Lambda process delta system quick kappa the lazy', '2023-10-23T23:27:26.384Z'),
  ('cb866bb7-aaf9-4187-a30a-b971adcf9fe0', '8caaaf03-9a68-4904-bbf9-c76fd526a1f1', 130241, 'USD', 'Data epsilon the epsilon quick the client over', 'succeeded', 'Sigma quick fox beta fox brown module system', '2024-06-25T08:10:18.508Z'),
  ('7f5843fc-1a4a-438d-b97c-d90ab79f0189', '5452ae80-3361-445e-8b8e-8f05ad5b2fd2', 104804, 'EUR', 'Quick brown data engine quick fox brown client', 'succeeded', 'Cloud brown quick fox client epsilon system brown', '2024-07-31T20:17:02.189Z'),
  ('e558e6b0-dade-41af-9eb5-99d6cd55e0c6', '2797142e-583b-4885-830c-35ad6f32b01a', 145661, 'USD', 'Gamma platform kappa jumps lazy lazy module the', 'pending', 'Theta cloud platform fox theta dog service module', '2024-04-24T23:35:00.869Z'),
  ('32f25b11-f217-43e8-ad0d-5eaffe3d6133', '2ca057d4-b32b-432c-8933-61666ca0c3b1', 125457, 'USD', 'System kappa over quick quick lambda module kappa', 'refunded', 'Server sigma gamma platform sigma beta lazy zeta', '2023-06-16T23:00:47.909Z'),
  ('2a5ad607-5b7c-4e58-b28f-05def7893cff', '47b8f92a-6ff8-4dd4-abbf-4363bf6af974', 107716, 'GBP', 'Lambda beta jumps jumps delta service server serve', 'succeeded', 'Client network delta module service over service lambda', '2024-12-12T19:15:35.995Z'),
  ('460c9293-2d54-45c2-a351-3d209ce3a4b8', 'c0e3fd8f-bec4-4bbb-b5f6-479ff8b22de0', 45694, 'USD', 'Platform engine lazy data kappa quick lambda clien', 'succeeded', 'Gamma platform cloud omega zeta service platform kappa', '2023-01-02T21:48:00.844Z'),
  ('d1f10ab0-4649-4900-a59d-4eb38dcecdff', '8c05fcf3-2239-4839-b89e-14b2c9368029', 22895, 'USD', 'Lambda beta data module brown client cloud omega', 'succeeded', 'Sigma beta system lambda engine client service brown', '2023-04-15T13:57:22.305Z'),
  ('d314cb4f-d51a-40c8-ad37-9d73e7b6686c', 'e245718b-3b24-403d-92bf-c1a8fa81b230', 158161, 'USD', 'Network service fox sigma platform network system ', 'succeeded', 'Over fox lazy lazy client the fox cloud', '2024-10-29T20:19:30.451Z');

INSERT INTO "refunds" ("id", "payment_id", "order_id", "amount_cents", "reason", "status", "processed_at", "created_at") VALUES
  ('724af662-dd5f-4d60-b5ba-938a9949f220', '767b88dc-8881-4726-82c7-e1252828db84', '5819a03d-7a47-42b8-847c-971bc8b0eb1d', 37765, 'duplicate', 'pending', '2023-10-01T14:06:22.473Z', '2024-12-13T22:18:52.166Z'),
  ('e54f01a9-c445-46cb-8c3c-0b89a61254be', 'e558e6b0-dade-41af-9eb5-99d6cd55e0c6', '7059bf4a-9543-4cd8-a01e-f20bc093109e', 72423, 'duplicate', 'processed', '2024-04-16T14:36:39.488Z', '2024-08-27T03:26:36.146Z'),
  ('fa07457f-2c78-4774-88e6-a88f90de1e36', 'cf6bf881-12bf-4351-9222-abb1385ca745', 'faec6eec-e718-4fdd-857e-cc58b95af50f', 77882, 'defective', 'pending', '2024-06-06T22:23:27.267Z', '2024-01-31T19:27:11.226Z'),
  ('0fed212d-8d8a-4e2b-8b4d-f8635e5a6401', 'cf6bf881-12bf-4351-9222-abb1385ca745', '37479e57-599d-47d0-9533-58e2dbf3772c', 90742, 'changed_mind', 'pending', '2023-11-29T22:39:07.279Z', '2024-08-24T19:54:18.983Z');

INSERT INTO "disputes" ("id", "refund_id", "payment_id", "reason", "status", "amount_cents", "evidence_submitted", "resolved_at", "created_at") VALUES
  ('22e3abd7-db4b-4e93-ab7c-da307b65a0b1', 'e54f01a9-c445-46cb-8c3c-0b89a61254be', '146a44e0-4e46-4948-a7ca-274fc8f91f47', 'not_as_described', 'lost', 14476, TRUE, '2024-08-06T11:20:50.803Z', '2023-11-22T17:33:43.834Z');

INSERT INTO "sessions" ("id", "user_id", "started_at", "ended_at", "duration_seconds", "ip_address", "user_agent", "country", "created_at") VALUES
  ('a20dbc66-2a97-4f5f-9392-06fae47ae896', '03894cc2-3cf7-4ff9-92e9-abecea570ac3', '2023-03-23T21:43:21.086Z', '2024-12-28T21:59:56.964Z', 5353, '9603 Spring Rd, Oakland', 'Delta jumps system data cloud module platform beta', 'Theta brow', '2024-03-22T20:38:14.235Z'),
  ('9886fe91-46b0-49e6-be1a-a2d49f619303', 'd7d09a2e-e259-4c12-8602-674ac568305b', '2024-05-29T14:10:55.332Z', '2024-12-12T04:02:49.980Z', 4441, '3228 Franklin Ave, Ashland', 'Zeta data server platform lambda the sigma jumps', 'Theta thet', '2023-06-07T07:54:31.334Z'),
  ('7d74f57f-b622-48e0-9dda-b064c4ac37be', '0068282f-0510-46ca-98ae-9d7452bf7801', '2023-09-06T22:28:06.947Z', '2024-12-16T20:25:37.649Z', 5751, '3529 Hill St, Milton', 'System service alpha the jumps omega service system', 'Engine del', '2023-01-13T11:39:57.177Z'),
  ('47f6d11c-906f-48dd-a337-e62fa7443788', '9e57e4ce-668d-49d8-8586-9d3c7ed3b174', '2024-10-17T20:11:22.100Z', '2024-12-18T21:28:26.037Z', 861, '5188 Spring Rd, Chester', 'Brown lambda dog service process system lambda quick', 'The zeta s', '2024-07-11T19:17:28.335Z'),
  ('41b59d95-4796-43d7-a1f6-d730ed92ce49', 'bcf36ac7-ea9b-4864-9f05-4d515543ab2c', '2024-04-25T15:33:35.350Z', '2024-12-18T01:10:29.994Z', 8220, '6607 Lincoln Rd, Greenville', 'Dog lambda lambda fox data kappa lambda theta', 'Lambda eps', '2024-11-24T09:55:28.395Z'),
  ('3e087c08-913b-4579-880b-a40b384eb143', '1b1119a1-a81e-4359-9977-a76eba8ccf6c', '2023-06-30T20:37:44.489Z', '2024-12-09T05:14:26.517Z', 3839, '6270 Maple Ln, Springfield', 'Beta omega epsilon alpha platform beta data quick', 'Network th', '2024-12-12T05:32:50.875Z'),
  ('3db7cde4-e2c3-4acf-b36c-4c5f50881859', '3d3c8e1f-f26a-425b-95a6-d29ced7e10ed', '2023-01-19T06:00:39.289Z', '2024-12-15T02:24:42.742Z', 8557, '8027 Hill Ct, Portland', 'The service fox delta fox client delta omega', 'Process mo', '2023-09-20T12:51:57.283Z'),
  ('0ed49dcb-d2d0-41aa-940a-1b3d8c4fe9a1', '1deb7e60-32e0-4e23-a86e-2f17c93c377a', '2023-01-19T02:45:59.528Z', '2024-12-28T23:28:25.665Z', 4884, '6976 Lincoln Ct, Ashland', 'Jumps system module system engine jumps lambda platform', 'Alpha syst', '2023-10-09T05:27:43.969Z'),
  ('d792fb56-9b3d-46dc-a411-ddc0e6dbc9c9', '4f9e7fc5-d165-4c43-ac6d-5c2e71ad56c3', '2023-03-29T22:19:59.385Z', '2024-12-31T08:09:41.262Z', 5716, '9402 Lake Rd, Springfield', 'Lazy the delta beta delta sigma jumps server', 'Zeta theta', '2024-05-28T23:33:07.094Z'),
  ('1142468f-45b0-488c-a552-03c6c41250ae', 'd9264bfb-2fbb-4deb-8bb7-3037e4ab5a25', '2023-07-28T18:45:47.518Z', '2024-12-18T05:56:57.698Z', 5868, '770 Maple Rd, Clinton', 'Over brown network over network platform kappa process', 'Dog dog br', '2024-08-12T14:42:40.175Z'),
  ('f585df0e-d358-49cc-9346-b3b526992421', '1d1358be-694a-4f32-b382-5eae52d30c8d', '2024-11-09T06:01:16.694Z', '2024-12-29T02:09:35.424Z', 7000, '1266 Lake Dr, Clinton', 'Beta client engine alpha platform quick network lambda', 'Network ka', '2024-09-03T09:08:51.049Z'),
  ('6d72b63b-4086-4bd1-883c-61fe13f31077', '616481e2-b8ca-4ff0-97c0-283985d4529c', '2023-06-04T15:49:15.769Z', '2024-12-20T10:54:14.968Z', 1325, '47 Highland Blvd, Salem', 'Lambda theta module dog service kappa lambda server', 'The brown ', '2023-12-28T05:02:49.959Z'),
  ('b30ee8c0-7dad-4570-8fdb-c0517b158790', 'f24b80d2-adae-47a1-a3f7-41251f1cb69c', '2023-05-21T00:40:04.048Z', '2024-12-23T15:41:48.347Z', 7300, '4841 Hill Rd, Newport', 'Beta client gamma system system jumps data zeta', 'Brown fox ', '2023-01-10T00:49:44.793Z'),
  ('a1c3f5cf-e951-4802-a902-425bf06d7c25', '3b2b3a98-8a45-44c0-9390-0ae9f8354064', '2023-02-03T07:36:50.492Z', '2024-12-10T10:00:10.283Z', 5760, '8363 Jackson St, Georgetown', 'Brown omega the data module quick zeta platform', 'Module clo', '2023-11-08T06:55:15.398Z'),
  ('b6306601-a720-482d-b6f0-734869415a5d', 'a1de49c1-59aa-447f-b819-d1280e075abc', '2023-12-18T09:59:44.820Z', '2024-12-24T22:52:47.885Z', 3472, '3712 Elm Ct, Burlington', 'Dog the data process kappa epsilon fox server', 'Lambda qui', '2024-09-29T10:27:43.895Z'),
  ('2614e641-fe6e-4c74-b82c-8ef2358ba931', 'ae51e17a-a832-4c0c-b342-125f488a6aa8', '2024-12-18T14:45:31.139Z', '2024-12-15T21:35:36.350Z', 3578, '8508 Maple Ct, Madison', 'Epsilon jumps quick sigma zeta module zeta service', 'Omega engi', '2024-02-20T17:20:58.198Z'),
  ('fc6476b9-8fbf-4e6a-9c9c-901363b84a44', 'c19d0c6e-3400-43ea-9638-9eb422a0df01', '2024-10-20T14:32:34.647Z', '2024-12-16T05:50:48.016Z', 9031, '4165 Elm Ln, Salem', 'Client server beta the sigma delta platform gamma', 'Gamma syst', '2023-11-02T06:52:51.661Z'),
  ('06ffea81-d915-420b-94b3-c9546d77f888', '59486201-a8d9-49aa-bfe6-32ad79ed19b8', '2024-04-24T13:43:48.995Z', '2024-12-30T22:34:53.716Z', 7113, '6580 Railroad Dr, Madison', 'Over delta server service quick epsilon system theta', 'Epsilon si', '2024-08-01T07:51:45.683Z'),
  ('9d854009-d446-4692-b23f-1aaf3d8a9328', 'ef125150-aa54-42c2-84d9-a0996877543a', '2023-06-05T02:29:12.974Z', '2024-12-03T03:11:25.628Z', 6301, '625 Maple Rd, Franklin', 'Client quick theta kappa epsilon lazy beta over', 'Data kappa', '2024-10-19T01:47:38.790Z'),
  ('f7490e8b-f1fc-42ad-978e-56e6293f4014', '09fca8e3-b8da-42de-b994-eae624478685', '2023-10-05T20:34:56.817Z', '2024-12-09T08:03:37.193Z', 2808, '2654 Railroad Way, Hudson', 'Cloud dog lazy zeta beta omega alpha fox', 'Alpha quic', '2023-07-10T04:39:26.494Z'),
  ('8cb08b72-b885-47b8-9b4d-f2f87f6e1453', 'f94c22a1-3acf-4634-86fa-437a7abe01f9', '2023-03-20T11:32:42.400Z', '2024-12-25T15:55:17.062Z', 6748, '7174 Highland Dr, Oakland', 'The brown alpha kappa fox service brown gamma', 'Data gamma', '2024-12-05T11:51:52.446Z'),
  ('038c9215-5cdd-43f8-8b71-337585f98d61', '267fad2c-4e44-4fb5-9015-d2187497fcc4', '2024-02-04T03:30:20.402Z', '2024-12-12T20:33:46.829Z', 8260, '5329 Lake Ct, Riverside', 'Quick process cloud data omega omega client epsilon', 'The zeta f', '2023-09-04T00:55:37.999Z'),
  ('b4925642-af4d-4c0c-a554-2dff74413653', '2ba9985d-b790-40f9-99ba-0b89ea6e7091', '2024-01-08T21:31:39.836Z', '2024-12-29T17:50:59.066Z', 1988, '4713 Park Ave, Ashland', 'Dog client gamma brown network kappa process epsilon', 'Brown serv', '2024-10-02T00:46:15.935Z'),
  ('7bc6a58e-86c0-43e5-a13f-303039189d1d', '930ef71f-fd85-409a-812b-5a2529bb289d', '2023-09-21T21:23:36.842Z', '2024-12-23T12:59:26.953Z', 1166, '4980 Highland Ct, Oakland', 'Lazy server dog fox epsilon omega the platform', 'Over sigma', '2023-12-02T13:32:04.396Z'),
  ('f3125a36-9b87-4ceb-89a4-a9f05604177a', '05c03911-687a-41c3-a66d-c6065c258822', '2024-01-08T08:55:38.387Z', '2024-12-27T16:12:47.107Z', 1256, '7348 Maple Ln, Georgetown', 'Sigma network omega engine cloud client data kappa', 'Network la', '2023-05-18T22:10:32.743Z'),
  ('f8b4db80-c6e6-407d-b4b2-71f0f69ecd7d', 'cc4f110c-61cc-411f-bc12-df55c630bc67', '2023-08-10T11:54:24.165Z', '2024-12-28T01:08:45.084Z', 8801, '4562 Hill Way, Fairview', 'Module service service lazy module kappa kappa epsilon', 'Client zet', '2024-07-14T10:43:09.951Z'),
  ('5c2c5fd1-2cbf-4693-b5e4-4dfdfc8c86ca', 'b89cb589-25df-422c-b5ed-7d766e58da5b', '2024-09-20T10:48:35.499Z', '2024-12-31T12:37:54.457Z', 1288, '2897 Church Ave, Ashland', 'Beta theta theta module lazy delta quick client', 'Zeta omega', '2023-02-12T00:59:12.124Z'),
  ('4c2c05fd-3242-4c5a-ae35-f9c5312862ba', '9655bc40-5525-41fe-a9b5-9776a24e4aef', '2023-05-20T11:27:22.728Z', '2024-12-13T22:55:15.316Z', 8876, '6828 Center Ct, Hudson', 'Data dog system delta network network process delta', 'Delta beta', '2024-04-23T13:42:57.477Z'),
  ('11a09293-7c9f-4045-a174-3d48f26ec89e', '8d61b55a-6ac3-4698-a833-20e2c65f8f8d', '2023-12-08T19:40:33.422Z', '2024-12-12T17:14:04.862Z', 120, '5024 Railroad Dr, Portland', 'Process omega platform jumps brown server dog brown', 'Alpha jump', '2023-07-20T08:23:06.020Z'),
  ('36647dc8-6b88-4f3f-b871-a21786c44129', 'fd950984-d52e-4a3c-9017-444a64421101', '2023-10-17T04:05:42.513Z', '2024-12-30T11:28:24.798Z', 7693, '345 Pine Ct, Springfield', 'Platform platform cloud quick brown over theta module', 'Data proce', '2023-09-16T07:57:56.041Z'),
  ('4e94a1a5-89e7-43ae-9286-e1204c1a9903', 'eed61ff7-4871-4f75-b228-d4cff2d715ee', '2024-04-11T17:10:16.561Z', '2024-12-18T20:33:09.976Z', 6635, '6102 Lincoln Ln, Burlington', 'Theta zeta data quick brown quick sigma data', 'Jumps proc', '2023-03-30T02:28:07.853Z'),
  ('d30ea2db-1709-455a-ab49-3c8d76736e41', 'a0e24940-7b69-43e6-81b0-8952a03ec74d', '2023-09-07T10:57:56.834Z', '2024-12-24T06:43:59.010Z', 809, '341 Center Ave, Chester', 'Module gamma service process theta lazy jumps lazy', 'Dog gamma ', '2024-11-01T15:33:41.454Z'),
  ('1f035bc2-b18a-430f-9651-7da5680faf51', 'ed856276-0b2b-450d-9637-a164a3d744be', '2023-09-25T09:55:00.529Z', '2024-12-03T03:46:27.009Z', 7085, '1744 Washington Ave, Newport', 'Cloud omega zeta brown alpha network delta brown', 'Beta delta', '2023-02-03T00:54:23.292Z'),
  ('b82d416a-f20e-441c-848b-e83dd10ca7f2', '506beaab-587e-4568-82fb-7c18033badd3', '2024-07-02T18:14:22.541Z', '2024-12-20T13:10:52.511Z', 8846, '599 Hill Ct, Milton', 'Omega jumps lambda theta lambda service alpha process', 'Brown brow', '2024-03-22T10:34:32.774Z'),
  ('5c738487-f3a7-473d-a3b0-47e69b03415b', 'b728a4f7-a1d9-4245-8707-652c745cb8c2', '2023-11-12T08:19:18.254Z', '2024-12-30T05:20:16.560Z', 5264, '1758 Spring Rd, Springfield', 'Over zeta process kappa system client dog engine', 'System ome', '2023-10-10T18:25:56.947Z'),
  ('4d537816-9e2a-46a0-a1bc-88b963d5921f', 'ba1c9d26-a901-4015-8950-c6db921fcb66', '2024-01-02T21:33:53.706Z', '2024-12-23T10:12:48.031Z', 2442, '131 Lake Blvd, Georgetown', 'Beta engine delta platform fox theta alpha data', 'Omega engi', '2023-04-05T02:56:16.227Z'),
  ('ba66e916-7efa-4a14-9a1f-ca487a823abb', '45fa95e2-aa52-48a9-87a3-d5e463398ec4', '2023-12-07T02:48:07.792Z', '2024-12-28T22:39:54.773Z', 5159, '2345 Pine Ct, Fairview', 'Server platform network system fox server epsilon omega', 'Quick lazy', '2024-08-05T21:00:44.224Z'),
  ('321c9858-f879-4c2a-a25f-489a597d0ea8', 'ab8ab33a-3718-4bdc-818d-b3debb6d3703', '2024-11-11T02:25:54.755Z', '2024-12-16T00:25:13.723Z', 8564, '481 Pine Dr, Bristol', 'Engine epsilon quick kappa cloud kappa the fox', 'Quick brow', '2024-10-21T15:28:02.644Z'),
  ('15578c87-002d-4fec-97e2-058e9e87debe', '6efa644f-763f-4dcb-b3e7-01e4f5b4cfb1', '2023-03-09T05:37:02.803Z', '2024-12-03T18:04:08.670Z', 8107, '3563 Church Ln, Oakland', 'Data lambda service lazy brown module gamma zeta', 'Quick clou', '2024-12-16T18:41:11.397Z'),
  ('9323ac2b-4555-4152-829b-932b2da12334', '1a53418a-74ba-42bb-a994-dd3ea596854c', '2023-05-12T11:28:43.302Z', '2024-12-27T00:42:34.700Z', 4317, '5258 Jackson Way, Manchester', 'Jumps the the kappa system data delta gamma', 'System clo', '2023-11-22T02:40:53.241Z'),
  ('67d0a696-dfa9-4221-9a38-4fc91b113f32', '050cc414-8ed3-458e-ac54-5b6354736a6b', '2024-11-19T07:55:43.276Z', '2024-12-30T23:11:41.052Z', 3448, '9554 Sunset Ct, Franklin', 'Sigma omega epsilon data platform service over platform', 'Omega engi', '2024-01-14T02:38:45.103Z'),
  ('f78fe7ac-d1ad-4880-8c72-c31b29aa997d', '23667c17-d605-49cb-a2b7-67fd2fd7f2d7', '2024-02-27T18:54:10.738Z', '2024-12-29T09:24:11.395Z', 799, '3021 Highland Blvd, Chester', 'Dog lazy engine jumps fox alpha data platform', 'Delta brow', '2024-12-12T00:26:40.791Z'),
  ('9055f93d-7d92-4fc7-9003-b4e63ae94b18', '989c17ed-e829-46c1-b7e6-1babd4a686f4', '2023-11-25T17:28:25.056Z', '2024-12-17T00:59:34.873Z', 4839, '785 Jackson Dr, Fairview', 'System quick alpha service client over delta platform', 'Module qui', '2023-11-16T19:15:38.517Z'),
  ('31dcc05f-4f23-49be-bd18-1fbbe47e8a37', 'dd027202-10ae-4f25-86d5-ca6caae5da60', '2024-01-23T10:33:31.358Z', '2024-12-02T18:16:55.666Z', 2263, '3640 Cedar Ln, Bristol', 'Kappa omega network epsilon fox network engine service', 'Server laz', '2024-10-21T04:51:49.461Z'),
  ('e499739c-c72d-4d6f-9d24-2be75f049381', 'f7d54593-7fa5-486c-9e1f-186c0c9b5f56', '2024-12-21T03:10:34.274Z', '2024-12-06T22:58:04.993Z', 350, '2011 Spring Ln, Manchester', 'Service dog delta process epsilon brown kappa system', 'Cloud syst', '2024-06-30T15:20:00.802Z'),
  ('f9f9243d-3a1d-485f-acd2-e9c5fc3e6a28', '07e43c6c-80cb-483a-947f-8f0d0f9cc335', '2024-11-08T08:49:13.060Z', '2024-12-30T22:58:09.996Z', 5623, '8760 Main Ct, Madison', 'The gamma beta lambda cloud module beta client', 'Alpha sigm', '2024-12-23T22:59:59.535Z'),
  ('27b8df28-9da0-4080-8fa7-5c46ace61a76', 'be5ab421-e8fa-4d2b-bb99-69a2b4758f08', '2023-04-24T18:08:21.993Z', '2024-12-05T15:25:48.912Z', 3448, '266 Highland Ct, Georgetown', 'Zeta the epsilon delta service client client brown', 'Omega over', '2023-07-06T20:43:57.078Z'),
  ('c66cae80-0545-4546-9bb8-a2280f1dba5d', 'ab020e45-4c81-4e55-8fe7-32a1bfdbd3b3', '2024-03-04T19:34:46.260Z', '2024-12-04T13:42:14.432Z', 4449, '9321 Jackson Blvd, Franklin', 'Jumps cloud network engine system server dog alpha', 'Module eng', '2024-01-31T17:14:22.961Z'),
  ('57e6c876-1418-4062-b84e-5203cfc969ac', '0e9393bf-617f-4c0e-90c7-c53b915f747a', '2024-06-07T02:53:22.385Z', '2024-12-13T23:37:17.847Z', 5457, '512 Lincoln Blvd, Ashland', 'Lazy data server gamma delta omega quick brown', 'Jumps over', '2023-12-27T19:06:22.486Z'),
  ('6735d8b5-523f-4b1f-b40d-02ca27f36d8a', '5ab9ec52-521b-4388-a8ce-a3fd2ac52b5b', '2023-01-09T05:16:13.745Z', '2024-12-17T21:12:57.900Z', 517, '6998 Lincoln Ln, Greenville', 'Brown system epsilon omega service brown cloud brown', 'Kappa lamb', '2023-09-10T01:37:54.246Z');

INSERT INTO "sessions" ("id", "user_id", "started_at", "ended_at", "duration_seconds", "ip_address", "user_agent", "country", "created_at") VALUES
  ('204b0ba3-d156-4e7e-a7e0-37c703344b21', '38acf9e4-8c8b-4a43-b51a-ebf23596d583', '2023-10-28T22:49:09.338Z', '2024-12-09T10:40:13.833Z', 1095, '1726 Walnut Ln, Clinton', 'Theta delta zeta module process module omega beta', 'Beta alpha', '2024-08-04T11:14:41.865Z'),
  ('8c05708d-78c0-4b68-8ae9-a7fc29624970', '37ad790c-3af9-4fb1-a827-811bd5220a15', '2023-02-28T01:56:48.871Z', '2024-12-16T11:24:15.902Z', 1095, '4771 Maple Rd, Milton', 'Lambda cloud client the quick brown engine omega', 'Server ove', '2023-07-30T13:32:16.636Z'),
  ('dc407f55-e80e-451e-bfe8-795bbb1ae512', '83f4ac40-88b6-4d26-88bd-5bb40224e95b', '2023-12-13T21:59:38.135Z', '2024-12-15T19:53:29.696Z', 9106, '8198 Spring St, Ashland', 'Dog engine engine gamma delta lambda kappa quick', 'Lazy zeta ', '2024-05-21T20:48:49.444Z'),
  ('3a72d7be-ffac-4ad0-8eee-6640d801a672', '86770112-5193-4b25-b548-5b100aaa3416', '2024-04-02T13:08:51.428Z', '2024-12-13T19:25:10.117Z', 4794, '7161 Walnut Way, Georgetown', 'Alpha zeta delta the data module system alpha', 'Quick clie', '2023-06-22T08:25:22.131Z'),
  ('eb210567-3e86-4b86-85b7-ffdf66d188f5', 'bc18ff0f-765e-4691-a982-f113846f2268', '2024-12-16T05:36:02.701Z', '2024-12-18T16:07:35.164Z', 4574, '6977 Jackson Ct, Milton', 'Alpha alpha engine cloud over engine lambda process', 'The dog en', '2024-02-29T02:02:07.496Z'),
  ('01e31258-9e1c-4acd-859b-ec9c9e1973d1', '3b9c6edd-9f15-47cf-b6e3-b36e3a656a68', '2024-01-20T00:35:46.209Z', '2024-12-12T23:50:04.022Z', 4667, '9630 Franklin Dr, Burlington', 'Kappa network theta jumps fox network over system', 'Gamma lazy', '2023-05-09T13:50:28.828Z'),
  ('00f164aa-0458-457d-884d-66aab2381ac6', 'c53b5ea8-f3b4-4cf4-88a6-bad03ac9683d', '2023-03-27T12:10:54.245Z', '2024-12-17T10:59:06.193Z', 8139, '1475 Sunset Ln, Bristol', 'Over theta process lazy the service system service', 'Gamma clie', '2023-02-18T07:03:00.062Z'),
  ('dad270ba-301b-45f9-9e6f-028177d166da', 'ef49169f-ff19-4c95-896c-f1c813cab848', '2023-02-15T20:30:40.500Z', '2024-12-02T18:07:59.155Z', 1450, '1479 Jackson Blvd, Greenville', 'Network alpha engine lazy beta engine zeta platform', 'Cloud lamb', '2024-01-18T07:06:17.477Z'),
  ('e6e98a61-43c4-46c5-9bf3-e65125e86d5b', 'c20f74f8-db79-4fb9-87e1-b8480c07c7e6', '2023-02-07T15:06:24.523Z', '2024-12-19T03:45:21.368Z', 85, '5985 Center Rd, Franklin', 'Over theta system theta dog data client fox', 'Data lambd', '2024-02-21T14:15:22.713Z'),
  ('ca6e45ef-80d3-43b3-9018-ff50f7ea6ee3', '26daa54c-f493-428c-8284-30e162bf237a', '2023-03-09T11:35:30.989Z', '2024-12-07T04:41:14.598Z', 4449, '5438 Cedar Ave, Portland', 'Dog brown gamma fox lambda jumps dog epsilon', 'Omega serv', '2024-09-19T03:18:50.358Z'),
  ('65f71621-7b62-4021-bb0f-9138088029aa', 'ab8bbc00-af74-4372-80b7-2965f02a510d', '2024-03-27T15:51:58.824Z', '2024-12-25T18:33:31.472Z', 1131, '7635 Oak Ave, Ashland', 'Sigma the omega server gamma beta alpha epsilon', 'Client dat', '2023-06-28T04:38:10.412Z'),
  ('654f2802-c25c-47db-a8b4-8174ac26bce0', '77783e6c-ed86-40e5-a22a-912aaa11d212', '2023-11-14T13:14:13.386Z', '2024-12-31T00:24:51.673Z', 1390, '2519 Jackson St, Burlington', 'Process brown brown service omega brown gamma gamma', 'System eng', '2023-04-16T13:24:45.445Z'),
  ('4ff36478-42c0-4de3-91c8-10bfd86d9714', '3bb1b222-f711-4df2-9060-c672869bd201', '2023-06-30T09:12:06.341Z', '2024-12-24T12:42:23.736Z', 2496, '2692 Oak Blvd, Hudson', 'Server theta system quick omega sigma platform over', 'Gamma syst', '2024-04-23T14:04:52.792Z'),
  ('ca476fd7-f722-4e55-9cda-f8d9acf538f7', '4c8881cd-174b-4ee0-b082-18d79b080eb0', '2024-01-29T05:51:13.099Z', '2024-12-31T08:06:02.450Z', 6649, '5867 Lake Dr, Burlington', 'Client jumps quick sigma engine beta system data', 'Beta zeta ', '2024-04-19T06:11:18.417Z'),
  ('455dd625-e0d5-4562-bf2c-0acbfb5229c9', '1e50a2ca-55a0-4d21-897d-a977698733e7', '2023-10-09T17:58:44.887Z', '2024-12-19T19:09:40.668Z', 6612, '2273 Oak Ct, Franklin', 'Network alpha data cloud service omega process zeta', 'Delta quic', '2023-06-22T14:29:44.242Z'),
  ('fb7a51ff-8bf7-4bcc-b09c-2d59876e3117', '949215b0-b407-491c-8f0e-4176a00e220e', '2024-11-18T06:33:39.905Z', '2024-12-09T13:17:50.119Z', 8030, '1888 Park Way, Bristol', 'Zeta fox quick delta gamma gamma lazy network', 'Theta lazy', '2023-02-09T18:28:48.351Z'),
  ('46f22ab5-71d2-48e9-b03d-457bfaf67b02', '22324d1b-98ce-49b1-8e49-241d468055d9', '2023-05-25T08:20:30.876Z', '2024-12-04T11:26:18.138Z', 1802, '4630 Railroad Ct, Riverside', 'Data cloud client brown lambda engine beta sigma', 'Fox data t', '2024-07-08T16:39:42.580Z'),
  ('aed6fc8b-7b0e-48c6-9023-2a92f0a56d5d', '8f6a24aa-454b-407d-9d0d-fa927afbf788', '2024-04-29T00:14:30.054Z', '2024-12-24T12:02:20.811Z', 6864, '537 Oak Ct, Riverside', 'Zeta service alpha brown engine jumps cloud module', 'Kappa serv', '2024-10-23T12:08:14.398Z'),
  ('f041db68-cc25-4521-92a6-c2352f0fd765', '3a3de7d0-56f8-423e-bda1-2423df332f6a', '2024-04-23T05:26:07.161Z', '2024-12-26T00:51:17.868Z', 7177, '840 Cedar Dr, Ashland', 'System lazy omega epsilon epsilon alpha sigma gamma', 'Dog lazy b', '2024-11-14T09:07:40.755Z'),
  ('2e73cb09-b809-41ca-8926-a3047628d6de', '8da1cbe3-4f27-4959-b485-4c1d4d60c262', '2024-04-15T09:51:47.930Z', '2024-12-08T09:08:59.525Z', 7521, '5553 Railroad Dr, Clinton', 'Client theta delta omega brown delta server gamma', 'Dog engine', '2024-04-12T11:04:15.034Z'),
  ('dcc1b3c5-d230-4b76-954c-f73b591ed1ea', 'f7900099-4d4d-4cb6-906a-445ccbe32f76', '2024-08-10T22:56:31.857Z', '2024-12-09T02:46:58.290Z', 184, '3388 Cedar Rd, Arlington', 'Jumps zeta lambda over service engine beta omega', 'Theta lazy', '2024-09-02T13:52:32.731Z'),
  ('80327cab-145e-4178-b5aa-7f367d1b6341', '90f4c742-dc83-4e6f-9b34-7d458657440d', '2024-10-24T04:08:00.748Z', '2024-12-17T04:03:40.581Z', 9046, '7400 Elm Ln, Chester', 'System system brown engine module sigma lambda alpha', 'System jum', '2024-10-11T20:42:55.186Z'),
  ('d5478d3f-9457-458a-825e-fd1387f931f4', '9c4578e2-a87b-46ee-95dc-5aa51d59901c', '2024-05-20T16:30:21.262Z', '2024-12-04T20:27:51.773Z', 6400, '8472 Railroad Blvd, Oakland', 'Server beta theta data lambda dog quick module', 'System gam', '2023-11-27T10:38:05.383Z'),
  ('27051340-dfc4-455c-91e9-081fd0c92267', '5d0f7f15-d0fd-450e-87b7-ab17a3593521', '2024-02-06T20:08:56.561Z', '2024-12-29T05:38:49.691Z', 7510, '7988 Spring St, Arlington', 'Brown engine jumps engine fox zeta lambda delta', 'Brown proc', '2024-07-31T07:46:34.415Z'),
  ('5e5cf659-8f6b-4705-ad1c-dab0d1f0e2fe', 'c407f776-8d7f-4fc3-abc2-099fe2e3f024', '2024-07-23T00:42:44.880Z', '2024-12-11T05:56:37.169Z', 1559, '1324 Railroad Blvd, Ashland', 'Fox brown epsilon gamma engine gamma cloud lambda', 'Platform t', '2023-10-02T05:54:00.148Z'),
  ('d7942943-ada7-431d-8429-4371debd1a7a', '84cbbca6-e267-4e57-a3df-9b64e6059681', '2024-05-22T05:16:22.879Z', '2024-12-25T14:43:46.624Z', 9494, '4211 Oak Way, Portland', 'Engine jumps platform epsilon beta server fox server', 'Quick modu', '2024-11-23T23:27:32.024Z'),
  ('00f8efbd-bc6d-4b97-bfa9-0f3ba3a3ec31', 'e57cfb35-bb8b-4d1e-bc29-44d4c1685057', '2024-05-30T08:16:56.106Z', '2024-12-25T16:14:03.374Z', 2700, '8692 Highland Blvd, Newport', 'Zeta service fox process network omega kappa service', 'Fox theta ', '2024-01-15T13:15:01.490Z'),
  ('e9d7de63-f2fb-4c0e-80fd-bdbb4f5f2e36', '0a712487-9993-4c91-8548-d6f2010d00f4', '2024-05-29T01:28:00.747Z', '2024-12-07T16:18:38.881Z', 2997, '9480 Pine Dr, Burlington', 'Kappa omega process client service lambda the the', 'Jumps delt', '2024-07-19T21:55:07.859Z'),
  ('c4dca9d2-99b2-4a29-8dbb-ef2e48a1be5a', '4305693a-5ee0-4b82-bfe9-7c31b351cdbe', '2024-11-24T12:06:10.618Z', '2024-12-31T00:01:48.321Z', 4981, '1270 Main Rd, Ashland', 'Beta kappa gamma dog epsilon service brown lazy', 'Data clien', '2023-06-08T01:44:39.031Z'),
  ('9dab45a5-cef7-4a9a-b335-bdc5fd405bc4', 'dd984d11-5a6a-46b3-8cc1-a2b17aaccb57', '2023-04-20T02:56:12.766Z', '2024-12-24T15:10:17.529Z', 8299, '2608 Church Ct, Newport', 'Delta beta theta alpha data gamma over kappa', 'Lambda jum', '2023-11-12T16:15:11.320Z');

INSERT INTO "cart_items" ("id", "session_id", "customer_id", "product_id", "quantity", "price_cents", "added_at", "converted", "created_at") VALUES
  ('a42266b0-bdfb-4dbd-bcd2-f3ac7e605392', 'f9f9243d-3a1d-485f-acd2-e9c5fc3e6a28', 'af6656e5-537e-4c8b-963c-534c52ab382b', 'ffa93f4d-3539-45fc-a462-c02c9375975a', 5, 5273, '2023-09-13T20:03:47.633Z', TRUE, '2024-02-22T08:11:39.109Z'),
  ('efab60ff-2dc6-4478-a8af-3702dae4c62f', '00f164aa-0458-457d-884d-66aab2381ac6', '7027de86-d7e4-4325-9ece-35638bfc7ddc', '694aad5a-30a4-4a8f-bdde-e7988263da40', 2, 18086, '2024-06-20T23:41:23.194Z', FALSE, '2023-07-03T06:46:45.061Z'),
  ('61e8eda5-b921-4dbd-8b72-50cfbeb61cf0', '9dab45a5-cef7-4a9a-b335-bdc5fd405bc4', 'da995972-e0ae-49f0-a054-d8265d0515a5', '9e8f86d6-fa2b-40d3-8985-14453cce7621', 5, 1540, '2024-05-10T06:03:47.354Z', TRUE, '2023-03-02T20:26:02.031Z'),
  ('e8fd6f68-d0e7-4100-97dd-acb04eea2e67', '47f6d11c-906f-48dd-a337-e62fa7443788', 'b7cbc832-aa84-4178-b56c-544e25814487', '694aad5a-30a4-4a8f-bdde-e7988263da40', 1, 4350, '2024-12-18T02:50:18.033Z', TRUE, '2023-11-29T21:54:12.197Z'),
  ('c9750e34-4859-41e5-9d5f-96e7f465e812', 'f3125a36-9b87-4ceb-89a4-a9f05604177a', '8934f1f3-4484-4cef-af91-cf4f7ec08caf', '7d409da2-46e4-4ba0-a083-e968f5d116e0', 2, 6159, '2024-10-30T09:04:25.189Z', FALSE, '2023-10-07T00:28:37.266Z'),
  ('6aa8dd6e-2587-4853-a167-0ef5e4879f5e', 'e499739c-c72d-4d6f-9d24-2be75f049381', '8b4b19b2-50c9-4717-b9d2-21f92db5b339', '694aad5a-30a4-4a8f-bdde-e7988263da40', 4, 14301, '2024-01-18T23:01:11.226Z', FALSE, '2024-09-14T19:09:46.961Z'),
  ('664e246d-2ba0-4c6d-856e-bfe1c9c6184f', '3a72d7be-ffac-4ad0-8eee-6640d801a672', 'b7cbc832-aa84-4178-b56c-544e25814487', '9e8f86d6-fa2b-40d3-8985-14453cce7621', 5, 27794, '2024-03-15T06:55:30.200Z', FALSE, '2023-05-30T22:46:41.671Z'),
  ('f78e4294-d9d6-4d35-853c-e8bf07ae03a5', 'f3125a36-9b87-4ceb-89a4-a9f05604177a', '8b4b19b2-50c9-4717-b9d2-21f92db5b339', '114c84a2-ffc2-4fcf-becd-db99e75f8e0a', 3, 20922, '2023-03-07T04:12:07.262Z', FALSE, '2023-02-22T22:22:53.558Z'),
  ('f5ab9926-24df-4b67-81eb-2ad9bad87ccc', 'f8b4db80-c6e6-407d-b4b2-71f0f69ecd7d', '5e02bca2-e0e8-459a-bd2f-0cb4b54a4656', 'ffa93f4d-3539-45fc-a462-c02c9375975a', 2, 16303, '2024-01-20T09:13:45.802Z', FALSE, '2024-12-12T02:29:07.289Z'),
  ('afdfe776-73ab-4359-a6c2-7019e80f2f41', '00f8efbd-bc6d-4b97-bfa9-0f3ba3a3ec31', '8b4b19b2-50c9-4717-b9d2-21f92db5b339', '7d409da2-46e4-4ba0-a083-e968f5d116e0', 4, 765, '2024-02-27T15:27:34.962Z', TRUE, '2023-02-27T05:20:43.182Z'),
  ('f51cf120-399e-4819-8e6b-2c9c6f46a83f', '9323ac2b-4555-4152-829b-932b2da12334', 'd20e5e3a-b390-48f7-80a9-cb8cce862d13', '7d409da2-46e4-4ba0-a083-e968f5d116e0', 5, 20331, '2024-05-16T23:07:25.190Z', TRUE, '2024-05-27T16:37:42.419Z'),
  ('5c35925d-633e-421b-9ffe-040bd1e65679', 'f9f9243d-3a1d-485f-acd2-e9c5fc3e6a28', 'da995972-e0ae-49f0-a054-d8265d0515a5', '9e8f86d6-fa2b-40d3-8985-14453cce7621', 2, 20271, '2024-09-11T18:52:02.799Z', FALSE, '2024-06-08T20:40:03.774Z'),
  ('4f95c1a6-afc4-4a80-9a66-4dc57add8923', 'd5478d3f-9457-458a-825e-fd1387f931f4', '7027de86-d7e4-4325-9ece-35638bfc7ddc', '7d409da2-46e4-4ba0-a083-e968f5d116e0', 2, 22121, '2023-06-25T17:46:18.920Z', TRUE, '2024-09-17T08:12:53.540Z'),
  ('49957618-9219-4319-8c8a-2a23aff0cc6d', '4c2c05fd-3242-4c5a-ae35-f9c5312862ba', '7b9ce613-b8ef-47b4-ad85-d21efe90ea6f', '114c84a2-ffc2-4fcf-becd-db99e75f8e0a', 4, 19052, '2023-05-28T19:33:42.425Z', FALSE, '2024-07-30T04:09:26.076Z'),
  ('d94362d7-6d29-4430-906e-32208b5a4c73', 'f9f9243d-3a1d-485f-acd2-e9c5fc3e6a28', 'd20e5e3a-b390-48f7-80a9-cb8cce862d13', '9e8f86d6-fa2b-40d3-8985-14453cce7621', 2, 3007, '2024-01-04T11:33:08.999Z', FALSE, '2024-05-13T04:36:43.843Z'),
  ('ded303ba-22ea-4eb0-b1d3-1b0838282b6a', '4ff36478-42c0-4de3-91c8-10bfd86d9714', '73090d8e-983e-4535-8dbd-db8234484b13', '114c84a2-ffc2-4fcf-becd-db99e75f8e0a', 4, 10797, '2024-12-05T09:57:28.692Z', TRUE, '2024-03-10T12:22:49.153Z'),
  ('472b47da-4b85-4529-8831-353098d4cf7d', 'e6e98a61-43c4-46c5-9bf3-e65125e86d5b', '7b9ce613-b8ef-47b4-ad85-d21efe90ea6f', '9e8f86d6-fa2b-40d3-8985-14453cce7621', 5, 6801, '2023-10-31T00:11:13.358Z', TRUE, '2024-06-30T20:39:34.292Z'),
  ('af3d882c-c0d7-4f84-8614-bab0ec59f743', 'f585df0e-d358-49cc-9346-b3b526992421', '7027de86-d7e4-4325-9ece-35638bfc7ddc', '9e8f86d6-fa2b-40d3-8985-14453cce7621', 3, 25405, '2024-07-29T04:11:09.090Z', TRUE, '2023-03-10T06:25:19.969Z'),
  ('ce8bccb5-2de2-4079-986e-0a28a84cfc61', '6735d8b5-523f-4b1f-b40d-02ca27f36d8a', '8b4b19b2-50c9-4717-b9d2-21f92db5b339', '114c84a2-ffc2-4fcf-becd-db99e75f8e0a', 3, 29540, '2023-07-31T16:52:46.198Z', FALSE, '2023-07-20T08:30:22.813Z'),
  ('1c3b65ad-f39a-4fc2-b8a1-a9438eaf3237', '11a09293-7c9f-4045-a174-3d48f26ec89e', 'da995972-e0ae-49f0-a054-d8265d0515a5', '114c84a2-ffc2-4fcf-becd-db99e75f8e0a', 5, 23389, '2023-12-11T14:47:33.388Z', TRUE, '2023-08-24T23:43:15.990Z'),
  ('d88d0c24-110c-43c5-9eed-23d1a7f61ca6', '1f035bc2-b18a-430f-9651-7da5680faf51', 'da995972-e0ae-49f0-a054-d8265d0515a5', 'ffa93f4d-3539-45fc-a462-c02c9375975a', 3, 4445, '2023-09-02T17:14:50.208Z', TRUE, '2024-05-21T13:17:50.572Z'),
  ('74c13d03-5fae-436c-8d53-2fd754bac509', '4d537816-9e2a-46a0-a1bc-88b963d5921f', 'af6656e5-537e-4c8b-963c-534c52ab382b', '114c84a2-ffc2-4fcf-becd-db99e75f8e0a', 1, 19690, '2024-03-31T17:35:45.387Z', TRUE, '2024-05-25T17:34:15.611Z'),
  ('a0c8f536-b665-4e63-9ed4-c61beadd0c96', '455dd625-e0d5-4562-bf2c-0acbfb5229c9', '7b9ce613-b8ef-47b4-ad85-d21efe90ea6f', '7d409da2-46e4-4ba0-a083-e968f5d116e0', 1, 15939, '2023-04-15T09:11:17.868Z', TRUE, '2023-12-31T19:31:12.005Z'),
  ('15ab2ee3-cc0b-41a1-a1be-43a25e3b26db', 'd30ea2db-1709-455a-ab49-3c8d76736e41', 'da995972-e0ae-49f0-a054-d8265d0515a5', '7d409da2-46e4-4ba0-a083-e968f5d116e0', 3, 1174, '2024-02-13T16:22:10.763Z', TRUE, '2024-09-13T08:43:28.184Z'),
  ('7f9ae131-3666-4c38-9cca-0f1a2df0667b', '9d854009-d446-4692-b23f-1aaf3d8a9328', 'af6656e5-537e-4c8b-963c-534c52ab382b', 'ffa93f4d-3539-45fc-a462-c02c9375975a', 2, 10274, '2023-08-07T04:22:39.571Z', TRUE, '2024-04-05T00:38:34.352Z'),
  ('a97e3285-e302-4d21-9ab3-8deba513b2d6', '11a09293-7c9f-4045-a174-3d48f26ec89e', '5e02bca2-e0e8-459a-bd2f-0cb4b54a4656', '9e8f86d6-fa2b-40d3-8985-14453cce7621', 4, 23098, '2023-11-06T16:29:34.290Z', FALSE, '2024-12-22T02:21:52.104Z'),
  ('991b8952-dbe9-4888-8d28-15deb94dfed5', 'eb210567-3e86-4b86-85b7-ffdf66d188f5', '7b9ce613-b8ef-47b4-ad85-d21efe90ea6f', 'ffa93f4d-3539-45fc-a462-c02c9375975a', 4, 2186, '2023-01-11T01:10:10.046Z', TRUE, '2023-02-17T01:45:53.303Z'),
  ('baf9bfdd-203a-46d1-9e5f-b11ae75c0b15', '36647dc8-6b88-4f3f-b871-a21786c44129', 'da995972-e0ae-49f0-a054-d8265d0515a5', '114c84a2-ffc2-4fcf-becd-db99e75f8e0a', 2, 27121, '2024-09-12T21:16:03.099Z', FALSE, '2024-01-28T05:29:25.037Z'),
  ('e3bd8391-5bd7-4209-84de-5db7a1934894', 'b6306601-a720-482d-b6f0-734869415a5d', '73090d8e-983e-4535-8dbd-db8234484b13', '694aad5a-30a4-4a8f-bdde-e7988263da40', 3, 20652, '2023-07-30T11:46:52.632Z', TRUE, '2023-04-15T20:00:14.705Z'),
  ('fb6c8b2f-865f-4eb4-9f83-c90bd2077340', 'f3125a36-9b87-4ceb-89a4-a9f05604177a', '5e02bca2-e0e8-459a-bd2f-0cb4b54a4656', '694aad5a-30a4-4a8f-bdde-e7988263da40', 2, 27608, '2024-10-19T19:40:16.334Z', TRUE, '2024-11-16T06:44:03.209Z'),
  ('f6c75d50-017a-4d71-9748-608cb20fc096', '7d74f57f-b622-48e0-9dda-b064c4ac37be', '8934f1f3-4484-4cef-af91-cf4f7ec08caf', '694aad5a-30a4-4a8f-bdde-e7988263da40', 1, 9804, '2023-07-06T12:50:56.988Z', TRUE, '2024-10-19T14:26:01.745Z'),
  ('b6774b67-0056-482b-97eb-796f5b3418dc', '4ff36478-42c0-4de3-91c8-10bfd86d9714', 'd20e5e3a-b390-48f7-80a9-cb8cce862d13', 'ffa93f4d-3539-45fc-a462-c02c9375975a', 3, 18714, '2023-09-25T17:12:59.227Z', FALSE, '2024-02-27T15:52:50.934Z'),
  ('5cc76f46-e49d-4bc6-885d-3285f22f0d96', '80327cab-145e-4178-b5aa-7f367d1b6341', '73090d8e-983e-4535-8dbd-db8234484b13', '694aad5a-30a4-4a8f-bdde-e7988263da40', 5, 29743, '2023-03-31T13:53:46.649Z', TRUE, '2023-03-16T05:20:09.577Z'),
  ('d77be823-e849-47d4-bfa2-59ee1fc8d7fc', '11a09293-7c9f-4045-a174-3d48f26ec89e', '8934f1f3-4484-4cef-af91-cf4f7ec08caf', '694aad5a-30a4-4a8f-bdde-e7988263da40', 4, 5896, '2023-08-10T06:16:48.560Z', TRUE, '2023-07-09T01:51:29.212Z'),
  ('96c8bb8a-337a-46ef-946e-750868f3bef2', 'c4dca9d2-99b2-4a29-8dbb-ef2e48a1be5a', 'b7cbc832-aa84-4178-b56c-544e25814487', 'ffa93f4d-3539-45fc-a462-c02c9375975a', 2, 17396, '2024-08-30T00:56:22.472Z', FALSE, '2024-11-07T08:09:13.190Z');
