-- ============================================
-- Generated by RealityDB CLI v2.19.3
-- Template: custom
-- Total rows: 96
-- Generated at: 2026-04-10T03:33:52.647Z
-- ============================================

-- ============================================
-- SCHEMA
-- ============================================

CREATE TABLE "patients" (
  "id" UUID NOT NULL PRIMARY KEY DEFAULT gen_random_uuid(),
  "age_at_diagnosis" INTEGER NOT NULL,
  "smoking_status" VARCHAR(50) NOT NULL,
  "created_at" TIMESTAMPTZ NOT NULL
);

CREATE TABLE "diagnoses" (
  "id" UUID NOT NULL PRIMARY KEY DEFAULT gen_random_uuid(),
  "patient_id" UUID NOT NULL,
  "cancer_type" VARCHAR(50) NOT NULL,
  "date_of_diagnosis" TIMESTAMPTZ NOT NULL,
  CONSTRAINT "fk_diagnoses_patient_id" FOREIGN KEY ("patient_id") REFERENCES "patients"("id")
);

CREATE TABLE "genomics" (
  "id" UUID NOT NULL PRIMARY KEY DEFAULT gen_random_uuid(),
  "diagnosis_id" UUID NOT NULL,
  "mutation" VARCHAR(50) NOT NULL,
  "created_at" TIMESTAMPTZ NOT NULL,
  CONSTRAINT "fk_genomics_diagnosis_id" FOREIGN KEY ("diagnosis_id") REFERENCES "diagnoses"("id")
);

CREATE TABLE "treatments" (
  "id" UUID NOT NULL PRIMARY KEY DEFAULT gen_random_uuid(),
  "patient_id" UUID NOT NULL,
  "line_of_therapy" INTEGER NOT NULL,
  "start_date" TIMESTAMPTZ NOT NULL,
  CONSTRAINT "fk_treatments_patient_id" FOREIGN KEY ("patient_id") REFERENCES "patients"("id")
);

CREATE TABLE "treatment_cycles" (
  "id" UUID NOT NULL PRIMARY KEY DEFAULT gen_random_uuid(),
  "treatment_id" UUID NOT NULL,
  "cycle_number" INTEGER NOT NULL,
  "created_at" TIMESTAMPTZ NOT NULL,
  CONSTRAINT "fk_treatment_cycles_treatment_id" FOREIGN KEY ("treatment_id") REFERENCES "treatments"("id")
);

CREATE TABLE "imaging_results" (
  "id" UUID NOT NULL PRIMARY KEY DEFAULT gen_random_uuid(),
  "patient_id" UUID NOT NULL,
  "recist_response" VARCHAR(50) NOT NULL,
  "created_at" TIMESTAMPTZ NOT NULL,
  CONSTRAINT "fk_imaging_results_patient_id" FOREIGN KEY ("patient_id") REFERENCES "patients"("id")
);

CREATE TABLE "lab_results" (
  "id" UUID NOT NULL PRIMARY KEY DEFAULT gen_random_uuid(),
  "patient_id" UUID NOT NULL,
  "value" NUMERIC(12,2) NOT NULL,
  "created_at" TIMESTAMPTZ NOT NULL,
  CONSTRAINT "fk_lab_results_patient_id" FOREIGN KEY ("patient_id") REFERENCES "patients"("id")
);

CREATE TABLE "adverse_events" (
  "id" UUID NOT NULL PRIMARY KEY DEFAULT gen_random_uuid(),
  "treatment_id" UUID NOT NULL,
  "severity" VARCHAR(50) NOT NULL,
  "created_at" TIMESTAMPTZ NOT NULL,
  CONSTRAINT "fk_adverse_events_treatment_id" FOREIGN KEY ("treatment_id") REFERENCES "treatments"("id")
);

CREATE TABLE "progression_events" (
  "id" UUID NOT NULL PRIMARY KEY DEFAULT gen_random_uuid(),
  "diagnosis_id" UUID NOT NULL,
  "created_at" TIMESTAMPTZ NOT NULL,
  CONSTRAINT "fk_progression_events_diagnosis_id" FOREIGN KEY ("diagnosis_id") REFERENCES "diagnoses"("id")
);

CREATE TABLE "outcomes" (
  "id" UUID NOT NULL PRIMARY KEY DEFAULT gen_random_uuid(),
  "patient_id" UUID NOT NULL,
  "created_at" TIMESTAMPTZ NOT NULL,
  CONSTRAINT "fk_outcomes_patient_id" FOREIGN KEY ("patient_id") REFERENCES "patients"("id")
);

CREATE TABLE "biomarkers" (
  "id" UUID NOT NULL PRIMARY KEY DEFAULT gen_random_uuid(),
  "diagnosis_id" UUID NOT NULL,
  "marker" VARCHAR(50) NOT NULL,
  "created_at" TIMESTAMPTZ NOT NULL,
  CONSTRAINT "fk_biomarkers_diagnosis_id" FOREIGN KEY ("diagnosis_id") REFERENCES "diagnoses"("id")
);

CREATE TABLE "vital_signs" (
  "id" UUID NOT NULL PRIMARY KEY DEFAULT gen_random_uuid(),
  "patient_id" UUID NOT NULL,
  "created_at" TIMESTAMPTZ NOT NULL,
  CONSTRAINT "fk_vital_signs_patient_id" FOREIGN KEY ("patient_id") REFERENCES "patients"("id")
);

CREATE TABLE "concomitant_medications" (
  "id" UUID NOT NULL PRIMARY KEY DEFAULT gen_random_uuid(),
  "patient_id" UUID NOT NULL,
  "med_name" VARCHAR(255) NOT NULL,
  "created_at" TIMESTAMPTZ NOT NULL,
  CONSTRAINT "fk_concomitant_medications_patient_id" FOREIGN KEY ("patient_id") REFERENCES "patients"("id")
);

CREATE TABLE "sites" (
  "id" UUID NOT NULL PRIMARY KEY DEFAULT gen_random_uuid(),
  "site_name" VARCHAR(255) NOT NULL,
  "created_at" TIMESTAMPTZ NOT NULL
);

CREATE TABLE "clinical_trials" (
  "id" UUID NOT NULL PRIMARY KEY DEFAULT gen_random_uuid(),
  "trial_name" VARCHAR(255) NOT NULL,
  "created_at" TIMESTAMPTZ NOT NULL
);

CREATE TABLE "enrollments" (
  "id" UUID NOT NULL PRIMARY KEY DEFAULT gen_random_uuid(),
  "patient_id" UUID NOT NULL,
  "trial_id" UUID NOT NULL,
  "site_id" UUID NOT NULL,
  "created_at" TIMESTAMPTZ NOT NULL,
  CONSTRAINT "fk_enrollments_patient_id" FOREIGN KEY ("patient_id") REFERENCES "patients"("id"),
  CONSTRAINT "fk_enrollments_trial_id" FOREIGN KEY ("trial_id") REFERENCES "clinical_trials"("id"),
  CONSTRAINT "fk_enrollments_site_id" FOREIGN KEY ("site_id") REFERENCES "sites"("id")
);

CREATE TABLE "consent_records" (
  "id" UUID NOT NULL PRIMARY KEY DEFAULT gen_random_uuid(),
  "enrollment_id" UUID NOT NULL,
  "created_at" TIMESTAMPTZ NOT NULL,
  CONSTRAINT "fk_consent_records_enrollment_id" FOREIGN KEY ("enrollment_id") REFERENCES "enrollments"("id")
);

CREATE TABLE "regulatory_submissions" (
  "id" UUID NOT NULL PRIMARY KEY DEFAULT gen_random_uuid(),
  "trial_id" UUID NOT NULL,
  "created_at" TIMESTAMPTZ NOT NULL,
  CONSTRAINT "fk_regulatory_submissions_trial_id" FOREIGN KEY ("trial_id") REFERENCES "clinical_trials"("id")
);

CREATE TABLE "audit_logs" (
  "id" UUID NOT NULL PRIMARY KEY DEFAULT gen_random_uuid(),
  "action" VARCHAR(50) NOT NULL,
  "created_at" TIMESTAMPTZ NOT NULL
);

CREATE TABLE "site_monitoring" (
  "id" UUID NOT NULL PRIMARY KEY DEFAULT gen_random_uuid(),
  "site_id" UUID NOT NULL,
  "created_at" TIMESTAMPTZ NOT NULL,
  CONSTRAINT "fk_site_monitoring_site_id" FOREIGN KEY ("site_id") REFERENCES "sites"("id")
);

-- ============================================
-- DATA
-- ============================================

-- patients: 8 rows
INSERT INTO "patients" ("id", "age_at_diagnosis", "smoking_status", "created_at") VALUES
  ('48b06895-c112-4203-a25c-038194f93331', 32, 'never', '2025-05-10T21:54:47.864Z'),
  ('915100a0-39cc-417a-e43d-270e2e267af7', 72, 'never', '2025-10-08T03:33:51.555Z'),
  ('2cd8d1b3-329e-4ccc-ccc7-6a6211c07292', 18, 'never', '2025-08-24T07:19:30.311Z'),
  ('577d2c5f-804b-44ff-6b81-210fb8fb00df', 18, 'never', '2026-02-12T11:32:16.855Z'),
  ('15abb2c6-39dc-4a6b-1314-94812470919f', 43, 'never', '2025-04-26T12:15:35.358Z'),
  ('63b51414-ccbe-4839-ee1b-0ff755a2071a', 62, 'former', '2026-03-10T02:53:57.251Z'),
  ('7a84daa5-896d-42a0-d1cb-7d60409d3aff', 75, 'never', '2025-11-11T22:58:23.211Z'),
  ('15add07d-b4a4-49ba-7631-650da53c677c', 81, 'current', '2025-09-08T01:46:51.035Z');

-- diagnoses: 4 rows
INSERT INTO "diagnoses" ("id", "patient_id", "cancer_type", "date_of_diagnosis") VALUES
  ('3eb8f7b7-2d61-4b73-7717-de24f94c8faf', '15abb2c6-39dc-4a6b-1314-94812470919f', 'NSCLC', '2025-07-09T10:54:36.200Z'),
  ('e0bd0ea9-3a9f-4d12-038b-4edb6bc53bc6', '577d2c5f-804b-44ff-6b81-210fb8fb00df', 'NSCLC', '2026-03-25T01:48:46.091Z'),
  ('8264bf41-0f9f-4647-e969-3fc87ff6f4de', '7a84daa5-896d-42a0-d1cb-7d60409d3aff', 'Breast_IDC', '2026-01-21T06:44:29.076Z'),
  ('6f994f35-262e-49c2-2f60-d31f99837247', '7a84daa5-896d-42a0-d1cb-7d60409d3aff', 'NSCLC', '2025-06-17T18:26:04.970Z');

-- genomics: 4 rows
INSERT INTO "genomics" ("id", "diagnosis_id", "mutation", "created_at") VALUES
  ('8aee1a0a-19bd-425a-d0ca-77543c9b789f', '8264bf41-0f9f-4647-e969-3fc87ff6f4de', 'KRAS', '2026-02-15T07:12:19.171Z'),
  ('6233dde5-415c-49af-3bea-a46dacdfd32a', '3eb8f7b7-2d61-4b73-7717-de24f94c8faf', 'KRAS', '2026-01-05T22:12:28.777Z'),
  ('b7a034d4-7173-433e-aa11-d43cb9f9ca3d', '3eb8f7b7-2d61-4b73-7717-de24f94c8faf', 'WT', '2025-10-31T22:24:38.238Z'),
  ('9442fd0d-779e-482c-be77-6424ac44f5d5', '8264bf41-0f9f-4647-e969-3fc87ff6f4de', 'BRAF', '2025-08-16T10:11:59.698Z');

-- treatments: 4 rows
INSERT INTO "treatments" ("id", "patient_id", "line_of_therapy", "start_date") VALUES
  ('36123e43-33c9-4d12-a3c2-803d0d663a66', '15abb2c6-39dc-4a6b-1314-94812470919f', 1, '2026-02-28T10:01:49.100Z'),
  ('c6f1d903-c00e-4d4c-f7a9-68280a6a7cfc', '48b06895-c112-4203-a25c-038194f93331', 2, '2026-01-06T02:57:34.526Z'),
  ('2974b3c1-403d-48a6-0e16-1757a70913de', '2cd8d1b3-329e-4ccc-ccc7-6a6211c07292', 1, '2025-10-30T18:35:26.425Z'),
  ('f05a5212-4ea8-443a-f3c9-2a0e09fc7ff3', '2cd8d1b3-329e-4ccc-ccc7-6a6211c07292', 5, '2025-10-23T10:39:09.982Z');

-- treatment_cycles: 4 rows
INSERT INTO "treatment_cycles" ("id", "treatment_id", "cycle_number", "created_at") VALUES
  ('c466bc7e-9617-489a-fbce-18186d5fee80', 'c6f1d903-c00e-4d4c-f7a9-68280a6a7cfc', 336, '2025-08-04T02:36:12.952Z'),
  ('6f1962a4-cf3d-406e-0a66-1a8d265a4613', '36123e43-33c9-4d12-a3c2-803d0d663a66', 189, '2025-09-02T00:26:04.869Z'),
  ('682ae26a-734d-43d6-dad7-d1ea0b0b42bb', '2974b3c1-403d-48a6-0e16-1757a70913de', 509, '2026-03-31T20:12:20.961Z'),
  ('b6298389-4648-4119-7652-d8988b900814', 'f05a5212-4ea8-443a-f3c9-2a0e09fc7ff3', 866, '2025-05-31T09:54:24.690Z');

-- imaging_results: 4 rows
INSERT INTO "imaging_results" ("id", "patient_id", "recist_response", "created_at") VALUES
  ('042e9a03-9997-4b83-77d3-4029258ff250', '2cd8d1b3-329e-4ccc-ccc7-6a6211c07292', 'PR', '2025-12-12T14:42:27.963Z'),
  ('24febe2e-789d-48c6-9211-263beb40bab1', '15add07d-b4a4-49ba-7631-650da53c677c', 'SD', '2025-10-06T01:38:42.549Z'),
  ('6988487d-a5ac-4e35-de8a-97a0d43e198a', '577d2c5f-804b-44ff-6b81-210fb8fb00df', 'PD', '2025-07-19T15:08:52.038Z'),
  ('c3f24989-09d8-4594-fd73-d33e5f8a1367', '48b06895-c112-4203-a25c-038194f93331', 'SD', '2025-06-01T16:13:51.518Z');

-- lab_results: 4 rows
INSERT INTO "lab_results" ("id", "patient_id", "value", "created_at") VALUES
  ('206f7c3a-5296-45e1-3c8e-89a02542224c', '2cd8d1b3-329e-4ccc-ccc7-6a6211c07292', 980.06, '2025-12-25T12:10:31.756Z'),
  ('3eabd45e-f059-498a-3f10-edf631c9ef58', '48b06895-c112-4203-a25c-038194f93331', 550.27, '2025-12-12T20:25:09.736Z'),
  ('10c979af-4d19-4cad-37d0-e0ef93e10785', '15abb2c6-39dc-4a6b-1314-94812470919f', 37.27, '2025-10-06T04:41:27.834Z'),
  ('9a0f9a3f-7f10-4389-6670-1fa5e4c36046', '7a84daa5-896d-42a0-d1cb-7d60409d3aff', 519.79, '2025-09-07T15:50:20.697Z');

-- adverse_events: 4 rows
INSERT INTO "adverse_events" ("id", "treatment_id", "severity", "created_at") VALUES
  ('78a5dda9-600d-416a-3177-b75bd23253dd', '36123e43-33c9-4d12-a3c2-803d0d663a66', 'G4', '2025-06-25T16:32:14.376Z'),
  ('42182a56-9a58-42f6-52a7-a6957f7ccbfd', '2974b3c1-403d-48a6-0e16-1757a70913de', 'G5', '2025-10-21T08:13:01.749Z'),
  ('5eab590a-3380-4fe9-4fd6-3714440ead6a', 'f05a5212-4ea8-443a-f3c9-2a0e09fc7ff3', 'G4', '2025-05-25T21:37:09.788Z'),
  ('08df8a8f-45df-4c5b-f034-1117e1f4cb07', 'c6f1d903-c00e-4d4c-f7a9-68280a6a7cfc', 'G1', '2025-11-13T05:35:41.265Z');

-- progression_events: 4 rows
INSERT INTO "progression_events" ("id", "diagnosis_id", "created_at") VALUES
  ('429c243d-84c8-40ee-1459-44c8c2ca9114', 'e0bd0ea9-3a9f-4d12-038b-4edb6bc53bc6', '2025-04-25T16:10:56.320Z'),
  ('fd6baca1-9910-484b-cd4f-0cb6816bf5a0', '3eb8f7b7-2d61-4b73-7717-de24f94c8faf', '2025-11-07T22:07:00.667Z'),
  ('e9fcfd6a-24b1-417e-8281-7b1d0a93b65f', '3eb8f7b7-2d61-4b73-7717-de24f94c8faf', '2026-01-05T18:24:38.553Z'),
  ('d605c055-605e-4b04-d68c-50794a1cd296', 'e0bd0ea9-3a9f-4d12-038b-4edb6bc53bc6', '2025-10-31T05:30:17.990Z');

-- outcomes: 4 rows
INSERT INTO "outcomes" ("id", "patient_id", "created_at") VALUES
  ('c566472c-1f82-402f-621a-6f821cc3ea41', '577d2c5f-804b-44ff-6b81-210fb8fb00df', '2025-08-04T23:58:35.793Z'),
  ('b9902589-9b5c-4483-3407-060035a54ea1', '2cd8d1b3-329e-4ccc-ccc7-6a6211c07292', '2026-03-30T18:12:56.960Z'),
  ('6233a2f3-1c43-49dd-2d21-9298cba1f80c', '577d2c5f-804b-44ff-6b81-210fb8fb00df', '2026-04-08T02:34:26.092Z'),
  ('43f405e3-bb4b-4d92-5360-48cd0f884ea3', '915100a0-39cc-417a-e43d-270e2e267af7', '2025-07-15T00:21:10.565Z');

-- biomarkers: 4 rows
INSERT INTO "biomarkers" ("id", "diagnosis_id", "marker", "created_at") VALUES
  ('b76492d7-9edc-4296-caca-9bea7e29381d', '6f994f35-262e-49c2-2f60-d31f99837247', 'ALK', '2025-08-10T15:45:41.491Z'),
  ('3d69037a-b6cd-4ac8-62a3-8ba6b4f59a3b', 'e0bd0ea9-3a9f-4d12-038b-4edb6bc53bc6', 'PD-L1', '2026-03-15T19:03:48.938Z'),
  ('808064a0-f48f-435a-e5b0-1fa3d46e7b97', '3eb8f7b7-2d61-4b73-7717-de24f94c8faf', 'ALK', '2026-03-22T00:26:29.789Z'),
  ('3ef3eee6-87f4-4547-2fa4-809b4d6796d9', '8264bf41-0f9f-4647-e969-3fc87ff6f4de', 'HER2', '2026-03-31T20:16:31.115Z');

-- vital_signs: 4 rows
INSERT INTO "vital_signs" ("id", "patient_id", "created_at") VALUES
  ('a88fc406-1a5e-4a8f-1612-23fa0f7d9a9a', '15add07d-b4a4-49ba-7631-650da53c677c', '2026-04-03T20:35:10.886Z'),
  ('d2dd9625-2c8b-4df7-d086-2e4b9ae363e8', '15add07d-b4a4-49ba-7631-650da53c677c', '2026-01-25T17:51:20.638Z'),
  ('006034d8-bab9-4432-b680-a0142ba387b6', '7a84daa5-896d-42a0-d1cb-7d60409d3aff', '2026-02-05T21:50:46.662Z'),
  ('660cfc3a-b8af-421a-ad4a-6ca611fa8254', '15add07d-b4a4-49ba-7631-650da53c677c', '2025-12-28T04:05:02.393Z');

-- concomitant_medications: 4 rows
INSERT INTO "concomitant_medications" ("id", "patient_id", "med_name", "created_at") VALUES
  ('b799973d-7070-42d4-bcb6-cb6613a41cc9', '577d2c5f-804b-44ff-6b81-210fb8fb00df', 'Maple Street Diner', '2025-08-19T17:34:42.172Z'),
  ('e455299a-f6f1-4b59-1ede-d5852cbc1aa0', '48b06895-c112-4203-a25c-038194f93331', 'Red Pepper Thai', '2025-07-02T17:01:26.613Z'),
  ('2ca3de55-03c7-4329-ed23-b2ded5988b29', '915100a0-39cc-417a-e43d-270e2e267af7', 'Blue Ocean Sushi', '2025-11-13T10:34:33.507Z'),
  ('534a73bc-fa78-4f80-341d-630ebddcf37b', '577d2c5f-804b-44ff-6b81-210fb8fb00df', 'The Local Table', '2025-10-11T15:54:58.279Z');

-- sites: 8 rows
INSERT INTO "sites" ("id", "site_name", "created_at") VALUES
  ('f200ce9d-e537-4ba6-35b4-354f8a7dd93b', 'Firebird Pizza', '2025-11-22T20:35:34.297Z'),
  ('ca11a886-7638-46ff-658c-241ff7bf3461', 'Corner Deli', '2025-12-06T08:45:06.116Z'),
  ('483c1865-9f6a-46b7-53b8-e36e43172c09', 'Cloud Nine Cafe', '2026-03-01T03:17:35.954Z'),
  ('984f8579-a1ee-46f4-b728-dceaf4fd1703', 'The Brass Tap', '2026-01-05T01:53:21.106Z'),
  ('3207340d-329e-43ab-19be-feb4de130a19', 'Cloud Nine Cafe', '2025-10-21T07:08:10.524Z'),
  ('aa7c091e-87eb-46d3-c050-d2685beb8b88', 'Fresh & Co', '2025-12-11T19:00:49.004Z'),
  ('efe6f9ab-d757-4d0d-7513-ad4ca0aeb37f', 'Oak & Vine', '2025-07-16T13:52:49.884Z'),
  ('9a2be1c3-61d2-43e4-e40b-66696a83f323', 'Sage & Thyme', '2025-06-03T14:11:10.170Z');

-- clinical_trials: 8 rows
INSERT INTO "clinical_trials" ("id", "trial_name", "created_at") VALUES
  ('fd62ce41-4472-42c9-3928-5b1308da1db8', 'Harbor Grill', '2026-03-02T16:49:27.428Z'),
  ('a692aaaa-fef6-4824-b7ba-68fd2d806c86', 'Sage & Thyme', '2025-07-13T22:13:32.455Z'),
  ('da7d8095-d64f-49f5-61c8-4b376182f145', 'The Rustic Fork', '2026-01-30T11:59:09.022Z'),
  ('f618e0fd-7630-4e22-f9dd-9cad0ef6fc2c', 'Mountain View Cafe', '2025-06-01T15:48:55.457Z'),
  ('ab0de949-55d9-4d03-6a9c-c4fad4673715', 'Luna Restaurant', '2025-10-25T05:51:08.105Z'),
  ('e7910b70-3dcc-4c37-3eb9-6d9ba4bb5c84', 'Stone Oven Bakery', '2025-12-16T12:25:57.920Z'),
  ('059d51ce-3c0e-4f8e-3990-fc38e8919837', 'Firebird Pizza', '2026-03-11T00:18:00.343Z'),
  ('d39f71a8-5ec3-4df2-db35-01df5db854bd', 'Golden Plate', '2025-08-01T05:57:19.557Z');

-- enrollments: 4 rows
INSERT INTO "enrollments" ("id", "patient_id", "trial_id", "site_id", "created_at") VALUES
  ('7414766d-89bd-49a9-f211-a7c08c8f4108', '2cd8d1b3-329e-4ccc-ccc7-6a6211c07292', 'd39f71a8-5ec3-4df2-db35-01df5db854bd', '3207340d-329e-43ab-19be-feb4de130a19', '2025-11-30T10:58:50.871Z'),
  ('3ba13ba6-c95d-491e-67c3-ab5daa17d819', '2cd8d1b3-329e-4ccc-ccc7-6a6211c07292', 'ab0de949-55d9-4d03-6a9c-c4fad4673715', '9a2be1c3-61d2-43e4-e40b-66696a83f323', '2025-08-02T05:46:48.712Z'),
  ('a9a43ad8-20e8-4479-ada8-0772565682bb', '577d2c5f-804b-44ff-6b81-210fb8fb00df', 'ab0de949-55d9-4d03-6a9c-c4fad4673715', '483c1865-9f6a-46b7-53b8-e36e43172c09', '2025-09-12T01:34:23.983Z'),
  ('6bb9872a-a954-465c-9d7b-ad8f5a3bc684', '7a84daa5-896d-42a0-d1cb-7d60409d3aff', '059d51ce-3c0e-4f8e-3990-fc38e8919837', 'efe6f9ab-d757-4d0d-7513-ad4ca0aeb37f', '2025-07-26T15:52:13.881Z');

-- consent_records: 4 rows
INSERT INTO "consent_records" ("id", "enrollment_id", "created_at") VALUES
  ('d382febb-d609-4c5b-1af1-13ac2b0bda0b', '6bb9872a-a954-465c-9d7b-ad8f5a3bc684', '2026-04-06T00:59:50.911Z'),
  ('70192cee-3eda-4d1b-991e-d0939e4ec62a', '7414766d-89bd-49a9-f211-a7c08c8f4108', '2025-11-02T09:59:51.293Z'),
  ('81ebfac6-7cb9-4503-d788-03db8b677673', '7414766d-89bd-49a9-f211-a7c08c8f4108', '2026-02-02T16:58:32.472Z'),
  ('dabd6656-d5e7-4492-67b0-57e46987f712', '3ba13ba6-c95d-491e-67c3-ab5daa17d819', '2025-12-30T09:36:35.974Z');

-- regulatory_submissions: 4 rows
INSERT INTO "regulatory_submissions" ("id", "trial_id", "created_at") VALUES
  ('79760ffa-8ac3-4353-dde9-09bae38a817c', 'e7910b70-3dcc-4c37-3eb9-6d9ba4bb5c84', '2026-02-11T11:30:07.406Z'),
  ('2db31456-0db1-4d63-56a5-611feb721e0b', 'd39f71a8-5ec3-4df2-db35-01df5db854bd', '2025-11-07T20:16:30.171Z'),
  ('5543af86-8074-4de3-fc05-2ed325ddaac2', 'a692aaaa-fef6-4824-b7ba-68fd2d806c86', '2026-02-05T05:27:06.150Z'),
  ('129bab01-a49f-4ce5-f807-423e775bef86', 'd39f71a8-5ec3-4df2-db35-01df5db854bd', '2025-09-19T02:48:34.583Z');

-- audit_logs: 8 rows
INSERT INTO "audit_logs" ("id", "action", "created_at") VALUES
  ('abea1a84-035c-4c73-a95d-3b18dabd9b78', 'DELETE', '2025-06-12T21:11:11.220Z'),
  ('1ed73e17-c71a-449d-8985-a8f7881c51dd', 'UPDATE', '2025-10-24T22:05:09.452Z'),
  ('911182b8-67c8-4d88-b639-27172017e41d', 'DELETE', '2025-05-17T22:00:34.723Z'),
  ('7d5cf682-d01a-4944-62d4-9a1dcc25d9e3', 'DELETE', '2026-03-15T23:35:04.065Z'),
  ('d2ece9f4-4a5e-49b2-6ff9-c0af1d0e401e', 'INSERT', '2026-01-21T10:39:48.730Z'),
  ('90a49803-0145-4146-adf6-50f607236b1d', 'UPDATE', '2025-07-30T15:28:19.966Z'),
  ('6a683ac2-5510-45c4-5536-5090ef01e3f2', 'INSERT', '2026-03-23T17:45:36.749Z'),
  ('25a8b127-b3f6-4e64-4d46-ea69d91bd939', 'INSERT', '2025-07-12T02:31:21.573Z');

-- site_monitoring: 4 rows
INSERT INTO "site_monitoring" ("id", "site_id", "created_at") VALUES
  ('13b85316-663e-4824-b1bc-3c8c97a2abb8', 'aa7c091e-87eb-46d3-c050-d2685beb8b88', '2026-03-05T06:20:37.938Z'),
  ('8bc4247a-040c-410e-b819-8ebc7bd68427', 'aa7c091e-87eb-46d3-c050-d2685beb8b88', '2025-05-15T16:28:36.464Z'),
  ('13692ad0-2eab-494f-b719-f8bb9f3ec567', '9a2be1c3-61d2-43e4-e40b-66696a83f323', '2025-04-19T10:22:20.936Z'),
  ('28e8627d-ef87-4d5e-dca2-5f4ecb3ab4e2', 'f200ce9d-e537-4ba6-35b4-354f8a7dd93b', '2025-12-06T10:52:56.791Z');
