-- ═══════════════════════════════════════════════════════════════
-- Generated by RealityDB
-- Template: education
-- Seed: 42
-- Generated at: 2026-03-22T04:09:40.870Z
-- ═══════════════════════════════════════════════════════════════

-- ─── SCHEMA ─────────────────────────────────────────────────────

CREATE TABLE "accounts" (
  "id" UUID NOT NULL DEFAULT gen_random_uuid(),
  "account_number" VARCHAR(20) NOT NULL,
  "account_type" VARCHAR(50) NOT NULL,
  "owner_name" VARCHAR(255) NOT NULL,
  "email" VARCHAR(255) NOT NULL,
  "phone" VARCHAR(50),
  "balance_cents" BIGINT NOT NULL DEFAULT 0,
  "currency" VARCHAR(3) NOT NULL DEFAULT 'USD'::character varying,
  "status" VARCHAR(50) NOT NULL DEFAULT 'active'::character varying,
  "routing_number" VARCHAR(20),
  "opened_at" TIMESTAMP WITHOUT TIME ZONE NOT NULL DEFAULT now(),
  "closed_at" TIMESTAMP WITHOUT TIME ZONE,
  PRIMARY KEY ("id")
);

CREATE TABLE "teachers" (
  "id" UUID NOT NULL DEFAULT gen_random_uuid(),
  "email" VARCHAR(255) NOT NULL,
  "first_name" VARCHAR(100) NOT NULL,
  "last_name" VARCHAR(100) NOT NULL,
  "phone" VARCHAR(50),
  "department" VARCHAR(100),
  "hire_date" TIMESTAMP WITHOUT TIME ZONE NOT NULL DEFAULT now(),
  PRIMARY KEY ("id")
);

CREATE TABLE "classes" (
  "id" UUID NOT NULL DEFAULT gen_random_uuid(),
  "name" VARCHAR(255) NOT NULL,
  "subject" VARCHAR(100) NOT NULL,
  "teacher_id" UUID NOT NULL,
  "room_number" VARCHAR(20),
  "period" INTEGER NOT NULL,
  "school_year" VARCHAR(20) NOT NULL DEFAULT '2024-2025'::character varying,
  PRIMARY KEY ("id"),
  FOREIGN KEY ("teacher_id") REFERENCES "teachers" ("id")
);

CREATE TABLE "students" (
  "id" UUID NOT NULL DEFAULT gen_random_uuid(),
  "email" VARCHAR(255) NOT NULL,
  "first_name" VARCHAR(100) NOT NULL,
  "last_name" VARCHAR(100) NOT NULL,
  "grade_level" INTEGER NOT NULL,
  "date_of_birth" DATE,
  "gender" VARCHAR(20),
  "enrolled_at" TIMESTAMP WITHOUT TIME ZONE NOT NULL DEFAULT now(),
  PRIMARY KEY ("id")
);

CREATE TABLE "attendance" (
  "id" UUID NOT NULL DEFAULT gen_random_uuid(),
  "student_id" UUID NOT NULL,
  "class_id" UUID NOT NULL,
  "date" DATE NOT NULL,
  "status" VARCHAR(20) NOT NULL DEFAULT 'present'::character varying,
  PRIMARY KEY ("id"),
  FOREIGN KEY ("class_id") REFERENCES "classes" ("id"),
  FOREIGN KEY ("student_id") REFERENCES "students" ("id")
);

CREATE TABLE "cards" (
  "id" UUID NOT NULL DEFAULT gen_random_uuid(),
  "account_id" UUID,
  "card_number_last_four" VARCHAR(4),
  "card_type" VARCHAR(20),
  "status" VARCHAR(20),
  "daily_limit_cents" INTEGER,
  "expires_at" DATE,
  "created_at" TIMESTAMP WITH TIME ZONE NOT NULL DEFAULT now(),
  PRIMARY KEY ("id"),
  FOREIGN KEY ("account_id") REFERENCES "accounts" ("id")
);

CREATE TABLE "authorizations" (
  "id" UUID NOT NULL DEFAULT gen_random_uuid(),
  "card_id" UUID,
  "merchant_name" VARCHAR(255),
  "amount_cents" INTEGER,
  "status" VARCHAR(20),
  "decline_reason" VARCHAR(100),
  "authorized_at" TIMESTAMP WITH TIME ZONE,
  "created_at" TIMESTAMP WITH TIME ZONE NOT NULL DEFAULT now(),
  PRIMARY KEY ("id"),
  FOREIGN KEY ("card_id") REFERENCES "cards" ("id")
);

CREATE TABLE "patients" (
  "id" UUID NOT NULL DEFAULT gen_random_uuid(),
  "mrn" VARCHAR(20) NOT NULL,
  "first_name" VARCHAR(100) NOT NULL,
  "last_name" VARCHAR(100) NOT NULL,
  "date_of_birth" DATE NOT NULL,
  "gender" VARCHAR(20) NOT NULL,
  "blood_type" VARCHAR(5),
  "email" VARCHAR(255),
  "phone" VARCHAR(50),
  "insurance_provider" VARCHAR(255),
  "registered_at" TIMESTAMP WITHOUT TIME ZONE NOT NULL DEFAULT now(),
  PRIMARY KEY ("id")
);

CREATE TABLE "providers" (
  "id" UUID NOT NULL DEFAULT gen_random_uuid(),
  "npi" VARCHAR(20) NOT NULL,
  "first_name" VARCHAR(100) NOT NULL,
  "last_name" VARCHAR(100) NOT NULL,
  "specialty" VARCHAR(100) NOT NULL,
  "department" VARCHAR(100),
  "email" VARCHAR(255) NOT NULL,
  "active" BOOLEAN NOT NULL DEFAULT true,
  PRIMARY KEY ("id")
);

CREATE TABLE "encounters" (
  "id" UUID NOT NULL DEFAULT gen_random_uuid(),
  "patient_id" UUID NOT NULL,
  "provider_id" UUID NOT NULL,
  "encounter_type" VARCHAR(50) NOT NULL,
  "status" VARCHAR(50) NOT NULL DEFAULT 'scheduled'::character varying,
  "chief_complaint" TEXT,
  "notes" TEXT,
  "scheduled_at" TIMESTAMP WITHOUT TIME ZONE NOT NULL DEFAULT now(),
  "checked_in_at" TIMESTAMP WITHOUT TIME ZONE,
  "discharged_at" TIMESTAMP WITHOUT TIME ZONE,
  PRIMARY KEY ("id"),
  FOREIGN KEY ("patient_id") REFERENCES "patients" ("id"),
  FOREIGN KEY ("provider_id") REFERENCES "providers" ("id")
);

CREATE TABLE "billing" (
  "id" UUID NOT NULL DEFAULT gen_random_uuid(),
  "encounter_id" UUID NOT NULL,
  "cpt_code" VARCHAR(20) NOT NULL,
  "description" VARCHAR(255) NOT NULL,
  "amount_cents" INTEGER NOT NULL,
  "insurance_covered_cents" INTEGER NOT NULL DEFAULT 0,
  "patient_responsibility_cents" INTEGER NOT NULL DEFAULT 0,
  "status" VARCHAR(50) NOT NULL DEFAULT 'pending'::character varying,
  "billed_at" TIMESTAMP WITHOUT TIME ZONE NOT NULL DEFAULT now(),
  "paid_at" TIMESTAMP WITHOUT TIME ZONE,
  PRIMARY KEY ("id"),
  FOREIGN KEY ("encounter_id") REFERENCES "encounters" ("id")
);

CREATE TABLE "customers" (
  "id" UUID NOT NULL DEFAULT gen_random_uuid(),
  "email" VARCHAR(255) NOT NULL,
  "first_name" VARCHAR(100) NOT NULL,
  "last_name" VARCHAR(100) NOT NULL,
  "phone" VARCHAR(50),
  "city" VARCHAR(100),
  "country" VARCHAR(100) NOT NULL DEFAULT 'US'::character varying,
  "lifetime_value_cents" INTEGER NOT NULL DEFAULT 0,
  "created_at" TIMESTAMP WITHOUT TIME ZONE NOT NULL DEFAULT now(),
  PRIMARY KEY ("id")
);

CREATE TABLE "categories" (
  "id" UUID NOT NULL DEFAULT gen_random_uuid(),
  "name" VARCHAR(100) NOT NULL,
  "slug" VARCHAR(100) NOT NULL,
  "parent_id" UUID,
  PRIMARY KEY ("id"),
  FOREIGN KEY ("parent_id") REFERENCES "categories" ("id")
);

CREATE TABLE "products" (
  "id" UUID NOT NULL DEFAULT gen_random_uuid(),
  "name" VARCHAR(255) NOT NULL,
  "description" TEXT,
  "category_id" UUID,
  "price_cents" INTEGER NOT NULL,
  "compare_at_price_cents" INTEGER,
  "brand" VARCHAR(100),
  "sku" VARCHAR(50) NOT NULL,
  "rating" NUMERIC DEFAULT 0,
  "review_count" INTEGER DEFAULT 0,
  "in_stock" BOOLEAN NOT NULL DEFAULT true,
  "created_at" TIMESTAMP WITHOUT TIME ZONE NOT NULL DEFAULT now(),
  PRIMARY KEY ("id"),
  FOREIGN KEY ("category_id") REFERENCES "categories" ("id")
);

CREATE TABLE "organizations" (
  "id" UUID NOT NULL DEFAULT gen_random_uuid(),
  "name" VARCHAR(255) NOT NULL,
  "slug" VARCHAR(100) NOT NULL,
  "industry" VARCHAR(100),
  "employee_count" INTEGER,
  "created_at" TIMESTAMP WITHOUT TIME ZONE NOT NULL DEFAULT now(),
  PRIMARY KEY ("id")
);

CREATE TABLE "users" (
  "id" UUID NOT NULL DEFAULT gen_random_uuid(),
  "org_id" UUID,
  "email" VARCHAR(255) NOT NULL,
  "full_name" VARCHAR(255) NOT NULL,
  "role" VARCHAR(50) NOT NULL DEFAULT 'member'::character varying,
  "status" VARCHAR(50) NOT NULL DEFAULT 'active'::character varying,
  "last_login_at" TIMESTAMP WITHOUT TIME ZONE,
  "created_at" TIMESTAMP WITHOUT TIME ZONE NOT NULL DEFAULT now(),
  PRIMARY KEY ("id"),
  FOREIGN KEY ("org_id") REFERENCES "organizations" ("id")
);

CREATE TABLE "sessions" (
  "id" UUID NOT NULL,
  "user_id" UUID,
  "started_at" TIMESTAMP WITH TIME ZONE,
  "ended_at" TIMESTAMP WITH TIME ZONE,
  "duration_seconds" INTEGER,
  "ip_address" VARCHAR(255),
  "user_agent" VARCHAR(255),
  "country" VARCHAR(10),
  "created_at" TIMESTAMP WITH TIME ZONE,
  PRIMARY KEY ("id"),
  FOREIGN KEY ("user_id") REFERENCES "users" ("id")
);

CREATE TABLE "cart_items" (
  "id" UUID NOT NULL DEFAULT gen_random_uuid(),
  "session_id" UUID,
  "customer_id" UUID,
  "product_id" UUID,
  "quantity" INTEGER DEFAULT 1,
  "price_cents" INTEGER,
  "added_at" TIMESTAMP WITH TIME ZONE NOT NULL,
  "converted" BOOLEAN DEFAULT false,
  "created_at" TIMESTAMP WITH TIME ZONE NOT NULL DEFAULT now(),
  PRIMARY KEY ("id"),
  FOREIGN KEY ("customer_id") REFERENCES "customers" ("id"),
  FOREIGN KEY ("product_id") REFERENCES "products" ("id"),
  FOREIGN KEY ("session_id") REFERENCES "sessions" ("id")
);

CREATE TABLE "transactions" (
  "id" UUID NOT NULL DEFAULT gen_random_uuid(),
  "account_id" UUID NOT NULL,
  "transaction_type" VARCHAR(50) NOT NULL,
  "amount_cents" BIGINT NOT NULL,
  "fee_cents" INTEGER NOT NULL DEFAULT 0,
  "currency" VARCHAR(3) NOT NULL DEFAULT 'USD'::character varying,
  "description" VARCHAR(255),
  "counterparty_name" VARCHAR(255),
  "category" VARCHAR(100),
  "status" VARCHAR(50) NOT NULL DEFAULT 'completed'::character varying,
  "reference_id" VARCHAR(100),
  "created_at" TIMESTAMP WITHOUT TIME ZONE NOT NULL DEFAULT now(),
  PRIMARY KEY ("id"),
  FOREIGN KEY ("account_id") REFERENCES "accounts" ("id")
);

CREATE TABLE "chargebacks" (
  "id" UUID NOT NULL DEFAULT gen_random_uuid(),
  "transaction_id" UUID NOT NULL,
  "reason" VARCHAR(255) NOT NULL,
  "amount_cents" BIGINT NOT NULL,
  "status" VARCHAR(50) NOT NULL DEFAULT 'open'::character varying,
  "filed_at" TIMESTAMP WITHOUT TIME ZONE NOT NULL DEFAULT now(),
  "resolved_at" TIMESTAMP WITHOUT TIME ZONE,
  PRIMARY KEY ("id"),
  FOREIGN KEY ("transaction_id") REFERENCES "transactions" ("id")
);

CREATE TABLE "insurance_claims" (
  "id" UUID NOT NULL DEFAULT gen_random_uuid(),
  "encounter_id" UUID,
  "patient_id" UUID,
  "total_charges_cents" INTEGER,
  "allowed_amount_cents" INTEGER,
  "patient_responsibility_cents" INTEGER,
  "status" VARCHAR(20),
  "submitted_at" TIMESTAMP WITH TIME ZONE,
  "paid_at" TIMESTAMP WITH TIME ZONE,
  "created_at" TIMESTAMP WITH TIME ZONE NOT NULL DEFAULT now(),
  PRIMARY KEY ("id"),
  FOREIGN KEY ("encounter_id") REFERENCES "encounters" ("id"),
  FOREIGN KEY ("patient_id") REFERENCES "patients" ("id")
);

CREATE TABLE "claim_payments" (
  "id" UUID NOT NULL DEFAULT gen_random_uuid(),
  "claim_id" UUID,
  "amount_cents" INTEGER,
  "payment_method" VARCHAR(50),
  "status" VARCHAR(20),
  "paid_at" TIMESTAMP WITH TIME ZONE,
  "created_at" TIMESTAMP WITH TIME ZONE NOT NULL DEFAULT now(),
  PRIMARY KEY ("id"),
  FOREIGN KEY ("claim_id") REFERENCES "insurance_claims" ("id")
);

CREATE TABLE "compliance_checks" (
  "id" UUID NOT NULL DEFAULT gen_random_uuid(),
  "account_id" UUID,
  "check_type" VARCHAR(50),
  "result" VARCHAR(20),
  "notes" TEXT,
  "performed_at" TIMESTAMP WITH TIME ZONE,
  "created_at" TIMESTAMP WITH TIME ZONE NOT NULL DEFAULT now(),
  PRIMARY KEY ("id"),
  FOREIGN KEY ("account_id") REFERENCES "accounts" ("id")
);

CREATE TABLE "diagnoses" (
  "id" UUID NOT NULL DEFAULT gen_random_uuid(),
  "encounter_id" UUID NOT NULL,
  "icd_code" VARCHAR(20) NOT NULL,
  "description" VARCHAR(255) NOT NULL,
  "diagnosis_type" VARCHAR(50) NOT NULL DEFAULT 'primary'::character varying,
  "diagnosed_at" TIMESTAMP WITHOUT TIME ZONE NOT NULL DEFAULT now(),
  PRIMARY KEY ("id"),
  FOREIGN KEY ("encounter_id") REFERENCES "encounters" ("id")
);

CREATE TABLE "plans" (
  "id" UUID NOT NULL DEFAULT gen_random_uuid(),
  "name" VARCHAR(100) NOT NULL,
  "tier" VARCHAR(50) NOT NULL DEFAULT 'starter'::character varying,
  "price_cents" INTEGER NOT NULL,
  "interval" VARCHAR(20) NOT NULL DEFAULT 'monthly'::character varying,
  "trial_days" INTEGER NOT NULL DEFAULT 14,
  "is_active" BOOLEAN NOT NULL DEFAULT true,
  PRIMARY KEY ("id")
);

CREATE TABLE "subscriptions" (
  "id" UUID NOT NULL DEFAULT gen_random_uuid(),
  "org_id" UUID NOT NULL,
  "plan_id" UUID NOT NULL,
  "status" VARCHAR(50) NOT NULL DEFAULT 'active'::character varying,
  "trial_ends_at" TIMESTAMP WITHOUT TIME ZONE,
  "current_period_start" TIMESTAMP WITHOUT TIME ZONE,
  "current_period_end" TIMESTAMP WITHOUT TIME ZONE,
  "started_at" TIMESTAMP WITHOUT TIME ZONE NOT NULL DEFAULT now(),
  "canceled_at" TIMESTAMP WITHOUT TIME ZONE,
  PRIMARY KEY ("id"),
  FOREIGN KEY ("org_id") REFERENCES "organizations" ("id"),
  FOREIGN KEY ("plan_id") REFERENCES "plans" ("id")
);

CREATE TABLE "invoices" (
  "id" UUID NOT NULL DEFAULT gen_random_uuid(),
  "subscription_id" UUID NOT NULL,
  "amount_cents" INTEGER NOT NULL,
  "currency" VARCHAR(3) NOT NULL DEFAULT 'USD'::character varying,
  "status" VARCHAR(50) NOT NULL DEFAULT 'paid'::character varying,
  "due_date" TIMESTAMP WITHOUT TIME ZONE NOT NULL,
  "paid_at" TIMESTAMP WITHOUT TIME ZONE,
  "created_at" TIMESTAMP WITHOUT TIME ZONE NOT NULL DEFAULT now(),
  PRIMARY KEY ("id"),
  FOREIGN KEY ("subscription_id") REFERENCES "subscriptions" ("id")
);

CREATE TABLE "payments" (
  "id" UUID NOT NULL DEFAULT gen_random_uuid(),
  "invoice_id" UUID NOT NULL,
  "amount_cents" INTEGER NOT NULL,
  "currency" VARCHAR(3) NOT NULL DEFAULT 'USD'::character varying,
  "payment_method" VARCHAR(50) NOT NULL DEFAULT 'card'::character varying,
  "status" VARCHAR(50) NOT NULL DEFAULT 'succeeded'::character varying,
  "failure_reason" VARCHAR(255),
  "paid_at" TIMESTAMP WITHOUT TIME ZONE NOT NULL DEFAULT now(),
  PRIMARY KEY ("id"),
  FOREIGN KEY ("invoice_id") REFERENCES "invoices" ("id")
);

CREATE TABLE "orders" (
  "id" UUID NOT NULL DEFAULT gen_random_uuid(),
  "customer_id" UUID NOT NULL,
  "status" VARCHAR(50) NOT NULL DEFAULT 'pending'::character varying,
  "total_cents" INTEGER NOT NULL,
  "discount_cents" INTEGER NOT NULL DEFAULT 0,
  "currency" VARCHAR(3) NOT NULL DEFAULT 'USD'::character varying,
  "ordered_at" TIMESTAMP WITHOUT TIME ZONE NOT NULL DEFAULT now(),
  "shipped_at" TIMESTAMP WITHOUT TIME ZONE,
  "delivered_at" TIMESTAMP WITHOUT TIME ZONE,
  PRIMARY KEY ("id"),
  FOREIGN KEY ("customer_id") REFERENCES "customers" ("id")
);

CREATE TABLE "refunds" (
  "id" UUID NOT NULL DEFAULT gen_random_uuid(),
  "payment_id" UUID,
  "order_id" UUID,
  "amount_cents" INTEGER NOT NULL,
  "reason" VARCHAR(100),
  "status" VARCHAR(20),
  "processed_at" TIMESTAMP WITH TIME ZONE,
  "created_at" TIMESTAMP WITH TIME ZONE NOT NULL DEFAULT now(),
  PRIMARY KEY ("id"),
  FOREIGN KEY ("order_id") REFERENCES "orders" ("id"),
  FOREIGN KEY ("payment_id") REFERENCES "payments" ("id")
);

CREATE TABLE "disputes" (
  "id" UUID NOT NULL DEFAULT gen_random_uuid(),
  "refund_id" UUID,
  "payment_id" UUID,
  "reason" VARCHAR(100),
  "status" VARCHAR(20),
  "amount_cents" INTEGER,
  "evidence_submitted" BOOLEAN DEFAULT false,
  "resolved_at" TIMESTAMP WITH TIME ZONE,
  "created_at" TIMESTAMP WITH TIME ZONE NOT NULL DEFAULT now(),
  PRIMARY KEY ("id"),
  FOREIGN KEY ("payment_id") REFERENCES "payments" ("id"),
  FOREIGN KEY ("refund_id") REFERENCES "refunds" ("id")
);

CREATE TABLE "enrollments" (
  "id" UUID NOT NULL DEFAULT gen_random_uuid(),
  "student_id" UUID NOT NULL,
  "class_id" UUID NOT NULL,
  "enrolled_at" TIMESTAMP WITHOUT TIME ZONE NOT NULL DEFAULT now(),
  "status" VARCHAR(50) NOT NULL DEFAULT 'active'::character varying,
  PRIMARY KEY ("id"),
  FOREIGN KEY ("class_id") REFERENCES "classes" ("id"),
  FOREIGN KEY ("student_id") REFERENCES "students" ("id")
);

CREATE TABLE "events" (
  "id" UUID NOT NULL,
  "session_id" UUID,
  "user_id" UUID,
  "event_type" VARCHAR(50),
  "event_name" VARCHAR(255),
  "created_at" TIMESTAMP WITH TIME ZONE,
  PRIMARY KEY ("id"),
  FOREIGN KEY ("session_id") REFERENCES "sessions" ("id"),
  FOREIGN KEY ("user_id") REFERENCES "users" ("id")
);

CREATE TABLE "features" (
  "id" UUID NOT NULL,
  "name" VARCHAR(255),
  "category" VARCHAR(50),
  "created_at" TIMESTAMP WITH TIME ZONE,
  PRIMARY KEY ("id")
);

CREATE TABLE "fraud_alerts" (
  "id" UUID NOT NULL DEFAULT gen_random_uuid(),
  "transaction_id" UUID NOT NULL,
  "alert_type" VARCHAR(100) NOT NULL,
  "severity" VARCHAR(20) NOT NULL DEFAULT 'medium'::character varying,
  "status" VARCHAR(50) NOT NULL DEFAULT 'open'::character varying,
  "description" TEXT,
  "created_at" TIMESTAMP WITHOUT TIME ZONE NOT NULL DEFAULT now(),
  "resolved_at" TIMESTAMP WITHOUT TIME ZONE,
  PRIMARY KEY ("id"),
  FOREIGN KEY ("transaction_id") REFERENCES "transactions" ("id")
);

CREATE TABLE "fraud_investigations" (
  "id" UUID NOT NULL DEFAULT gen_random_uuid(),
  "fraud_alert_id" UUID,
  "investigator_notes" TEXT,
  "outcome" VARCHAR(50),
  "amount_recovered_cents" INTEGER,
  "closed_at" TIMESTAMP WITH TIME ZONE,
  "created_at" TIMESTAMP WITH TIME ZONE NOT NULL DEFAULT now(),
  PRIMARY KEY ("id"),
  FOREIGN KEY ("fraud_alert_id") REFERENCES "fraud_alerts" ("id")
);

CREATE TABLE "grades" (
  "id" UUID NOT NULL DEFAULT gen_random_uuid(),
  "enrollment_id" UUID NOT NULL,
  "assignment_name" VARCHAR(255) NOT NULL,
  "assignment_type" VARCHAR(50) NOT NULL DEFAULT 'homework'::character varying,
  "score" NUMERIC NOT NULL,
  "max_score" NUMERIC NOT NULL DEFAULT 100,
  "graded_at" TIMESTAMP WITHOUT TIME ZONE NOT NULL DEFAULT now(),
  PRIMARY KEY ("id"),
  FOREIGN KEY ("enrollment_id") REFERENCES "enrollments" ("id")
);

CREATE TABLE "lab_orders" (
  "id" UUID NOT NULL DEFAULT gen_random_uuid(),
  "encounter_id" UUID,
  "patient_id" UUID,
  "provider_id" UUID,
  "test_name" VARCHAR(255),
  "priority" VARCHAR(20),
  "status" VARCHAR(20),
  "ordered_at" TIMESTAMP WITH TIME ZONE,
  "resulted_at" TIMESTAMP WITH TIME ZONE,
  "created_at" TIMESTAMP WITH TIME ZONE NOT NULL DEFAULT now(),
  PRIMARY KEY ("id"),
  FOREIGN KEY ("encounter_id") REFERENCES "encounters" ("id"),
  FOREIGN KEY ("patient_id") REFERENCES "patients" ("id"),
  FOREIGN KEY ("provider_id") REFERENCES "providers" ("id")
);

CREATE TABLE "lab_results" (
  "id" UUID NOT NULL DEFAULT gen_random_uuid(),
  "lab_order_id" UUID,
  "component" VARCHAR(100),
  "value" NUMERIC,
  "unit" VARCHAR(50),
  "reference_range" VARCHAR(50),
  "abnormal_flag" VARCHAR(20),
  "resulted_at" TIMESTAMP WITH TIME ZONE,
  "created_at" TIMESTAMP WITH TIME ZONE NOT NULL DEFAULT now(),
  PRIMARY KEY ("id"),
  FOREIGN KEY ("lab_order_id") REFERENCES "lab_orders" ("id")
);

CREATE TABLE "medications" (
  "id" UUID NOT NULL DEFAULT gen_random_uuid(),
  "encounter_id" UUID NOT NULL,
  "medication_name" VARCHAR(255) NOT NULL,
  "dosage" VARCHAR(100) NOT NULL,
  "frequency" VARCHAR(100) NOT NULL,
  "route" VARCHAR(50) NOT NULL DEFAULT 'oral'::character varying,
  "prescribed_at" TIMESTAMP WITHOUT TIME ZONE NOT NULL DEFAULT now(),
  "end_date" TIMESTAMP WITHOUT TIME ZONE,
  "status" VARCHAR(50) NOT NULL DEFAULT 'active'::character varying,
  PRIMARY KEY ("id"),
  FOREIGN KEY ("encounter_id") REFERENCES "encounters" ("id")
);

CREATE TABLE "order_items" (
  "id" UUID NOT NULL DEFAULT gen_random_uuid(),
  "order_id" UUID NOT NULL,
  "product_id" UUID NOT NULL,
  "quantity" INTEGER NOT NULL DEFAULT 1,
  "unit_price_cents" INTEGER NOT NULL,
  PRIMARY KEY ("id"),
  FOREIGN KEY ("order_id") REFERENCES "orders" ("id"),
  FOREIGN KEY ("product_id") REFERENCES "products" ("id")
);

CREATE TABLE "plan_features" (
  "id" UUID NOT NULL,
  "plan_id" UUID,
  "feature_id" UUID,
  "enabled" BOOLEAN,
  "limit_value" INTEGER,
  "created_at" TIMESTAMP WITH TIME ZONE,
  PRIMARY KEY ("id"),
  FOREIGN KEY ("feature_id") REFERENCES "features" ("id"),
  FOREIGN KEY ("plan_id") REFERENCES "plans" ("id")
);

CREATE TABLE "prescriptions" (
  "id" UUID NOT NULL DEFAULT gen_random_uuid(),
  "encounter_id" UUID,
  "patient_id" UUID,
  "provider_id" UUID,
  "medication_id" UUID,
  "dosage" VARCHAR(100),
  "frequency" VARCHAR(50),
  "duration_days" INTEGER,
  "refills_remaining" INTEGER,
  "status" VARCHAR(20),
  "prescribed_at" TIMESTAMP WITH TIME ZONE,
  "created_at" TIMESTAMP WITH TIME ZONE NOT NULL DEFAULT now(),
  PRIMARY KEY ("id"),
  FOREIGN KEY ("encounter_id") REFERENCES "encounters" ("id"),
  FOREIGN KEY ("medication_id") REFERENCES "medications" ("id"),
  FOREIGN KEY ("patient_id") REFERENCES "patients" ("id"),
  FOREIGN KEY ("provider_id") REFERENCES "providers" ("id")
);

CREATE TABLE "procedures" (
  "id" UUID NOT NULL DEFAULT gen_random_uuid(),
  "encounter_id" UUID,
  "patient_id" UUID,
  "provider_id" UUID,
  "cpt_code" VARCHAR(20),
  "procedure_name" VARCHAR(255),
  "status" VARCHAR(20),
  "performed_at" TIMESTAMP WITH TIME ZONE,
  "created_at" TIMESTAMP WITH TIME ZONE NOT NULL DEFAULT now(),
  PRIMARY KEY ("id"),
  FOREIGN KEY ("encounter_id") REFERENCES "encounters" ("id"),
  FOREIGN KEY ("patient_id") REFERENCES "patients" ("id"),
  FOREIGN KEY ("provider_id") REFERENCES "providers" ("id")
);

CREATE TABLE "reviews" (
  "id" UUID NOT NULL DEFAULT gen_random_uuid(),
  "product_id" UUID NOT NULL,
  "customer_id" UUID NOT NULL,
  "rating" INTEGER NOT NULL,
  "title" VARCHAR(255),
  "body" TEXT,
  "verified_purchase" BOOLEAN NOT NULL DEFAULT false,
  "created_at" TIMESTAMP WITHOUT TIME ZONE NOT NULL DEFAULT now(),
  PRIMARY KEY ("id"),
  FOREIGN KEY ("customer_id") REFERENCES "customers" ("id"),
  FOREIGN KEY ("product_id") REFERENCES "products" ("id")
);

CREATE TABLE "settlements" (
  "id" UUID NOT NULL DEFAULT gen_random_uuid(),
  "transaction_id" UUID NOT NULL,
  "settlement_type" VARCHAR(50) NOT NULL,
  "amount_cents" BIGINT NOT NULL,
  "status" VARCHAR(50) NOT NULL DEFAULT 'pending'::character varying,
  "settled_at" TIMESTAMP WITHOUT TIME ZONE,
  "created_at" TIMESTAMP WITHOUT TIME ZONE NOT NULL DEFAULT now(),
  PRIMARY KEY ("id"),
  FOREIGN KEY ("transaction_id") REFERENCES "transactions" ("id")
);

CREATE TABLE "shipments" (
  "id" UUID NOT NULL DEFAULT gen_random_uuid(),
  "order_id" UUID,
  "carrier" VARCHAR(50),
  "tracking_number" VARCHAR(100),
  "status" VARCHAR(20),
  "shipped_at" TIMESTAMP WITH TIME ZONE,
  "estimated_delivery" DATE,
  "actual_delivery_at" TIMESTAMP WITH TIME ZONE,
  "created_at" TIMESTAMP WITH TIME ZONE NOT NULL DEFAULT now(),
  PRIMARY KEY ("id"),
  FOREIGN KEY ("order_id") REFERENCES "orders" ("id")
);

CREATE TABLE "transfers" (
  "id" UUID NOT NULL DEFAULT gen_random_uuid(),
  "from_account_id" UUID,
  "to_account_id" UUID,
  "amount_cents" BIGINT NOT NULL,
  "status" VARCHAR(20),
  "reference" VARCHAR(100),
  "created_at" TIMESTAMP WITH TIME ZONE NOT NULL DEFAULT now(),
  PRIMARY KEY ("id"),
  FOREIGN KEY ("from_account_id") REFERENCES "accounts" ("id"),
  FOREIGN KEY ("to_account_id") REFERENCES "accounts" ("id")
);

CREATE TABLE "vitals" (
  "id" UUID NOT NULL DEFAULT gen_random_uuid(),
  "encounter_id" UUID NOT NULL,
  "systolic_bp" INTEGER,
  "diastolic_bp" INTEGER,
  "heart_rate" INTEGER,
  "temperature_f" NUMERIC,
  "weight_lbs" NUMERIC,
  "height_inches" INTEGER,
  "recorded_at" TIMESTAMP WITHOUT TIME ZONE NOT NULL DEFAULT now(),
  PRIMARY KEY ("id"),
  FOREIGN KEY ("encounter_id") REFERENCES "encounters" ("id")
);


-- ─── DATA ───────────────────────────────────────────────────────

INSERT INTO "students" ("id", "email", "first_name", "last_name", "grade_level", "date_of_birth", "gender", "enrolled_at") VALUES
  ('9972daab-2c86-459f-9d78-3fe1be4e3280', 'jonathan.morris.0@gmail.com', 'Melissa', 'Wood', 6, '2023-10-26T14:29:01.269Z', 'Male', '2024-06-20T02:55:51.998Z'),
  ('0f2fc887-062c-477c-8f51-73090d8e983e', 'nicholas.lee.1@hotmail.com', 'Pamela', 'Bennett', 9, '2024-08-04T22:35:22.140Z', 'Male', '2024-06-01T02:47:11.470Z'),
  ('13a8aeb1-ed16-416e-b123-1c045c7b9ce6', 'linda.bailey.2@aol.com', 'Margaret', 'Peterson', 7, '2023-12-18T04:03:26.921Z', 'Female', '2024-10-04T23:13:05.209Z'),
  ('fe90ea6f-9456-4852-ba4b-73d7b1fee36e', 'jason.robinson.3@yahoo.com', 'Anna', 'Young', 11, '2023-03-12T12:20:00.218Z', 'Male', '2024-01-19T23:08:08.475Z'),
  ('d221f92d-b5b3-4969-a9a7-5534a0e353ca', 'donna.wilson.4@zoho.com', 'Paul', 'Smith', 11, '2023-09-25T06:10:40.422Z', 'Female', '2023-03-10T00:57:29.961Z');

INSERT INTO "students" ("id", "email", "first_name", "last_name", "grade_level", "date_of_birth", "gender", "enrolled_at") VALUES
  ('359a7d2f-0cb4-454a-8656-0738fe92fd29', 'sarah.cruz.5@outlook.com', 'Donna', 'Baker', 8, '2023-08-19T02:53:00.361Z', 'Male', '2024-04-30T15:09:48.910Z'),
  ('e5537e9c-8b96-4c53-8c52-ab382bb1501f', 'ashley.jones.6@icloud.com', 'Charles', 'Carter', 8, '2023-07-31T04:53:12.094Z', 'Female', '2023-05-19T11:01:26.752Z'),
  ('7027de86-d7e4-4325-9ece-35638bfc7ddc', 'raymond.howard.7@gmail.com', 'Michael', 'Taylor', 9, '2023-08-26T00:58:17.928Z', 'Female', '2023-01-08T05:40:48.552Z'),
  ('d0a1d6da-9959-42e0-ae59-f0a054d8265d', 'mary.rodriguez.8@mail.com', 'Larry', 'Myers', 12, '2024-01-26T15:20:25.585Z', 'Female', '2024-09-17T00:55:41.395Z'),
  ('45230c4a-7091-47cb-8832-aa847178756c', 'dorothy.walker.9@yahoo.com', 'Ronald', 'Clark', 9, '2023-11-27T23:47:23.608Z', 'Female', '2024-02-16T20:26:35.819Z');

INSERT INTO "teachers" ("id", "email", "first_name", "last_name", "phone", "department", "hire_date") VALUES
  ('220025f1-11de-4e80-99d2-0e5e3ab39018', 'dennis.ramos.0@mail.com', 'Helen', 'Diaz', '+1-843-621-2591', 'Mathematics', '2024-10-23T00:15:03.149Z'),
  ('0f43acab-8ffa-4565-9648-d58934f1f344', 'stephanie.gray.1@aol.com', 'Jonathan', 'Cruz', '+1-847-449-5446', 'Physical Education', '2023-11-26T16:45:37.781Z');

INSERT INTO "classes" ("id", "name", "subject", "teacher_id", "room_number", "period", "school_year") VALUES
  ('af8d8bf7-fbc4-4fa1-aadd-63e051e16956', 'Physics', 'PE', '0f43acab-8ffa-4565-9648-d58934f1f344', 'Platform system jump', 3, '2025-2026'),
  ('7c46a1c5-bdb6-4fd8-a78b-78127fe4ac6b', 'Biology', 'History', '0f43acab-8ffa-4565-9648-d58934f1f344', 'Kappa quick over', 1, '2023-2024'),
  ('60d4d6ae-1508-45b3-85db-a0e8e35819a0', 'English 9', 'Science', '220025f1-11de-4e80-99d2-0e5e3ab39018', 'Dog process kappa', 4, '2024-2025'),
  ('1bc8b0eb-1d0f-4857-bd3a-fd94d757a608', 'Government', 'PE', '220025f1-11de-4e80-99d2-0e5e3ab39018', 'Lazy cloud kappa', 2, '2023-2024'),
  ('c56edeca-7ef3-4c25-8dac-34c53d22a89a', 'Physics', 'English', '0f43acab-8ffa-4565-9648-d58934f1f344', 'Kappa network quick', 8, '2024-2025');

INSERT INTO "attendance" ("id", "student_id", "class_id", "date", "status") VALUES
  ('480c53b6-c240-4c74-aea4-8130da1622fe', '13a8aeb1-ed16-416e-b123-1c045c7b9ce6', '60d4d6ae-1508-45b3-85db-a0e8e35819a0', '2023-12-26T15:33:12.281Z', 'present'),
  ('7cac28fa-d458-4484-8372-7c407f08dc5d', 'd221f92d-b5b3-4969-a9a7-5534a0e353ca', '7c46a1c5-bdb6-4fd8-a78b-78127fe4ac6b', '2023-12-30T02:30:45.776Z', 'present'),
  ('aa10e6c3-a8cf-4d96-8c7b-8379739304b5', '9972daab-2c86-459f-9d78-3fe1be4e3280', '1bc8b0eb-1d0f-4857-bd3a-fd94d757a608', '2024-08-20T05:46:17.310Z', 'present'),
  ('b9ee479e-e776-4b91-be71-77c01fb798f2', 'd0a1d6da-9959-42e0-ae59-f0a054d8265d', '60d4d6ae-1508-45b3-85db-a0e8e35819a0', '2024-12-25T23:19:07.356Z', 'tardy'),
  ('0f847cae-8e9c-4aaa-bbfa-f7cff5cf2816', '45230c4a-7091-47cb-8832-aa847178756c', 'af8d8bf7-fbc4-4fa1-aadd-63e051e16956', '2024-01-08T10:58:04.370Z', 'absent');

INSERT INTO "attendance" ("id", "student_id", "class_id", "date", "status") VALUES
  ('adc653d7-74ec-4740-a75f-b90c233d9e5f', 'e5537e9c-8b96-4c53-8c52-ab382bb1501f', 'c56edeca-7ef3-4c25-8dac-34c53d22a89a', '2024-03-08T00:43:47.153Z', 'present'),
  ('bd04afe0-4197-4677-a1d7-a1507687fe2c', '359a7d2f-0cb4-454a-8656-0738fe92fd29', 'af8d8bf7-fbc4-4fa1-aadd-63e051e16956', '2023-09-18T19:22:08.285Z', 'present'),
  ('6f98d564-962b-492e-adb5-918ba1e5c500', '9972daab-2c86-459f-9d78-3fe1be4e3280', 'af8d8bf7-fbc4-4fa1-aadd-63e051e16956', '2023-03-08T23:59:58.036Z', 'present'),
  ('08860ebe-a200-47d3-9832-bea70ca096d9', '359a7d2f-0cb4-454a-8656-0738fe92fd29', '60d4d6ae-1508-45b3-85db-a0e8e35819a0', '2023-10-29T15:28:27.081Z', 'present'),
  ('973122b5-bb48-4cf1-ae98-56aafae4b157', '45230c4a-7091-47cb-8832-aa847178756c', '60d4d6ae-1508-45b3-85db-a0e8e35819a0', '2023-03-03T05:42:03.819Z', 'present');

INSERT INTO "attendance" ("id", "student_id", "class_id", "date", "status") VALUES
  ('2651fb81-f905-469a-bd40-f639f24e8363', '13a8aeb1-ed16-416e-b123-1c045c7b9ce6', '7c46a1c5-bdb6-4fd8-a78b-78127fe4ac6b', '2023-02-11T16:06:52.147Z', 'present'),
  ('50825d72-2d92-46a8-8ae3-96da71a17496', 'e5537e9c-8b96-4c53-8c52-ab382bb1501f', '1bc8b0eb-1d0f-4857-bd3a-fd94d757a608', '2024-03-08T14:34:09.170Z', 'present'),
  ('01b56153-0420-4647-8b75-b322b537479e', 'fe90ea6f-9456-4852-ba4b-73d7b1fee36e', '7c46a1c5-bdb6-4fd8-a78b-78127fe4ac6b', '2023-10-09T08:53:38.054Z', 'present'),
  ('d0153358-e2db-4377-aca9-9cc0f0676029', '45230c4a-7091-47cb-8832-aa847178756c', '60d4d6ae-1508-45b3-85db-a0e8e35819a0', '2024-08-27T02:26:58.534Z', 'present'),
  ('db188885-99f9-46ac-86e6-e21639eb63b4', '359a7d2f-0cb4-454a-8656-0738fe92fd29', '60d4d6ae-1508-45b3-85db-a0e8e35819a0', '2024-05-09T03:01:22.698Z', 'present');

INSERT INTO "attendance" ("id", "student_id", "class_id", "date", "status") VALUES
  ('56a5dfe1-3d96-4e84-ba92-68ff386d0a27', '9972daab-2c86-459f-9d78-3fe1be4e3280', 'af8d8bf7-fbc4-4fa1-aadd-63e051e16956', '2024-04-28T13:18:50.111Z', 'present'),
  ('867361ff-b970-49bf-8a95-431cd8601ef2', '9972daab-2c86-459f-9d78-3fe1be4e3280', '1bc8b0eb-1d0f-4857-bd3a-fd94d757a608', '2023-11-08T04:09:42.239Z', 'present'),
  ('9ee030d7-38f8-436a-8565-0d627b6604f6', '7027de86-d7e4-4325-9ece-35638bfc7ddc', '7c46a1c5-bdb6-4fd8-a78b-78127fe4ac6b', '2024-10-02T03:11:07.000Z', 'present'),
  ('b0caf9da-e33e-4482-9236-00d7e8ee3922', '9972daab-2c86-459f-9d78-3fe1be4e3280', 'c56edeca-7ef3-4c25-8dac-34c53d22a89a', '2023-08-29T18:08:02.386Z', 'present'),
  ('17a2b0cb-03d8-4986-9e13-46e6fd8e3408', 'd0a1d6da-9959-42e0-ae59-f0a054d8265d', 'af8d8bf7-fbc4-4fa1-aadd-63e051e16956', '2023-02-24T21:31:12.893Z', 'present');

INSERT INTO "attendance" ("id", "student_id", "class_id", "date", "status") VALUES
  ('f3f3c425-5c48-41a3-8b99-a89710e1af9f', 'd221f92d-b5b3-4969-a9a7-5534a0e353ca', 'c56edeca-7ef3-4c25-8dac-34c53d22a89a', '2024-07-21T05:04:13.182Z', 'present'),
  ('1af0323b-9b9b-4e6d-a75a-6db9149fa6a6', 'd0a1d6da-9959-42e0-ae59-f0a054d8265d', 'c56edeca-7ef3-4c25-8dac-34c53d22a89a', '2024-01-12T12:29:43.800Z', 'present'),
  ('2575a766-31fa-4c6e-ace7-187fdd457ecc', 'fe90ea6f-9456-4852-ba4b-73d7b1fee36e', '1bc8b0eb-1d0f-4857-bd3a-fd94d757a608', '2024-04-16T14:44:26.606Z', 'excused'),
  ('0ff2bd75-4b44-4e45-b507-b5274109cc16', '7027de86-d7e4-4325-9ece-35638bfc7ddc', '60d4d6ae-1508-45b3-85db-a0e8e35819a0', '2024-02-05T07:30:15.923Z', 'present'),
  ('a4974cc8-dfbd-4a7b-9e99-fb4c69694aad', 'fe90ea6f-9456-4852-ba4b-73d7b1fee36e', 'af8d8bf7-fbc4-4fa1-aadd-63e051e16956', '2023-09-18T11:52:54.059Z', 'present');

INSERT INTO "attendance" ("id", "student_id", "class_id", "date", "status") VALUES
  ('8ffddee7-9882-43da-800f-9b0421ba2b3c', '0f2fc887-062c-477c-8f51-73090d8e983e', '7c46a1c5-bdb6-4fd8-a78b-78127fe4ac6b', '2023-01-24T15:35:51.856Z', 'present'),
  ('b7dbcf44-d35d-410f-b9c0-e47d409da246', 'd0a1d6da-9959-42e0-ae59-f0a054d8265d', '1bc8b0eb-1d0f-4857-bd3a-fd94d757a608', '2023-10-01T02:09:24.824Z', 'present'),
  ('83e968f5-d116-40b7-953e-1ed66491dd68', 'fe90ea6f-9456-4852-ba4b-73d7b1fee36e', '60d4d6ae-1508-45b3-85db-a0e8e35819a0', '2024-11-29T14:02:00.042Z', 'present'),
  ('f7f59188-3216-4049-89ff-a93f4d3539e5', '45230c4a-7091-47cb-8832-aa847178756c', '1bc8b0eb-1d0f-4857-bd3a-fd94d757a608', '2024-03-24T20:01:24.456Z', 'present'),
  ('2c937597-5a7d-497d-a837-afcf9e22542c', 'd0a1d6da-9959-42e0-ae59-f0a054d8265d', 'af8d8bf7-fbc4-4fa1-aadd-63e051e16956', '2023-12-10T07:04:22.051Z', 'present');

INSERT INTO "attendance" ("id", "student_id", "class_id", "date", "status") VALUES
  ('47077f11-ca79-4c9e-8f86-d6fa2b00d3c9', '359a7d2f-0cb4-454a-8656-0738fe92fd29', 'af8d8bf7-fbc4-4fa1-aadd-63e051e16956', '2024-06-16T07:42:48.352Z', 'present'),
  ('ce762149-9fba-4bf6-bedb-e9b4da5c310f', '359a7d2f-0cb4-454a-8656-0738fe92fd29', '1bc8b0eb-1d0f-4857-bd3a-fd94d757a608', '2024-06-12T06:02:55.268Z', 'excused'),
  ('f7b9fa3e-cb11-4c84-a2ff-c2bfcffecddb', 'e5537e9c-8b96-4c53-8c52-ab382bb1501f', 'c56edeca-7ef3-4c25-8dac-34c53d22a89a', '2024-04-02T12:10:12.600Z', 'present'),
  ('0a5e33bd-35ad-48c7-8c05-2530f1f85754', 'd0a1d6da-9959-42e0-ae59-f0a054d8265d', '1bc8b0eb-1d0f-4857-bd3a-fd94d757a608', '2024-07-20T08:04:38.708Z', 'present'),
  ('2b94e6b3-cdd6-42b8-be42-693af5288fd2', 'fe90ea6f-9456-4852-ba4b-73d7b1fee36e', 'c56edeca-7ef3-4c25-8dac-34c53d22a89a', '2023-02-09T17:57:12.799Z', 'present');

INSERT INTO "attendance" ("id", "student_id", "class_id", "date", "status") VALUES
  ('2f3282e3-66d4-400a-9d62-21a1df331308', '0f2fc887-062c-477c-8f51-73090d8e983e', '7c46a1c5-bdb6-4fd8-a78b-78127fe4ac6b', '2023-02-15T21:31:14.473Z', 'absent'),
  ('657f5581-3a43-4078-bbf9-8910e582a61d', '0f2fc887-062c-477c-8f51-73090d8e983e', '60d4d6ae-1508-45b3-85db-a0e8e35819a0', '2023-01-19T05:59:47.377Z', 'present'),
  ('3b387b67-5685-4211-bebe-220648396feb', 'd0a1d6da-9959-42e0-ae59-f0a054d8265d', '1bc8b0eb-1d0f-4857-bd3a-fd94d757a608', '2024-03-02T21:47:15.209Z', 'present'),
  ('38ea32b2-d383-4c57-a892-407d3a5f7522', 'd221f92d-b5b3-4969-a9a7-5534a0e353ca', '7c46a1c5-bdb6-4fd8-a78b-78127fe4ac6b', '2024-07-10T13:35:07.454Z', 'present'),
  ('513ec70b-6ed2-4975-9690-202fd3398f68', '7027de86-d7e4-4325-9ece-35638bfc7ddc', '60d4d6ae-1508-45b3-85db-a0e8e35819a0', '2024-01-06T05:47:38.071Z', 'present');

INSERT INTO "attendance" ("id", "student_id", "class_id", "date", "status") VALUES
  ('9f633db0-edef-44cd-a42f-2f1fe9b67b8c', '13a8aeb1-ed16-416e-b123-1c045c7b9ce6', '1bc8b0eb-1d0f-4857-bd3a-fd94d757a608', '2023-04-04T04:18:36.555Z', 'present'),
  ('6afee0bb-0387-4b3b-9b0d-6d47d5db9a0e', '45230c4a-7091-47cb-8832-aa847178756c', '7c46a1c5-bdb6-4fd8-a78b-78127fe4ac6b', '2023-10-14T02:39:29.402Z', 'present'),
  ('7bcbbbd9-502e-4a7e-b6c6-8d9aeda2bd49', '0f2fc887-062c-477c-8f51-73090d8e983e', 'af8d8bf7-fbc4-4fa1-aadd-63e051e16956', '2024-12-16T22:59:03.289Z', 'present'),
  ('100b1349-7d73-48bd-b67a-786015fd9315', '0f2fc887-062c-477c-8f51-73090d8e983e', 'af8d8bf7-fbc4-4fa1-aadd-63e051e16956', '2024-12-06T16:13:08.214Z', 'present'),
  ('bab76235-67c1-4d2a-b1f2-67111af795ff', 'd221f92d-b5b3-4969-a9a7-5534a0e353ca', '60d4d6ae-1508-45b3-85db-a0e8e35819a0', '2024-03-05T00:43:33.945Z', 'present');

INSERT INTO "attendance" ("id", "student_id", "class_id", "date", "status") VALUES
  ('cbab2dea-f09b-4d47-b236-2fa9ed61f02d', '45230c4a-7091-47cb-8832-aa847178756c', '7c46a1c5-bdb6-4fd8-a78b-78127fe4ac6b', '2024-03-15T19:44:09.782Z', 'present'),
  ('5c82f9c3-730b-4618-8c83-07c3bfbd78a7', '7027de86-d7e4-4325-9ece-35638bfc7ddc', 'c56edeca-7ef3-4c25-8dac-34c53d22a89a', '2024-08-27T17:12:09.748Z', 'present'),
  ('6e83f7c8-9030-4328-a2f4-91f4452cb88f', '9972daab-2c86-459f-9d78-3fe1be4e3280', 'af8d8bf7-fbc4-4fa1-aadd-63e051e16956', '2023-12-05T03:05:01.617Z', 'present'),
  ('fef6884d-7773-4047-8b1b-fd2278122aed', 'd221f92d-b5b3-4969-a9a7-5534a0e353ca', '60d4d6ae-1508-45b3-85db-a0e8e35819a0', '2023-09-06T08:46:06.500Z', 'tardy'),
  ('67be8c71-0c4c-4eec-87c3-81444e92bf2f', '45230c4a-7091-47cb-8832-aa847178756c', 'c56edeca-7ef3-4c25-8dac-34c53d22a89a', '2024-11-28T00:41:14.890Z', 'present');

INSERT INTO "attendance" ("id", "student_id", "class_id", "date", "status") VALUES
  ('df8a3a08-cff4-422f-8d52-3544fe185d21', '0f2fc887-062c-477c-8f51-73090d8e983e', 'af8d8bf7-fbc4-4fa1-aadd-63e051e16956', '2024-07-11T07:55:17.056Z', 'excused'),
  ('4252ba35-e486-4221-a481-27caa7121516', '45230c4a-7091-47cb-8832-aa847178756c', '1bc8b0eb-1d0f-4857-bd3a-fd94d757a608', '2024-04-04T16:03:53.478Z', 'present'),
  ('2b501ed5-524d-4275-9821-9f9ab6b60552', 'd221f92d-b5b3-4969-a9a7-5534a0e353ca', '1bc8b0eb-1d0f-4857-bd3a-fd94d757a608', '2024-10-25T16:23:07.416Z', 'absent'),
  ('9ac5988a-f130-41ba-9cfc-db8300e5db34', '9972daab-2c86-459f-9d78-3fe1be4e3280', 'c56edeca-7ef3-4c25-8dac-34c53d22a89a', '2024-03-04T18:02:52.536Z', 'present'),
  ('aa64562e-eae5-48e1-994c-c1ef80ec2cd6', '45230c4a-7091-47cb-8832-aa847178756c', '1bc8b0eb-1d0f-4857-bd3a-fd94d757a608', '2024-07-13T03:42:36.184Z', 'present');

INSERT INTO "attendance" ("id", "student_id", "class_id", "date", "status") VALUES
  ('e3818e4a-18d6-4607-bc9d-83ad23a95ca3', '0f2fc887-062c-477c-8f51-73090d8e983e', 'af8d8bf7-fbc4-4fa1-aadd-63e051e16956', '2024-10-30T21:43:20.906Z', 'present'),
  ('2459cf1e-a307-4ced-8bc9-3d40408d8cfc', 'e5537e9c-8b96-4c53-8c52-ab382bb1501f', '1bc8b0eb-1d0f-4857-bd3a-fd94d757a608', '2024-03-26T23:41:37.330Z', 'present'),
  ('7813a1f2-2c0c-4bce-bb0e-8dab7cc911d5', 'd221f92d-b5b3-4969-a9a7-5534a0e353ca', 'af8d8bf7-fbc4-4fa1-aadd-63e051e16956', '2023-02-12T06:13:05.214Z', 'excused'),
  ('aeb7a16b-0648-4f3d-aeb9-aa2ae480d0c2', '13a8aeb1-ed16-416e-b123-1c045c7b9ce6', 'c56edeca-7ef3-4c25-8dac-34c53d22a89a', '2023-11-04T23:59:24.887Z', 'present'),
  ('31a3e644-8e52-4011-8788-182030d4282b', '7027de86-d7e4-4325-9ece-35638bfc7ddc', '60d4d6ae-1508-45b3-85db-a0e8e35819a0', '2024-05-12T23:31:32.749Z', 'present');

INSERT INTO "attendance" ("id", "student_id", "class_id", "date", "status") VALUES
  ('9aa9b823-9dce-42ca-8b6b-5d9951107b69', '7027de86-d7e4-4325-9ece-35638bfc7ddc', '60d4d6ae-1508-45b3-85db-a0e8e35819a0', '2023-01-12T03:30:35.885Z', 'present'),
  ('cb8aeda0-26e1-4709-a6f2-708b74468257', 'd0a1d6da-9959-42e0-ae59-f0a054d8265d', '7c46a1c5-bdb6-4fd8-a78b-78127fe4ac6b', '2024-06-22T07:20:14.753Z', 'present'),
  ('8930b653-ac9e-4c6a-b55d-51bfcb7de041', '9972daab-2c86-459f-9d78-3fe1be4e3280', '60d4d6ae-1508-45b3-85db-a0e8e35819a0', '2023-03-14T20:58:33.091Z', 'present'),
  ('a9d2a7b1-7563-44dd-9d64-b90cc0ab677f', '0f2fc887-062c-477c-8f51-73090d8e983e', '7c46a1c5-bdb6-4fd8-a78b-78127fe4ac6b', '2024-05-09T00:54:40.973Z', 'tardy'),
  ('fe43d10a-e4b9-4504-b62d-0f2b34f7da40', '9972daab-2c86-459f-9d78-3fe1be4e3280', 'af8d8bf7-fbc4-4fa1-aadd-63e051e16956', '2023-01-08T05:29:17.677Z', 'present');

INSERT INTO "attendance" ("id", "student_id", "class_id", "date", "status") VALUES
  ('e0f161dd-f3ab-4fc8-918e-8d4e8b43692b', '7027de86-d7e4-4325-9ece-35638bfc7ddc', 'c56edeca-7ef3-4c25-8dac-34c53d22a89a', '2023-08-31T00:25:40.784Z', 'present'),
  ('86a08e8e-1835-4f51-ac3b-1be665aab178', 'd0a1d6da-9959-42e0-ae59-f0a054d8265d', 'c56edeca-7ef3-4c25-8dac-34c53d22a89a', '2024-10-09T17:54:36.389Z', 'tardy'),
  ('f2d8317d-557d-4a82-87ab-6372220e3170', '0f2fc887-062c-477c-8f51-73090d8e983e', 'c56edeca-7ef3-4c25-8dac-34c53d22a89a', '2024-05-06T13:51:10.779Z', 'present'),
  ('940caa25-2140-48a7-ba5b-5c7e22d23a1a', '0f2fc887-062c-477c-8f51-73090d8e983e', '7c46a1c5-bdb6-4fd8-a78b-78127fe4ac6b', '2024-05-30T17:08:33.614Z', 'present'),
  ('b7393955-45e9-4e2e-ae34-c14dfd2d70d5', 'e5537e9c-8b96-4c53-8c52-ab382bb1501f', '1bc8b0eb-1d0f-4857-bd3a-fd94d757a608', '2024-02-23T03:37:57.181Z', 'tardy');

INSERT INTO "attendance" ("id", "student_id", "class_id", "date", "status") VALUES
  ('07a59cb0-fce7-4739-ba56-473a14fb7a22', 'e5537e9c-8b96-4c53-8c52-ab382bb1501f', '60d4d6ae-1508-45b3-85db-a0e8e35819a0', '2024-08-05T15:21:28.305Z', 'present'),
  ('9b2fd2e0-7b8f-4e27-a874-15998f05ae50', '0f2fc887-062c-477c-8f51-73090d8e983e', 'c56edeca-7ef3-4c25-8dac-34c53d22a89a', '2024-09-23T01:24:07.860Z', 'present'),
  ('2044c607-a5ee-4391-b79e-3c8d033e67bf', '45230c4a-7091-47cb-8832-aa847178756c', 'af8d8bf7-fbc4-4fa1-aadd-63e051e16956', '2023-10-01T02:38:59.694Z', 'present'),
  ('19a61a8d-01b4-467b-b6f9-c18e30e1cd65', 'e5537e9c-8b96-4c53-8c52-ab382bb1501f', '60d4d6ae-1508-45b3-85db-a0e8e35819a0', '2024-05-13T21:01:20.950Z', 'present'),
  ('7bfdfb7b-89bb-4117-8624-e086e5623ac6', '9972daab-2c86-459f-9d78-3fe1be4e3280', '60d4d6ae-1508-45b3-85db-a0e8e35819a0', '2024-06-02T13:35:46.517Z', 'present');

INSERT INTO "attendance" ("id", "student_id", "class_id", "date", "status") VALUES
  ('7a05a179-4322-4086-b1fd-5ad402be10eb', '13a8aeb1-ed16-416e-b123-1c045c7b9ce6', 'af8d8bf7-fbc4-4fa1-aadd-63e051e16956', '2023-06-23T22:57:56.286Z', 'present'),
  ('53e2ee98-c784-419b-ab78-5013aef7003a', '7027de86-d7e4-4325-9ece-35638bfc7ddc', 'af8d8bf7-fbc4-4fa1-aadd-63e051e16956', '2023-02-21T21:06:10.219Z', 'present'),
  ('613ffb60-fb09-442f-9c0a-e28e8256a58a', 'd0a1d6da-9959-42e0-ae59-f0a054d8265d', '1bc8b0eb-1d0f-4857-bd3a-fd94d757a608', '2023-09-26T00:23:48.708Z', 'present'),
  ('66127bb7-8cf9-478c-a8ba-d81041a789b1', 'd221f92d-b5b3-4969-a9a7-5534a0e353ca', 'c56edeca-7ef3-4c25-8dac-34c53d22a89a', '2024-02-05T19:22:22.778Z', 'present'),
  ('6f31fa0b-a2ae-4fe7-b949-350f8a3c0adb', 'e5537e9c-8b96-4c53-8c52-ab382bb1501f', '7c46a1c5-bdb6-4fd8-a78b-78127fe4ac6b', '2024-01-20T01:10:31.213Z', 'present');

INSERT INTO "enrollments" ("id", "student_id", "class_id", "enrolled_at", "status") VALUES
  ('1ba11e26-081b-4a27-b908-dc61de17068f', 'd221f92d-b5b3-4969-a9a7-5534a0e353ca', 'c56edeca-7ef3-4c25-8dac-34c53d22a89a', '2024-07-16T18:08:37.796Z', 'completed'),
  ('e33a0b7b-22fb-4f47-9989-cdfb51890aec', '9972daab-2c86-459f-9d78-3fe1be4e3280', '1bc8b0eb-1d0f-4857-bd3a-fd94d757a608', '2023-06-02T07:28:26.640Z', 'active'),
  ('f18f2cd1-930e-465b-b261-7ea4344f254f', 'd0a1d6da-9959-42e0-ae59-f0a054d8265d', '60d4d6ae-1508-45b3-85db-a0e8e35819a0', '2023-07-04T07:28:59.814Z', 'withdrawn'),
  ('e377a133-9537-40d3-9a9c-99f7af01eedd', '359a7d2f-0cb4-454a-8656-0738fe92fd29', 'c56edeca-7ef3-4c25-8dac-34c53d22a89a', '2024-02-11T01:49:26.972Z', 'active'),
  ('8a33e964-f6e3-4af7-927d-31cdca4ad34c', 'e5537e9c-8b96-4c53-8c52-ab382bb1501f', '7c46a1c5-bdb6-4fd8-a78b-78127fe4ac6b', '2023-07-31T17:48:07.922Z', 'completed');

INSERT INTO "enrollments" ("id", "student_id", "class_id", "enrolled_at", "status") VALUES
  ('dba3b1aa-34a6-4fe9-994d-b1a763b2c710', 'fe90ea6f-9456-4852-ba4b-73d7b1fee36e', 'c56edeca-7ef3-4c25-8dac-34c53d22a89a', '2024-05-17T22:03:10.252Z', 'active'),
  ('19b2e988-5993-48ac-b2dd-f8e5ac208fce', 'd221f92d-b5b3-4969-a9a7-5534a0e353ca', 'af8d8bf7-fbc4-4fa1-aadd-63e051e16956', '2023-05-10T07:35:32.558Z', 'active'),
  ('7b42b316-13b0-4865-84cd-bba7b2524053', '0f2fc887-062c-477c-8f51-73090d8e983e', 'c56edeca-7ef3-4c25-8dac-34c53d22a89a', '2023-12-25T04:29:17.125Z', 'active'),
  ('fb6d0758-1666-4610-aaca-15f2e3911507', '13a8aeb1-ed16-416e-b123-1c045c7b9ce6', 'c56edeca-7ef3-4c25-8dac-34c53d22a89a', '2023-07-06T00:48:55.534Z', 'active'),
  ('5298b792-d65e-4150-bcad-e79eff17079c', '45230c4a-7091-47cb-8832-aa847178756c', 'af8d8bf7-fbc4-4fa1-aadd-63e051e16956', '2023-10-18T13:00:44.777Z', 'active');

INSERT INTO "enrollments" ("id", "student_id", "class_id", "enrolled_at", "status") VALUES
  ('f6b16b4c-abdd-4bf1-9f66-43cb80c0ac19', '7027de86-d7e4-4325-9ece-35638bfc7ddc', 'c56edeca-7ef3-4c25-8dac-34c53d22a89a', '2023-09-19T15:35:50.596Z', 'completed'),
  ('1e2555a5-2c7b-43fa-8cb7-4801dd893609', '9972daab-2c86-459f-9d78-3fe1be4e3280', 'c56edeca-7ef3-4c25-8dac-34c53d22a89a', '2023-09-04T09:40:03.824Z', 'active'),
  ('6d4d6a95-2d87-4320-bc4b-2f63c32c6049', 'fe90ea6f-9456-4852-ba4b-73d7b1fee36e', 'c56edeca-7ef3-4c25-8dac-34c53d22a89a', '2024-10-20T18:52:39.836Z', 'completed'),
  ('307a4045-966c-4296-a20f-3ccfb5b735b2', 'd0a1d6da-9959-42e0-ae59-f0a054d8265d', '60d4d6ae-1508-45b3-85db-a0e8e35819a0', '2023-04-10T05:04:51.611Z', 'active'),
  ('2eb48610-4fdc-4d37-99f4-5f77808fd6cb', 'd0a1d6da-9959-42e0-ae59-f0a054d8265d', 'af8d8bf7-fbc4-4fa1-aadd-63e051e16956', '2024-11-26T19:37:38.586Z', 'active');

INSERT INTO "enrollments" ("id", "student_id", "class_id", "enrolled_at", "status") VALUES
  ('c0fb9a29-3bce-4bb6-9c63-7a130db767a8', '9972daab-2c86-459f-9d78-3fe1be4e3280', '1bc8b0eb-1d0f-4857-bd3a-fd94d757a608', '2024-04-15T07:31:19.876Z', 'active'),
  ('16823de9-8f1e-4d51-afd0-0b5ba50ee8b5', 'fe90ea6f-9456-4852-ba4b-73d7b1fee36e', '7c46a1c5-bdb6-4fd8-a78b-78127fe4ac6b', '2023-01-27T11:14:08.578Z', 'active'),
  ('3a4e10ab-3fb4-4286-acd1-b7dcffe12248', '359a7d2f-0cb4-454a-8656-0738fe92fd29', '60d4d6ae-1508-45b3-85db-a0e8e35819a0', '2024-08-18T22:10:19.256Z', 'active'),
  ('74d592fe-20d5-482a-a250-4a90a12bfc57', '13a8aeb1-ed16-416e-b123-1c045c7b9ce6', 'af8d8bf7-fbc4-4fa1-aadd-63e051e16956', '2023-08-12T10:27:28.935Z', 'completed'),
  ('545ebc0f-e846-4313-8dc2-5eec4c8de4b6', '13a8aeb1-ed16-416e-b123-1c045c7b9ce6', '1bc8b0eb-1d0f-4857-bd3a-fd94d757a608', '2023-11-05T05:04:28.859Z', 'completed');

INSERT INTO "enrollments" ("id", "student_id", "class_id", "enrolled_at", "status") VALUES
  ('e5ca3e3b-dd5a-4c0d-bf43-6731644aaca8', 'fe90ea6f-9456-4852-ba4b-73d7b1fee36e', '1bc8b0eb-1d0f-4857-bd3a-fd94d757a608', '2023-10-12T06:31:37.138Z', 'completed'),
  ('adc002d4-8242-44c0-9907-3eaf5994f277', 'd221f92d-b5b3-4969-a9a7-5534a0e353ca', 'c56edeca-7ef3-4c25-8dac-34c53d22a89a', '2024-03-06T04:06:16.083Z', 'active'),
  ('8348cf14-1586-453c-aecd-157dfb104632', '13a8aeb1-ed16-416e-b123-1c045c7b9ce6', '1bc8b0eb-1d0f-4857-bd3a-fd94d757a608', '2023-03-13T15:50:01.206Z', 'completed'),
  ('88c50f19-6133-40b8-817e-873e2f31c469', 'fe90ea6f-9456-4852-ba4b-73d7b1fee36e', 'c56edeca-7ef3-4c25-8dac-34c53d22a89a', '2024-12-03T07:37:27.491Z', 'active'),
  ('a628d0e0-d100-42a6-96ef-1b51c02b6c16', 'd221f92d-b5b3-4969-a9a7-5534a0e353ca', '7c46a1c5-bdb6-4fd8-a78b-78127fe4ac6b', '2023-08-31T08:25:51.294Z', 'active');

INSERT INTO "enrollments" ("id", "student_id", "class_id", "enrolled_at", "status") VALUES
  ('e01c55f5-8b84-45ab-8e23-28a252cad13d', 'fe90ea6f-9456-4852-ba4b-73d7b1fee36e', 'c56edeca-7ef3-4c25-8dac-34c53d22a89a', '2024-08-02T04:40:29.857Z', 'transferred'),
  ('ee3ffec4-3b4b-4217-8c19-f71e58d6c8ec', '359a7d2f-0cb4-454a-8656-0738fe92fd29', 'af8d8bf7-fbc4-4fa1-aadd-63e051e16956', '2023-09-13T11:50:32.997Z', 'active'),
  ('e58d58a6-1293-4053-b362-2adb3ff8149a', '9972daab-2c86-459f-9d78-3fe1be4e3280', 'af8d8bf7-fbc4-4fa1-aadd-63e051e16956', '2024-11-23T22:10:27.966Z', 'completed'),
  ('4d02ffbc-9da9-4732-8c3b-9cd2f2f85637', 'e5537e9c-8b96-4c53-8c52-ab382bb1501f', '60d4d6ae-1508-45b3-85db-a0e8e35819a0', '2023-07-28T01:18:51.190Z', 'active'),
  ('c9fc1927-9dff-441d-8323-073511a43753', '359a7d2f-0cb4-454a-8656-0738fe92fd29', '1bc8b0eb-1d0f-4857-bd3a-fd94d757a608', '2023-11-30T22:27:51.003Z', 'active');

INSERT INTO "grades" ("id", "enrollment_id", "assignment_name", "assignment_type", "score", "max_score", "graded_at") VALUES
  ('72acfa5f-c28d-4eb4-a31a-e04cbaee7487', '88c50f19-6133-40b8-817e-873e2f31c469', 'Participation', 'quiz', 59.844846818596125, 50, '2023-12-27T20:17:05.877Z'),
  ('61d6b84c-f29e-4d9a-8b03-5f400bad54f1', '307a4045-966c-4296-a20f-3ccfb5b735b2', 'Homework 3', 'project', 91.54202960431576, 25, '2024-07-27T11:35:29.316Z'),
  ('3fd45baf-3dfa-4d71-9fda-347f96d40010', '74d592fe-20d5-482a-a250-4a90a12bfc57', 'Quiz 2', 'test', 59.57329318858683, 100, '2023-07-01T00:26:19.559Z'),
  ('1e33587b-df00-4f4d-8070-9693d002de54', 'f18f2cd1-930e-465b-b261-7ea4344f254f', 'Homework 3', 'project', 55.18850777298212, 25, '2024-07-10T06:09:27.718Z'),
  ('6ee5a1e9-7578-419a-ae22-211383be5ef4', 'ee3ffec4-3b4b-4217-8c19-f71e58d6c8ec', 'Homework 1', 'test', 45.11403022799641, 100, '2024-04-06T20:37:33.033Z');

INSERT INTO "grades" ("id", "enrollment_id", "assignment_name", "assignment_type", "score", "max_score", "graded_at") VALUES
  ('128681d8-9b53-49f0-8fcb-cbbcac8040cc', '8348cf14-1586-453c-aecd-157dfb104632', 'Midterm Exam', 'project', 86.00416405592114, 100, '2023-05-29T15:49:34.890Z'),
  ('a1766343-cf98-4d67-ba56-6262306e6c1d', '8a33e964-f6e3-4af7-927d-31cdca4ad34c', 'Participation', 'test', 68.55267501436174, 50, '2024-12-28T11:27:35.943Z'),
  ('c559dab0-f2a0-4ca9-8096-514a777cdaf3', 'e33a0b7b-22fb-4f47-9989-cdfb51890aec', 'Quiz 1', 'quiz', 89.4620894594118, 25, '2024-12-22T05:34:05.352Z'),
  ('a086ae75-e940-472d-a877-7e6c7e4ec330', '5298b792-d65e-4150-bcad-e79eff17079c', 'Lab Report', 'homework', 51.03589701000601, 50, '2024-08-11T04:25:42.163Z'),
  ('77663012-0bbc-49f8-a594-e8f386efdbd5', '2eb48610-4fdc-4d37-99f4-5f77808fd6cb', 'Presentation', 'homework', 74.68382565304637, 10, '2024-04-28T12:23:08.121Z');

INSERT INTO "grades" ("id", "enrollment_id", "assignment_name", "assignment_type", "score", "max_score", "graded_at") VALUES
  ('ffb30d49-9fe9-4914-b6ec-20bdfa7c12c3', 'fb6d0758-1666-4610-aaca-15f2e3911507', 'Project', 'final_exam', 80.673783775419, 100, '2024-03-19T12:49:04.914Z'),
  ('5f1b9c96-955e-4937-a586-f06c44ceeb22', '7b42b316-13b0-4865-84cd-bba7b2524053', 'Quiz 2', 'project', 68.92509652301669, 100, '2024-05-17T10:36:03.377Z'),
  ('675951cc-f320-437d-889a-9c2945d293ec', 'e01c55f5-8b84-45ab-8e23-28a252cad13d', 'Quiz 2', 'test', 85.16108203213662, 10, '2023-09-21T02:46:15.524Z'),
  ('6a58686c-878f-4668-89c8-1c4d32350ee6', '7b42b316-13b0-4865-84cd-bba7b2524053', 'Participation', 'final_exam', 83.31053661182523, 25, '2024-05-10T19:54:42.148Z'),
  ('526615ca-66d1-4a28-bc50-a8eea47fa150', '4d02ffbc-9da9-4732-8c3b-9cd2f2f85637', 'Homework 2', 'test', 43.13870380632579, 100, '2023-03-01T05:42:35.828Z');

INSERT INTO "grades" ("id", "enrollment_id", "assignment_name", "assignment_type", "score", "max_score", "graded_at") VALUES
  ('dd71f835-cedd-42a6-bf14-a7c78adb925f', '307a4045-966c-4296-a20f-3ccfb5b735b2', 'Final Exam', 'quiz', 87.94273974373937, 100, '2023-03-05T22:47:07.481Z'),
  ('5c6157c4-4cc5-4f6b-bf88-354d250b201a', 'e377a133-9537-40d3-9a9c-99f7af01eedd', 'Lab Report', 'participation', 77.13049578480422, 100, '2023-05-02T01:32:08.141Z'),
  ('c02b8a41-1f72-4d6e-b615-983f0ee8d93c', '88c50f19-6133-40b8-817e-873e2f31c469', 'Midterm Exam', 'homework', 93.20812592282891, 100, '2024-03-02T11:31:09.816Z'),
  ('aecb5a84-c147-429d-8c9b-5fa09a535f70', '4d02ffbc-9da9-4732-8c3b-9cd2f2f85637', 'Midterm Exam', 'test', 44.25587076693773, 50, '2024-04-21T01:31:03.592Z'),
  ('06b8d035-04b8-4114-aef0-72e948102d2c', '1e2555a5-2c7b-43fa-8cb7-4801dd893609', 'Midterm Exam', 'participation', 82.3698709346354, 100, '2024-11-19T14:22:11.980Z');

INSERT INTO "grades" ("id", "enrollment_id", "assignment_name", "assignment_type", "score", "max_score", "graded_at") VALUES
  ('f27006f7-4b06-40d8-9cf1-d3a3a16506d9', '6d4d6a95-2d87-4320-bc4b-2f63c32c6049', 'Project', 'homework', 77.36055910587311, 100, '2024-09-02T10:09:47.371Z'),
  ('95388ac9-6322-4dbd-beaa-681a8ab1e212', '2eb48610-4fdc-4d37-99f4-5f77808fd6cb', 'Essay', 'project', 90.19898186437786, 50, '2023-02-27T23:17:06.832Z'),
  ('c112746b-38f9-4e83-ab54-96a8af184df7', '2eb48610-4fdc-4d37-99f4-5f77808fd6cb', 'Homework 2', 'test', 64.80237833689898, 100, '2023-05-30T20:33:02.288Z'),
  ('88a4a944-5be4-46a9-8072-584921a68b93', '16823de9-8f1e-4d51-afd0-0b5ba50ee8b5', 'Final Exam', 'homework', 97.80781664419919, 100, '2024-08-21T03:39:26.674Z'),
  ('57f3f396-7a47-4165-bdcc-583d2e9bb472', 'c0fb9a29-3bce-4bb6-9c63-7a130db767a8', 'Quiz 2', 'test', 41.363471476361156, 100, '2023-11-01T15:19:07.556Z');

INSERT INTO "grades" ("id", "enrollment_id", "assignment_name", "assignment_type", "score", "max_score", "graded_at") VALUES
  ('0a4d576e-0e7a-4d81-b714-5f06e67cf2f0', '1e2555a5-2c7b-43fa-8cb7-4801dd893609', 'Lab Report', 'participation', 77.54062740597874, 100, '2023-02-08T22:09:38.739Z'),
  ('9938c06b-b610-46b7-8366-42d62f7302c6', 'ee3ffec4-3b4b-4217-8c19-f71e58d6c8ec', 'Presentation', 'homework', 90.67090294789523, 100, '2023-01-19T22:37:02.822Z'),
  ('e54b4e8f-4c05-4b53-85d0-f350cb575698', 'c0fb9a29-3bce-4bb6-9c63-7a130db767a8', 'Homework 1', 'test', 62.5993138179183, 25, '2023-09-06T00:26:26.028Z'),
  ('1792db65-f37b-4c27-afab-133334ee51d8', 'e5ca3e3b-dd5a-4c0d-bf43-6731644aaca8', 'Quiz 1', 'quiz', 51.27558728214353, 100, '2023-10-19T22:22:52.197Z'),
  ('4b3e89e5-d13f-4ac8-bb98-82a8e79bd19a', '16823de9-8f1e-4d51-afd0-0b5ba50ee8b5', 'Lab Report', 'homework', 73.25117466971278, 25, '2024-07-09T01:39:04.138Z');

INSERT INTO "grades" ("id", "enrollment_id", "assignment_name", "assignment_type", "score", "max_score", "graded_at") VALUES
  ('792bb077-2c80-4838-a9a9-1ae85dcabf87', 'e58d58a6-1293-4053-b362-2adb3ff8149a', 'Participation', 'test', 48.71959230862558, 100, '2023-08-21T19:38:29.185Z'),
  ('b0770ed7-4c12-4e57-b236-e7fea0d23424', 'e33a0b7b-22fb-4f47-9989-cdfb51890aec', 'Final Exam', 'final_exam', 85.21765975281596, 100, '2023-07-02T06:29:24.532Z'),
  ('e9004e72-8860-41ed-bfc1-23554a081790', 'e33a0b7b-22fb-4f47-9989-cdfb51890aec', 'Homework 3', 'homework', 79.86187567003071, 25, '2023-03-23T01:24:25.101Z'),
  ('df75b54f-f59a-447c-92e2-47df8cc5ef0a', 'e33a0b7b-22fb-4f47-9989-cdfb51890aec', 'Presentation', 'project', 77.27379278745502, 100, '2023-04-08T14:57:12.193Z'),
  ('0325a199-7a37-4d56-b0ae-258abde1ba4d', '8a33e964-f6e3-4af7-927d-31cdca4ad34c', 'Homework 1', 'homework', 46.33624970447272, 100, '2024-06-24T02:04:46.200Z');

INSERT INTO "grades" ("id", "enrollment_id", "assignment_name", "assignment_type", "score", "max_score", "graded_at") VALUES
  ('8c5bf4ac-e4ae-4a82-b026-748ceab8647a', 'c0fb9a29-3bce-4bb6-9c63-7a130db767a8', 'Homework 2', 'project', 63.00514668226242, 100, '2024-08-03T06:19:04.897Z'),
  ('62eb176f-a47d-4ab5-bfe6-a15de7f51b50', 'dba3b1aa-34a6-4fe9-994d-b1a763b2c710', 'Final Exam', 'quiz', 90.43323501944542, 100, '2024-07-05T02:32:21.132Z'),
  ('51ef4a77-298c-4516-8b0c-21cf33b303a2', '2eb48610-4fdc-4d37-99f4-5f77808fd6cb', 'Quiz 1', 'quiz', 90.40821705013514, 100, '2024-06-10T17:41:30.488Z'),
  ('ad9cd1e2-0847-48b5-9dd4-3591dea6f83b', '1e2555a5-2c7b-43fa-8cb7-4801dd893609', 'Quiz 1', 'homework', 74.76446389220655, 50, '2024-06-03T21:21:12.649Z'),
  ('041ec55c-8f50-4b25-9051-b8f2f2ca2a4c', '2eb48610-4fdc-4d37-99f4-5f77808fd6cb', 'Homework 2', 'participation', 73.99374042171985, 50, '2024-04-30T01:49:47.434Z');

INSERT INTO "grades" ("id", "enrollment_id", "assignment_name", "assignment_type", "score", "max_score", "graded_at") VALUES
  ('c0b28ce7-deae-45ce-8c48-2580a3e5f0e2', 'c9fc1927-9dff-441d-8323-073511a43753', 'Quiz 1', 'test', 72.3553474387154, 100, '2023-01-05T10:08:12.157Z'),
  ('0ee87336-48db-40cf-abf8-8112bfe35112', '8a33e964-f6e3-4af7-927d-31cdca4ad34c', 'Project', 'project', 53.2291003735736, 100, '2023-09-10T02:25:33.786Z'),
  ('45f8d746-6729-419c-a383-9279c5185f81', '74d592fe-20d5-482a-a250-4a90a12bfc57', 'Participation', 'final_exam', 63.07071825489402, 25, '2023-08-29T06:34:01.230Z'),
  ('7cfc7e95-16ed-4678-b5ce-88e8bf363031', '307a4045-966c-4296-a20f-3ccfb5b735b2', 'Quiz 2', 'test', 89.3669828819111, 50, '2024-01-18T02:07:19.252Z'),
  ('bad16da6-17ab-4318-bbfc-b2c0ac1c8a27', '8348cf14-1586-453c-aecd-157dfb104632', 'Participation', 'test', 65.0675929011777, 100, '2023-02-04T15:08:19.544Z');

INSERT INTO "grades" ("id", "enrollment_id", "assignment_name", "assignment_type", "score", "max_score", "graded_at") VALUES
  ('51429b93-a22f-4242-9c63-fc92309b3a83', 'e5ca3e3b-dd5a-4c0d-bf43-6731644aaca8', 'Participation', 'participation', 93.5298061138019, 100, '2024-10-20T10:33:44.990Z'),
  ('89967634-946b-4ae3-b489-02dd2fa734fc', '19b2e988-5993-48ac-b2dd-f8e5ac208fce', 'Homework 3', 'project', 67.69827045034617, 100, '2024-10-08T20:19:31.020Z'),
  ('937421ea-ffff-45b8-ba40-dd744aec2d4b', 'e377a133-9537-40d3-9a9c-99f7af01eedd', 'Quiz 1', 'test', 54.364861538633704, 10, '2023-03-22T03:30:07.187Z'),
  ('4ffb5b7c-327b-4ebd-9e98-fbe27985c1b9', '8348cf14-1586-453c-aecd-157dfb104632', 'Homework 3', 'project', 89.65113297570497, 100, '2023-03-11T16:07:46.237Z'),
  ('89c9642e-aa72-4ec4-a034-5bb0916d1ff3', 'e01c55f5-8b84-45ab-8e23-28a252cad13d', 'Homework 2', 'test', 56.749882800504565, 100, '2024-09-03T04:37:41.169Z');
