-- =================================================================
-- Generated by RealityDB
-- Template: fintech
-- Seed: 42
-- Generated at: 2026-03-22T04:47:17.386Z
-- =================================================================

-- --- SCHEMA ---------------------------------------------------------

CREATE TABLE "accounts" (
  "id" UUID NOT NULL DEFAULT gen_random_uuid(),
  "account_number" VARCHAR(20) NOT NULL,
  "account_type" VARCHAR(50) NOT NULL,
  "owner_name" VARCHAR(255) NOT NULL,
  "email" VARCHAR(255) NOT NULL,
  "phone" VARCHAR(50),
  "balance_cents" BIGINT NOT NULL DEFAULT 0,
  "currency" VARCHAR(3) NOT NULL DEFAULT 'USD'::character varying,
  "status" VARCHAR(50) NOT NULL DEFAULT 'active'::character varying,
  "routing_number" VARCHAR(20),
  "opened_at" TIMESTAMP WITHOUT TIME ZONE NOT NULL DEFAULT now(),
  "closed_at" TIMESTAMP WITHOUT TIME ZONE,
  PRIMARY KEY ("id")
);

CREATE TABLE "cards" (
  "id" UUID NOT NULL DEFAULT gen_random_uuid(),
  "account_id" UUID,
  "card_number_last_four" VARCHAR(4),
  "card_type" VARCHAR(20),
  "status" VARCHAR(20),
  "daily_limit_cents" INTEGER,
  "expires_at" DATE,
  "created_at" TIMESTAMP WITH TIME ZONE NOT NULL DEFAULT now(),
  PRIMARY KEY ("id"),
  FOREIGN KEY ("account_id") REFERENCES "accounts" ("id")
);

CREATE TABLE "authorizations" (
  "id" UUID NOT NULL DEFAULT gen_random_uuid(),
  "card_id" UUID,
  "merchant_name" VARCHAR(255),
  "amount_cents" INTEGER,
  "status" VARCHAR(20),
  "decline_reason" VARCHAR(100),
  "authorized_at" TIMESTAMP WITH TIME ZONE,
  "created_at" TIMESTAMP WITH TIME ZONE NOT NULL DEFAULT now(),
  PRIMARY KEY ("id"),
  FOREIGN KEY ("card_id") REFERENCES "cards" ("id")
);

CREATE TABLE "transactions" (
  "id" UUID NOT NULL DEFAULT gen_random_uuid(),
  "account_id" UUID NOT NULL,
  "transaction_type" VARCHAR(50) NOT NULL,
  "amount_cents" BIGINT NOT NULL,
  "fee_cents" INTEGER NOT NULL DEFAULT 0,
  "currency" VARCHAR(3) NOT NULL DEFAULT 'USD'::character varying,
  "description" VARCHAR(255),
  "counterparty_name" VARCHAR(255),
  "category" VARCHAR(100),
  "status" VARCHAR(50) NOT NULL DEFAULT 'completed'::character varying,
  "reference_id" VARCHAR(100),
  "created_at" TIMESTAMP WITHOUT TIME ZONE NOT NULL DEFAULT now(),
  PRIMARY KEY ("id"),
  FOREIGN KEY ("account_id") REFERENCES "accounts" ("id")
);

CREATE TABLE "chargebacks" (
  "id" UUID NOT NULL DEFAULT gen_random_uuid(),
  "transaction_id" UUID NOT NULL,
  "reason" VARCHAR(255) NOT NULL,
  "amount_cents" BIGINT NOT NULL,
  "status" VARCHAR(50) NOT NULL DEFAULT 'open'::character varying,
  "filed_at" TIMESTAMP WITHOUT TIME ZONE NOT NULL DEFAULT now(),
  "resolved_at" TIMESTAMP WITHOUT TIME ZONE,
  PRIMARY KEY ("id"),
  FOREIGN KEY ("transaction_id") REFERENCES "transactions" ("id")
);

CREATE TABLE "compliance_checks" (
  "id" UUID NOT NULL DEFAULT gen_random_uuid(),
  "account_id" UUID,
  "check_type" VARCHAR(50),
  "result" VARCHAR(20),
  "notes" TEXT,
  "performed_at" TIMESTAMP WITH TIME ZONE,
  "created_at" TIMESTAMP WITH TIME ZONE NOT NULL DEFAULT now(),
  PRIMARY KEY ("id"),
  FOREIGN KEY ("account_id") REFERENCES "accounts" ("id")
);

CREATE TABLE "fraud_alerts" (
  "id" UUID NOT NULL DEFAULT gen_random_uuid(),
  "transaction_id" UUID NOT NULL,
  "alert_type" VARCHAR(100) NOT NULL,
  "severity" VARCHAR(20) NOT NULL DEFAULT 'medium'::character varying,
  "status" VARCHAR(50) NOT NULL DEFAULT 'open'::character varying,
  "description" TEXT,
  "created_at" TIMESTAMP WITHOUT TIME ZONE NOT NULL DEFAULT now(),
  "resolved_at" TIMESTAMP WITHOUT TIME ZONE,
  PRIMARY KEY ("id"),
  FOREIGN KEY ("transaction_id") REFERENCES "transactions" ("id")
);

CREATE TABLE "fraud_investigations" (
  "id" UUID NOT NULL DEFAULT gen_random_uuid(),
  "fraud_alert_id" UUID,
  "investigator_notes" TEXT,
  "outcome" VARCHAR(50),
  "amount_recovered_cents" INTEGER,
  "closed_at" TIMESTAMP WITH TIME ZONE,
  "created_at" TIMESTAMP WITH TIME ZONE NOT NULL DEFAULT now(),
  PRIMARY KEY ("id"),
  FOREIGN KEY ("fraud_alert_id") REFERENCES "fraud_alerts" ("id")
);

CREATE TABLE "settlements" (
  "id" UUID NOT NULL DEFAULT gen_random_uuid(),
  "transaction_id" UUID NOT NULL,
  "settlement_type" VARCHAR(50) NOT NULL,
  "amount_cents" BIGINT NOT NULL,
  "status" VARCHAR(50) NOT NULL DEFAULT 'pending'::character varying,
  "settled_at" TIMESTAMP WITHOUT TIME ZONE,
  "created_at" TIMESTAMP WITHOUT TIME ZONE NOT NULL DEFAULT now(),
  PRIMARY KEY ("id"),
  FOREIGN KEY ("transaction_id") REFERENCES "transactions" ("id")
);

CREATE TABLE "transfers" (
  "id" UUID NOT NULL DEFAULT gen_random_uuid(),
  "from_account_id" UUID,
  "to_account_id" UUID,
  "amount_cents" BIGINT NOT NULL,
  "status" VARCHAR(20),
  "reference" VARCHAR(100),
  "created_at" TIMESTAMP WITH TIME ZONE NOT NULL DEFAULT now(),
  PRIMARY KEY ("id"),
  FOREIGN KEY ("from_account_id") REFERENCES "accounts" ("id"),
  FOREIGN KEY ("to_account_id") REFERENCES "accounts" ("id")
);


-- --- DATA -----------------------------------------------------------

INSERT INTO "accounts" ("id", "account_number", "account_type", "owner_name", "email", "phone", "balance_cents", "currency", "status", "routing_number", "opened_at", "closed_at") VALUES
  ('9972daab-2c86-459f-9d78-3fe1be4e3280', 'ACC-000001', 'investment', 'Kathleen Smith', 'melissa.wood.0@gmail.com', '+1-673-225-3402', 308907, 'USD', 'active', 'Kappa the over', '2023-04-26T20:06:14.559Z', '2024-01-10T22:47:47.933Z'),
  ('cf517309-0d8e-483e-a535-4dbddb823448', 'ACC-000002', 'checking', 'Linda Rogers', 'jonathan.cooper.1@aol.com', '+1-270-954-4880', 4711473, 'USD', 'active', 'The gamma theta', '2023-10-12T07:07:34.407Z', '2023-03-16T07:44:39.510Z'),
  ('13b8ef47-b42d-45d2-9efe-90ea6f945698', 'ACC-000003', 'checking', 'Larry Robinson', 'brian.james.2@mail.com', '+1-995-912-4887', 2726066, 'USD', 'active', 'System beta cloud', '2023-03-12T12:20:00.218Z', '2024-10-24T15:24:12.961Z'),
  ('79d221f9-2db5-4339-a929-a75534a0e353', 'ACC-000004', 'credit', 'Donna Wilson', 'gregory.torres.3@gmail.com', '+1-789-708-8883', 4540823, 'USD', 'active', 'Theta over quick', '2023-08-04T22:43:57.555Z', '2023-08-02T21:21:29.687Z'),
  ('4a465607-38fe-42fd-a92b-8f4a656f6baf', 'ACC-000005', 'savings', 'Dorothy Hughes', 'steven.roberts.4@mail.com', '+1-637-671-3118', 1626828, 'USD', 'active', 'System lazy over', '2023-08-12T15:50:30.631Z', '2024-05-16T14:47:16.376Z'),
  ('1f500a93-357b-41b6-a9cf-7027de86d7e4', 'ACC-000006', 'savings', 'Joseph Morris', 'benjamin.lee.5@hotmail.com', '+1-636-987-5427', 4297411, 'GBP', 'active', 'Quick brown over', '2023-12-28T05:22:24.972Z', '2023-08-26T00:58:17.928Z'),
  ('c2fdd0a1-d6da-4959-b2e0-ae59f0a054d8', 'ACC-000007', 'checking', 'Paul Johnson', 'david.cook.6@fastmail.com', '+1-964-903-5196', 3537388, 'USD', 'active', 'Jumps quick alpha', '2024-02-14T01:57:23.731Z', '2023-11-12T19:15:22.457Z'),
  ('b7cbc832-aa84-4178-b56c-544e25814487', 'ACC-000008', 'savings', 'Nicholas Baker', 'susan.smith.7@yahoo.com', '+1-954-255-8835', 2151994, 'USD', 'active', 'Server quick delta', '2024-07-17T07:29:09.597Z', '2023-08-06T23:33:48.708Z'),
  ('9018f7c0-a9cb-4cce-862d-13180f43acab', 'ACC-000009', 'savings', 'Maria Williams', 'donna.king.8@outlook.com', '+1-866-629-2844', 4721488, 'JPY', 'active', 'Kappa client module', '2023-08-19T23:08:23.279Z', '2023-11-12T23:14:50.750Z'),
  ('cf4f7ec0-8caf-4d8b-b7fb-c44fa1aadd63', 'ACC-000010', 'credit', 'Ashley Mendoza', 'michelle.king.9@icloud.com', '+1-869-694-8809', 3457597, 'USD', 'active', 'Module theta alpha', '2023-09-28T12:59:11.408Z', '2023-06-18T00:23:57.686Z');

INSERT INTO "cards" ("id", "account_id", "card_number_last_four", "card_type", "status", "daily_limit_cents", "expires_at", "created_at") VALUES
  ('bdb62fd8-e78b-4812-bfe4-ac6b719db784', '9972daab-2c86-459f-9d78-3fe1be4e3280', 'Over', 'debit', 'blocked', 845963, '2024-12-11T11:59:17.063Z', '2024-10-31T03:11:18.359Z'),
  ('0845b345-dba0-48e3-9819-a03d7a4742b8', '1f500a93-357b-41b6-a9cf-7027de86d7e4', 'Thet', 'credit', 'active', 922685, '2024-12-28T12:03:17.531Z', '2024-11-19T01:56:40.433Z'),
  ('08573d3a-fd94-4757-a608-bccc6034c981', 'cf517309-0d8e-483e-a535-4dbddb823448', 'Brow', 'credit', 'blocked', 518853, '2024-12-03T10:51:35.196Z', '2024-08-25T22:41:22.282Z'),
  ('258dac34-c53d-42a8-9a8e-34ec85be0cf5', '1f500a93-357b-41b6-a9cf-7027de86d7e4', 'Alph', 'credit', 'blocked', 288484, '2024-12-06T02:48:04.670Z', '2024-02-03T06:11:11.267Z'),
  ('2ea48130-da16-42fe-b678-829e7cac28fa', '9018f7c0-a9cb-4cce-862d-13180f43acab', 'Gamm', 'credit', 'active', 510919, '2024-12-24T10:25:35.050Z', '2024-01-02T11:33:39.496Z'),
  ('08dc5d6d-4081-4aaa-90e6-c3a8cf0d968c', '4a465607-38fe-42fd-a92b-8f4a656f6baf', 'Kapp', 'debit', 'active', 722869, '2024-12-31T21:19:55.173Z', '2023-08-15T11:55:02.255Z'),
  ('2e5eb9ee-479e-4776-8b91-7e7177c01fb7', '1f500a93-357b-41b6-a9cf-7027de86d7e4', 'Modu', 'debit', 'expired', 109125, '2024-12-16T12:25:21.155Z', '2024-01-11T15:17:32.530Z'),
  ('ae8e9cda-aafb-4af7-8ff5-cf2816fe087d', '9018f7c0-a9cb-4cce-862d-13180f43acab', 'Syst', 'credit', 'active', 926945, '2024-12-12T07:52:37.606Z', '2024-07-02T02:37:51.731Z'),
  ('275fb90c-233d-4e5f-a2f9-68cabd04afe0', '13b8ef47-b42d-45d2-9efe-90ea6f945698', 'Sigm', 'debit', 'expired', 649616, '2024-12-22T13:07:19.601Z', '2024-01-27T20:01:31.476Z'),
  ('87fe2c98-13a4-4b6f-98d5-64962bf92ead', 'b7cbc832-aa84-4178-b56c-544e25814487', 'Sigm', 'credit', 'blocked', 50137, '2024-12-30T04:30:41.719Z', '2024-10-23T05:42:25.579Z'),
  ('e8000886-0ebe-4200-a7d3-5832bea70ca0', '1f500a93-357b-41b6-a9cf-7027de86d7e4', 'Clie', 'debit', 'active', 610870, '2024-12-26T03:52:59.331Z', '2024-09-24T07:51:33.089Z'),
  ('b5bb48ec-f16e-4856-aafa-e4b157e882ea', '13b8ef47-b42d-45d2-9efe-90ea6f945698', 'Jump', 'debit', 'cancelled', 70186, '2024-12-12T10:42:30.219Z', '2023-10-18T10:51:59.918Z'),
  ('fd40f639-f24e-4363-b749-f1a050825d72', 'cf517309-0d8e-483e-a535-4dbddb823448', 'Sigm', 'debit', 'expired', 607953, '2024-12-06T08:58:54.990Z', '2024-02-12T01:29:46.543Z'),
  ('a17496a9-a068-4c01-b561-530420a6470b', '4a465607-38fe-42fd-a92b-8f4a656f6baf', 'Syst', 'debit', 'active', 639633, '2024-12-21T19:03:11.073Z', '2024-04-20T12:25:38.684Z'),
  ('9d77d015-3358-42db-b377-2ca99cc0f067', '79d221f9-2db5-4339-a929-a75534a0e353', 'Jump', 'debit', 'active', 864577, '2024-12-29T03:36:07.074Z', '2023-12-07T19:26:33.197Z'),
  ('8599f986-ac86-46e2-9639-eb63b4897053', '79d221f9-2db5-4339-a929-a75534a0e353', 'Gamm', 'credit', 'active', 610263, '2024-12-17T05:24:22.650Z', '2023-12-20T19:16:58.746Z'),
  ('ba9268ff-386d-4a27-8c1f-56c4867361ff', 'b7cbc832-aa84-4178-b56c-544e25814487', 'Zeta', 'debit', 'active', 300758, '2024-12-28T14:47:45.485Z', '2023-04-25T13:40:00.788Z'),
  ('601ef20b-c093-409e-a030-d738f8736a05', '79d221f9-2db5-4339-a929-a75534a0e353', 'Quic', 'debit', 'active', 964201, '2024-12-09T00:44:23.237Z', '2024-07-17T06:52:54.999Z'),
  ('1f30b0ca-f9da-433e-b482-d23600d7e8ee', '13b8ef47-b42d-45d2-9efe-90ea6f945698', 'Jump', 'credit', 'active', 136251, '2024-12-12T22:53:46.253Z', '2023-08-17T17:31:01.752Z'),
  ('cb03d839-865e-4346-a6fd-8e3408cf0aed', '79d221f9-2db5-4339-a929-a75534a0e353', 'Modu', 'debit', 'active', 318210, '2024-12-29T22:22:02.940Z', '2023-09-23T07:26:12.457Z'),
  ('8b99a897-10e1-4f9f-aace-396c1af0323b', 'c2fdd0a1-d6da-4959-b2e0-ae59f0a054d8', 'Omeg', 'debit', 'active', 457580, '2024-12-10T06:29:06.137Z', '2024-11-03T04:07:07.757Z'),
  ('9fa6a6e0-da7c-4725-b5a7-6631faec6eec', 'cf4f7ec0-8caf-4d8b-b7fb-c44fa1aadd63', 'Brow', 'debit', 'active', 808439, '2024-12-21T16:24:55.760Z', '2023-07-22T15:43:05.477Z'),
  ('5af50ff2-bd75-4b44-9e45-3507b5274109', 'b7cbc832-aa84-4178-b56c-544e25814487', 'Brow', 'debit', 'active', 660633, '2024-12-14T06:17:51.500Z', '2024-05-26T10:20:36.622Z'),
  ('c8dfbdaa-7b5e-49fb-8c69-694aad5a30a4', 'b7cbc832-aa84-4178-b56c-544e25814487', 'Lamb', 'credit', 'active', 532985, '2024-12-20T08:12:53.940Z', '2023-04-17T19:10:12.327Z'),
  ('400f9b04-21ba-4b3c-ac62-f87bb7dbcf44', '9018f7c0-a9cb-4cce-862d-13180f43acab', 'Gamm', 'credit', 'blocked', 896390, '2024-12-17T07:40:00.028Z', '2024-06-30T15:46:49.510Z');

INSERT INTO "authorizations" ("id", "card_id", "merchant_name", "amount_cents", "status", "decline_reason", "authorized_at", "created_at") VALUES
  ('9da246e4-cba0-4083-a968-f5d116e0b7d5', '2e5eb9ee-479e-4776-8b91-7e7177c01fb7', 'Summit Solutions', 196145, 'approved', 'limit_exceeded', '2024-03-08T00:16:18.781Z', '2024-04-08T05:23:29.277Z'),
  ('880b49f7-f591-4832-96e0-4949ffa93f4d', '08dc5d6d-4081-4aaa-90e6-c3a8cf0d968c', 'Pinnacle Technologies', 494130, 'approved', 'card_blocked', '2023-06-30T15:55:42.400Z', '2024-08-26T03:20:01.438Z'),
  ('9375975a-7d79-4da8-b7af-cf9e22542cdf', '08573d3a-fd94-4757-a608-bccc6034c981', 'Catalyst Solutions', 139309, 'approved', 'card_blocked', '2024-11-10T21:39:14.882Z', '2023-06-02T21:24:26.311Z'),
  ('793c9e8f-86d6-4a2b-80d3-c98514453cce', 'b5bb48ec-f16e-4856-aafa-e4b157e882ea', 'Summit Corp', 311608, 'approved', 'suspicious_activity', '2023-01-28T05:07:00.219Z', '2024-01-06T15:30:50.081Z'),
  ('dbe9b4da-5c31-4f81-9f47-f8f7b9fa3ecb', '0845b345-dba0-48e3-9819-a03d7a4742b8', 'Nova Ltd', 317511, 'reversed', 'expired_card', '2023-07-04T17:47:29.209Z', '2023-05-19T06:36:23.588Z'),
  ('fecddb99-e75f-4e0a-9e33-bd35ad38c74c', 'bdb62fd8-e78b-4812-bfe4-ac6b719db784', 'Summit LLC', 471680, 'reversed', 'card_blocked', '2024-05-04T22:23:43.036Z', '2023-03-17T07:58:19.851Z'),
  ('be39542b-94e6-43cd-96b2-b83e42693af5', '258dac34-c53d-42a8-9a8e-34ec85be0cf5', 'Nexus Solutions', 168589, 'declined', 'limit_exceeded', '2023-07-28T22:23:24.123Z', '2024-08-19T17:44:25.093Z'),
  ('3282e366-d410-4a9d-a221-a1df33130831', '2e5eb9ee-479e-4776-8b91-7e7177c01fb7', 'Cascade Technologies', 198296, 'approved', 'card_blocked', '2023-12-28T21:56:51.391Z', '2024-07-17T23:22:12.753Z'),
  ('43b0787b-f989-40e5-82a6-1d258cf9533b', '08dc5d6d-4081-4aaa-90e6-c3a8cf0d968c', 'Zenith Co', 169952, 'approved', 'card_blocked', '2024-11-10T16:55:42.435Z', '2024-01-05T10:55:36.206Z'),
  ('be220648-396f-4be0-a16a-a238ea32b2d3', 'fd40f639-f24e-4363-b749-f1a050825d72', 'Pulse Corp', 328345, 'approved', 'insufficient_funds', '2024-01-09T00:11:44.680Z', '2024-07-19T07:35:40.813Z'),
  ('5f75227e-563d-4d51-bec7-0b6ed2a97516', '9d77d015-3358-42db-b377-2ca99cc0f067', 'Summit LLC', 413312, 'approved', 'suspicious_activity', '2024-03-10T05:52:17.998Z', '2023-06-19T13:12:30.001Z'),
  ('927ed39f-633d-40ed-afc4-cda42f2f1fe9', '601ef20b-c093-409e-a030-d738f8736a05', 'Zenith Ltd', 145108, 'approved', 'limit_exceeded', '2024-05-16T07:08:57.626Z', '2024-03-03T05:29:42.724Z'),
  ('fee0bb03-87eb-4b1b-8d6d-47d5db9a0eef', '275fb90c-233d-4e5f-a2f9-68cabd04afe0', 'Pulse Corp', 241332, 'approved', 'suspicious_activity', '2023-04-22T01:02:26.831Z', '2024-05-15T04:22:02.683Z'),
  ('2e1a7e36-c68d-4aed-a2bd-49280d05c510', '0845b345-dba0-48e3-9819-a03d7a4742b8', 'Vertex Corp', 245110, 'approved', 'insufficient_funds', '2023-07-11T09:30:59.028Z', '2023-01-29T02:34:55.447Z'),
  ('7a786015-fd93-4529-9408-30bab7623567', '1f30b0ca-f9da-433e-b482-d23600d7e8ee', 'Summit LLC', 221853, 'declined', 'card_blocked', '2024-11-13T01:02:35.645Z', '2024-10-18T20:36:31.304Z'),
  ('f795ff76-6b69-4acb-ab2d-eaf09b6d47b2', '08dc5d6d-4081-4aaa-90e6-c3a8cf0d968c', 'Horizon Group', 463499, 'approved', 'limit_exceeded', '2024-08-23T20:22:24.815Z', '2023-03-11T21:26:50.725Z'),
  ('5c66655c-82f9-4373-8b26-18cc8307c3bf', '1f30b0ca-f9da-433e-b482-d23600d7e8ee', 'Zenith Group', 365481, 'declined', 'insufficient_funds', '2023-05-29T10:58:55.225Z', '2024-02-21T17:09:15.680Z'),
  ('83f7c890-3073-48e2-b491-f4452cb88f19', '258dac34-c53d-42a8-9a8e-34ec85be0cf5', 'Catalyst LLC', 497624, 'reversed', 'suspicious_activity', '2024-05-25T03:56:52.080Z', '2024-01-26T22:57:49.471Z'),
  ('7340474b-1bfd-4278-922a-ed6d89a9f067', '1f30b0ca-f9da-433e-b482-d23600d7e8ee', 'Catalyst Co', 24779, 'approved', 'insufficient_funds', '2023-02-27T22:32:52.251Z', '2023-06-12T08:28:44.366Z'),
  ('c381444e-92bf-4ff1-af0b-57df8a3a08cf', 'c8dfbdaa-7b5e-49fb-8c69-694aad5a30a4', 'Synergy LLC', 151986, 'approved', 'insufficient_funds', '2024-06-20T00:39:13.207Z', '2023-01-06T12:02:50.805Z'),
  ('185d2130-323c-4742-92ba-35e486b221e4', 'fd40f639-f24e-4363-b749-f1a050825d72', 'Horizon Solutions', 326595, 'approved', 'insufficient_funds', '2024-10-28T11:53:51.602Z', '2023-01-06T05:26:07.662Z'),
  ('b15fbf2b-501e-4552-8db2-7558219f9ab6', '601ef20b-c093-409e-a030-d738f8736a05', 'Apex Corp', 239270, 'approved', 'insufficient_funds', '2023-04-03T01:25:31.973Z', '2023-10-17T22:39:33.070Z'),
  ('c5988af1-3001-4a1c-bcdb-8300e5db3412', 'c8dfbdaa-7b5e-49fb-8c69-694aad5a30a4', 'Fusion LLC', 332420, 'approved', 'card_blocked', '2024-08-20T17:03:51.892Z', '2023-03-02T23:24:29.756Z'),
  ('e508e159-4cc1-4f80-ac2c-d6fab93ccfe3', 'fd40f639-f24e-4363-b749-f1a050825d72', 'Nexus Corp', 47757, 'approved', 'limit_exceeded', '2024-12-10T11:47:10.357Z', '2023-07-14T11:34:28.678Z'),
  ('9d83ad23-a95c-432b-9a15-742459cf1ea3', 'bdb62fd8-e78b-4812-bfe4-ac6b719db784', 'Summit Technologies', 21999, 'approved', 'insufficient_funds', '2024-07-01T22:01:15.900Z', '2024-06-29T15:43:11.492Z'),
  ('8d8cfcab-af62-4e78-93a1-f22c0cebce3b', '0845b345-dba0-48e3-9819-a03d7a4742b8', 'Nexus Group', 243398, 'approved', 'insufficient_funds', '2023-05-04T14:11:59.181Z', '2024-02-17T22:51:26.666Z'),
  ('22f1fdae-b7a1-4b06-88cf-3daeb9aa2ae4', 'fd40f639-f24e-4363-b749-f1a050825d72', 'Prism Solutions', 121827, 'declined', 'suspicious_activity', '2024-12-08T00:09:01.326Z', '2024-08-12T10:18:10.317Z'),
  ('a3e6448e-52a0-4147-8818-2030d4282bbf', 'b5bb48ec-f16e-4856-aafa-e4b157e882ea', 'Nova Inc', 301095, 'approved', 'suspicious_activity', '2024-09-21T03:33:32.320Z', '2023-10-10T21:28:06.710Z'),
  ('ce22ca0b-6b5d-4951-907b-69b978fc9acb', 'a17496a9-a068-4c01-b561-530420a6470b', 'Cascade Group', 75423, 'declined', 'limit_exceeded', '2024-12-04T21:48:47.274Z', '2024-03-15T14:13:08.911Z'),
  ('f2708b74-4682-47e6-8643-cf8930b653ac', '8599f986-ac86-46e2-9639-eb63b4897053', 'Cascade Co', 104709, 'approved', 'card_blocked', '2023-07-03T20:03:21.049Z', '2023-05-30T12:31:38.602Z'),
  ('7de0410b-92e6-46a9-92a7-b1756344dd1d', '87fe2c98-13a4-4b6f-98d5-64962bf92ead', 'Orbit Inc', 376501, 'approved', 'card_blocked', '2024-01-04T11:57:05.686Z', '2024-10-09T00:48:59.514Z'),
  ('6653effe-43d1-4ae4-b9a5-04f62d0f2b34', '400f9b04-21ba-4b3c-ac62-f87bb7dbcf44', 'Echo Corp', 24167, 'approved', 'limit_exceeded', '2023-07-10T21:55:14.709Z', '2023-04-01T07:42:34.665Z'),
  ('f161ddf3-ab2f-4811-8e8d-4e8b43692bbd', '8b99a897-10e1-4f9f-aace-396c1af0323b', 'Vanguard Group', 262901, 'approved', 'suspicious_activity', '2023-11-22T20:24:01.884Z', '2024-10-23T07:26:41.855Z'),
  ('351f512c-3b1b-4665-aab1-78d9df1df0f2', '9fa6a6e0-da7c-4725-b5a7-6631faec6eec', 'Horizon Co', 166429, 'approved', 'suspicious_activity', '2023-12-25T22:51:28.319Z', '2024-06-12T12:03:51.817Z'),
  ('ab637222-0e31-401e-b953-3d940caa2521', '2e5eb9ee-479e-4776-8b91-7e7177c01fb7', 'Orbit Group', 488333, 'approved', 'card_blocked', '2024-01-05T12:14:09.416Z', '2024-09-24T10:12:24.949Z'),
  ('d23a1a20-4a4b-41b7-b939-5545e95e2e2e', '08dc5d6d-4081-4aaa-90e6-c3a8cf0d968c', 'Synergy Corp', 494199, 'approved', 'card_blocked', '2023-05-03T09:50:56.659Z', '2023-08-22T08:19:12.103Z'),
  ('a16de607-a59c-40fc-a7e7-39fa56473a14', '400f9b04-21ba-4b3c-ac62-f87bb7dbcf44', 'Zenith LLC', 344351, 'approved', 'insufficient_funds', '2023-05-01T01:37:05.101Z', '2023-10-16T01:58:22.149Z'),
  ('2fd2e07b-8f6e-4728-b415-998f05ae5020', 'c8dfbdaa-7b5e-49fb-8c69-694aad5a30a4', 'Summit LLC', 64521, 'approved', 'expired_card', '2024-12-10T18:05:53.572Z', '2023-09-16T07:01:49.644Z'),
  ('eef39137-9e3c-4d03-be67-bff50ca02419', 'ba9268ff-386d-4a27-8c1f-56c4867361ff', 'Summit Ltd', 2859, 'approved', 'card_blocked', '2024-01-14T11:41:41.635Z', '2023-01-29T18:26:37.041Z'),
  ('f9c18e30-e1cd-45ae-8d51-447bfdfb7b89', '1f30b0ca-f9da-433e-b482-d23600d7e8ee', 'Apex Inc', 13410, 'approved', 'limit_exceeded', '2023-12-14T15:55:42.680Z', '2023-03-19T21:34:02.236Z'),
  ('623ac603-704a-4f7a-85a1-794322d086b1', '400f9b04-21ba-4b3c-ac62-f87bb7dbcf44', 'Quantum Solutions', 4386, 'approved', 'insufficient_funds', '2023-02-28T09:51:25.075Z', '2024-05-27T18:46:21.257Z'),
  ('27c38e53-e2ee-48c7-84a1-9b2b785013ae', '400f9b04-21ba-4b3c-ac62-f87bb7dbcf44', 'Apex LLC', 382512, 'approved', 'limit_exceeded', '2023-05-10T06:13:33.756Z', '2024-03-28T23:58:59.095Z'),
  ('3ffb60fb-0954-4f9c-8ae2-8e8256a58ae0', '601ef20b-c093-409e-a030-d738f8736a05', 'Pulse Co', 200059, 'approved', 'card_blocked', '2023-07-28T21:03:37.164Z', '2023-11-28T04:10:29.512Z'),
  ('f9d78ce8-bad8-4041-a789-b177da73306f', '2ea48130-da16-42fe-b678-829e7cac28fa', 'Ember Inc', 317111, 'approved', 'suspicious_activity', '2023-03-13T01:50:35.473Z', '2024-01-19T12:54:51.095Z'),
  ('49350f8a-3c0a-4b9c-9e79-261ba11e2608', '08573d3a-fd94-4757-a608-bccc6034c981', 'Pinnacle LLC', 363219, 'approved', 'limit_exceeded', '2024-03-27T20:22:51.963Z', '2023-04-07T13:37:54.293Z'),
  ('17068f6b-ec3b-4ee3-ba0b-7b22fb0f4799', 'a17496a9-a068-4c01-b561-530420a6470b', 'Prism Technologies', 159105, 'approved', 'insufficient_funds', '2023-02-25T22:46:19.075Z', '2024-12-22T05:08:33.491Z'),
  ('b1ca9af1-8f2c-4193-8e26-5b32617ea434', 'ae8e9cda-aafb-4af7-8ff5-cf2816fe087d', 'Summit Corp', 431682, 'approved', 'suspicious_activity', '2023-06-13T20:06:31.792Z', '2023-03-23T01:12:06.500Z'),
  ('77a13395-3730-435a-9c99-f7af01eedd91', '8b99a897-10e1-4f9f-aace-396c1af0323b', 'Fusion Ltd', 271152, 'approved', 'limit_exceeded', '2024-03-19T15:14:07.286Z', '2023-01-28T22:26:43.440Z'),
  ('e3caf712-7d31-4dca-8ad3-4c9c5db6eedb', '8599f986-ac86-46e2-9639-eb63b4897053', 'Vanguard Group', 102145, 'approved', 'suspicious_activity', '2023-03-06T21:14:31.539Z', '2024-10-21T06:42:14.098Z'),
  ('4db1a763-b2c7-405c-bd4f-1c19b2e98859', '9d77d015-3358-42db-b377-2ca99cc0f067', 'Apex Group', 348761, 'declined', 'limit_exceeded', '2023-03-18T02:28:00.307Z', '2023-08-27T12:26:42.123Z');

INSERT INTO "authorizations" ("id", "card_id", "merchant_name", "amount_cents", "status", "decline_reason", "authorized_at", "created_at") VALUES
  ('208fce69-1bd3-4e7b-82b3-1613b0986504', '8b99a897-10e1-4f9f-aace-396c1af0323b', 'Orbit Group', 348427, 'approved', 'insufficient_funds', '2024-05-07T02:06:01.659Z', '2024-08-22T11:30:42.664Z'),
  ('d58220fb-6d07-4816-a626-106aca15f2e3', '9d77d015-3358-42db-b377-2ca99cc0f067', 'Vertex Inc', 146688, 'approved', 'suspicious_activity', '2023-10-24T12:15:13.907Z', '2024-05-10T18:47:04.407Z'),
  ('98b792d6-5eb1-40fc-ade7-9eff17079cf6', '0845b345-dba0-48e3-9819-a03d7a4742b8', 'Pulse LLC', 481407, 'approved', 'card_blocked', '2024-05-29T01:29:52.134Z', '2023-08-29T18:50:30.558Z'),
  ('dd7bf11f-6643-4b80-80ac-19c4d9a4e81e', '258dac34-c53d-42a8-9a8e-34ec85be0cf5', 'Nova Group', 86602, 'approved', 'insufficient_funds', '2023-01-17T16:08:16.029Z', '2023-11-26T15:43:37.019Z'),
  ('b74801dd-8936-4912-9ca9-6c6d4d6a952d', 'a17496a9-a068-4c01-b561-530420a6470b', 'Summit LLC', 118574, 'approved', 'insufficient_funds', '2024-03-23T09:32:53.322Z', '2023-06-22T06:29:37.873Z'),
  ('2c60494e-fc19-4230-ba40-45966cd296e2', '0845b345-dba0-48e3-9819-a03d7a4742b8', 'Pinnacle Solutions', 354968, 'approved', 'insufficient_funds', '2023-08-11T10:42:59.718Z', '2023-03-22T10:17:47.870Z'),
  ('67dd4a2e-b486-404f-9ccd-3799f45f7780', '9d77d015-3358-42db-b377-2ca99cc0f067', 'Prism Solutions', 403462, 'approved', 'insufficient_funds', '2023-07-11T21:09:38.246Z', '2023-07-03T11:26:47.247Z'),
  ('fb9a293b-ce5b-461c-a37a-130db767a80d', '601ef20b-c093-409e-a030-d738f8736a05', 'Quantum Ltd', 44682, 'approved', 'insufficient_funds', '2023-03-06T20:10:25.425Z', '2023-11-18T14:39:28.375Z'),
  ('1ebd516f-d00b-4ba5-8ee8-b5603af7203a', 'ae8e9cda-aafb-4af7-8ff5-cf2816fe087d', 'Vertex Group', 123692, 'approved', 'card_blocked', '2023-12-14T16:44:09.683Z', '2024-08-26T06:27:38.268Z'),
  ('d1b7dcff-e122-4887-852f-1474d592fe20', '8b99a897-10e1-4f9f-aace-396c1af0323b', 'Nexus LLC', 191932, 'approved', 'insufficient_funds', '2023-11-14T23:05:03.659Z', '2023-09-27T18:00:02.411Z'),
  ('2bfc574c-02b1-4454-9ebc-0fe84663138d', '1f30b0ca-f9da-433e-b482-d23600d7e8ee', 'Quantum Technologies', 149252, 'approved', 'limit_exceeded', '2023-07-31T06:27:23.931Z', '2024-05-30T12:31:45.330Z'),
  ('c994e8e5-ca3e-4bdd-9a5c-0dff43673164', 'ae8e9cda-aafb-4af7-8ff5-cf2816fe087d', 'Vanguard Group', 156535, 'approved', 'suspicious_activity', '2023-04-10T05:07:43.896Z', '2023-08-23T22:06:29.707Z'),
  ('c002d482-42d4-4099-873e-af5994f2777e', '9fa6a6e0-da7c-4725-b5a7-6631faec6eec', 'Fusion Co', 257510, 'approved', 'expired_card', '2024-11-04T08:06:02.218Z', '2024-11-01T12:43:05.283Z'),
  ('86d53cae-cd15-4dfb-9046-323bade7d688', 'cb03d839-865e-4346-a6fd-8e3408cf0aed', 'Vertex Inc', 190627, 'approved', 'limit_exceeded', '2023-07-25T13:12:16.353Z', '2024-12-26T18:30:45.644Z'),
  ('7e873e2f-31c4-4963-bc0a-31a628d0e0d1', 'bdb62fd8-e78b-4812-bfe4-ac6b719db784', 'Vertex Group', 418031, 'declined', 'insufficient_funds', '2024-05-14T00:08:45.591Z', '2023-07-02T00:15:30.936Z'),
  ('2b6c167b-3aab-4ee0-9c55-f58b8425abce', '258dac34-c53d-42a8-9a8e-34ec85be0cf5', 'Horizon Group', 161795, 'approved', 'expired_card', '2024-07-08T18:38:18.786Z', '2024-05-06T03:53:03.272Z'),
  ('df35faee-3ffe-443b-8b32-170c19f71e58', '8b99a897-10e1-4f9f-aace-396c1af0323b', 'Synergy Technologies', 265924, 'approved', 'suspicious_activity', '2023-09-18T08:43:41.894Z', '2023-03-18T20:32:40.240Z'),
  ('8d58a612-9320-43b3-a22a-db3ff8149a16', 'bdb62fd8-e78b-4812-bfe4-ac6b719db784', 'Vertex Solutions', 150776, 'approved', 'limit_exceeded', '2023-07-14T13:39:38.327Z', '2023-10-10T20:12:18.824Z'),
  ('a9c7320c-3b9c-42f2-b856-37ab84b785c9', '400f9b04-21ba-4b3c-ac62-f87bb7dbcf44', 'Summit LLC', 308444, 'reversed', 'card_blocked', '2024-10-09T08:08:09.317Z', '2023-06-24T21:56:25.997Z'),
  ('23073511-a437-4382-b78b-bb72acfa5fc2', 'a17496a9-a068-4c01-b561-530420a6470b', 'Quantum Group', 318509, 'approved', 'limit_exceeded', '2024-05-28T17:42:31.695Z', '2023-07-20T04:47:34.018Z'),
  ('ee7487c9-fa55-44ad-8161-d6b84cf29ebd', '8599f986-ac86-46e2-9639-eb63b4897053', 'Catalyst Inc', 186916, 'approved', 'insufficient_funds', '2023-08-24T20:10:28.519Z', '2024-05-05T16:16:40.361Z'),
  ('f16f39c1-dbe3-473f-945b-af3dfafd719f', '9fa6a6e0-da7c-4725-b5a7-6631faec6eec', 'Pinnacle Co', 294310, 'approved', 'insufficient_funds', '2024-11-14T21:29:39.412Z', '2023-10-05T05:13:02.898Z'),
  ('6c9a5347-c01e-4358-bbdf-00bf4d407096', '9d77d015-3358-42db-b377-2ca99cc0f067', 'Prism Inc', 433623, 'approved', 'insufficient_funds', '2024-06-15T07:26:34.038Z', '2023-06-17T14:25:55.774Z'),
  ('40d13d6e-e5a1-4975-b8d1-9aee22211383', '1f30b0ca-f9da-433e-b482-d23600d7e8ee', 'Quantum Technologies', 436212, 'approved', 'suspicious_activity', '2024-10-30T18:42:11.425Z', '2024-05-24T21:17:56.228Z'),
  ('5e128681-d89b-4359-b0cf-cbcbbcac8040', '8b99a897-10e1-4f9f-aace-396c1af0323b', 'Orbit Co', 379299, 'approved', 'suspicious_activity', '2023-05-29T15:49:34.890Z', '2023-09-28T03:41:56.752Z'),
  ('766343cf-989d-47ba-9662-62306e6c1d25', 'c8dfbdaa-7b5e-49fb-8c69-694aad5a30a4', 'Catalyst Co', 349341, 'approved', 'expired_card', '2024-04-20T22:35:29.108Z', '2023-04-20T03:54:58.099Z'),
  ('b0f2a0dc-a940-4651-8a77-7cdaf30e4d63', '8b99a897-10e1-4f9f-aace-396c1af0323b', 'Prism Inc', 314168, 'approved', 'suspicious_activity', '2024-02-01T21:23:23.564Z', '2023-03-06T09:42:03.105Z'),
  ('40f72da8-777e-4c7e-8ec3-304dcb062fa0', '2ea48130-da16-42fe-b678-829e7cac28fa', 'Zenith Co', 94456, 'approved', 'insufficient_funds', '2023-07-12T21:04:27.204Z', '2023-06-07T06:31:56.377Z'),
  ('f82594e8-f386-4fdb-957a-e13493f756ff', '601ef20b-c093-409e-a030-d738f8736a05', 'Vertex Corp', 311925, 'declined', 'limit_exceeded', '2024-11-03T08:02:41.426Z', '2024-01-29T19:06:59.598Z'),
  ('ec20bdfa-7c12-4346-b4f5-ad62645f1b9c', '9d77d015-3358-42db-b377-2ca99cc0f067', 'Nexus Corp', 111426, 'approved', 'suspicious_activity', '2023-12-13T15:11:45.088Z', '2023-02-15T06:31:22.697Z');

INSERT INTO "compliance_checks" ("id", "account_id", "check_type", "result", "notes", "performed_at", "created_at") VALUES
  ('6c44ceeb-223e-4ec8-bb8b-50675951ccf3', 'cf517309-0d8e-483e-a535-4dbddb823448', 'pep_check', 'pass', 'Kappa omega omega jumps alpha server sigma engine', '2023-04-26T20:42:36.588Z', '2024-02-27T02:30:49.289Z'),
  ('73c0fca4-6a58-486c-878f-666849c81c4d', 'cf517309-0d8e-483e-a535-4dbddb823448', 'kyc_verification', 'pass', 'Platform dog module service process module beta beta', '2024-03-14T08:06:10.578Z', '2024-11-01T17:22:59.201Z'),
  ('ca66d10a-287c-40a8-aea4-7fa150f32b78', '9972daab-2c86-459f-9d78-3fe1be4e3280', 'kyc_verification', 'review_needed', 'Client zeta service lazy server client brown data', '2023-01-03T17:54:49.975Z', '2024-11-04T04:53:24.021Z'),
  ('a7c78adb-925f-44a4-83cc-05e95c6157c4', '79d221f9-2db5-4339-a929-a75534a0e353', 'pep_check', 'pass', 'Epsilon theta lambda lazy beta jumps quick fox', '2024-10-17T15:57:14.640Z', '2024-10-14T22:54:59.358Z'),
  ('bacf9e6a-d5c0-4b8a-811f-729d6eb61598', '13b8ef47-b42d-45d2-9efe-90ea6f945698', 'kyc_verification', 'review_needed', 'Client dog cloud zeta brown platform lazy epsilon', '2023-08-22T03:46:16.667Z', '2023-05-31T04:46:21.212Z'),
  ('5a84c147-429d-4c9b-9fa0-9a535f70f283', '4a465607-38fe-42fd-a92b-8f4a656f6baf', 'kyc_verification', 'fail', 'Gamma the process server lazy the process brown', '2024-11-04T12:29:31.427Z', '2023-02-20T02:58:42.316Z'),
  ('f072e948-102d-4c64-89de-b4550ef27006', 'cf4f7ec0-8caf-4d8b-b7fb-c44fa1aadd63', 'kyc_verification', 'pass', 'System client omega module server data omega delta', '2024-12-13T13:09:22.749Z', '2023-04-21T20:25:59.297Z'),
  ('6dba199f-422a-4538-8ac9-6322fdbdbeaa', '4a465607-38fe-42fd-a92b-8f4a656f6baf', 'kyc_verification', 'pass', 'System platform brown theta server data client process', '2023-02-27T23:17:06.832Z', '2023-06-29T20:13:50.061Z'),
  ('12746b38-f92e-43eb-9496-a8af184df778', 'cf517309-0d8e-483e-a535-4dbddb823448', 'aml_screening', 'pass', 'Brown cloud kappa data data alpha gamma platform', '2024-09-13T04:34:43.737Z', '2023-09-04T20:20:11.117Z'),
  ('80725849-21a6-4b93-8a8e-2cf6302e57f3', 'cf4f7ec0-8caf-4d8b-b7fb-c44fa1aadd63', 'aml_screening', 'pass', 'Alpha omega delta theta cloud gamma dog over', '2023-10-15T01:56:51.188Z', '2023-08-05T20:18:56.933Z'),
  ('72806580-0580-450a-8d57-6e0e7aad81b7', '9972daab-2c86-459f-9d78-3fe1be4e3280', 'aml_screening', 'pass', 'Engine theta module module delta cloud platform omega', '2024-07-21T22:20:51.723Z', '2023-02-08T22:09:38.739Z'),
  ('9938c06b-b610-46b7-8366-42d62f7302c6', '9018f7c0-a9cb-4cce-862d-13180f43acab', 'sanctions_check', 'pass', 'Client sigma service platform alpha beta lambda alpha', '2024-12-17T04:18:23.094Z', '2023-05-31T07:46:58.400Z'),
  ('5385d0f3-50cb-4756-9880-0ca260e8a917', '1f500a93-357b-41b6-a9cf-7027de86d7e4', 'sanctions_check', 'pass', 'Module theta dog jumps system system brown lazy', '2024-08-03T06:18:04.101Z', '2023-02-22T05:00:13.543Z'),
  ('51d8ac4c-6230-4999-8b3e-89e5d13f0ac8', '4a465607-38fe-42fd-a92b-8f4a656f6baf', 'aml_screening', 'pass', 'Data engine omega server omega lambda network quick', '2023-11-23T10:39:25.187Z', '2023-03-31T14:51:45.034Z'),
  ('3d792bb0-772c-4048-b8e9-a91ae85dcabf', '1f500a93-357b-41b6-a9cf-7027de86d7e4', 'sanctions_check', 'review_needed', 'Lambda jumps gamma system system zeta quick client', '2024-05-26T19:10:23.096Z', '2024-11-09T16:44:18.607Z'),
  ('1e57b236-e7fe-40d2-b424-0aa5eac024c0', 'cf4f7ec0-8caf-4d8b-b7fb-c44fa1aadd63', 'kyc_verification', 'pass', 'Zeta lambda delta zeta engine theta network jumps', '2024-05-02T22:05:55.792Z', '2024-06-03T17:09:06.665Z'),
  ('08179009-3429-4aee-a3df-75b54ff59a94', '4a465607-38fe-42fd-a92b-8f4a656f6baf', 'aml_screening', 'review_needed', 'Alpha platform lambda cloud module quick quick platform', '2023-07-28T22:06:49.502Z', '2023-10-05T12:03:09.022Z'),
  ('90de0325-a199-4a37-bd56-b0ae258abde1', 'b7cbc832-aa84-4178-b56c-544e25814487', 'kyc_verification', 'pass', 'Quick over fox dog dog lambda gamma module', '2023-08-27T02:28:09.034Z', '2023-03-20T22:32:50.361Z'),
  ('ae7a82f0-2674-4cea-b864-7a8526c9621a', '13b8ef47-b42d-45d2-9efe-90ea6f945698', 'aml_screening', 'review_needed', 'Brown zeta data theta omega process theta engine', '2023-09-28T16:12:09.224Z', '2024-04-08T07:01:08.071Z'),
  ('e7f51b50-2b94-4ad7-963f-51ef4a77298c', 'b7cbc832-aa84-4178-b56c-544e25814487', 'kyc_verification', 'pass', 'Quick fox server lazy process the data theta', '2024-04-18T04:03:22.795Z', '2024-05-06T21:45:59.407Z');

INSERT INTO "transactions" ("id", "account_id", "transaction_type", "amount_cents", "fee_cents", "currency", "description", "counterparty_name", "category", "status", "reference_id", "created_at") VALUES
  ('d74647ad-9cd1-4208-8718-b5ddd43591de', 'c2fdd0a1-d6da-4959-b2e0-ae59f0a054d8', 'fee', 116420, 1948, 'USD', 'The sigma system', 'Atlas Inc', 'groceries', 'completed', 'Gamma lambda beta', '2024-10-15T00:34:00.095Z'),
  ('259051b8-f2f2-4a2a-8c78-27d091b356c0', 'c2fdd0a1-d6da-4959-b2e0-ae59f0a054d8', 'transfer', 453021, 4339, 'EUR', 'Jumps server cloud', 'Atlas LLC', 'healthcare', 'completed', 'Platform module platform', '2023-01-21T17:05:14.787Z'),
  ('479d8a16-fe0e-4873-b648-db30cf6bf881', '9972daab-2c86-459f-9d78-3fe1be4e3280', 'payment', 444972, 1600, 'USD', 'Jumps system system', 'Pinnacle Corp', 'travel', 'completed', 'Service client alpha', '2024-03-12T12:28:59.736Z'),
  ('29619c63-8392-49c5-985f-819df3e862cf', 'c2fdd0a1-d6da-4959-b2e0-ae59f0a054d8', 'transfer', 492595, 2463, 'EUR', 'Brown engine jumps', 'Zenith Technologies', 'transfer', 'completed', 'Engine network lazy', '2024-08-14T20:08:30.270Z'),
  ('31746e7c-d2b4-4aba-916d-a617abe318bb', 'cf4f7ec0-8caf-4d8b-b7fb-c44fa1aadd63', 'payment', 375624, 3377, 'USD', 'Lambda jumps network', 'Cascade Ltd', 'utilities', 'completed', 'Module beta dog', '2023-10-15T10:02:53.949Z'),
  ('93a22f42-425c-43fc-9230-9b3a83acf9e2', '9018f7c0-a9cb-4cce-862d-13180f43acab', 'deposit', 49788, 2680, 'EUR', 'Zeta lazy sigma', 'Fusion LLC', 'salary', 'completed', 'Lambda the client', '2024-08-19T21:48:40.288Z'),
  ('a734fc3a-40cb-467e-9d93-7421eaffff15', 'b7cbc832-aa84-4178-b56c-544e25814487', 'fee', 127009, 4327, 'USD', 'Alpha engine over', 'Atlas Inc', 'entertainment', 'completed', 'Dog service platform', '2024-05-19T07:09:57.754Z'),
  ('fb5b7c32-7b6e-4d9e-98fb-e27985c1b9bc', '13b8ef47-b42d-45d2-9efe-90ea6f945698', 'payment', 413777, 2261, 'CAD', 'Lambda cloud delta', 'Horizon Group', 'utilities', 'completed', 'Cloud omega lazy', '2024-04-15T13:17:15.950Z'),
  ('b0916d1f-f3d7-4b9a-8728-2aaa63307b80', '4a465607-38fe-42fd-a92b-8f4a656f6baf', 'transfer', 478306, 756, 'USD', 'Beta delta delta', 'Fusion LLC', 'travel', 'completed', 'Delta cloud theta', '2024-10-22T08:38:30.930Z'),
  ('24c8c7a3-12e7-40d4-859c-eb88516d0b1b', 'cf4f7ec0-8caf-4d8b-b7fb-c44fa1aadd63', 'payment', 32999, 1546, 'EUR', 'Brown epsilon dog', 'Echo Co', 'healthcare', 'completed', 'Delta theta fox', '2024-03-29T05:01:55.247Z'),
  ('620c95b9-8ff9-4756-bd26-3d0836ef4407', '9972daab-2c86-459f-9d78-3fe1be4e3280', 'withdrawal', 133718, 4388, 'USD', 'Alpha brown alpha', 'Vanguard Solutions', 'restaurants', 'completed', 'Cloud service fox', '2024-06-12T02:44:33.087Z'),
  ('b099383d-25a9-4ec5-a472-5de7581087a9', '4a465607-38fe-42fd-a92b-8f4a656f6baf', 'withdrawal', 252664, 789, 'EUR', 'Server engine server', 'Nova Co', 'utilities', 'completed', 'Dog quick the', '2023-02-25T22:57:46.029Z'),
  ('2d06bf23-d7b6-4a17-b262-b7e2f5b056c2', '79d221f9-2db5-4339-a929-a75534a0e353', 'transfer', 240737, 2605, 'EUR', 'Beta over sigma', 'Vanguard Group', 'education', 'completed', 'The brown zeta', '2024-07-02T18:05:11.703Z'),
  ('c2d38e38-8ae9-41d2-b9f3-9bfbdd953737', 'cf4f7ec0-8caf-4d8b-b7fb-c44fa1aadd63', 'transfer', 69987, 2025, 'USD', 'Kappa data dog', 'Horizon Corp', 'groceries', 'completed', 'Zeta dog client', '2023-03-30T13:12:23.809Z'),
  ('958e6e4c-3965-47f4-8b82-8b0640381a50', '9018f7c0-a9cb-4cce-862d-13180f43acab', 'payment', 12373, 692, 'EUR', 'Over epsilon fox', 'Vertex Ltd', 'salary', 'completed', 'Zeta cloud fox', '2023-09-29T18:11:29.429Z'),
  ('11bdc3b3-a7dc-4033-a0a4-7dab7307fcaf', 'cf4f7ec0-8caf-4d8b-b7fb-c44fa1aadd63', 'transfer', 425096, 4871, 'USD', 'Dog service alpha', 'Vanguard Technologies', 'transfer', 'held', 'Kappa beta client', '2024-01-15T00:16:42.229Z'),
  ('80b68024-e735-4038-9c39-31b35fd8d366', 'cf517309-0d8e-483e-a535-4dbddb823448', 'transfer', 325072, 2922, 'USD', 'System gamma network', 'Summit LLC', 'entertainment', 'reversed', 'Server lambda dog', '2023-05-17T06:23:06.094Z'),
  ('c4bf627e-bec3-4f58-9614-71d0530ff0fa', '4a465607-38fe-42fd-a92b-8f4a656f6baf', 'refund', 105069, 4547, 'USD', 'The theta server', 'Nova Technologies', 'travel', 'completed', 'Module omega lambda', '2024-10-19T13:04:19.317Z'),
  ('6a72b329-a50c-4880-a83b-867f03e31db3', '1f500a93-357b-41b6-a9cf-7027de86d7e4', 'fee', 28428, 4746, 'USD', 'Network epsilon zeta', 'Atlas Inc', 'transfer', 'completed', 'Module kappa quick', '2023-10-07T20:44:14.914Z'),
  ('1f45760a-72f3-4e48-b031-036598afd98c', 'cf517309-0d8e-483e-a535-4dbddb823448', 'refund', 444928, 4970, 'USD', 'Lazy data service', 'Cascade Co', 'transfer', 'reversed', 'Alpha fox service', '2023-10-14T02:18:22.123Z'),
  ('18cb043f-5126-40cd-afda-b79a3980c8e5', 'c2fdd0a1-d6da-4959-b2e0-ae59f0a054d8', 'withdrawal', 156755, 4820, 'USD', 'Over network alpha', 'Quantum Technologies', 'shopping', 'failed', 'Cloud cloud brown', '2024-12-03T00:25:08.798Z'),
  ('2bb1dd49-07d3-4d56-83af-4196aacc8142', '9018f7c0-a9cb-4cce-862d-13180f43acab', 'deposit', 58613, 3943, 'USD', 'Zeta network server', 'Zenith Ltd', 'utilities', 'completed', 'Jumps service the', '2024-11-06T05:02:08.195Z'),
  ('fa3e3138-bc29-4338-93f8-92e1a868fdd4', 'cf517309-0d8e-483e-a535-4dbddb823448', 'withdrawal', 354054, 4360, 'USD', 'Beta fox kappa', 'Prism Group', 'healthcare', 'completed', 'Zeta alpha kappa', '2024-03-24T04:58:25.738Z'),
  ('da1f393d-d8d6-4ccc-9d9b-245a924353d0', '9972daab-2c86-459f-9d78-3fe1be4e3280', 'payment', 248221, 2207, 'GBP', 'Module server data', 'Quantum Inc', 'utilities', 'completed', 'Zeta alpha process', '2023-01-20T20:51:46.927Z'),
  ('07fcf43c-717a-4ddf-bb84-184bf977f1b2', 'cf517309-0d8e-483e-a535-4dbddb823448', 'payment', 127543, 1308, 'USD', 'Quick over module', 'Synergy Ltd', 'investment', 'held', 'Alpha cloud system', '2023-03-01T18:24:07.207Z'),
  ('5440b94a-656e-418e-837d-63bf8d985fba', '9018f7c0-a9cb-4cce-862d-13180f43acab', 'refund', 181864, 4816, 'USD', 'Delta theta quick', 'Echo Ltd', 'restaurants', 'completed', 'Delta omega beta', '2023-05-28T20:08:40.309Z'),
  ('ad2dda35-72af-4148-b43d-1d825969de40', 'b7cbc832-aa84-4178-b56c-544e25814487', 'transfer', 69309, 3470, 'USD', 'Network theta dog', 'Nexus Corp', 'utilities', 'completed', 'Gamma quick process', '2023-10-13T19:58:21.399Z'),
  ('dc1507dc-e9de-4aaa-b3c6-105dd42e1876', '9018f7c0-a9cb-4cce-862d-13180f43acab', 'withdrawal', 297174, 228, 'USD', 'Cloud alpha platform', 'Apex LLC', 'entertainment', 'held', 'The client zeta', '2024-02-27T22:56:45.018Z'),
  ('e35255db-06ad-40c8-9001-1113c201b7c2', '1f500a93-357b-41b6-a9cf-7027de86d7e4', 'transfer', 423752, 1780, 'EUR', 'Module theta lambda', 'Echo Technologies', 'groceries', 'completed', 'Brown cloud dog', '2023-06-09T00:47:37.626Z'),
  ('f87e797f-1310-45db-9ea1-a913f83757f8', '4a465607-38fe-42fd-a92b-8f4a656f6baf', 'deposit', 447224, 4839, 'USD', 'Process cloud process', 'Cascade Corp', 'transportation', 'reversed', 'Lambda platform fox', '2023-07-24T12:41:56.442Z'),
  ('1fbd10ef-e8dc-4963-a76b-b35f26d5efed', 'cf4f7ec0-8caf-4d8b-b7fb-c44fa1aadd63', 'withdrawal', 237014, 1008, 'USD', 'Fox lambda alpha', 'Zenith Co', 'healthcare', 'completed', 'Process module module', '2023-04-14T18:24:36.957Z'),
  ('3434c150-a064-484b-8d35-42e436b50e36', '9018f7c0-a9cb-4cce-862d-13180f43acab', 'deposit', 170873, 1410, 'USD', 'Theta kappa client', 'Catalyst Ltd', 'transportation', 'completed', 'The cloud platform', '2024-09-15T13:10:21.814Z'),
  ('2828db84-1885-4d90-aad8-84793b9a3b4a', '9972daab-2c86-459f-9d78-3fe1be4e3280', 'transfer', 11151, 4190, 'EUR', 'Kappa over theta', 'Orbit Solutions', 'investment', 'completed', 'Platform sigma brown', '2023-11-16T07:26:19.204Z'),
  ('b45faf0a-8705-4898-8b86-6bb7aaf9c187', 'cf517309-0d8e-483e-a535-4dbddb823448', 'deposit', 363057, 2220, 'EUR', 'Server omega platform', 'Catalyst Group', 'education', 'completed', 'Omega epsilon epsilon', '2024-12-19T20:41:20.772Z'),
  ('fbf9c76f-d526-41f1-a636-a66c026a0c06', '9018f7c0-a9cb-4cce-862d-13180f43acab', 'deposit', 3304, 2963, 'USD', 'Fox beta fox', 'Vertex Technologies', 'education', 'completed', 'Theta gamma dog', '2023-01-11T19:41:05.953Z'),
  ('1a4af38d-f97c-490a-b79f-01895452ae80', '13b8ef47-b42d-45d2-9efe-90ea6f945698', 'withdrawal', 291037, 1843, 'USD', 'Lambda lambda the', 'Vanguard Corp', 'restaurants', 'pending', 'Kappa server quick', '2024-10-24T22:19:17.545Z'),
  ('a4ec0e1f-16d6-42c7-980d-1edd68b21535', '9018f7c0-a9cb-4cce-862d-13180f43acab', 'withdrawal', 449672, 3450, 'CAD', 'Platform delta system', 'Quantum Group', 'shopping', 'pending', 'Server beta platform', '2023-06-14T04:20:41.717Z'),
  ('2797142e-583b-4885-830c-35ad6f32b01a', 'b7cbc832-aa84-4178-b56c-544e25814487', 'withdrawal', 181489, 4374, 'USD', 'Jumps lazy lazy', 'Ember Inc', 'investment', 'completed', 'Cloud platform fox', '2024-01-25T11:54:03.610Z'),
  ('41fbf558-32f2-4b11-b217-63e8ad0d5eaf', 'cf4f7ec0-8caf-4d8b-b7fb-c44fa1aadd63', 'deposit', 190202, 997, 'USD', 'Omega gamma server', 'Vanguard LLC', 'transfer', 'completed', 'Cloud over delta', '2024-03-16T02:17:33.648Z'),
  ('6ca0c3b1-a06a-4c85-ae0d-0b8cf086f4d1', '1f500a93-357b-41b6-a9cf-7027de86d7e4', 'withdrawal', 444728, 2875, 'USD', 'Lazy zeta cloud', 'Horizon Corp', 'salary', 'completed', 'Gamma theta dog', '2024-04-22T12:43:07.043Z'),
  ('728f05de-f789-4cff-87b8-f92a6ff88dd4', 'c2fdd0a1-d6da-4959-b2e0-ae59f0a054d8', 'payment', 131184, 1939, 'EUR', 'Epsilon service zeta', 'Catalyst Technologies', 'shopping', 'completed', 'Jumps jumps delta', '2023-01-08T03:23:03.707Z'),
  ('cfd571db-bf63-43fe-affe-8a06460c9293', 'cf517309-0d8e-483e-a535-4dbddb823448', 'withdrawal', 479543, 3795, 'USD', 'Beta dog fox', 'Pulse Technologies', 'travel', 'completed', 'Network platform service', '2023-11-18T22:40:50.064Z'),
  ('bec4fbbb-b5f6-479f-b8b2-2de03905dde8', '13b8ef47-b42d-45d2-9efe-90ea6f945698', 'payment', 254862, 227, 'EUR', 'Client quick gamma', 'Echo Solutions', 'travel', 'completed', 'Service platform kappa', '2023-01-02T21:48:00.844Z'),
  ('d1f10ab0-4649-4900-a59d-4eb38dcecdff', '1f500a93-357b-41b6-a9cf-7027de86d7e4', 'deposit', 492902, 4748, 'USD', 'Lazy brown lazy', 'Zenith Ltd', 'groceries', 'completed', 'Cloud lazy kappa', '2024-09-03T21:10:39.742Z'),
  ('1c3e8952-a5f2-42d7-859e-349453ab8fec', '9018f7c0-a9cb-4cce-862d-13180f43acab', 'fee', 40765, 4291, 'GBP', 'Brown cloud beta', 'Prism Inc', 'utilities', 'pending', 'Over lazy omega', '2024-02-07T10:26:13.130Z'),
  ('e7b6686c-e245-418b-bb24-003d12bfc1a8', 'cf4f7ec0-8caf-4d8b-b7fb-c44fa1aadd63', 'transfer', 348136, 938, 'GBP', 'Brown network service', 'Summit Ltd', 'salary', 'completed', 'System brown brown', '2024-09-01T03:54:13.840Z'),
  ('1e333bdb-0220-4a16-b24a-f662dd5f7d60', '13b8ef47-b42d-45d2-9efe-90ea6f945698', 'payment', 287952, 2709, 'EUR', 'Alpha module fox', 'Orbit Inc', 'entertainment', 'reversed', 'Cloud omega the', '2023-03-18T03:07:22.081Z'),
  ('4f01a9c4-45e6-4bcc-bc0b-89a61254bece', 'b7cbc832-aa84-4178-b56c-544e25814487', 'payment', 451208, 2697, 'USD', 'Over service the', 'Atlas Co', 'restaurants', 'completed', 'Process zeta kappa', '2023-03-14T14:59:52.438Z'),
  ('a88f90de-1e36-4bed-871f-ba48750fed21', 'cf517309-0d8e-483e-a535-4dbddb823448', 'transfer', 270697, 3411, 'USD', 'Quick beta service', 'Quantum Corp', 'entertainment', 'completed', 'The fox data', '2023-03-10T22:16:37.421Z'),
  ('b3b68b2d-22e3-4bd7-9b4b-2e932b7cda30', '4a465607-38fe-42fd-a92b-8f4a656f6baf', 'withdrawal', 312833, 3468, 'USD', 'Alpha network server', 'Atlas Inc', 'restaurants', 'completed', 'Data quick network', '2024-03-13T09:11:20.658Z');

INSERT INTO "chargebacks" ("id", "transaction_id", "reason", "amount_cents", "status", "filed_at", "resolved_at") VALUES
  ('2a97ef5f-d392-46fa-a47a-e89603894cc2', 'b099383d-25a9-4ec5-a472-5de7581087a9', 'other', 37410, 'expired', '2024-05-10T02:36:47.127Z', '2023-03-07T05:18:47.981Z'),
  ('abecea57-0ac3-431a-89f5-c9b5d76223af', 'b45faf0a-8705-4898-8b86-6bb7aaf9c187', 'subscription_canceled', 187060, 'lost', '2024-05-10T20:48:46.379Z', '2024-01-25T15:17:49.729Z');

INSERT INTO "fraud_alerts" ("id", "transaction_id", "alert_type", "severity", "status", "description", "created_at", "resolved_at") VALUES
  ('12456398-86fe-4146-b059-e67e1aa2d49f', '6a72b329-a50c-4880-a83b-867f03e31db3', 'geo_mismatch', 'low', 'resolved_legitimate', 'Server omega over', '2023-03-26T10:47:33.293Z', '2024-04-21T18:28:33.318Z'),
  ('fc124602-674a-4568-b05b-4ba97152d434', 'f87e797f-1310-45db-9ea1-a913f83757f8', 'velocity_check', 'high', 'resolved_legitimate', 'Platform lambda the', '2023-10-28T19:56:22.954Z', '2024-09-19T12:19:58.706Z'),
  ('797b82c9-7d74-457f-b622-78e09ddab064', '41fbf558-32f2-4b11-b217-63e8ad0d5eaf', 'geo_mismatch', 'medium', 'resolved_fraud', 'The epsilon jumps', '2024-08-18T01:21:16.226Z', '2024-12-17T10:06:02.213Z');

INSERT INTO "fraud_investigations" ("id", "fraud_alert_id", "investigator_notes", "outcome", "amount_recovered_cents", "closed_at", "created_at") VALUES
  ('10e6cad8-ae9d-4452-bf78-01a981935a6c', '12456398-86fe-4146-b059-e67e1aa2d49f', 'Network system service alpha the jumps omega service', 'false_positive', 459416, '2024-12-20T01:46:05.880Z', '2024-09-07T03:05:32.607Z'),
  ('fb47f6d1-1c90-4fa8-9da3-37e62fa74437', 'fc124602-674a-4568-b05b-4ba97152d434', 'Omega gamma platform server epsilon lambda brown client', 'confirmed_fraud', 262498, '2024-12-13T14:15:54.173Z', '2024-07-12T13:34:52.729Z');

INSERT INTO "settlements" ("id", "transaction_id", "settlement_type", "amount_cents", "status", "settled_at", "created_at") VALUES
  ('7ed3b174-1a6f-4684-8ba5-e714903dfebb', 'fbf9c76f-d526-41f1-a636-a66c026a0c06', 'expedited', 29685, 'pending', '2024-02-12T03:58:30.792Z', '2023-01-18T08:11:26.193Z'),
  ('3c41b59d-9547-46c3-97a1-f6d730ed92ce', '958e6e4c-3965-47f4-8b82-8b0640381a50', 'batch', 475940, 'completed', '2023-06-12T12:05:46.902Z', '2023-03-03T19:41:28.553Z'),
  ('9b58641f-054d-4155-83ab-2c5777d2a9b3', 'b45faf0a-8705-4898-8b86-6bb7aaf9c187', 'standard', 118641, 'completed', '2023-11-20T13:49:31.592Z', '2024-10-01T06:29:38.636Z'),
  ('a8878b7b-8f6e-470d-be08-7c08913b7579', '6ca0c3b1-a06a-4c85-ae0d-0b8cf086f4d1', 'standard', 321203, 'pending', '2024-07-23T01:52:00.042Z', '2024-05-22T06:37:31.178Z'),
  ('b1431b11-19a1-481e-b359-d977a76eba8c', '728f05de-f789-4cff-87b8-f92a6ff88dd4', 'standard', 376833, 'completed', '2024-03-26T18:37:05.430Z', '2023-10-01T07:27:52.525Z'),
  ('1e8a044e-9d6d-44e0-92a2-0ac3029b063d', '1a4af38d-f97c-490a-b79f-01895452ae80', 'batch', 446338, 'completed', '2023-06-22T04:19:14.668Z', '2024-06-02T07:33:46.866Z'),
  ('cff36c4c-5f50-4818-993d-3c8e1ff26a82', 'c4bf627e-bec3-4f58-9614-71d0530ff0fa', 'expedited', 325817, 'completed', '2023-10-12T07:35:28.303Z', '2023-02-23T14:31:58.102Z'),
  ('7e10edf9-90db-4d6c-a717-03fa20611ed8', '1f45760a-72f3-4e48-b031-036598afd98c', 'expedited', 357796, 'failed', '2023-10-19T12:26:03.446Z', '2023-09-20T12:51:57.283Z'),
  ('0ed49dcb-d2d0-41aa-940a-1b3d8c4fe9a1', '93a22f42-425c-43fc-9230-9b3a83acf9e2', 'real_time', 247596, 'completed', '2024-08-09T06:16:34.874Z', '2023-04-02T07:22:25.702Z'),
  ('ee23e86e-2f17-493c-b77a-f9197db2b4f2', 'dc1507dc-e9de-4aaa-b3c6-105dd42e1876', 'standard', 336034, 'failed', '2023-08-31T11:10:34.348Z', '2023-02-26T19:11:04.712Z'),
  ('258be245-ab4f-4dd7-92fb-569b3d36dca4', '29619c63-8392-49c5-985f-819df3e862cf', 'batch', 376099, 'completed', '2023-04-17T09:32:59.353Z', '2023-06-05T14:29:26.874Z'),
  ('c94f9e7f-c5d1-45ec-83ac-6d5c2e71ad56', '41fbf558-32f2-4b11-b217-63e8ad0d5eaf', 'batch', 11096, 'completed', '2023-02-14T15:43:10.284Z', '2024-03-21T13:17:10.958Z'),
  ('a3083902-6152-4298-a2d3-7379c54c1142', 'c2d38e38-8ae9-41d2-b9f3-9bfbdd953737', 'expedited', 136577, 'completed', '2023-01-24T12:08:51.277Z', '2023-11-27T04:21:59.518Z'),
  ('255203c6-c412-40ae-9926-4bfb2fbb4deb', 'dc1507dc-e9de-4aaa-b3c6-105dd42e1876', 'batch', 95296, 'processing', '2023-03-20T07:24:03.402Z', '2023-08-29T23:49:28.474Z'),
  ('5a25b775-9613-4fb1-ab32-17bd32bede87', '1a4af38d-f97c-490a-b79f-01895452ae80', 'standard', 119981, 'pending', '2024-08-12T14:42:40.175Z', '2023-02-01T19:31:45.148Z');

INSERT INTO "transfers" ("id", "from_account_id", "to_account_id", "amount_cents", "status", "reference", "created_at") VALUES
  ('85df0ed3-58c9-4c13-86b3-b5269924211d', '9972daab-2c86-459f-9d78-3fe1be4e3280', '79d221f9-2db5-4339-a929-a75534a0e353', 3718807, 'completed', 'Alpha server over', '2024-08-07T18:29:48.621Z'),
  ('825eae52-d30c-4d12-98b3-2063742e53db', 'cf4f7ec0-8caf-4d8b-b7fb-c44fa1aadd63', '13b8ef47-b42d-45d2-9efe-90ea6f945698', 4367038, 'completed', 'Network lambda network', '2023-12-18T02:27:45.122Z'),
  ('95296d72-b63b-4086-abd1-083c61fe13f3', '9972daab-2c86-459f-9d78-3fe1be4e3280', '4a465607-38fe-42fd-a92b-8f4a656f6baf', 1911840, 'completed', 'Kappa platform process', '2023-06-03T04:18:56.150Z'),
  ('1ff017c0-2839-45d4-929c-ca622101e857', '79d221f9-2db5-4339-a929-a75534a0e353', '1f500a93-357b-41b6-a9cf-7027de86d7e4', 2421811, 'cancelled', 'Dog service kappa', '2023-12-06T08:53:15.043Z'),
  ('d20111dd-81b3-4ee8-807d-ad05704fdbc0', '79d221f9-2db5-4339-a929-a75534a0e353', '4a465607-38fe-42fd-a92b-8f4a656f6baf', 417062, 'completed', 'Lambda module alpha', '2023-12-30T16:09:33.966Z'),
  ('d2adae97-a123-4741-a51f-1cb69ccf47ba', '4a465607-38fe-42fd-a92b-8f4a656f6baf', '4a465607-38fe-42fd-a92b-8f4a656f6baf', 3564398, 'pending', 'Beta client gamma', '2023-08-12T10:16:17.018Z'),
  ('b125a676-171c-4afd-a1c3-f5cfe9513802', 'cf4f7ec0-8caf-4d8b-b7fb-c44fa1aadd63', '9972daab-2c86-459f-9d78-3fe1be4e3280', 1299113, 'completed', 'Module epsilon theta', '2024-09-16T02:42:11.699Z'),
  ('3b2b3a98-8a45-44c0-9390-0ae9f8354064', 'cf4f7ec0-8caf-4d8b-b7fb-c44fa1aadd63', 'b7cbc832-aa84-4178-b56c-544e25814487', 2880018, 'pending', 'Data fox zeta', '2024-11-01T10:55:29.745Z'),
  ('9900a5f7-0c75-44f6-898d-93b6306601a7', 'cf517309-0d8e-483e-a535-4dbddb823448', '1f500a93-357b-41b6-a9cf-7027de86d7e4', 881774, 'cancelled', 'Module zeta alpha', '2024-03-05T02:33:35.731Z'),
  ('415a5da1-de49-4159-aa74-7ff819d1280e', '9972daab-2c86-459f-9d78-3fe1be4e3280', '79d221f9-2db5-4339-a929-a75534a0e353', 3681670, 'completed', 'Dog gamma delta', '2024-07-22T23:38:19.866Z'),
  ('fda23d01-a5b7-4766-9fd2-890812202614', 'cf4f7ec0-8caf-4d8b-b7fb-c44fa1aadd63', '13b8ef47-b42d-45d2-9efe-90ea6f945698', 4969810, 'completed', 'Omega zeta process', '2024-08-26T06:58:26.181Z'),
  ('8ef2358b-a931-4e51-a17a-a832bc0c7342', '9972daab-2c86-459f-9d78-3fe1be4e3280', '79d221f9-2db5-4339-a929-a75534a0e353', 1423790, 'completed', 'Epsilon data the', '2023-12-06T05:26:24.509Z'),
  ('5bd91de1-6a6a-480c-9670-f06ff89fead6', '4a465607-38fe-42fd-a92b-8f4a656f6baf', 'cf4f7ec0-8caf-4d8b-b7fb-c44fa1aadd63', 1970675, 'completed', 'Process lambda network', '2024-05-21T21:23:47.430Z'),
  ('6a9c9c90-1363-484a-84c1-9d0c6e340063', 'cf4f7ec0-8caf-4d8b-b7fb-c44fa1aadd63', '1f500a93-357b-41b6-a9cf-7027de86d7e4', 1098121, 'completed', 'Process jumps omega', '2023-04-03T20:41:20.760Z'),
  ('011986e7-6a3e-4360-9cd4-50069262de5b', '79d221f9-2db5-4339-a929-a75534a0e353', 'c2fdd0a1-d6da-4959-b2e0-ae59f0a054d8', 278622, 'completed', 'The service engine', '2023-12-28T18:35:50.097Z'),
  ('d915d20b-94b3-4954-ad77-f88859486201', 'c2fdd0a1-d6da-4959-b2e0-ae59f0a054d8', '9018f7c0-a9cb-4cce-862d-13180f43acab', 3307738, 'completed', 'Theta engine over', '2023-08-25T16:11:25.326Z'),
  ('79ed19b8-5809-46a8-9b7e-6c2d5ecdfa0e', '4a465607-38fe-42fd-a92b-8f4a656f6baf', 'c2fdd0a1-d6da-4959-b2e0-ae59f0a054d8', 2431503, 'completed', 'Sigma server lazy', '2023-10-09T21:41:08.234Z'),
  ('854009d4-4656-42b2-bf1a-af3d8a9328ef', '9972daab-2c86-459f-9d78-3fe1be4e3280', '79d221f9-2db5-4339-a929-a75534a0e353', 1563583, 'completed', 'Beta network network', '2024-06-20T08:37:00.464Z'),
  ('d9a09968-7754-4ac9-b6a1-0f1ca51dd90a', '4a465607-38fe-42fd-a92b-8f4a656f6baf', '1f500a93-357b-41b6-a9cf-7027de86d7e4', 2149104, 'completed', 'Beta over data', '2023-12-22T14:00:13.169Z'),
  ('9119f749-0e8b-41fc-92ad-978e56e6293f', '13b8ef47-b42d-45d2-9efe-90ea6f945698', '9972daab-2c86-459f-9d78-3fe1be4e3280', 189328, 'cancelled', 'Data platform process', '2023-04-20T06:01:51.675Z'),
  ('f2deb994-eae6-4447-8685-9ec147439dc2', 'cf4f7ec0-8caf-4d8b-b7fb-c44fa1aadd63', 'b7cbc832-aa84-4178-b56c-544e25814487', 1238959, 'completed', 'Zeta beta omega', '2024-06-10T04:42:32.238Z'),
  ('21470ebe-bd8c-408b-b2b8-85d7b85b4df2', 'cf4f7ec0-8caf-4d8b-b7fb-c44fa1aadd63', '4a465607-38fe-42fd-a92b-8f4a656f6baf', 2149523, 'completed', 'Beta service alpha', '2024-09-25T23:03:36.435Z'),
  ('a13acf16-34c6-4a43-ba7a-be01f9e436ac', 'b7cbc832-aa84-4178-b56c-544e25814487', 'cf4f7ec0-8caf-4d8b-b7fb-c44fa1aadd63', 2062760, 'pending', 'The brown alpha', '2023-12-10T04:48:47.140Z'),
  ('1cfe155b-a956-4609-838c-92155cdde3f8', '13b8ef47-b42d-45d2-9efe-90ea6f945698', '4a465607-38fe-42fd-a92b-8f4a656f6baf', 1007041, 'completed', 'Kappa service lambda', '2024-03-30T07:15:19.228Z'),
  ('267fad2c-4e44-4fb5-9015-d2187497fcc4', '4a465607-38fe-42fd-a92b-8f4a656f6baf', 'c2fdd0a1-d6da-4959-b2e0-ae59f0a054d8', 4129789, 'completed', 'Gamma engine platform', '2024-11-18T08:50:16.419Z'),
  ('bbc9a3a1-9ada-4e03-b019-aab4925642af', '79d221f9-2db5-4339-a929-a75534a0e353', 'cf4f7ec0-8caf-4d8b-b7fb-c44fa1aadd63', 247032, 'completed', 'Beta over service', '2024-02-04T04:46:14.015Z'),
  ('4136532b-a998-4db7-9030-f919ba0b89ea', '4a465607-38fe-42fd-a92b-8f4a656f6baf', '4a465607-38fe-42fd-a92b-8f4a656f6baf', 2834243, 'completed', 'Brown over theta', '2024-02-05T00:39:55.760Z'),
  ('31973bd9-5912-4c82-b468-15fe151f7bc6', 'c2fdd0a1-d6da-4959-b2e0-ae59f0a054d8', '1f500a93-357b-41b6-a9cf-7027de86d7e4', 2625546, 'pending', 'Beta platform delta', '2024-07-05T02:00:11.393Z'),
  ('30303918-9d1d-430e-b71f-fd85b09a412b', '79d221f9-2db5-4339-a929-a75534a0e353', 'cf517309-0d8e-483e-a535-4dbddb823448', 812408, 'completed', 'Jumps omega data', '2024-06-09T04:06:35.847Z'),
  ('1d7fe7fe-d635-4f44-9b6a-9d02df2f9196', '1f500a93-357b-41b6-a9cf-7027de86d7e4', 'cf4f7ec0-8caf-4d8b-b7fb-c44fa1aadd63', 363487, 'completed', 'Lazy omega kappa', '2023-10-13T14:50:15.890Z'),
  ('ebc9a4a9-f056-4417-ba05-c03911687ad1', 'b7cbc832-aa84-4178-b56c-544e25814487', '4a465607-38fe-42fd-a92b-8f4a656f6baf', 2135581, 'pending', 'The gamma jumps', '2023-12-07T19:13:47.766Z'),
  ('227d2420-bc1d-4276-92c3-9bedc8d9a587', 'b7cbc832-aa84-4178-b56c-544e25814487', '1f500a93-357b-41b6-a9cf-7027de86d7e4', 4830292, 'pending', 'Service process client', '2023-12-31T16:02:31.625Z'),
  ('c6e6f07d-b4b2-41f0-b69e-cd7dcc4f110c', '79d221f9-2db5-4339-a929-a75534a0e353', 'b7cbc832-aa84-4178-b56c-544e25814487', 968771, 'completed', 'Network brown platform', '2024-05-03T02:47:43.241Z'),
  ('c630bc67-b221-4174-aac5-58f0feff38ef', '1f500a93-357b-41b6-a9cf-7027de86d7e4', '1f500a93-357b-41b6-a9cf-7027de86d7e4', 2119358, 'pending', 'Zeta kappa dog', '2024-04-13T09:39:50.177Z'),
  ('2c5fd12c-bfd6-4375-a44d-fdfc8c86cab8', 'c2fdd0a1-d6da-4959-b2e0-ae59f0a054d8', 'b7cbc832-aa84-4178-b56c-544e25814487', 2683281, 'completed', 'Platform sigma over', '2024-08-01T22:50:07.689Z'),
  ('ed7d766e-58da-4b23-8420-4ae13d91507e', '4a465607-38fe-42fd-a92b-8f4a656f6baf', 'cf4f7ec0-8caf-4d8b-b7fb-c44fa1aadd63', 1140172, 'completed', 'Quick client zeta', '2023-10-05T08:54:39.605Z'),
  ('ecf14c2c-05fd-4242-8c5a-6e35f9c53128', '79d221f9-2db5-4339-a929-a75534a0e353', 'b7cbc832-aa84-4178-b56c-544e25814487', 2943172, 'completed', 'Network dog gamma', '2024-09-14T16:06:29.485Z'),
  ('f1fee9b5-9776-424e-8aef-cf99e3aef9ea', 'cf4f7ec0-8caf-4d8b-b7fb-c44fa1aadd63', 'c2fdd0a1-d6da-4959-b2e0-ae59f0a054d8', 1308354, 'completed', 'Delta network network', '2023-07-24T14:17:38.549Z'),
  ('64644f3f-5811-4092-937c-9f6045a1743d', '13b8ef47-b42d-45d2-9efe-90ea6f945698', 'cf4f7ec0-8caf-4d8b-b7fb-c44fa1aadd63', 2150613, 'pending', 'Omega lambda delta', '2023-08-01T13:10:40.769Z'),
  ('5a6ac346-9868-4320-a2c6-5f8f8d88a403', '1f500a93-357b-41b6-a9cf-7027de86d7e4', 'c2fdd0a1-d6da-4959-b2e0-ae59f0a054d8', 2270012, 'completed', 'Process omega platform', '2024-09-24T12:37:17.908Z'),
  ('11d24018-4a28-47ba-b664-7dc86b886f3f', 'cf4f7ec0-8caf-4d8b-b7fb-c44fa1aadd63', '4a465607-38fe-42fd-a92b-8f4a656f6baf', 3169804, 'completed', 'Kappa cloud dog', '2024-09-04T08:25:01.157Z'),
  ('fd950984-d52e-4a3c-9017-444a64421101', 'c2fdd0a1-d6da-4959-b2e0-ae59f0a054d8', '9972daab-2c86-459f-9d78-3fe1be4e3280', 3846247, 'completed', 'Dog engine quick', '2023-03-21T05:15:51.278Z'),
  ('e2c80913-2d7d-41a3-b42a-a54e94a1a589', 'cf4f7ec0-8caf-4d8b-b7fb-c44fa1aadd63', 'cf517309-0d8e-483e-a535-4dbddb823448', 3410171, 'completed', 'Kappa platform fox', '2024-05-27T08:18:37.969Z'),
  ('1a9903ee-d61f-4748-b1ff-75f228d4cff2', '9018f7c0-a9cb-4cce-862d-13180f43acab', '9972daab-2c86-459f-9d78-3fe1be4e3280', 4656781, 'completed', 'Zeta data omega', '2023-08-08T09:03:39.193Z'),
  ('8b9c7870-a910-420e-93a4-24b857e1d30e', 'c2fdd0a1-d6da-4959-b2e0-ae59f0a054d8', '9018f7c0-a9cb-4cce-862d-13180f43acab', 467771, 'completed', 'Brown gamma engine', '2024-06-04T03:09:17.189Z'),
  ('3c8d7673-6e41-40e2-8940-7b6993e601b0', '1f500a93-357b-41b6-a9cf-7027de86d7e4', '79d221f9-2db5-4339-a929-a75534a0e353', 3132360, 'completed', 'Cloud beta data', '2024-06-27T03:50:15.893Z'),
  ('1408fb3c-f2f4-48ff-b77f-372438405ac7', '9972daab-2c86-459f-9d78-3fe1be4e3280', 'cf517309-0d8e-483e-a535-4dbddb823448', 72931, 'completed', 'Network system lambda', '2024-02-05T08:19:42.738Z'),
  ('0f56517d-a568-4faf-91ed-8562760b2b75', '9972daab-2c86-459f-9d78-3fe1be4e3280', '9972daab-2c86-459f-9d78-3fe1be4e3280', 1087583, 'completed', 'Delta data client', '2024-06-19T00:40:43.283Z'),
  ('bea2f6b5-2c4f-4ac1-89a0-721349c06311', '79d221f9-2db5-4339-a929-a75534a0e353', '79d221f9-2db5-4339-a929-a75534a0e353', 2963840, 'cancelled', 'Process over dog', '2024-03-02T10:09:25.024Z'),
  ('f20e941c-c48b-483d-910c-a7f2506beaab', '79d221f9-2db5-4339-a929-a75534a0e353', '4a465607-38fe-42fd-a92b-8f4a656f6baf', 1362717, 'completed', 'The service theta', '2024-10-24T09:36:58.307Z');
