-- =================================================================
-- Generated by RealityDB
-- Template: healthcare
-- Seed: 42
-- Generated at: 2026-03-22T04:36:42.536Z
-- =================================================================

-- --- SCHEMA ---------------------------------------------------------

CREATE TABLE "patients" (
  "id" UUID NOT NULL DEFAULT gen_random_uuid(),
  "mrn" VARCHAR(20) NOT NULL,
  "first_name" VARCHAR(100) NOT NULL,
  "last_name" VARCHAR(100) NOT NULL,
  "date_of_birth" DATE NOT NULL,
  "gender" VARCHAR(20) NOT NULL,
  "blood_type" VARCHAR(5),
  "email" VARCHAR(255),
  "phone" VARCHAR(50),
  "insurance_provider" VARCHAR(255),
  "registered_at" TIMESTAMP WITHOUT TIME ZONE NOT NULL DEFAULT now(),
  PRIMARY KEY ("id")
);

CREATE TABLE "providers" (
  "id" UUID NOT NULL DEFAULT gen_random_uuid(),
  "npi" VARCHAR(20) NOT NULL,
  "first_name" VARCHAR(100) NOT NULL,
  "last_name" VARCHAR(100) NOT NULL,
  "specialty" VARCHAR(100) NOT NULL,
  "department" VARCHAR(100),
  "email" VARCHAR(255) NOT NULL,
  "active" BOOLEAN NOT NULL DEFAULT true,
  PRIMARY KEY ("id")
);

CREATE TABLE "encounters" (
  "id" UUID NOT NULL DEFAULT gen_random_uuid(),
  "patient_id" UUID NOT NULL,
  "provider_id" UUID NOT NULL,
  "encounter_type" VARCHAR(50) NOT NULL,
  "status" VARCHAR(50) NOT NULL DEFAULT 'scheduled'::character varying,
  "chief_complaint" TEXT,
  "notes" TEXT,
  "scheduled_at" TIMESTAMP WITHOUT TIME ZONE NOT NULL DEFAULT now(),
  "checked_in_at" TIMESTAMP WITHOUT TIME ZONE,
  "discharged_at" TIMESTAMP WITHOUT TIME ZONE,
  PRIMARY KEY ("id"),
  FOREIGN KEY ("patient_id") REFERENCES "patients" ("id"),
  FOREIGN KEY ("provider_id") REFERENCES "providers" ("id")
);

CREATE TABLE "billing" (
  "id" UUID NOT NULL DEFAULT gen_random_uuid(),
  "encounter_id" UUID NOT NULL,
  "cpt_code" VARCHAR(20) NOT NULL,
  "description" VARCHAR(255) NOT NULL,
  "amount_cents" INTEGER NOT NULL,
  "insurance_covered_cents" INTEGER NOT NULL DEFAULT 0,
  "patient_responsibility_cents" INTEGER NOT NULL DEFAULT 0,
  "status" VARCHAR(50) NOT NULL DEFAULT 'pending'::character varying,
  "billed_at" TIMESTAMP WITHOUT TIME ZONE NOT NULL DEFAULT now(),
  "paid_at" TIMESTAMP WITHOUT TIME ZONE,
  PRIMARY KEY ("id"),
  FOREIGN KEY ("encounter_id") REFERENCES "encounters" ("id")
);

CREATE TABLE "insurance_claims" (
  "id" UUID NOT NULL DEFAULT gen_random_uuid(),
  "encounter_id" UUID,
  "patient_id" UUID,
  "total_charges_cents" INTEGER,
  "allowed_amount_cents" INTEGER,
  "patient_responsibility_cents" INTEGER,
  "status" VARCHAR(20),
  "submitted_at" TIMESTAMP WITH TIME ZONE,
  "paid_at" TIMESTAMP WITH TIME ZONE,
  "created_at" TIMESTAMP WITH TIME ZONE NOT NULL DEFAULT now(),
  PRIMARY KEY ("id"),
  FOREIGN KEY ("encounter_id") REFERENCES "encounters" ("id"),
  FOREIGN KEY ("patient_id") REFERENCES "patients" ("id")
);

CREATE TABLE "claim_payments" (
  "id" UUID NOT NULL DEFAULT gen_random_uuid(),
  "claim_id" UUID,
  "amount_cents" INTEGER,
  "payment_method" VARCHAR(50),
  "status" VARCHAR(20),
  "paid_at" TIMESTAMP WITH TIME ZONE,
  "created_at" TIMESTAMP WITH TIME ZONE NOT NULL DEFAULT now(),
  PRIMARY KEY ("id"),
  FOREIGN KEY ("claim_id") REFERENCES "insurance_claims" ("id")
);

CREATE TABLE "diagnoses" (
  "id" UUID NOT NULL DEFAULT gen_random_uuid(),
  "encounter_id" UUID NOT NULL,
  "icd_code" VARCHAR(20) NOT NULL,
  "description" VARCHAR(255) NOT NULL,
  "diagnosis_type" VARCHAR(50) NOT NULL DEFAULT 'primary'::character varying,
  "diagnosed_at" TIMESTAMP WITHOUT TIME ZONE NOT NULL DEFAULT now(),
  PRIMARY KEY ("id"),
  FOREIGN KEY ("encounter_id") REFERENCES "encounters" ("id")
);

CREATE TABLE "lab_orders" (
  "id" UUID NOT NULL DEFAULT gen_random_uuid(),
  "encounter_id" UUID,
  "patient_id" UUID,
  "provider_id" UUID,
  "test_name" VARCHAR(255),
  "priority" VARCHAR(20),
  "status" VARCHAR(20),
  "ordered_at" TIMESTAMP WITH TIME ZONE,
  "resulted_at" TIMESTAMP WITH TIME ZONE,
  "created_at" TIMESTAMP WITH TIME ZONE NOT NULL DEFAULT now(),
  PRIMARY KEY ("id"),
  FOREIGN KEY ("encounter_id") REFERENCES "encounters" ("id"),
  FOREIGN KEY ("patient_id") REFERENCES "patients" ("id"),
  FOREIGN KEY ("provider_id") REFERENCES "providers" ("id")
);

CREATE TABLE "lab_results" (
  "id" UUID NOT NULL DEFAULT gen_random_uuid(),
  "lab_order_id" UUID,
  "component" VARCHAR(100),
  "value" NUMERIC,
  "unit" VARCHAR(50),
  "reference_range" VARCHAR(50),
  "abnormal_flag" VARCHAR(20),
  "resulted_at" TIMESTAMP WITH TIME ZONE,
  "created_at" TIMESTAMP WITH TIME ZONE NOT NULL DEFAULT now(),
  PRIMARY KEY ("id"),
  FOREIGN KEY ("lab_order_id") REFERENCES "lab_orders" ("id")
);

CREATE TABLE "medications" (
  "id" UUID NOT NULL DEFAULT gen_random_uuid(),
  "encounter_id" UUID NOT NULL,
  "medication_name" VARCHAR(255) NOT NULL,
  "dosage" VARCHAR(100) NOT NULL,
  "frequency" VARCHAR(100) NOT NULL,
  "route" VARCHAR(50) NOT NULL DEFAULT 'oral'::character varying,
  "prescribed_at" TIMESTAMP WITHOUT TIME ZONE NOT NULL DEFAULT now(),
  "end_date" TIMESTAMP WITHOUT TIME ZONE,
  "status" VARCHAR(50) NOT NULL DEFAULT 'active'::character varying,
  PRIMARY KEY ("id"),
  FOREIGN KEY ("encounter_id") REFERENCES "encounters" ("id")
);

CREATE TABLE "prescriptions" (
  "id" UUID NOT NULL DEFAULT gen_random_uuid(),
  "encounter_id" UUID,
  "patient_id" UUID,
  "provider_id" UUID,
  "medication_id" UUID,
  "dosage" VARCHAR(100),
  "frequency" VARCHAR(50),
  "duration_days" INTEGER,
  "refills_remaining" INTEGER,
  "status" VARCHAR(20),
  "prescribed_at" TIMESTAMP WITH TIME ZONE,
  "created_at" TIMESTAMP WITH TIME ZONE NOT NULL DEFAULT now(),
  PRIMARY KEY ("id"),
  FOREIGN KEY ("encounter_id") REFERENCES "encounters" ("id"),
  FOREIGN KEY ("medication_id") REFERENCES "medications" ("id"),
  FOREIGN KEY ("patient_id") REFERENCES "patients" ("id"),
  FOREIGN KEY ("provider_id") REFERENCES "providers" ("id")
);

CREATE TABLE "procedures" (
  "id" UUID NOT NULL DEFAULT gen_random_uuid(),
  "encounter_id" UUID,
  "patient_id" UUID,
  "provider_id" UUID,
  "cpt_code" VARCHAR(20),
  "procedure_name" VARCHAR(255),
  "status" VARCHAR(20),
  "performed_at" TIMESTAMP WITH TIME ZONE,
  "created_at" TIMESTAMP WITH TIME ZONE NOT NULL DEFAULT now(),
  PRIMARY KEY ("id"),
  FOREIGN KEY ("encounter_id") REFERENCES "encounters" ("id"),
  FOREIGN KEY ("patient_id") REFERENCES "patients" ("id"),
  FOREIGN KEY ("provider_id") REFERENCES "providers" ("id")
);

CREATE TABLE "vitals" (
  "id" UUID NOT NULL DEFAULT gen_random_uuid(),
  "encounter_id" UUID NOT NULL,
  "systolic_bp" INTEGER,
  "diastolic_bp" INTEGER,
  "heart_rate" INTEGER,
  "temperature_f" NUMERIC,
  "weight_lbs" NUMERIC,
  "height_inches" INTEGER,
  "recorded_at" TIMESTAMP WITHOUT TIME ZONE NOT NULL DEFAULT now(),
  PRIMARY KEY ("id"),
  FOREIGN KEY ("encounter_id") REFERENCES "encounters" ("id")
);


-- --- DATA -----------------------------------------------------------

INSERT INTO "patients" ("id", "mrn", "first_name", "last_name", "date_of_birth", "gender", "blood_type", "email", "phone", "insurance_provider", "registered_at") VALUES
  ('9972daab-2c86-459f-9d78-3fe1be4e3280', 'MRN-000001', 'Jonathan', 'Morris', '2024-12-29T04:40:17.334Z', 'Male', 'O+', 'jennifer.reyes.0@gmail.com', '+1-413-249-2671', 'Medicare', '2023-12-10T20:31:12.639Z'),
  ('062cd77c-cf51-4309-8d8e-983ea5354dbd', 'MRN-000002', 'Christine', 'Gomez', '2024-08-04T22:35:22.140Z', 'Male', 'A+', 'linda.rogers.1@mail.com', '+1-754-942-1791', 'Self-Pay', '2024-02-21T06:28:15.785Z'),
  ('f1231c04-5c7b-4ce6-93b8-ef47b42d85d2', 'MRN-000003', 'Richard', 'Jimenez', '2023-11-17T03:44:24.863Z', 'Female', 'B+', 'laura.king.2@icloud.com', '+1-458-783-3656', 'UnitedHealth', '2023-04-26T12:26:11.545Z'),
  ('b1fee36e-8b4b-49b2-90c9-e71779d221f9', 'MRN-000004', 'Sarah', 'Peterson', '2023-08-09T05:24:34.758Z', 'Male', 'B+', 'thomas.rogers.3@hotmail.com', '+1-365-703-8981', 'Aetna', '2023-06-02T12:40:24.834Z'),
  ('6421dd5e-02bc-42e0-a835-9a7d2f0cb4b5', 'MRN-000005', 'Sandra', 'Ramirez', '2024-04-30T06:46:12.625Z', 'Male', 'A+', 'heather.edwards.4@aol.com', '+1-331-336-6048', 'Aetna', '2024-03-18T21:37:15.800Z'),
  ('6f6baf66-56e5-437e-9c8b-963c534c52ab', 'MRN-000006', 'Daniel', 'Taylor', '2023-08-12T15:50:30.631Z', 'Male', 'A+', 'ashley.jones.5@icloud.com', '+1-366-585-4419', 'Medicare', '2023-03-06T18:45:29.932Z'),
  ('cf7027de-86d7-4473-a59e-ce35638bfc7d', 'MRN-000007', 'Christine', 'James', '2023-07-08T03:45:57.781Z', 'Male', 'A+', 'thomas.gomez.6@mail.com', '+1-808-993-8343', 'Humana', '2023-05-01T00:10:46.211Z'),
  ('da995972-e0ae-49f0-a054-d8265d0515a5', 'MRN-000008', 'Larry', 'Myers', '2023-03-30T23:46:41.523Z', 'Male', 'O+', 'joseph.ramirez.7@yahoo.com', '+1-238-432-4968', 'Cigna', '2023-07-28T01:10:45.612Z'),
  ('cbc832aa-8471-4875-ac54-4e258144878c', 'MRN-000009', 'Nicholas', 'Baker', '2024-09-24T13:51:35.289Z', 'Male', 'A+', 'jack.miller.8@zoho.com', '+1-544-601-1889', 'Medicaid', '2024-11-20T14:00:14.420Z'),
  ('5e3ab390-18f7-40a9-8b8c-ce862d13180f', 'MRN-000010', 'Anthony', 'Ortiz', '2023-09-01T02:14:48.371Z', 'Female', 'O-', 'robert.flores.9@hotmail.com', '+1-427-866-5830', 'Aetna', '2023-02-11T15:54:32.180Z');

INSERT INTO "providers" ("id", "npi", "first_name", "last_name", "specialty", "department", "email", "active") VALUES
  ('f34484dc-efaf-41cf-8f7e-c08caf8d8bf7', 'NPI-000001', 'Jerry', 'Kim', 'Internal Medicine', 'Emergency', 'eric.gray.0@hotmail.com', TRUE),
  ('51e16956-88d6-4ede-b126-49f67c46a1c5', 'NPI-000002', 'Pamela', 'Bailey', 'Internal Medicine', 'Specialty', 'alexander.diaz.1@protonmail.com', TRUE);

INSERT INTO "encounters" ("id", "patient_id", "provider_id", "encounter_type", "status", "chief_complaint", "notes", "scheduled_at", "checked_in_at", "discharged_at") VALUES
  ('7fe4ac6b-719d-4784-8b2a-181f60d4d6ae', '9972daab-2c86-459f-9d78-3fe1be4e3280', 'f34484dc-efaf-41cf-8f7e-c08caf8d8bf7', 'office_visit', 'in_progress', 'Cough', 'Client omega engine platform gamma brown omega dog', '2024-01-16T11:13:29.285Z', '2024-06-11T12:36:30.278Z', '2024-06-25T02:31:19.975Z'),
  ('b8847c97-1bc8-40eb-9d0f-08573d3afd94', 'cbc832aa-8471-4875-ac54-4e258144878c', 'f34484dc-efaf-41cf-8f7e-c08caf8d8bf7', 'procedure', 'completed', 'Abdominal pain', 'Cloud delta lazy cloud kappa jumps brown cloud', '2024-02-20T21:53:19.506Z', '2023-04-06T15:06:26.550Z', '2023-06-02T18:02:22.841Z'),
  ('7ef32c25-8dac-44c5-bd22-a89a8e34ec85', 'da995972-e0ae-49f0-a054-d8265d0515a5', 'f34484dc-efaf-41cf-8f7e-c08caf8d8bf7', 'annual_checkup', 'scheduled', 'Cough', 'Quick beta process network dog client zeta over', '2023-09-19T20:38:33.723Z', '2023-12-27T12:20:50.754Z', '2024-08-16T11:32:41.599Z'),
  ('da1622fe-3678-429e-bcac-28fad4583484', 'da995972-e0ae-49f0-a054-d8265d0515a5', 'f34484dc-efaf-41cf-8f7e-c08caf8d8bf7', 'telehealth', 'completed', 'Fever', 'Quick client gamma epsilon dog kappa quick data', '2024-11-14T17:20:05.153Z', '2023-03-15T03:55:55.480Z', '2023-06-23T20:56:52.789Z'),
  ('a8cf0d96-8c7b-4379-b393-04b500b02e5e', 'da995972-e0ae-49f0-a054-d8265d0515a5', '51e16956-88d6-4ede-b126-49f67c46a1c5', 'office_visit', 'scheduled', 'Annual checkup', 'Zeta quick sigma theta zeta theta network fox', '2023-07-29T03:50:51.531Z', '2023-10-24T14:21:02.104Z', '2023-02-10T17:24:55.471Z'),
  ('d57a02e9-0f84-4cae-8e9c-daaafbfaf7cf', '5e3ab390-18f7-40a9-8b8c-ce862d13180f', '51e16956-88d6-4ede-b126-49f67c46a1c5', 'office_visit', 'completed', 'Annual checkup', 'Quick theta platform system cloud beta client zeta', '2023-02-27T03:18:02.249Z', '2023-09-10T07:40:35.089Z', '2024-07-02T02:37:51.731Z'),
  ('275fb90c-233d-4e5f-a2f9-68cabd04afe0', 'f1231c04-5c7b-4ce6-93b8-ef47b42d85d2', '51e16956-88d6-4ede-b126-49f67c46a1c5', 'annual_checkup', 'completed', 'Fatigue', 'Client omega beta zeta kappa service over sigma', '2024-11-07T13:36:12.564Z', '2023-09-18T19:22:08.285Z', '2023-05-31T07:29:23.937Z'),
  ('6f98d564-962b-492e-adb5-918ba1e5c500', '9972daab-2c86-459f-9d78-3fe1be4e3280', 'f34484dc-efaf-41cf-8f7e-c08caf8d8bf7', 'annual_checkup', 'completed', 'Headache', 'Kappa quick network data the epsilon server gamma', '2024-08-09T06:39:20.132Z', '2023-07-08T21:35:38.017Z', '2023-09-12T13:22:33.078Z'),
  ('0ca096d9-946a-4669-9731-22b5bb48ecf1', '6421dd5e-02bc-42e0-a835-9a7d2f0cb4b5', '51e16956-88d6-4ede-b126-49f67c46a1c5', 'office_visit', 'scheduled', 'Annual checkup', 'Platform system gamma engine kappa engine lazy jumps', '2024-05-12T11:47:35.878Z', '2023-01-14T15:45:52.219Z', '2023-12-28T18:59:50.617Z'),
  ('f905a69a-fd40-4639-b24e-83633749f1a0', 'b1fee36e-8b4b-49b2-90c9-e71779d221f9', '51e16956-88d6-4ede-b126-49f67c46a1c5', 'emergency', 'completed', 'Back pain', 'Sigma platform data lambda platform sigma client zeta', '2023-09-28T10:33:58.726Z', '2024-02-03T22:55:16.867Z', '2023-10-29T17:04:38.073Z'),
  ('a9a0682c-01b5-4153-8420-a6470b75b322', 'da995972-e0ae-49f0-a054-d8265d0515a5', 'f34484dc-efaf-41cf-8f7e-c08caf8d8bf7', 'office_visit', 'scheduled', 'Chest pain', 'Gamma omega theta server brown over gamma platform', '2023-04-15T07:10:35.899Z', '2023-02-05T10:01:43.632Z', '2024-01-26T23:31:23.326Z'),
  ('2ca99cc0-f067-4029-a692-2c08db188885', '6f6baf66-56e5-437e-9c8b-963c534c52ab', '51e16956-88d6-4ede-b126-49f67c46a1c5', 'telehealth', 'scheduled', 'Fever', 'Engine platform brown lazy engine delta process lambda', '2024-02-14T07:47:36.383Z', '2024-05-09T03:01:22.698Z', '2024-04-04T13:34:17.273Z'),
  ('56a5dfe1-3d96-4e84-ba92-68ff386d0a27', '9972daab-2c86-459f-9d78-3fe1be4e3280', 'f34484dc-efaf-41cf-8f7e-c08caf8d8bf7', 'office_visit', 'in_progress', 'Fever', 'Zeta delta service process zeta gamma network alpha', '2023-11-01T11:57:13.513Z', '2024-06-22T07:28:53.900Z', '2024-10-10T16:02:06.798Z'),
  ('d8601ef2-0bc0-4310-9ee0-30d738f8736a', '9972daab-2c86-459f-9d78-3fe1be4e3280', 'f34484dc-efaf-41cf-8f7e-c08caf8d8bf7', 'office_visit', 'completed', 'Fever', 'Epsilon the module network lazy fox over system', '2023-06-02T05:15:52.150Z', '2023-01-19T14:58:23.542Z', '2023-04-20T00:13:54.845Z'),
  ('e33eb482-d236-40d7-a8ee-392202f4aba2', '9972daab-2c86-459f-9d78-3fe1be4e3280', '51e16956-88d6-4ede-b126-49f67c46a1c5', 'procedure', 'in_progress', 'Headache', 'Client lazy kappa delta brown alpha engine service', '2023-11-21T13:16:59.593Z', '2024-08-03T22:41:03.420Z', '2024-12-07T10:07:47.335Z'),
  ('cf0aed56-f3f3-4425-9c48-11a38b99a897', '9972daab-2c86-459f-9d78-3fe1be4e3280', '51e16956-88d6-4ede-b126-49f67c46a1c5', 'procedure', 'scheduled', 'Fatigue', 'Server lazy epsilon fox module over lazy omega', '2023-10-14T13:07:14.584Z', '2023-11-20T06:31:35.847Z', '2024-02-24T13:54:21.050Z'),
  ('675a6db9-149f-46a6-a0da-7cc72575a766', '062cd77c-cf51-4309-8d8e-983ea5354dbd', '51e16956-88d6-4ede-b126-49f67c46a1c5', 'annual_checkup', 'completed', 'Annual checkup', 'Engine brown theta client alpha theta cloud gamma', '2023-07-22T15:43:05.477Z', '2024-04-16T14:44:26.606Z', '2023-02-02T04:53:22.535Z'),
  ('0ff2bd75-4b44-4e45-b507-b5274109cc16', 'da995972-e0ae-49f0-a054-d8265d0515a5', '51e16956-88d6-4ede-b126-49f67c46a1c5', 'telehealth', 'completed', 'Shortness of breath', 'Sigma beta cloud platform network data theta delta', '2023-10-22T04:39:35.396Z', '2023-01-15T04:33:00.900Z', '2024-05-27T22:15:24.119Z'),
  ('69694aad-5a30-44ca-8ffd-dee7988263da', 'f1231c04-5c7b-4ce6-93b8-ef47b42d85d2', 'f34484dc-efaf-41cf-8f7e-c08caf8d8bf7', 'procedure', 'completed', 'Back pain', 'Process over dog over delta service theta process', '2023-04-15T12:30:41.696Z', '2023-05-20T06:19:56.429Z', '2024-06-20T20:51:12.178Z'),
  ('d35d410f-b9c0-447d-809d-a246e4cba0a0', '6f6baf66-56e5-437e-9c8b-963c534c52ab', '51e16956-88d6-4ede-b126-49f67c46a1c5', 'emergency', 'no_show', 'Skin rash', 'Brown platform process client dog fox client delta', '2023-11-14T08:06:04.852Z', '2023-04-09T20:44:42.048Z', '2024-03-08T00:16:18.781Z');

INSERT INTO "billing" ("id", "encounter_id", "cpt_code", "description", "amount_cents", "insurance_covered_cents", "patient_responsibility_cents", "status", "billed_at", "paid_at") VALUES
  ('5d880b49-f7f5-4188-b216-e04949ffa93f', '275fb90c-233d-4e5f-a2f9-68cabd04afe0', '99213', 'Office visit - established, low', 134842, 118591, 32126, 'paid', '2023-06-30T15:55:42.400Z', '2024-08-26T03:20:01.438Z'),
  ('9375975a-7d79-4da8-b7af-cf9e22542cdf', 'b8847c97-1bc8-40eb-9d0f-08573d3afd94', '99215', 'ED visit - low', 45378, 3508, 24947, 'paid', '2023-06-02T21:24:26.311Z', '2024-01-19T07:59:40.856Z'),
  ('3c9e8f86-d6fa-4b00-93c9-8514453cce76', '7ef32c25-8dac-44c5-bd22-a89a8e34ec85', '99214', 'Office visit - new, low', 110879, 88001, 48205, 'paid', '2023-04-15T10:29:44.470Z', '2023-03-07T07:44:26.523Z'),
  ('b4da5c31-0f81-4f47-b8f7-b9fa3ecb114c', 'a9a0682c-01b5-4153-8420-a6470b75b322', '99203', 'Preventive visit 40-64', 115300, 89796, 40598, 'partially_paid', '2023-05-25T10:14:04.715Z', '2023-04-14T19:48:16.793Z'),
  ('99e75f8e-0a5e-43bd-b5ad-38c74c052530', '69694aad-5a30-44ca-8ffd-dee7988263da', '99396', 'Office visit - established, moderate', 52883, 107781, 37201, 'paid', '2024-05-03T15:38:18.306Z', '2024-08-29T19:22:07.156Z'),
  ('94e6b3cd-d6b2-483e-8269-3af5288fd256', '69694aad-5a30-44ca-8ffd-dee7988263da', '99396', 'Office visit - new, moderate', 31668, 23784, 25402, 'partially_paid', '2024-03-14T19:49:01.822Z', '2023-05-05T03:35:24.002Z'),
  ('100a9d62-21a1-4f33-9308-313ef0e6657f', '275fb90c-233d-4e5f-a2f9-68cabd04afe0', '99215', 'Office visit - established, low', 43090, 82604, 23631, 'paid', '2023-01-20T21:14:17.236Z', '2023-12-07T05:10:27.601Z'),
  ('10e582a6-1d25-4cf9-933b-387b67568572', 'b8847c97-1bc8-40eb-9d0f-08573d3afd94', '99215', 'ED visit - low', 24324, 2873, 14103, 'paid', '2024-02-19T05:49:09.631Z', '2023-03-01T00:48:17.384Z'),
  ('e0a16aa2-38ea-42b2-9383-9c57a892407d', 'a8cf0d96-8c7b-4379-b393-04b500b02e5e', '99214', 'Office visit - established, high', 24641, 59487, 16862, 'paid', '2024-04-09T15:14:15.572Z', '2024-05-12T10:57:03.641Z'),
  ('3ec70b6e-d2a9-4516-9020-2fd3398f68c4', '2ca99cc0-f067-4029-a692-2c08db188885', '99215', 'ED visit - moderate', 95181, 46700, 11914, 'pending', '2023-02-23T03:38:09.516Z', '2023-02-19T07:27:49.691Z'),
  ('c4cda42f-2f1f-49b6-bb8c-4a9adf506afe', '0ff2bd75-4b44-4e45-b507-b5274109cc16', '99281', 'Office visit - established, low', 81470, 110280, 11701, 'paid', '2024-11-22T08:21:31.958Z', '2024-02-24T22:52:08.182Z'),
  ('47d5db9a-0eef-469c-947b-cbbbd9502e1a', 'f905a69a-fd40-4639-b24e-83633749f1a0', '99213', 'ED visit - low', 85257, 72251, 46412, 'pending', '2023-07-11T07:22:59.237Z', '2024-06-05T21:00:19.061Z'),
  ('280d05c5-100b-4349-bd73-18bdf67a7860', 'b8847c97-1bc8-40eb-9d0f-08573d3afd94', '99396', 'Office visit - new, low', 17204, 19310, 3979, 'paid', '2024-08-15T00:54:20.771Z', '2023-07-19T06:52:05.718Z'),
  ('b7623567-c11d-4a71-b267-111af795ff76', '0ca096d9-946a-4669-9731-22b5bb48ecf1', '99214', 'Office visit - established, low', 120547, 80411, 8984, 'partially_paid', '2023-02-15T18:08:22.762Z', '2023-10-15T09:51:00.269Z'),
  ('6d47b236-2fa9-4d61-b02d-e75c66655c82', 'd35d410f-b9c0-447d-809d-a246e4cba0a0', '99281', 'Office visit - established, high', 11334, 18148, 4705, 'appealed', '2023-12-22T23:35:54.185Z', '2024-12-10T13:10:25.638Z'),
  ('c3bfbd78-a7bb-412c-8c6e-83f7c8903073', 'da1622fe-3678-429e-bcac-28fad4583484', '99395', 'Preventive visit 40-64', 87412, 114558, 13592, 'paid', '2023-07-23T12:32:08.213Z', '2023-11-19T03:00:59.159Z'),
  ('19288925-fef6-484d-b773-40474b1bfd22', 'f905a69a-fd40-4639-b24e-83633749f1a0', '99213', 'Office visit - established, low', 139355, 51409, 26845, 'pending', '2023-02-16T10:50:22.642Z', '2024-03-10T16:46:24.868Z'),
  ('be8c710c-4c1e-4cc7-8381-444e92bf2ff1', '69694aad-5a30-44ca-8ffd-dee7988263da', '99213', 'Office visit - established, moderate', 131840, 64843, 11368, 'paid', '2023-05-20T03:32:31.075Z', '2023-02-03T23:06:04.288Z'),
  ('c22f4d52-3544-4e18-9d21-30323cf74252', 'e33eb482-d236-40d7-a8ee-392202f4aba2', '99213', 'Preventive visit 18-39', 81334, 83632, 6584, 'partially_paid', '2023-12-27T09:04:27.816Z', '2024-09-11T03:52:27.720Z'),
  ('caa71215-16fe-415f-bf2b-501ed5524db2', 'f905a69a-fd40-4639-b24e-83633749f1a0', '99214', 'Office visit - established, low', 95229, 72273, 35558, 'denied', '2024-12-15T23:38:22.389Z', '2024-05-11T19:41:57.350Z');

INSERT INTO "diagnoses" ("id", "encounter_id", "icd_code", "description", "diagnosis_type", "diagnosed_at") VALUES
  ('7ab117e0-9ac5-488a-b130-01ba1cfcdb83', '7fe4ac6b-719d-4784-8b2a-181f60d4d6ae', 'F41.1', 'Dermatitis', 'primary', '2024-11-07T23:39:02.157Z'),
  ('f06927aa-6456-4eea-a508-e1594cc1ef80', '69694aad-5a30-44ca-8ffd-dee7988263da', 'M54.5', 'Dermatitis', 'working', '2023-07-21T19:31:55.495Z'),
  ('3ccfe381-8e4a-48d6-b607-bc9d83ad23a9', '6f98d564-962b-492e-adb5-918ba1e5c500', 'M25.50', 'Low back pain', 'primary', '2024-10-30T21:43:20.906Z'),
  ('742459cf-1ea3-471c-ad0b-c93d40408d8c', 'd35d410f-b9c0-447d-809d-a246e4cba0a0', 'Z00.00', 'General adult medical exam', 'primary', '2023-10-06T06:17:27.914Z'),
  ('7813a1f2-2c0c-4bce-bb0e-8dab7cc911d5', '0ca096d9-946a-4669-9731-22b5bb48ecf1', 'M54.5', 'Hyperlipidemia', 'working', '2023-08-22T04:13:41.309Z'),
  ('b7a16b06-48cf-4dae-b9aa-2ae480d0c23e', '0ff2bd75-4b44-4e45-b507-b5274109cc16', 'R51.9', 'Acute upper respiratory infection', 'primary', '2023-09-23T10:55:40.563Z'),
  ('e6448e52-a011-4788-9820-30d4282bbf71', '275fb90c-233d-4e5f-a2f9-68cabd04afe0', 'J06.9', 'Joint pain', 'secondary', '2023-07-23T23:31:57.289Z'),
  ('239dce22-ca0b-4b5d-9951-107b69b978fc', '56a5dfe1-3d96-4e84-ba92-68ff386d0a27', 'K21.0', 'Headache', 'admitting', '2023-09-30T18:52:07.906Z'),
  ('26e1e709-66f2-408b-b446-8257e64643cf', 'a9a0682c-01b5-4153-8420-a6470b75b322', 'M54.5', 'General adult medical exam', 'primary', '2023-08-27T19:28:11.779Z'),
  ('9eec6a35-5d51-4fcb-bde0-410b92e686a9', '675a6db9-149f-46a6-a0da-7cc72575a766', 'M25.50', 'General adult medical exam', 'primary', '2024-03-23T09:36:06.137Z'),
  ('44dd1d64-b90c-40ab-a77f-1d6653effe43', '675a6db9-149f-46a6-a0da-7cc72575a766', 'J06.9', 'Generalized anxiety disorder', 'secondary', '2023-09-18T04:57:26.963Z'),
  ('04f62d0f-2b34-47da-800c-04fdbde0f161', '0ff2bd75-4b44-4e45-b507-b5274109cc16', 'E78.5', 'General adult medical exam', 'primary', '2023-06-08T21:31:36.158Z'),
  ('118e8d4e-8b43-492b-bdd2-abae86a08e8e', 'b8847c97-1bc8-40eb-9d0f-08573d3afd94', 'I10', 'Low back pain', 'primary', '2024-08-25T18:14:06.746Z'),
  ('3b1be665-aab1-48d9-9f1d-f0f2d8317d55', 'f905a69a-fd40-4639-b24e-83633749f1a0', 'Z00.00', 'Headache', 'primary', '2023-09-01T03:28:25.427Z'),
  ('6372220e-3170-4ef9-933d-940caa252140', 'e33eb482-d236-40d7-a8ee-392202f4aba2', 'M25.50', 'Hyperlipidemia', 'primary', '2024-04-13T15:35:30.674Z'),
  ('7e22d23a-1a20-4a4b-91b7-39395545e95e', 'da1622fe-3678-429e-bcac-28fad4583484', 'M54.5', 'Essential hypertension', 'secondary', '2024-05-26T03:14:06.112Z'),
  ('fd2d70d5-aea1-4de6-87a5-9cb0fce7e739', 'd35d410f-b9c0-447d-809d-a246e4cba0a0', 'E11.9', 'Essential hypertension', 'primary', '2024-11-02T04:34:07.712Z'),
  ('fb7a22b0-7234-469b-afd2-e07b8f6e2728', 'f905a69a-fd40-4639-b24e-83633749f1a0', 'J06.9', 'Joint pain', 'primary', '2024-12-15T13:07:12.100Z'),
  ('ae5020ee-233c-4044-8607-a5eef391379e', 'a8cf0d96-8c7b-4379-b393-04b500b02e5e', 'R51.9', 'Acute upper respiratory infection', 'primary', '2024-03-13T05:37:12.405Z'),
  ('bff50ca0-2419-461a-8d01-b4767bf6f9c1', '2ca99cc0-f067-4029-a692-2c08db188885', 'M54.5', 'Generalized anxiety disorder', 'secondary', '2024-03-17T22:59:25.804Z'),
  ('ae8d5144-7bfd-4b7b-89bb-01170624e086', '0ff2bd75-4b44-4e45-b507-b5274109cc16', 'E11.9', 'Essential hypertension', 'secondary', '2024-12-22T02:38:50.824Z'),
  ('704acf7a-05a1-4943-a2d0-86b1fd5ad402', 'e33eb482-d236-40d7-a8ee-392202f4aba2', 'J06.9', 'Generalized anxiety disorder', 'primary', '2024-09-10T23:29:39.820Z'),
  ('c38e53e2-ee98-4784-a19b-2b785013aef7', '7fe4ac6b-719d-4784-8b2a-181f60d4d6ae', 'I10', 'Gastroesophageal reflux', 'primary', '2023-02-21T21:06:10.219Z'),
  ('d3613ffb-60fb-4954-af9c-0ae28e8256a5', 'a9a0682c-01b5-4153-8420-a6470b75b322', 'F41.1', 'General adult medical exam', 'secondary', '2024-01-18T13:10:34.918Z'),
  ('66127bb7-8cf9-478c-a8ba-d81041a789b1', 'f905a69a-fd40-4639-b24e-83633749f1a0', 'L30.9', 'Acute bronchitis', 'primary', '2024-02-17T22:09:15.250Z');

INSERT INTO "insurance_claims" ("id", "encounter_id", "patient_id", "total_charges_cents", "allowed_amount_cents", "patient_responsibility_cents", "status", "submitted_at", "paid_at", "created_at") VALUES
  ('31fa0ba2-aeaf-4779-8935-0f8a3c0adb9c', '6f98d564-962b-492e-adb5-918ba1e5c500', '6421dd5e-02bc-42e0-a835-9a7d2f0cb4b5', 79723, 44928, 63192, 'submitted', '2024-09-11T22:12:40.347Z', '2024-12-30T23:13:39.483Z', '2024-10-13T10:29:35.063Z'),
  ('3a27b908-dc61-4e17-868f-6bec3bdee33a', '7fe4ac6b-719d-4784-8b2a-181f60d4d6ae', '6421dd5e-02bc-42e0-a835-9a7d2f0cb4b5', 72579, 393111, 5920, 'paid', '2023-10-22T13:09:28.780Z', '2024-12-15T22:03:34.065Z', '2023-05-26T07:56:41.460Z'),
  ('fb51890a-ec03-41ca-9af1-8f2cd1930e26', '6f98d564-962b-492e-adb5-918ba1e5c500', '062cd77c-cf51-4309-8d8e-983ea5354dbd', 194166, 199485, 64411, 'adjudicated', '2024-05-20T12:39:59.784Z', '2024-12-27T13:17:06.151Z', '2024-05-18T04:23:10.271Z'),
  ('dd74bfc6-e377-4133-9537-30d35a9c99f7', 'd8601ef2-0bc0-4310-9ee0-30d738f8736a', '9972daab-2c86-459f-9d78-3fe1be4e3280', 466397, 347228, 56680, 'denied', '2024-02-11T01:49:26.972Z', '2024-12-15T03:21:43.377Z', '2023-12-02T04:27:05.082Z'),
  ('33e964f6-e3ca-4712-bd31-cdca4ad34c9c', '6f98d564-962b-492e-adb5-918ba1e5c500', 'da995972-e0ae-49f0-a054-d8265d0515a5', 465874, 343093, 63966, 'paid', '2023-09-02T17:02:40.006Z', '2024-12-25T21:01:32.836Z', '2023-09-15T10:54:52.936Z'),
  ('afe9194d-b1a7-43b2-8710-5cfd4f1c19b2', '69694aad-5a30-44ca-8ffd-dee7988263da', '6f6baf66-56e5-437e-9c8b-963c534c52ab', 178515, 231667, 3452, 'paid', '2023-08-10T20:28:24.112Z', '2024-12-06T02:00:57.505Z', '2023-01-22T13:41:18.552Z'),
  ('e5ac208f-ce69-4bd3-9e7b-42b31613b098', '6f98d564-962b-492e-adb5-918ba1e5c500', '9972daab-2c86-459f-9d78-3fe1be4e3280', 402105, 293103, 65387, 'paid', '2024-05-12T00:15:44.097Z', '2024-12-24T09:38:16.934Z', '2024-05-07T02:06:01.659Z'),
  ('2ed58220-fb6d-4758-9666-26106aca15f2', '0ff2bd75-4b44-4e45-b507-b5274109cc16', '6f6baf66-56e5-437e-9c8b-963c534c52ab', 46275, 15192, 29323, 'denied', '2023-07-06T00:48:55.534Z', '2024-12-14T03:27:44.955Z', '2024-05-10T18:47:04.407Z'),
  ('98b792d6-5eb1-40fc-ade7-9eff17079cf6', 'b8847c97-1bc8-40eb-9d0f-08573d3afd94', 'cf7027de-86d7-4473-a59e-ce35638bfc7d', 78701, 385234, 69227, 'paid', '2024-05-29T01:29:52.134Z', '2024-12-11T20:30:01.256Z', '2023-04-10T10:41:01.749Z'),
  ('7bf11f66-43cb-40c0-ac19-c4d9a4e81e25', '275fb90c-233d-4e5f-a2f9-68cabd04afe0', 'cf7027de-86d7-4473-a59e-ce35638bfc7d', 90654, 194496, 7809, 'appealed', '2023-11-26T15:43:37.019Z', '2024-12-10T11:33:38.306Z', '2024-06-08T17:22:56.031Z'),
  ('01dd8936-0912-4ca9-ac6d-4d6a952d8723', '7ef32c25-8dac-44c5-bd22-a89a8e34ec85', 'f1231c04-5c7b-4ce6-93b8-ef47b42d85d2', 150923, 76519, 38849, 'paid', '2024-08-26T11:11:15.223Z', '2024-12-20T15:46:21.384Z', '2024-06-06T01:31:41.850Z'),
  ('4efc19d2-307a-4045-966c-d296e20f3ccf', 'e33eb482-d236-40d7-a8ee-392202f4aba2', 'da995972-e0ae-49f0-a054-d8265d0515a5', 109185, 279570, 89120, 'paid', '2023-04-10T05:04:51.611Z', '2024-12-23T07:22:13.989Z', '2024-08-20T16:18:55.415Z'),
  ('b486104f-dccd-4799-b45f-77808fd6cbce', 'b8847c97-1bc8-40eb-9d0f-08573d3afd94', '9972daab-2c86-459f-9d78-3fe1be4e3280', 370567, 300763, 98384, 'paid', '2024-09-05T06:20:10.146Z', '2024-12-25T01:32:18.764Z', '2023-05-24T10:28:29.577Z'),
  ('5bb61c63-7a13-4db7-a7a8-0daf5b901682', 'a8cf0d96-8c7b-4379-b393-04b500b02e5e', '5e3ab390-18f7-40a9-8b8c-ce862d13180f', 282600, 50019, 74207, 'paid', '2024-02-18T03:57:12.035Z', '2024-12-07T12:25:40.672Z', '2024-11-29T23:55:02.789Z'),
  ('5ba50ee8-b560-4af7-a03a-4e10ab3fb472', 'a9a0682c-01b5-4153-8420-a6470b75b322', '062cd77c-cf51-4309-8d8e-983ea5354dbd', 410126, 287416, 86115, 'appealed', '2023-03-31T03:26:49.826Z', '2024-12-27T21:54:17.991Z', '2024-06-08T06:15:36.652Z'),
  ('87852f14-74d5-42fe-a0d5-982a62504a90', '56a5dfe1-3d96-4e84-ba92-68ff386d0a27', '062cd77c-cf51-4309-8d8e-983ea5354dbd', 493718, 138704, 29920, 'submitted', '2023-08-12T10:27:28.935Z', '2024-12-05T05:01:59.748Z', '2024-05-05T11:43:33.352Z'),
  ('5ebc0fe8-4663-438d-825e-ec4c8de4b64b', 'cf0aed56-f3f3-4425-9c48-11a38b99a897', '6f6baf66-56e5-437e-9c8b-963c534c52ab', 454209, 358985, 78921, 'adjudicated', '2024-07-15T04:57:47.905Z', '2024-12-06T01:22:29.794Z', '2024-04-16T17:36:15.939Z'),
  ('5c0dff43-6731-444a-aca8-50a29cddadc0', '7fe4ac6b-719d-4784-8b2a-181f60d4d6ae', 'cbc832aa-8471-4875-ac54-4e258144878c', 257432, 105881, 83186, 'paid', '2023-10-22T15:08:43.123Z', '2024-12-31T02:44:56.465Z', '2024-07-06T09:23:04.573Z'),
  ('af5994f2-777e-4f69-a583-48cf141586d5', 'a8cf0d96-8c7b-4379-b393-04b500b02e5e', 'cf7027de-86d7-4473-a59e-ce35638bfc7d', 402707, 36521, 48862, 'appealed', '2024-11-15T02:31:53.609Z', '2024-12-23T17:47:45.862Z', '2024-08-09T05:57:16.895Z'),
  ('3bade7d6-88c5-4f19-a133-e0b8017e873e', 'da1622fe-3678-429e-bcac-28fad4583484', '062cd77c-cf51-4309-8d8e-983ea5354dbd', 385161, 166603, 39055, 'appealed', '2024-12-03T07:37:27.491Z', '2024-12-26T04:20:09.049Z', '2023-09-13T16:24:37.586Z'),
  ('28d0e0d1-0012-46d6-af1b-51c02b6c167b', 'a8cf0d96-8c7b-4379-b393-04b500b02e5e', 'cf7027de-86d7-4473-a59e-ce35638bfc7d', 95144, 351599, 11063, 'paid', '2023-01-30T19:39:46.154Z', '2024-12-15T15:21:13.321Z', '2023-12-19T14:49:13.280Z'),
  ('25abce23-28a2-42ca-913d-54df35faee3f', 'd35d410f-b9c0-447d-809d-a246e4cba0a0', 'da995972-e0ae-49f0-a054-d8265d0515a5', 119975, 119641, 19568, 'submitted', '2024-11-27T15:17:54.076Z', '2024-12-29T01:18:19.906Z', '2023-01-27T03:47:48.693Z'),
  ('1e58d6c8-ec88-4da6-a5e5-8d58a6129320', '275fb90c-233d-4e5f-a2f9-68cabd04afe0', 'da995972-e0ae-49f0-a054-d8265d0515a5', 194859, 68826, 85857, 'adjudicated', '2023-01-23T20:06:53.790Z', '2024-12-29T15:39:41.747Z', '2023-10-18T08:44:16.913Z'),
  ('16060dcd-4d02-4fbc-9da9-c7320c3b9cd2', '69694aad-5a30-44ca-8ffd-dee7988263da', '5e3ab390-18f7-40a9-8b8c-ce862d13180f', 172489, 88699, 67156, 'paid', '2023-07-28T01:18:51.190Z', '2024-12-16T09:03:56.296Z', '2023-06-07T04:05:19.874Z'),
  ('fc19279d-ff64-4dc3-a307-3511a4375382', 'e33eb482-d236-40d7-a8ee-392202f4aba2', '6f6baf66-56e5-437e-9c8b-963c534c52ab', 368498, 180186, 67552, 'appealed', '2024-04-04T08:06:05.809Z', '2024-12-09T03:37:01.866Z', '2023-11-24T15:01:39.196Z'),
  ('5eb4a31a-e04c-4aee-b487-c9fa5554ad81', '6f98d564-962b-492e-adb5-918ba1e5c500', 'cbc832aa-8471-4875-ac54-4e258144878c', 362626, 121500, 94819, 'paid', '2023-07-09T11:21:19.871Z', '2024-12-13T21:45:19.407Z', '2023-11-28T22:00:05.298Z'),
  ('035f400b-ad54-416f-b9c1-dbe3373fd45b', 'd8601ef2-0bc0-4310-9ee0-30d738f8736a', 'f1231c04-5c7b-4ce6-93b8-ef47b42d85d2', 489540, 396363, 44177, 'paid', '2023-04-20T02:25:35.720Z', '2024-12-25T20:45:34.003Z', '2024-01-04T04:23:49.053Z'),
  ('96d40010-9f6c-4a53-87c0-1e33587bdf00', 'e33eb482-d236-40d7-a8ee-392202f4aba2', 'b1fee36e-8b4b-49b2-90c9-e71779d221f9', 129095, 178214, 58774, 'paid', '2023-05-18T17:14:14.762Z', '2024-12-31T16:44:12.016Z', '2023-04-08T22:20:03.813Z'),
  ('541246c5-40d1-4d6e-a5a1-e97578d19aee', '7ef32c25-8dac-44c5-bd22-a89a8e34ec85', '062cd77c-cf51-4309-8d8e-983ea5354dbd', 43050, 207525, 74569, 'paid', '2023-02-02T09:13:13.421Z', '2024-12-05T19:52:24.685Z', '2024-12-10T02:27:48.029Z'),
  ('9b154d5e-1286-41d8-9b53-59f0cfcbcbbc', 'd8601ef2-0bc0-4310-9ee0-30d738f8736a', '6f6baf66-56e5-437e-9c8b-963c534c52ab', 130314, 320765, 74143, 'paid', '2023-06-27T06:13:21.516Z', '2024-12-08T23:57:00.113Z', '2023-11-14T15:08:43.088Z'),
  ('cca17663-43cf-489d-a7ba-566262306e6c', '7ef32c25-8dac-44c5-bd22-a89a8e34ec85', '062cd77c-cf51-4309-8d8e-983ea5354dbd', 477079, 211450, 47588, 'paid', '2024-12-28T11:27:35.943Z', '2024-12-08T20:09:41.977Z', '2024-04-20T22:35:29.108Z'),
  ('dab0f2a0-dca9-4096-914a-777cdaf30e4d', '6f98d564-962b-492e-adb5-918ba1e5c500', 'cbc832aa-8471-4875-ac54-4e258144878c', 404266, 8312, 62826, 'paid', '2023-08-21T07:54:32.637Z', '2024-12-18T06:28:05.078Z', '2023-03-06T09:42:03.105Z'),
  ('40f72da8-777e-4c7e-8ec3-304dcb062fa0', 'da1622fe-3678-429e-bcac-28fad4583484', '6421dd5e-02bc-42e0-a835-9a7d2f0cb4b5', 203316, 77933, 7107, 'submitted', '2023-07-12T21:04:27.204Z', '2024-12-08T10:07:53.276Z', '2023-01-24T19:16:19.103Z'),
  ('2594e8f3-86ef-4bd5-bae1-3493f756ffb3', 'b8847c97-1bc8-40eb-9d0f-08573d3afd94', 'f1231c04-5c7b-4ce6-93b8-ef47b42d85d2', 313768, 364995, 85062, 'submitted', '2024-01-29T19:06:59.598Z', '2024-12-04T05:52:24.414Z', '2024-09-30T04:02:55.786Z'),
  ('bdfa7c12-c346-44f5-ad62-645f1b9c9695', '6f98d564-962b-492e-adb5-918ba1e5c500', 'f1231c04-5c7b-4ce6-93b8-ef47b42d85d2', 112256, 259247, 52653, 'appealed', '2024-02-25T15:08:16.377Z', '2024-12-23T23:42:02.706Z', '2023-05-24T12:19:15.845Z'),
  ('eb223e6e-c87b-4b50-a759-51ccf320c37d', 'a9a0682c-01b5-4153-8420-a6470b75b322', 'cf7027de-86d7-4473-a59e-ce35638bfc7d', 307374, 67369, 26975, 'denied', '2023-11-07T19:55:55.046Z', '2024-12-04T06:06:49.534Z', '2023-04-26T20:42:36.588Z'),
  ('6c73c0fc-a46a-4868-ac87-8f666849c81c', '275fb90c-233d-4e5f-a2f9-68cabd04afe0', '062cd77c-cf51-4309-8d8e-983ea5354dbd', 108950, 25763, 89980, 'adjudicated', '2023-01-26T20:30:16.752Z', '2024-12-02T09:42:37.568Z', '2023-07-24T01:19:23.913Z'),
  ('f2525266-15ca-46d1-8a28-7c50a8eea47f', '56a5dfe1-3d96-4e84-ba92-68ff386d0a27', 'b1fee36e-8b4b-49b2-90c9-e71779d221f9', 476359, 69744, 46981, 'submitted', '2024-11-23T07:45:58.745Z', '2024-12-04T09:26:24.486Z', '2023-04-09T22:53:25.791Z'),
  ('71f835ce-dd12-46ff-94a7-c78adb925f74', '56a5dfe1-3d96-4e84-ba92-68ff386d0a27', 'f1231c04-5c7b-4ce6-93b8-ef47b42d85d2', 400528, 12204, 91377, 'paid', '2024-03-28T04:49:56.366Z', '2024-12-21T18:25:08.248Z', '2023-06-20T15:05:08.774Z'),
  ('4cc53f6b-7f88-454d-a50b-201a1bbacf9e', '0ca096d9-946a-4669-9731-22b5bb48ecf1', 'cbc832aa-8471-4875-ac54-4e258144878c', 376513, 70349, 54023, 'paid', '2024-10-04T02:41:41.416Z', '2024-12-18T14:33:16.834Z', '2023-10-10T01:48:13.659Z'),
  ('6eb61598-3f0e-48d9-bccc-7513e33a6aae', 'cf0aed56-f3f3-4425-9c48-11a38b99a897', 'b1fee36e-8b4b-49b2-90c9-e71779d221f9', 261562, 303060, 27897, 'paid', '2023-10-08T18:32:19.386Z', '2024-12-08T00:37:25.435Z', '2023-10-14T22:46:47.111Z'),
  ('5fa09a53-5f70-4283-bb12-b75906b8d035', '7fe4ac6b-719d-4784-8b2a-181f60d4d6ae', 'da995972-e0ae-49f0-a054-d8265d0515a5', 39141, 34259, 93271, 'appealed', '2024-02-10T16:53:50.317Z', '2024-12-04T14:28:11.640Z', '2024-06-09T03:49:14.630Z'),
  ('102d2c64-89de-4455-8ef2-7006f74b06b0', '675a6db9-149f-46a6-a0da-7cc72575a766', 'cf7027de-86d7-4473-a59e-ce35638bfc7d', 471161, 331111, 63705, 'paid', '2024-03-16T16:08:38.589Z', '2024-12-31T05:48:03.401Z', '2023-04-21T20:25:59.297Z'),
  ('6dba199f-422a-4538-8ac9-6322fdbdbeaa', '0ca096d9-946a-4669-9731-22b5bb48ecf1', '062cd77c-cf51-4309-8d8e-983ea5354dbd', 273305, 278951, 88501, 'submitted', '2024-01-17T17:02:41.525Z', '2024-12-07T07:39:58.185Z', '2023-09-03T09:32:50.186Z'),
  ('d6bbecc1-1274-4b38-b92e-83eb5496a8af', 'b8847c97-1bc8-40eb-9d0f-08573d3afd94', 'b1fee36e-8b4b-49b2-90c9-e71779d221f9', 482791, 189125, 10476, 'paid', '2024-03-05T05:42:19.892Z', '2024-12-29T06:17:55.621Z', '2023-05-30T20:33:02.288Z'),
  ('88a4a944-5be4-46a9-8072-584921a68b93', 'a9a0682c-01b5-4153-8420-a6470b75b322', '6f6baf66-56e5-437e-9c8b-963c534c52ab', 91337, 385496, 19082, 'adjudicated', '2024-04-26T20:44:22.397Z', '2024-12-03T12:11:54.390Z', '2023-02-07T15:33:12.820Z'),
  ('967a47a1-657d-4c58-bd2e-9bb472806580', '7fe4ac6b-719d-4784-8b2a-181f60d4d6ae', '6f6baf66-56e5-437e-9c8b-963c534c52ab', 294108, 19703, 30257, 'paid', '2024-02-19T18:14:58.550Z', '2024-12-30T07:27:01.403Z', '2024-01-18T05:40:47.489Z'),
  ('ad81b714-5f06-467c-b2f0-61c5e2a039f2', '2ca99cc0-f067-4029-a692-2c08db188885', 'f1231c04-5c7b-4ce6-93b8-ef47b42d85d2', 377208, 169099, 71451, 'submitted', '2024-04-30T06:23:43.491Z', '2024-12-10T11:37:22.526Z', '2024-12-22T00:12:27.449Z'),
  ('6642d62f-7302-46e1-a23f-d895f9e54b4e', '2ca99cc0-f067-4029-a692-2c08db188885', 'f1231c04-5c7b-4ce6-93b8-ef47b42d85d2', 15049, 318792, 32644, 'paid', '2023-05-17T10:47:07.478Z', '2024-12-03T11:17:17.398Z', '2024-05-15T19:31:46.812Z'),
  ('cb575698-800c-4260-a8a9-1792db65f37b', 'a8cf0d96-8c7b-4379-b393-04b500b02e5e', '062cd77c-cf51-4309-8d8e-983ea5354dbd', 343801, 268951, 7516, 'adjudicated', '2024-08-03T06:18:04.101Z', '2024-12-04T02:30:25.214Z', '2024-05-12T17:13:14.131Z');

INSERT INTO "insurance_claims" ("id", "encounter_id", "patient_id", "total_charges_cents", "allowed_amount_cents", "patient_responsibility_cents", "status", "submitted_at", "paid_at", "created_at") VALUES
  ('d8ac4c62-3059-494b-be89-e5d13f0ac87b', '2ca99cc0-f067-4029-a692-2c08db188885', '6f6baf66-56e5-437e-9c8b-963c534c52ab', 330461, 361666, 60834, 'denied', '2023-10-19T02:15:57.956Z', '2024-12-15T08:33:51.297Z', '2023-06-24T09:05:26.056Z'),
  ('088de03d-792b-4077-ac80-4838e9a91ae8', '6f98d564-962b-492e-adb5-918ba1e5c500', 'da995972-e0ae-49f0-a054-d8265d0515a5', 374659, 212464, 91246, 'appealed', '2023-11-15T05:32:16.183Z', '2024-12-27T15:21:53.613Z', '2024-04-12T16:20:37.648Z'),
  ('aeb0770e-d74c-421e-97b2-36e7fea0d234', '7ef32c25-8dac-44c5-bd22-a89a8e34ec85', '9972daab-2c86-459f-9d78-3fe1be4e3280', 325415, 367267, 75363, 'submitted', '2023-07-02T06:29:24.532Z', '2024-12-04T16:04:26.467Z', '2024-12-30T06:58:59.629Z'),
  ('4e728860-71ed-4fc1-a355-4a0817900934', 'da1622fe-3678-429e-bcac-28fad4583484', 'cf7027de-86d7-4473-a59e-ce35638bfc7d', 465787, 356462, 87153, 'paid', '2023-08-02T09:47:01.422Z', '2024-12-22T15:37:33.713Z', '2023-01-31T07:31:41.731Z'),
  ('9a947c92-e247-4f8c-85ef-0a0ee3b79f90', '0ff2bd75-4b44-4e45-b507-b5274109cc16', '9972daab-2c86-459f-9d78-3fe1be4e3280', 76666, 253933, 60124, 'paid', '2024-07-27T23:10:06.113Z', '2024-12-24T18:31:18.085Z', '2024-04-29T19:31:06.494Z'),
  ('b0ae258a-bde1-4a4d-a90e-301b42428c5b', 'd35d410f-b9c0-447d-809d-a246e4cba0a0', 'cf7027de-86d7-4473-a59e-ce35638bfc7d', 447151, 273521, 47861, 'paid', '2023-02-15T15:25:03.119Z', '2024-12-27T12:37:36.697Z', '2024-02-03T15:21:48.133Z'),
  ('8ceab864-7a85-46c9-a21a-3462eb176fa4', 'f905a69a-fd40-4639-b24e-83633749f1a0', 'cf7027de-86d7-4473-a59e-ce35638bfc7d', 355250, 201284, 90064, 'paid', '2024-04-08T07:01:08.071Z', '2024-12-04T21:42:20.664Z', '2023-02-02T04:33:40.121Z'),
  ('1b502b94-4ad7-463f-91ef-4a77298cc516', 'd57a02e9-0f84-4cae-8e9c-daaafbfaf7cf', '9972daab-2c86-459f-9d78-3fe1be4e3280', 70736, 325531, 20130, 'paid', '2024-12-21T22:42:35.508Z', '2024-12-12T23:55:03.037Z', '2024-01-13T13:09:03.609Z'),
  ('5a53d746-47ad-4cd1-a208-4718b5ddd435', '2ca99cc0-f067-4029-a692-2c08db188885', 'cbc832aa-8471-4875-ac54-4e258144878c', 327220, 388983, 23268, 'paid', '2024-04-18T03:58:53.632Z', '2024-12-31T06:29:56.482Z', '2023-11-05T00:46:35.556Z'),
  ('af4a041e-c55c-4f50-9b25-9051b8f2f2ca', 'da1622fe-3678-429e-bcac-28fad4583484', 'f1231c04-5c7b-4ce6-93b8-ef47b42d85d2', 238792, 63933, 81309, 'paid', '2023-08-09T04:23:46.232Z', '2024-12-21T21:26:42.223Z', '2023-07-02T06:24:43.313Z');

INSERT INTO "claim_payments" ("id", "claim_id", "amount_cents", "payment_method", "status", "paid_at", "created_at") VALUES
  ('b28ce7de-ae25-4ecc-8825-80a3e5f0e2f9', '5ebc0fe8-4663-438d-825e-ec4c8de4b64b', 246422, 'eft', 'processed', '2024-12-02T03:22:31.732Z', '2024-11-19T22:15:50.706Z'),
  ('e8733648-db30-4f6b-b881-12bfe3511222', '6eb61598-3f0e-48d9-bccc-7513e33a6aae', 277949, 'eft', 'processed', '2024-12-12T07:39:40.840Z', '2024-06-15T14:15:00.524Z'),
  ('f8d74667-2961-4c63-8392-79c5185f819d', '1b502b94-4ad7-463f-91ef-4a77298cc516', 362681, 'eft', 'pending', '2024-12-11T19:59:45.256Z', '2024-01-13T02:34:52.151Z'),
  ('fc7e9516-ed26-48f5-8e88-e8bf36303174', '5eb4a31a-e04c-4aee-b487-c9fa5554ad81', 195636, 'check', 'processed', '2024-12-17T15:52:04.901Z', '2023-07-17T23:39:35.671Z'),
  ('d16da617-abe3-48bb-bcb2-c0ac1c8a27be', 'b0ae258a-bde1-4a4d-a90e-301b42428c5b', 232018, 'eft', 'processed', '2024-12-03T09:10:12.310Z', '2024-05-13T15:54:57.224Z'),
  ('429b93a2-2f42-425c-a3fc-92309b3a83ac', '5a53d746-47ad-4cd1-a208-4718b5ddd435', 353800, 'check', 'processed', '2024-12-29T00:26:02.671Z', '2023-12-06T16:02:02.007Z'),
  ('96763494-6b2a-4334-8902-dd2fa734fc3a', '87852f14-74d5-42fe-a0d5-982a62504a90', 317460, 'eft', 'processed', '2024-12-28T12:59:58.809Z', '2023-11-06T04:05:48.256Z'),
  ('7421eaff-ff15-48fa-80dd-744aec2d4b19', '25abce23-28a2-42ca-913d-54df35faee3f', 251001, 'eft', 'failed', '2024-12-05T06:03:42.213Z', '2024-05-19T07:09:57.754Z'),
  ('fb5b7c32-7b6e-4d9e-98fb-e27985c1b9bc', '87852f14-74d5-42fe-a0d5-982a62504a90', 279985, 'check', 'processed', '2024-12-04T19:43:52.859Z', '2023-12-04T21:40:18.961Z'),
  ('c9642eaa-720e-44a0-b45b-b0916d1ff3d7', '01dd8936-0912-4ca9-ac6d-4d6a952d8723', 241556, 'eft', 'processed', '2024-12-27T01:50:02.514Z', '2023-09-03T17:04:12.481Z'),
  ('63307b80-7f99-4426-8c4d-65626837a28c', '16060dcd-4d02-4fbc-9da9-c7320c3b9cd2', 318129, 'eft', 'processed', '2024-12-27T16:27:01.211Z', '2023-06-09T08:18:22.151Z'),
  ('c7a312e7-90d4-459c-ab88-516d0b1bfdd7', 'dd74bfc6-e377-4133-9537-30d35a9c99f7', 124347, 'eft', 'processed', '2024-12-19T02:34:01.798Z', '2024-07-05T15:43:12.681Z'),
  ('e0787e5f-5f7f-4a61-a20c-95b98ff97756', '9b154d5e-1286-41d8-9b53-59f0cfcbcbbc', 60979, 'eft', 'processed', '2024-12-25T16:06:29.220Z', '2023-02-18T11:21:30.297Z'),
  ('4407146a-44e0-4e46-9948-a7ca274fc8f9', '2ed58220-fb6d-4758-9666-26106aca15f2', 111892, 'eft', 'processed', '2024-12-25T08:20:36.887Z', '2024-07-08T18:40:52.686Z'),
  ('25a96ec5-a472-4de7-9810-87a96d638128', '102d2c64-89de-4455-8ef2-7006f74b06b0', 330433, 'wire', 'pending', '2024-12-21T12:59:53.262Z', '2024-02-28T03:59:40.803Z'),
  ('70ae420f-07ec-4d06-bf23-d7b63a173262', '102d2c64-89de-4455-8ef2-7006f74b06b0', 354748, 'wire', 'processed', '2024-12-21T21:19:45.804Z', '2023-06-26T23:02:12.342Z'),
  ('4fa37b85-a853-4f99-aca0-af6704166f3f', '88a4a944-5be4-46a9-8072-584921a68b93', 330635, 'eft', 'processed', '2024-12-15T19:47:46.224Z', '2023-03-08T08:59:43.102Z'),
  ('81d239f3-9bfb-4d95-b737-fd8c23678882', '71f835ce-dd12-46ff-94a7-c78adb925f74', 103842, 'eft', 'processed', '2024-12-31T15:13:05.841Z', '2024-10-12T21:57:43.672Z'),
  ('7440dbe1-958e-4e4c-b965-27f4cb828b06', '87852f14-74d5-42fe-a0d5-982a62504a90', 88598, 'eft', 'processed', '2024-12-07T16:40:19.184Z', '2023-08-10T00:18:00.285Z'),
  ('0623be2b-6a1c-4f95-956d-72c51fa111bd', '88a4a944-5be4-46a9-8072-584921a68b93', 280487, 'eft', 'pending', '2024-12-20T15:39:32.393Z', '2024-08-08T08:28:41.122Z'),
  ('e0a47dab-7307-4caf-ab94-d9f91644f849', '4cc53f6b-7f88-454d-a50b-201a1bbacf9e', 372475, 'check', 'failed', '2024-12-16T11:42:58.026Z', '2024-05-19T06:32:50.583Z'),
  ('d97b80b6-8024-4735-8038-1c3931b35fd8', 'cb575698-800c-4260-a8a9-1792db65f37b', 160997, 'eft', 'processed', '2024-12-12T11:56:47.233Z', '2023-11-01T08:04:29.472Z'),
  ('49b05abd-1c36-48ea-8d89-42d0c4bf627e', 'd6bbecc1-1274-4b38-b92e-83eb5496a8af', 305364, 'eft', 'processed', '2024-12-29T07:34:42.704Z', '2024-11-04T09:52:33.656Z'),
  ('71d0530f-f0fa-4fec-b5e8-0c027bcd51e6', '71f835ce-dd12-46ff-94a7-c78adb925f74', 213500, 'wire', 'processed', '2024-12-15T22:13:39.131Z', '2024-10-19T13:04:19.317Z'),
  ('6a72b329-a50c-4880-a83b-867f03e31db3', 'dab0f2a0-dca9-4096-914a-777cdaf30e4d', 392245, 'eft', 'failed', '2024-12-29T08:26:41.673Z', '2023-07-03T23:02:16.308Z'),
  ('6b774309-c3c1-4480-8e9e-1f45760a72f3', 'dd74bfc6-e377-4133-9537-30d35a9c99f7', 113439, 'wire', 'processed', '2024-12-31T14:45:01.489Z', '2024-03-17T17:26:54.621Z'),
  ('98afd98c-20da-43fe-883b-a5f8eb68c8ee', '5ebc0fe8-4663-438d-825e-ec4c8de4b64b', 46682, 'wire', 'processed', '2024-12-29T02:34:20.311Z', '2023-05-30T19:55:55.161Z'),
  ('043f5126-50cd-4fda-b79a-3980c8e5a348', 'af5994f2-777e-4f69-a583-48cf141586d5', 385568, 'eft', 'processed', '2024-12-09T15:22:21.248Z', '2024-05-27T01:47:02.376Z'),
  ('5dfd91dd-cbca-480a-abb1-dd4907d34d56', 'cca17663-43cf-489d-a7ba-566262306e6c', 275147, 'eft', 'processed', '2024-12-11T23:33:11.212Z', '2023-05-28T15:43:21.696Z'),
  ('8142da03-1dc9-4d6f-81d2-779e664026f9', '3a27b908-dc61-4e17-868f-6bec3bdee33a', 31493, 'wire', 'processed', '2024-12-26T05:23:02.783Z', '2024-07-23T13:36:34.934Z'),
  ('bc298338-d3f8-42e1-a868-fdd4316eb5df', '96d40010-9f6c-4a53-87c0-1e33587bdf00', 129489, 'eft', 'processed', '2024-12-06T23:13:07.287Z', '2023-08-05T19:20:39.795Z'),
  ('739c7246-8363-4a1f-b93d-d8d6accc5d9b', '98b792d6-5eb1-40fc-ade7-9eff17079cf6', 142629, 'eft', 'processed', '2024-12-22T05:22:40.720Z', '2023-05-17T05:57:46.158Z'),
  ('0cd87f71-cfef-4fa3-a01b-6a257048bbf9', '3a27b908-dc61-4e17-868f-6bec3bdee33a', 394254, 'wire', 'processed', '2024-12-18T16:14:17.098Z', '2024-01-18T19:43:09.119Z'),
  ('3ddffb84-184b-4977-b1b2-2ca84142770b', '4efc19d2-307a-4045-966c-d296e20f3ccf', 382349, 'check', 'processed', '2024-12-03T04:00:01.659Z', '2023-01-17T20:27:35.401Z'),
  ('46c4b1eb-5440-494a-a56e-218e837d63bf', '2594e8f3-86ef-4bd5-bae1-3493f756ffb3', 239288, 'eft', 'processed', '2024-12-05T14:39:03.993Z', '2023-03-14T01:43:05.451Z'),
  ('5df65761-7f0c-4a92-9e56-5f9e55ccad2d', '088de03d-792b-4077-ac80-4838e9a91ae8', 84383, 'eft', 'processed', '2024-12-20T13:29:23.123Z', '2024-06-08T07:45:57.272Z'),
  ('b43d1d82-5969-4e40-8b7f-23b11ebf7d3c', '2594e8f3-86ef-4bd5-bae1-3493f756ffb3', 116420, 'eft', 'processed', '2024-12-21T07:10:19.328Z', '2024-11-16T19:44:16.059Z'),
  ('b59cdc15-07dc-49de-baaa-73c6105dd42e', 'afe9194d-b1a7-43b2-8710-5cfd4f1c19b2', 186271, 'check', 'processed', '2024-12-14T04:07:41.356Z', '2024-11-28T16:25:59.809Z'),
  ('02ca47e2-013a-4cf6-88da-766ce35255db', '3a27b908-dc61-4e17-868f-6bec3bdee33a', 271607, 'check', 'processed', '2024-12-15T01:45:06.330Z', '2024-12-28T06:34:42.687Z'),
  ('1113c201-b7c2-468b-985b-bbf57f90e1e2', 'afe9194d-b1a7-43b2-8710-5cfd4f1c19b2', 126994, 'eft', 'processed', '2024-12-24T07:15:41.908Z', '2023-06-09T00:47:37.626Z');

INSERT INTO "lab_orders" ("id", "encounter_id", "patient_id", "provider_id", "test_name", "priority", "status", "ordered_at", "resulted_at", "created_at") VALUES
  ('f87e797f-1310-45db-9ea1-a913f83757f8', 'f905a69a-fd40-4639-b24e-83633749f1a0', '062cd77c-cf51-4309-8d8e-983ea5354dbd', '51e16956-88d6-4ede-b126-49f67c46a1c5', 'Service the process cloud process engine dog alpha', 'stat', 'resulted', '2023-04-03T20:43:15.509Z', '2024-12-28T14:38:38.493Z', '2023-07-24T12:41:56.442Z'),
  ('1fbd10ef-e8dc-4963-a76b-b35f26d5efed', 'd35d410f-b9c0-447d-809d-a246e4cba0a0', 'b1fee36e-8b4b-49b2-90c9-e71779d221f9', 'f34484dc-efaf-41cf-8f7e-c08caf8d8bf7', 'Lazy dog fox lambda alpha zeta zeta theta', 'routine', 'resulted', '2023-02-05T21:20:58.733Z', '2024-12-03T05:21:18.909Z', '2023-04-14T18:24:36.957Z'),
  ('3434c150-a064-484b-8d35-42e436b50e36', '675a6db9-149f-46a6-a0da-7cc72575a766', '9972daab-2c86-459f-9d78-3fe1be4e3280', 'f34484dc-efaf-41cf-8f7e-c08caf8d8bf7', 'Alpha zeta theta kappa client kappa kappa alpha', 'routine', 'ordered', '2023-06-11T04:51:23.647Z', '2024-12-05T14:15:10.213Z', '2024-09-15T13:10:21.814Z'),
  ('2828db84-1885-4d90-aad8-84793b9a3b4a', '7fe4ac6b-719d-4784-8b2a-181f60d4d6ae', '6421dd5e-02bc-42e0-a835-9a7d2f0cb4b5', 'f34484dc-efaf-41cf-8f7e-c08caf8d8bf7', 'Client process kappa over theta network server module', 'routine', 'resulted', '2023-11-10T12:36:00.255Z', '2024-12-29T13:39:51.393Z', '2023-11-16T07:26:19.204Z'),
  ('b45faf0a-8705-4898-8b86-6bb7aaf9c187', '7ef32c25-8dac-44c5-bd22-a89a8e34ec85', '9972daab-2c86-459f-9d78-3fe1be4e3280', '51e16956-88d6-4ede-b126-49f67c46a1c5', 'Zeta system server omega platform lambda system system', 'routine', 'resulted', '2024-03-08T08:18:38.711Z', '2024-12-19T15:41:07.843Z', '2024-12-19T20:41:20.772Z'),
  ('fbf9c76f-d526-41f1-a636-a66c026a0c06', '0ff2bd75-4b44-4e45-b507-b5274109cc16', '062cd77c-cf51-4309-8d8e-983ea5354dbd', 'f34484dc-efaf-41cf-8f7e-c08caf8d8bf7', 'Sigma quick fox beta fox brown module system', 'routine', 'resulted', '2024-04-22T18:54:44.890Z', '2024-12-24T01:18:53.406Z', '2023-01-11T19:41:05.953Z'),
  ('1a4af38d-f97c-490a-b79f-01895452ae80', 'a8cf0d96-8c7b-4379-b393-04b500b02e5e', 'b1fee36e-8b4b-49b2-90c9-e71779d221f9', '51e16956-88d6-4ede-b126-49f67c46a1c5', 'Delta alpha lambda lambda the system gamma over', 'urgent', 'resulted', '2023-05-18T06:31:46.669Z', '2024-12-30T18:30:11.085Z', '2024-10-24T22:19:17.545Z'),
  ('a4ec0e1f-16d6-42c7-980d-1edd68b21535', '0ff2bd75-4b44-4e45-b507-b5274109cc16', 'b1fee36e-8b4b-49b2-90c9-e71779d221f9', '51e16956-88d6-4ede-b126-49f67c46a1c5', 'System client platform delta system delta process omega', 'urgent', 'resulted', '2024-05-02T21:22:10.054Z', '2024-12-05T15:21:35.994Z', '2023-06-14T04:20:41.717Z'),
  ('2797142e-583b-4885-830c-35ad6f32b01a', 'e33eb482-d236-40d7-a8ee-392202f4aba2', 'b1fee36e-8b4b-49b2-90c9-e71779d221f9', 'f34484dc-efaf-41cf-8f7e-c08caf8d8bf7', 'Platform kappa jumps lazy lazy module the engine', 'routine', 'resulted', '2023-04-01T15:08:40.863Z', '2024-12-28T13:20:30.603Z', '2024-01-25T11:54:03.610Z'),
  ('41fbf558-32f2-4b11-b217-63e8ad0d5eaf', 'd35d410f-b9c0-447d-809d-a246e4cba0a0', 'f1231c04-5c7b-4ce6-93b8-ef47b42d85d2', 'f34484dc-efaf-41cf-8f7e-c08caf8d8bf7', 'Over over omega gamma server system over network', 'routine', 'resulted', '2024-08-08T07:26:29.624Z', '2024-12-20T13:17:16.057Z', '2024-03-16T02:17:33.648Z'),
  ('6ca0c3b1-a06a-4c85-ae0d-0b8cf086f4d1', '2ca99cc0-f067-4029-a692-2c08db188885', 'b1fee36e-8b4b-49b2-90c9-e71779d221f9', '51e16956-88d6-4ede-b126-49f67c46a1c5', 'Sigma beta lazy zeta cloud jumps gamma client', 'routine', 'resulted', '2024-01-12T21:42:11.113Z', '2024-12-24T16:08:40.916Z', '2024-04-22T12:43:07.043Z'),
  ('728f05de-f789-4cff-87b8-f92a6ff88dd4', 'd8601ef2-0bc0-4310-9ee0-30d738f8736a', 'da995972-e0ae-49f0-a054-d8265d0515a5', 'f34484dc-efaf-41cf-8f7e-c08caf8d8bf7', 'Delta network epsilon service zeta lambda module lambda', 'routine', 'ordered', '2024-09-02T05:38:36.786Z', '2024-12-20T16:49:13.515Z', '2023-01-08T03:23:03.707Z'),
  ('cfd571db-bf63-43fe-affe-8a06460c9293', 'da1622fe-3678-429e-bcac-28fad4583484', 'b1fee36e-8b4b-49b2-90c9-e71779d221f9', '51e16956-88d6-4ede-b126-49f67c46a1c5', 'Network jumps beta dog fox omega platform data', 'urgent', 'resulted', '2023-03-25T15:29:24.410Z', '2024-12-02T07:19:49.428Z', '2023-11-18T22:40:50.064Z'),
  ('bec4fbbb-b5f6-479f-b8b2-2de03905dde8', 'a8cf0d96-8c7b-4379-b393-04b500b02e5e', 'cf7027de-86d7-4473-a59e-ce35638bfc7d', '51e16956-88d6-4ede-b126-49f67c46a1c5', 'Quick lambda client quick gamma platform cloud omega', 'routine', 'cancelled', '2023-04-04T19:36:04.204Z', '2024-12-16T01:03:35.939Z', '2023-01-02T21:48:00.844Z'),
  ('d1f10ab0-4649-4900-a59d-4eb38dcecdff', 'a9a0682c-01b5-4153-8420-a6470b75b322', '9972daab-2c86-459f-9d78-3fe1be4e3280', '51e16956-88d6-4ede-b126-49f67c46a1c5', 'Module jumps lazy brown lazy theta omega brown', 'routine', 'resulted', '2024-07-29T21:24:02.009Z', '2024-12-16T22:11:12.346Z', '2024-09-03T21:10:39.742Z'),
  ('1c3e8952-a5f2-42d7-859e-349453ab8fec', '0ff2bd75-4b44-4e45-b507-b5274109cc16', '5e3ab390-18f7-40a9-8b8c-ce862d13180f', 'f34484dc-efaf-41cf-8f7e-c08caf8d8bf7', 'Client server brown cloud beta client fox zeta', 'urgent', 'collected', '2024-07-28T02:44:13.265Z', '2024-12-13T13:24:28.673Z', '2024-02-07T10:26:13.130Z'),
  ('e7b6686c-e245-418b-bb24-003d12bfc1a8', 'd35d410f-b9c0-447d-809d-a246e4cba0a0', '6f6baf66-56e5-437e-9c8b-963c534c52ab', '51e16956-88d6-4ede-b126-49f67c46a1c5', 'Over cloud brown network service fox sigma platform', 'urgent', 'resulted', '2024-11-07T13:33:39.560Z', '2024-12-29T15:36:30.431Z', '2024-09-01T03:54:13.840Z'),
  ('1e333bdb-0220-4a16-b24a-f662dd5f7d60', 'a8cf0d96-8c7b-4379-b393-04b500b02e5e', 'da995972-e0ae-49f0-a054-d8265d0515a5', '51e16956-88d6-4ede-b126-49f67c46a1c5', 'Lambda sigma alpha module fox process fox delta', 'stat', 'resulted', '2023-10-01T14:06:22.473Z', '2024-12-31T06:10:38.309Z', '2023-03-18T03:07:22.081Z'),
  ('4f01a9c4-45e6-4bcc-bc0b-89a61254bece', 'e33eb482-d236-40d7-a8ee-392202f4aba2', 'da995972-e0ae-49f0-a054-d8265d0515a5', '51e16956-88d6-4ede-b126-49f67c46a1c5', 'Lambda gamma over service the alpha theta over', 'routine', 'resulted', '2024-02-02T22:00:19.415Z', '2024-12-16T00:30:56.791Z', '2023-03-14T14:59:52.438Z'),
  ('a88f90de-1e36-4bed-871f-ba48750fed21', 'da1622fe-3678-429e-bcac-28fad4583484', '6f6baf66-56e5-437e-9c8b-963c534c52ab', '51e16956-88d6-4ede-b126-49f67c46a1c5', 'System over quick beta service delta delta gamma', 'routine', 'ordered', '2024-10-08T15:49:02.331Z', '2024-12-12T23:33:19.883Z', '2023-03-10T22:16:37.421Z'),
  ('b3b68b2d-22e3-4bd7-9b4b-2e932b7cda30', 'f905a69a-fd40-4639-b24e-83633749f1a0', 'b1fee36e-8b4b-49b2-90c9-e71779d221f9', '51e16956-88d6-4ede-b126-49f67c46a1c5', 'System delta alpha network server alpha quick lazy', 'routine', 'resulted', '2024-11-23T20:37:52.213Z', '2024-12-09T20:49:46.014Z', '2024-03-13T09:11:20.658Z'),
  ('2a97ef5f-d392-46fa-a47a-e89603894cc2', 'a8cf0d96-8c7b-4379-b393-04b500b02e5e', '5e3ab390-18f7-40a9-8b8c-ce862d13180f', 'f34484dc-efaf-41cf-8f7e-c08caf8d8bf7', 'Service beta engine system engine engine gamma quick', 'urgent', 'resulted', '2024-10-17T23:18:46.110Z', '2024-12-15T22:34:57.235Z', '2023-01-30T22:32:48.721Z'),
  ('c9b5d762-23af-4ac5-afe1-527712456398', 'a9a0682c-01b5-4153-8420-a6470b75b322', '5e3ab390-18f7-40a9-8b8c-ce862d13180f', '51e16956-88d6-4ede-b126-49f67c46a1c5', 'Alpha system gamma platform theta fox data server', 'routine', 'resulted', '2023-11-08T13:07:34.921Z', '2024-12-31T14:26:44.864Z', '2023-04-26T19:04:41.713Z'),
  ('d09a2ee2-59fc-4246-8267-4ac568305b4b', 'd8601ef2-0bc0-4310-9ee0-30d738f8736a', '6421dd5e-02bc-42e0-a835-9a7d2f0cb4b5', 'f34484dc-efaf-41cf-8f7e-c08caf8d8bf7', 'Server lazy sigma zeta data server platform lambda', 'routine', 'resulted', '2024-09-19T12:19:58.706Z', '2024-12-17T18:43:23.698Z', '2024-01-14T11:50:06.274Z'),
  ('82c97d74-f57f-4622-b8e0-9ddab064c4ac', 'a8cf0d96-8c7b-4379-b393-04b500b02e5e', 'da995972-e0ae-49f0-a054-d8265d0515a5', 'f34484dc-efaf-41cf-8f7e-c08caf8d8bf7', 'Epsilon jumps over the quick engine cloud client', 'routine', 'resulted', '2024-02-04T17:11:40.480Z', '2024-12-22T07:14:19.323Z', '2023-07-05T09:00:48.518Z'),
  ('7801a981-935a-4c0d-bdb2-fd4501249bfe', 'd8601ef2-0bc0-4310-9ee0-30d738f8736a', '5e3ab390-18f7-40a9-8b8c-ce862d13180f', 'f34484dc-efaf-41cf-8f7e-c08caf8d8bf7', 'Jumps service alpha module server fox lambda zeta', 'routine', 'resulted', '2023-09-22T04:20:10.197Z', '2024-12-25T12:12:38.062Z', '2023-03-15T13:46:42.037Z'),
  ('2fa74437-889e-47e4-8e66-8d19d805869d', 'a8cf0d96-8c7b-4379-b393-04b500b02e5e', '6421dd5e-02bc-42e0-a835-9a7d2f0cb4b5', '51e16956-88d6-4ede-b126-49f67c46a1c5', 'System zeta fox zeta brown kappa cloud data', 'stat', 'ordered', '2023-11-17T07:02:06.014Z', '2024-12-24T19:16:21.684Z', '2023-01-07T12:49:56.058Z'),
  ('bbae8d0f-0071-4a3c-81b5-9d954796c3d7', '56a5dfe1-3d96-4e84-ba92-68ff386d0a27', '5e3ab390-18f7-40a9-8b8c-ce862d13180f', '51e16956-88d6-4ede-b126-49f67c46a1c5', 'Over engine sigma server alpha network module epsilon', 'urgent', 'cancelled', '2023-10-16T21:47:16.552Z', '2024-12-21T14:25:52.496Z', '2024-03-19T02:24:17.789Z'),
  ('1f054d51-5543-4b2c-9777-d2a9b3ad3c3c', '2ca99cc0-f067-4029-a692-2c08db188885', '6f6baf66-56e5-437e-9c8b-963c534c52ab', 'f34484dc-efaf-41cf-8f7e-c08caf8d8bf7', 'Data kappa lambda theta lambda epsilon engine quick', 'routine', 'ordered', '2024-01-12T16:15:33.355Z', '2024-12-31T01:19:19.922Z', '2023-11-14T01:39:41.670Z'),
  ('3b7579c8-0ba4-4b38-8eb1-431b1119a1a8', '7ef32c25-8dac-44c5-bd22-a89a8e34ec85', 'f1231c04-5c7b-4ce6-93b8-ef47b42d85d2', 'f34484dc-efaf-41cf-8f7e-c08caf8d8bf7', 'Client theta data epsilon process lambda server epsilon', 'urgent', 'resulted', '2024-03-26T18:37:05.430Z', '2024-12-13T04:34:50.652Z', '2024-10-05T09:56:53.821Z'),
  ('8a044e9d-6d44-4052-a20a-c3029b063db7', '675a6db9-149f-46a6-a0da-7cc72575a766', 'cbc832aa-8471-4875-ac54-4e258144878c', '51e16956-88d6-4ede-b126-49f67c46a1c5', 'Network alpha server module epsilon alpha delta beta', 'routine', 'ordered', '2024-04-21T00:51:18.909Z', '2024-12-24T20:18:22.084Z', '2024-07-11T08:01:43.054Z'),
  ('8e1ff26a-825b-45a6-929c-ed7e10edf990', '0ff2bd75-4b44-4e45-b507-b5274109cc16', 'cbc832aa-8471-4875-ac54-4e258144878c', 'f34484dc-efaf-41cf-8f7e-c08caf8d8bf7', 'Engine brown the service fox delta fox client', 'routine', 'resulted', '2023-07-28T15:50:03.297Z', '2024-12-03T02:50:47.530Z', '2023-10-19T12:26:03.446Z'),
  ('a40ed49d-cbd2-40b1-aad4-0a1b3d8c4fe9', '56a5dfe1-3d96-4e84-ba92-68ff386d0a27', '062cd77c-cf51-4309-8d8e-983ea5354dbd', '51e16956-88d6-4ede-b126-49f67c46a1c5', 'Theta delta over platform engine jumps engine epsilon', 'routine', 'ordered', '2023-06-06T05:43:40.489Z', '2024-12-24T20:56:42.349Z', '2024-07-25T13:55:53.240Z'),
  ('7af9197d-b2b4-428d-a6ac-f7abec258be2', 'd57a02e9-0f84-4cae-8e9c-daaafbfaf7cf', 'cf7027de-86d7-4473-a59e-ce35638bfc7d', 'f34484dc-efaf-41cf-8f7e-c08caf8d8bf7', 'Omega client sigma service gamma omega dog lazy', 'urgent', 'resulted', '2024-11-12T22:27:46.647Z', '2024-12-06T00:52:43.193Z', '2023-07-01T22:21:24.113Z'),
  ('e6dbc9c9-4f9e-4fc5-9165-ec43ac6d5c2e', '0ca096d9-946a-4669-9731-22b5bb48ecf1', 'cf7027de-86d7-4473-a59e-ce35638bfc7d', 'f34484dc-efaf-41cf-8f7e-c08caf8d8bf7', 'Network platform the sigma module delta data the', 'routine', 'ordered', '2024-03-29T05:35:15.269Z', '2024-12-22T07:31:55.695Z', '2024-03-25T15:07:06.263Z'),
  ('9822d373-79c5-4c11-8246-8f45b0f88c25', '275fb90c-233d-4e5f-a2f9-68cabd04afe0', '9972daab-2c86-459f-9d78-3fe1be4e3280', '51e16956-88d6-4ede-b126-49f67c46a1c5', 'Cloud brown beta system client jumps alpha service', 'routine', 'resulted', '2024-05-24T21:46:03.663Z', '2024-12-04T10:55:44.999Z', '2023-12-01T02:50:35.129Z'),
  ('b73037e4-ab5a-45b7-b596-131fb12b3217', 'e33eb482-d236-40d7-a8ee-392202f4aba2', '062cd77c-cf51-4309-8d8e-983ea5354dbd', '51e16956-88d6-4ede-b126-49f67c46a1c5', 'Platform kappa process dog dog brown over module', 'routine', 'resulted', '2024-11-19T17:08:31.294Z', '2024-12-07T04:30:24.065Z', '2024-04-24T23:42:50.866Z'),
  ('c9cc1346-b3b5-4699-a421-1d1358be694a', '675a6db9-149f-46a6-a0da-7cc72575a766', '062cd77c-cf51-4309-8d8e-983ea5354dbd', 'f34484dc-efaf-41cf-8f7e-c08caf8d8bf7', 'Kappa delta system beta server quick lambda brown', 'routine', 'resulted', '2024-09-30T14:46:13.545Z', '2024-12-20T08:09:07.503Z', '2024-02-03T18:37:43.169Z'),
  ('2e53dbec-45df-4bc3-89c2-8595296d72b6', 'a8cf0d96-8c7b-4379-b393-04b500b02e5e', 'f1231c04-5c7b-4ce6-93b8-ef47b42d85d2', '51e16956-88d6-4ede-b126-49f67c46a1c5', 'Epsilon server quick dog delta service brown module', 'routine', 'resulted', '2024-03-27T21:07:48.470Z', '2024-12-20T06:13:41.896Z', '2023-12-28T03:43:17.817Z'),
  ('e2b8ca1f-f017-4028-b985-d4529cca6221', '7fe4ac6b-719d-4784-8b2a-181f60d4d6ae', '5e3ab390-18f7-40a9-8b8c-ce862d13180f', 'f34484dc-efaf-41cf-8f7e-c08caf8d8bf7', 'Delta lambda theta module dog service kappa lambda', 'urgent', 'ordered', '2024-11-12T01:35:27.924Z', '2024-12-06T00:07:14.906Z', '2023-12-28T05:02:49.959Z');

INSERT INTO "lab_results" ("id", "lab_order_id", "component", "value", "unit", "reference_range", "abnormal_flag", "resulted_at", "created_at") VALUES
  ('b30ee8c0-7dad-4570-8fdb-c0517b158790', 'c9cc1346-b3b5-4699-a421-1d1358be694a', 'Alpha kappa server', 338.78969699076845, 'U/L', 'Sigma omega jumps', 'critical', '2024-12-24T09:04:28.337Z', '2024-09-15T23:13:36.886Z'),
  ('1f1cb69c-cf47-4a7b-aeb6-ca53d957b1b1', 'fbf9c76f-d526-41f1-a636-a66c026a0c06', 'Data zeta brown', 56.563542739814146, 'mmol/L', 'Service omega network', 'critical', '2024-12-07T15:50:19.949Z', '2023-03-05T23:55:53.934Z'),
  ('513802e9-0242-4bf0-ad7c-253b2b3a988a', '6ca0c3b1-a06a-4c85-ae0d-0b8cf086f4d1', 'Jumps network brown', 281.657439039601, 'mg/dL', 'Engine service lazy', 'normal', '2024-12-20T05:20:56.525Z', '2023-02-03T07:36:50.492Z'),
  ('b893d6a6-1b75-4599-80a5-f70c75e4f6c9', 'c9b5d762-23af-4ac5-afe1-527712456398', 'Sigma process over', 199.64168463828972, 'mg/dL', 'Data fox sigma', 'normal', '2024-12-03T02:45:01.943Z', '2023-02-14T04:17:33.252Z'),
  ('73486941-5a5d-41de-89c1-59aa747ff819', 'a40ed49d-cbd2-40b1-aad4-0a1b3d8c4fe9', 'Jumps quick the', 176.38795781759544, 'U/L', 'Kappa dog gamma', 'normal', '2024-12-25T08:12:15.611Z', '2023-01-08T06:32:28.282Z'),
  ('a23d01a5-b787-461f-9289-0812202614e6', '6ca0c3b1-a06a-4c85-ae0d-0b8cf086f4d1', 'Service epsilon omega', 227.16505041327326, 'U/L', 'Over lambda module', 'normal', '2024-12-15T15:49:02.738Z', '2023-09-04T06:18:09.282Z'),
  ('31ae51e1-7aa8-42bc-8c73-42125f488a6a', '2fa74437-889e-47e4-8e66-8d19d805869d', 'The lambda gamma', 425.44676201755647, 'mg/dL', 'Platform epsilon epsilon', 'normal', '2024-12-30T12:26:56.418Z', '2023-10-29T02:00:45.374Z'),
  ('70f06ff8-9fea-466e-bc64-76b98fbf4e6a', '82c97d74-f57f-4622-b8e0-9ddab064c4ac', 'Omega lambda brown', 193.77451339031103, 'U/L', 'Alpha alpha network', 'normal', '2024-12-30T12:40:04.917Z', '2024-02-22T07:00:36.819Z'),
  ('340063ea-9638-4eb4-a2a0-df011986e76a', '41fbf558-32f2-4b11-b217-63e8ad0d5eaf', 'Kappa delta client', 414.9214427553816, 'mmol/L', 'The sigma delta', 'high', '2024-12-21T07:23:56.740Z', '2024-04-29T21:30:07.209Z'),
  ('ae0e9506-ffea-41d9-95d2-0b94b3c9546d', '4f01a9c4-45e6-4bcc-bc0b-89a61254bece', 'Service kappa gamma', 140.70355322600807, 'g/dL', 'The data client', 'low', '2024-12-12T01:45:18.732Z', '2024-01-03T14:16:55.807Z'),
  ('e632ad79-ed19-4858-89b6-a89b7e6c2d5e', 'a40ed49d-cbd2-40b1-aad4-0a1b3d8c4fe9', 'Service quick epsilon', 343.01267332918945, 'g/dL', 'Epsilon sigma server', 'normal', '2024-12-13T13:03:20.064Z', '2023-12-16T18:16:16.951Z'),
  ('4009d446-5692-423f-9aaf-3d8a9328ef12', 'cfd571db-bf63-43fe-affe-8a06460c9293', 'Beta data beta', 379.4573042775504, 'U/L', 'Dog client omega', 'normal', '2024-12-19T18:11:52.305Z', '2024-01-25T14:48:29.295Z'),
  ('543ac9f6-a10f-4ca5-9dd9-0a7b856e3854', 'a4ec0e1f-16d6-42c7-980d-1edd68b21535', 'Data kappa sigma', 50.7236030387925, 'cells/uL', 'Alpha quick lambda', 'high', '2024-12-02T08:57:22.698Z', '2023-05-11T13:30:17.474Z'),
  ('ad978e56-e629-4f40-9409-fca8e3b8daf2', 'e6dbc9c9-4f9e-4fc5-9165-ec43ac6d5c2e', 'Process sigma engine', 450.3908199224854, 'mg/dL', 'Alpha kappa kappa', 'normal', '2024-12-09T08:03:37.193Z', '2024-06-09T23:21:14.454Z'),
  ('439dc2fb-c53f-4675-919b-4721470ebebd', '2a97ef5f-d392-46fa-a47a-e89603894cc2', 'System lambda zeta', 361.24705784304535, 'mEq/L', 'Client process gamma', 'normal', '2024-12-03T13:58:28.898Z', '2023-01-22T15:17:31.762Z'),
  ('7f6e1453-f94c-42a1-bacf-1634c6fa437a', 'a88f90de-1e36-4bed-871f-ba48750fed21', 'Network the service', 446.9414040455828, 'mmol/L', 'System process engine', 'normal', '2024-12-07T05:25:37.956Z', '2024-12-14T03:25:33.412Z'),
  ('1149871c-fe15-4ba9-9616-09038c92155c', 'e6dbc9c9-4f9e-4fc5-9165-ec43ac6d5c2e', 'Platform service alpha', 221.49995227225588, 'mmol/L', 'Zeta kappa service', 'normal', '2024-12-20T15:05:33.667Z', '2024-09-13T15:39:49.189Z'),
  ('7fad2c4e-442f-4550-95d2-187497fcc474', '7801a981-935a-4c0d-bdb2-fd4501249bfe', 'Server kappa gamma', 456.20930193641686, 'ng/mL', 'Quick process cloud', 'normal', '2024-12-13T02:38:29.113Z', '2023-10-18T01:40:32.404Z'),
  ('da6e0370-19aa-4492-9642-af4dec0c6554', 'a4ec0e1f-16d6-42c7-980d-1edd68b21535', 'Service zeta dog', 106.22193814339116, 'mmol/L', 'Over data sigma', 'normal', '2024-12-10T11:57:57.627Z', '2023-11-15T19:01:05.809Z'),
  ('30f919ba-0b89-4a6e-b091-7d1332787431', 'd09a2ee2-59fc-4246-8267-4ac568305b4b', 'Dog client gamma', 36.08654202932958, 'U/L', 'Kappa process epsilon', 'normal', '2024-12-02T05:21:13.981Z', '2024-11-01T16:01:07.492Z'),
  ('1f7bc6a5-8e86-4053-a561-3f303039189d', 'b45faf0a-8705-4898-8b86-6bb7aaf9c187', 'Sigma quick service', 61.77932710677851, 'cells/uL', 'Kappa system omega', 'normal', '2024-12-26T20:25:51.695Z', '2024-04-19T05:10:31.947Z'),
  ('2529bb28-9da3-481d-bfe7-fed635cf441b', 'e7b6686c-e245-418b-bb24-003d12bfc1a8', 'Omega the platform', 92.80472028802613, 'mEq/L', 'Sigma lambda module', 'normal', '2024-12-21T09:44:07.178Z', '2024-07-29T09:13:00.217Z'),
  ('9b879ceb-c9a4-49f0-9604-177a05c03911', 'e7b6686c-e245-418b-bb24-003d12bfc1a8', 'Theta server network', 200.8323902094038, 'g/dL', 'Cloud the gamma', 'normal', '2024-12-15T23:08:47.168Z', '2024-09-24T09:31:03.182Z'),
  ('7d2420bc-1d82-4692-839b-edc8d9a587c3', '2a97ef5f-d392-46fa-a47a-e89603894cc2', 'Module server service', 351.8321170011768, 'ng/mL', 'Kappa cloud engine', 'high', '2024-12-17T07:00:16.062Z', '2023-08-03T23:10:15.657Z'),
  ('b271f0f6-9ecd-4dcc-8f11-0c61cc311fbc', '3434c150-a064-484b-8d35-42e436b50e36', 'Platform beta cloud', 94.32230812793131, 'U/L', 'Epsilon system fox', 'high', '2024-12-18T07:34:30.402Z', '2024-03-04T10:19:59.337Z'),
  ('c558f0fe-ff38-4f85-856c-d66f803b5c2c', 'd1f10ab0-4649-4900-a59d-4eb38dcecdff', 'Server over network', 418.38469333918766, 'mEq/L', 'Zeta platform beta', 'critical', '2024-12-02T09:17:31.812Z', '2023-11-27T15:22:08.213Z'),
  ('86cab89c-b589-45df-922c-35ed7d766e58', 'e6dbc9c9-4f9e-4fc5-9165-ec43ac6d5c2e', 'Gamma jumps the', 64.53057756032794, 'mmol/L', 'Platform dog sigma', 'normal', '2024-12-17T03:18:07.396Z', '2024-01-07T04:31:28.997Z'),
  ('f53a6208-d870-4fec-b14c-2c05fd32420c', 'd1f10ab0-4649-4900-a59d-4eb38dcecdff', 'Epsilon lazy service', 385.4302828722866, 'mg/dL', 'Jumps delta process', 'normal', '2024-12-21T22:55:07.842Z', '2023-07-14T19:40:19.339Z'),
  ('405525f1-fee9-4597-b6a2-4e4aefcf99e3', 'bbae8d0f-0071-4a3c-81b5-9d954796c3d7', 'Service engine module', 332.478644683538, 'mmol/L', 'System delta network', 'low', '2024-12-10T08:48:23.776Z', '2024-03-19T22:51:56.739Z'),
  ('644f3f58-11a0-4293-bc9f-6045a1743d48', 'c9cc1346-b3b5-4699-a421-1d1358be694a', 'Epsilon cloud omega', 275.514959067991, 'g/dL', 'Process gamma epsilon', 'low', '2024-12-23T16:58:17.516Z', '2023-10-24T04:32:15.201Z'),
  ('683320e2-c65f-4f8d-88a4-0380a27419b6', '82c97d74-f57f-4622-b8e0-9ddab064c4ac', 'Platform jumps brown', 412.0368246006081, 'mmol/L', 'Brown alpha jumps', 'normal', '2024-12-10T04:37:06.823Z', '2024-07-29T21:27:39.246Z'),
  ('647dc86b-886f-4ff8-b1a2-1786c44129fd', 'd09a2ee2-59fc-4246-8267-4ac568305b4b', 'Quick kappa client', 91.45437477191443, 'mg/dL', 'Dog beta brown', 'normal', '2024-12-23T06:20:36.583Z', '2024-03-21T11:36:18.364Z'),
  ('4211019a-0cc4-4841-aa09-e4e2c809132d', 'a88f90de-1e36-4bed-871f-ba48750fed21', 'Module data process', 83.1871283363318, 'mEq/L', 'Beta sigma omega', 'normal', '2024-12-15T22:31:31.993Z', '2023-03-11T17:34:31.604Z'),
  ('23ae9286-e120-4c1a-9903-eed61ff74871', 'e2b8ca1f-f017-4028-b985-d4529cca6221', 'Zeta module jumps', 414.2328320708824, 'ng/mL', 'Module client brown', 'high', '2024-12-21T03:20:08.900Z', '2024-02-16T04:07:02.753Z'),
  ('a99cb38b-9c78-40a9-9012-0e93a424b857', '9822d373-79c5-4c11-8246-8f45b0f88c25', 'Server quick data', 428.80048734371087, 'mg/dL', 'Quick brown gamma', 'high', '2024-12-23T08:01:12.213Z', '2024-07-12T02:13:15.358Z'),
  ('8d76736e-41a0-4249-807b-6993e601b089', 'cfd571db-bf63-43fe-affe-8a06460c9293', 'Omega dog cloud', 151.9651677106507, 'U/L', 'Dog brown quick', 'critical', '2024-12-24T21:21:41.527Z', '2023-02-10T10:00:17.574Z'),
  ('f458ffb7-7f37-4438-805a-c7151f035bc2', 'bbae8d0f-0071-4a3c-81b5-9d954796c3d7', 'Lambda zeta quick', 168.70066090335604, 'mmol/L', 'Theta data epsilon', 'normal', '2024-12-11T09:38:12.984Z', '2024-05-14T20:57:27.959Z'),
  ('ed856276-0b2b-450d-9637-a164a3d744be', '7801a981-935a-4c0d-bdb2-fd4501249bfe', 'Module process over', 156.2652874120511, 'mg/dL', 'Network cloud omega', 'normal', '2024-12-29T17:26:43.218Z', '2024-06-05T01:53:24.679Z'),
  ('c0631154-6297-44b8-ad41-6af20e941cc4', '2a97ef5f-d392-46fa-a47a-e89603894cc2', 'Engine dog server', 24.41106352666393, 'U/L', 'Module beta epsilon', 'high', '2024-12-11T22:13:35.215Z', '2024-04-23T12:40:00.280Z'),
  ('7e456802-fb7c-4803-bbad-d33f61e20f6d', '2e53dbec-45df-4bc3-89c2-8595296d72b6', 'Network omega jumps', 281.23029271129053, 'g/dL', 'Lambda service alpha', 'low', '2024-12-29T18:49:19.543Z', '2024-10-23T14:00:15.002Z'),
  ('6d635c73-8487-43a7-973d-63b047e69b03', '6ca0c3b1-a06a-4c85-ae0d-0b8cf086f4d1', 'Gamma process jumps', 322.06013548553454, 'cells/uL', 'Omega client delta', 'normal', '2024-12-23T13:44:32.587Z', '2024-12-11T22:10:28.698Z'),
  ('652c745c-b8c2-410f-862c-c1a90a3175bb', '2a97ef5f-d392-46fa-a47a-e89603894cc2', 'System client dog', 460.1258587739896, 'U/L', 'Omega epsilon omega', 'normal', '2024-12-22T05:43:42.840Z', '2024-01-22T08:36:40.295Z'),
  ('169e2a06-a021-4c88-b963-d5921fba1c9d', '1a4af38d-f97c-490a-b79f-01895452ae80', 'Data the over', 41.45431507783942, 'mEq/L', 'Beta cloud client', 'normal', '2024-12-28T07:14:47.257Z', '2023-05-30T19:42:07.274Z'),
  ('667f493e-035b-447b-90ea-64de217945a2', '82c97d74-f57f-4622-b8e0-9ddab064c4ac', 'Engine brown platform', 364.2271177023882, 'g/dL', 'Engine brown theta', 'critical', '2024-12-23T06:10:34.175Z', '2024-11-02T05:15:31.696Z'),
  ('da1fca48-7a82-4abb-85fa-95e2aa5298a9', '2a97ef5f-d392-46fa-a47a-e89603894cc2', 'Data server platform', 195.01708302111362, 'mmol/L', 'Lambda cloud lambda', 'normal', '2024-12-16T12:33:18.428Z', '2024-07-13T20:23:08.644Z'),
  ('48e154cd-e0c0-421a-9166-a10f3a8f3332', 'b45faf0a-8705-4898-8b86-6bb7aaf9c187', 'Sigma gamma service', 238.05892785959875, 'mEq/L', 'Over data delta', 'normal', '2024-12-13T20:15:10.941Z', '2024-04-19T09:54:16.053Z'),
  ('7d0ea8ab-8ab3-4a37-982b-dc018db3debb', '1e333bdb-0220-4a16-b24a-f662dd5f7d60', 'Lazy the brown', 266.4213927072473, 'ng/mL', 'Quick dog theta', 'normal', '2024-12-04T00:47:11.503Z', '2024-02-20T13:49:04.900Z'),
  ('1081cb86-031a-4915-8819-15578c87002d', '1e333bdb-0220-4a16-b24a-f662dd5f7d60', 'Engine client platform', 10.853404709487222, 'mEq/L', 'Omega kappa platform', 'low', '2024-12-19T02:01:56.062Z', '2023-01-18T16:03:09.143Z'),
  ('644f763f-6dcb-43e7-81e4-f5b4cfb1e8f1', 'a40ed49d-cbd2-40b1-aad4-0a1b3d8c4fe9', 'Gamma client lambda', 420.8701254431624, 'U/L', 'Lambda service lazy', 'normal', '2024-12-03T05:17:21.314Z', '2024-04-25T15:03:53.240Z'),
  ('710bc444-0593-43ac-ab45-559152429b93', '1a4af38d-f97c-490a-b79f-01895452ae80', 'Over omega jumps', 102.19508110997266, 'mg/dL', 'Beta dog lambda', 'normal', '2024-12-10T04:01:53.466Z', '2023-03-26T17:55:46.349Z');

INSERT INTO "lab_results" ("id", "lab_order_id", "component", "value", "unit", "reference_range", "abnormal_flag", "resulted_at", "created_at") VALUES
  ('bb6994dd-3ea5-4685-8cd2-2a6e86a8d7b1', 'fbf9c76f-d526-41f1-a636-a66c026a0c06', 'The the kappa', 342.21760920572564, 'mEq/L', 'Delta gamma system', 'low', '2024-12-06T04:05:16.942Z', '2023-11-22T02:40:53.241Z'),
  ('67d0a696-dfa9-4221-9a38-4fc91b113f32', 'f87e797f-1310-45db-9ea1-a913f83757f8', 'Quick cloud brown', 278.3859990439145, 'ng/mL', 'Kappa lambda over', 'normal', '2024-12-21T07:19:36.362Z', '2024-03-23T02:38:49.226Z'),
  ('54736a6b-0e08-48f4-8fe6-1d919c68a2e4', 'e2b8ca1f-f017-4028-b985-d4529cca6221', 'Over platform omega', 461.68247053665107, 'mg/dL', 'Theta service lambda', 'high', '2024-12-11T19:59:55.551Z', '2023-05-13T19:47:44.992Z'),
  ('ade8808c-72c3-4b29-aa99-7d23667c17d6', 'f87e797f-1310-45db-9ea1-a913f83757f8', 'Sigma cloud omega', 358.63999640773983, 'g/dL', 'Service over client', 'high', '2024-12-06T18:56:21.170Z', '2024-02-27T18:54:10.738Z'),
  ('16144df0-56e9-4338-aa2a-1b4ca7e46513', '1f054d51-5543-4b2c-9777-d2a9b3ad3c3c', 'The lambda beta', 487.80223119528966, 'mmol/L', 'Theta sigma module', 'low', '2024-12-07T14:05:39.403Z', '2024-12-20T22:33:50.910Z'),
  ('b4e63ae9-4b18-489c-97ed-e82906c177e6', 'b45faf0a-8705-4898-8b86-6bb7aaf9c187', 'System server data', 262.77320262293796, 'cells/uL', 'Lambda theta theta', 'normal', '2024-12-12T11:12:57.814Z', '2024-02-12T12:23:58.904Z'),
  ('4fab0b4a-fedc-4161-a5f0-0c669031dcc0', 'd1f10ab0-4649-4900-a59d-4eb38dcecdff', 'Beta jumps quick', 372.1634520276217, 'g/dL', 'Brown fox network', 'high', '2024-12-17T03:57:03.485Z', '2023-12-04T09:13:37.294Z'),
  ('37dd0272-0210-4eff-a506-d5ca6caae5da', '1c3e8952-a5f2-42d7-859e-349453ab8fec', 'Theta service lazy', 182.07145381539593, 'mg/dL', 'Lambda dog kappa', 'normal', '2024-12-09T07:33:18.838Z', '2024-02-25T22:31:40.613Z'),
  ('19bfeafb-d033-4b19-a499-739cc72d5d6f', 'd1f10ab0-4649-4900-a59d-4eb38dcecdff', 'Jumps over engine', 187.34184734828304, 'mg/dL', 'Sigma kappa service', 'high', '2024-12-23T21:13:38.598Z', '2023-11-06T12:17:38.644Z'),
  ('7fa5a86c-9e1f-486c-8c9b-5f5603d50833', '8e1ff26a-825b-45a6-929c-ed7e10edf990', 'Kappa system service', 127.06125982145312, 'g/dL', 'Process epsilon brown', 'normal', '2024-12-11T03:50:49.960Z', '2023-06-19T18:14:56.813Z'),
  ('b31540f9-f924-4d3a-9dc8-5fecd2e9c5fc', '41fbf558-32f2-4b11-b217-63e8ad0d5eaf', 'Epsilon jumps the', 445.89936055515426, 'mmol/L', 'Epsilon kappa cloud', 'low', '2024-12-25T03:56:40.515Z', '2023-11-04T21:01:03.536Z'),
  ('7f8f0d0f-9cc3-4512-888f-e003f870075b', 'bec4fbbb-b5f6-479f-b8b2-2de03905dde8', 'Lambda cloud module', 155.26815134554636, 'ng/mL', 'Alpha sigma data', 'normal', '2024-12-27T09:13:02.401Z', '2023-07-25T17:22:22.434Z'),
  ('df289da0-3080-4fa7-9c46-ace61a76be5a', '1f054d51-5543-4b2c-9777-d2a9b3ad3c3c', 'Fox engine service', 58.048089556931515, 'mg/dL', 'Dog sigma epsilon', 'normal', '2024-12-10T21:38:22.552Z', '2024-01-31T07:36:16.298Z'),
  ('8f08d8e0-5806-40e5-ba73-026c62fdd5d6', '2828db84-1885-4d90-aad8-84793b9a3b4a', 'Omega over module', 372.7214504760224, 'U/L', 'Epsilon system kappa', 'normal', '2024-12-23T21:23:45.979Z', '2023-08-02T04:38:11.461Z'),
  ('465bb8a2-280f-4dba-9dab-020e454c81fe', 'bec4fbbb-b5f6-479f-b8b2-2de03905dde8', 'Server engine over', 316.069214708847, 'U/L', 'Client server process', 'normal', '2024-12-04T13:42:14.432Z', '2024-02-11T04:23:32.810Z'),
  ('eeb14026-26c4-43ed-b2d4-4448f2ee1675', 'bec4fbbb-b5f6-479f-b8b2-2de03905dde8', 'Engine cloud zeta', 40.88772969038691, 'mg/dL', 'Module delta service', 'normal', '2024-12-22T07:45:43.441Z', '2024-12-21T19:03:09.440Z'),
  ('cfc969ac-0e93-43bf-a17f-6c0e90c7c53b', 'c9b5d762-23af-4ac5-afe1-527712456398', 'Delta zeta theta', 142.45481239994987, 'mEq/L', 'Lambda quick network', 'normal', '2024-12-14T20:45:25.679Z', '2024-07-17T22:38:35.032Z'),
  ('a5cd5664-a10c-4822-b1a8-816735d8b552', '41fbf558-32f2-4b11-b217-63e8ad0d5eaf', 'Lambda fox lazy', 25.54552287783008, 'mg/dL', 'Cloud jumps module', 'normal', '2024-12-15T17:53:12.373Z', '2024-04-17T10:09:32.384Z'),
  ('b9ec5252-1b33-4828-8ea3-fd2ac52b5bfd', '4f01a9c4-45e6-4bcc-bc0b-89a61254bece', 'Quick system network', 300.60867385636084, 'mmol/L', 'Brown system epsilon', 'normal', '2024-12-02T18:40:29.069Z', '2024-10-31T14:32:53.836Z'),
  ('cb188189-48a7-404b-8ba3-d156ae7e67e0', '2797142e-583b-4885-830c-35ad6f32b01a', 'Cloud the lazy', 146.61676858256104, 'mg/dL', 'Lazy system service', 'high', '2024-12-15T12:17:04.718Z', '2023-11-29T15:09:43.199Z'),
  ('0a43b51a-ebf2-4596-9583-96c01c2c8b9e', 'a4ec0e1f-16d6-42c7-980d-1edd68b21535', 'Theta delta zeta', 469.3132708716672, 'U/L', 'Module omega beta', 'normal', '2024-12-23T18:56:46.597Z', '2023-07-05T05:14:25.408Z'),
  ('348c0570-8d78-407b-a8ca-e9a7fc296249', '1e333bdb-0220-4a16-b24a-f662dd5f7d60', 'Lazy system theta', 23.924517219723203, 'mmol/L', 'Service platform system', 'high', '2024-12-27T08:22:18.529Z', '2023-12-27T15:50:36.129Z'),
  ('1bd5220a-15eb-441c-ba1b-aab58cccd502', '3434c150-a064-484b-8d35-42e436b50e36', 'Brown engine omega', 405.9683244563639, 'mg/dL', 'Beta process client', 'normal', '2024-12-17T01:04:12.119Z', '2024-05-01T22:10:02.250Z'),
  ('e80ea51e-bfe8-495b-bb1a-e51283f4ac40', '2a97ef5f-d392-46fa-a47a-e89603894cc2', 'Process omega jumps', 266.7846313096583, 'U/L', 'Gamma process the', 'normal', '2024-12-04T14:53:50.615Z', '2024-04-14T15:41:49.155Z'),
  ('8689e9d1-cb17-4241-a7ee-59628a870a35', '1e333bdb-0220-4a16-b24a-f662dd5f7d60', 'Quick beta lazy', 224.38236165530978, 'ng/mL', 'Network service system', 'normal', '2024-12-07T12:26:17.409Z', '2024-05-22T10:36:58.546Z'),
  ('ee6640d8-01a6-4286-b701-1251932b25b5', '728f05de-f789-4cff-87b8-f92a6ff88dd4', 'Gamma quick quick', 333.28619650884065, 'mmol/L', 'Brown delta omega', 'normal', '2024-12-10T12:25:37.562Z', '2023-11-26T14:51:38.375Z'),
  ('c2774571-6307-45f1-b247-0fdceec3eb21', 'f87e797f-1310-45db-9ea1-a913f83757f8', 'Epsilon dog kappa', 54.40829785657115, 'mEq/L', 'The process service', 'high', '2024-12-19T23:26:14.697Z', '2023-05-15T08:04:10.902Z'),
  ('88f5bc18-ff0f-465e-8691-6982f113846f', 'fbf9c76f-d526-41f1-a636-a66c026a0c06', 'Epsilon the zeta', 228.73428012046494, 'U/L', 'Data module network', 'normal', '2024-12-23T04:41:43.593Z', '2023-03-10T09:34:02.192Z'),
  ('cb30e88d-b301-4ce9-ab01-e312589e1c2a', 'a40ed49d-cbd2-40b1-aad4-0a1b3d8c4fe9', 'Cloud omega engine', 306.1473121636547, 'mEq/L', 'Fox zeta server', 'normal', '2024-12-13T16:39:39.789Z', '2024-02-21T05:58:39.828Z'),
  ('dd9f1547-cf76-43b3-ae3a-656a6879a277', '2e53dbec-45df-4bc3-89c2-8595296d72b6', 'Server epsilon data', 266.37363798487934, 'U/L', 'Theta jumps fox', 'low', '2024-12-26T01:27:22.412Z', '2023-08-15T21:12:29.202Z'),
  ('55353cd3-00f1-44aa-8458-f57dc84d66aa', 'bbae8d0f-0071-4a3c-81b5-9d954796c3d7', 'Lazy fox cloud', 385.1762088285992, 'mmol/L', 'Delta data module', 'low', '2024-12-26T18:51:54.162Z', '2023-02-04T00:48:58.122Z'),
  ('08a6bad0-3ac9-483d-a27c-d02595944031', 'a88f90de-1e36-4bed-871f-ba48750fed21', 'Process lazy the', 494.2338621629169, 'U/L', 'Service gamma client', 'critical', '2024-12-03T22:38:45.208Z', '2023-04-18T05:23:30.193Z'),
  ('d270ba30-1b55-495e-af02-8177d166daef', '728f05de-f789-4cff-87b8-f92a6ff88dd4', 'Brown omega service', 48.978698870167136, 'ng/mL', 'Sigma alpha epsilon', 'high', '2024-12-08T10:53:38.965Z', '2024-11-07T17:31:00.753Z'),
  ('cab848f0-f925-45ad-903d-bd4aec3451ee', '1e333bdb-0220-4a16-b24a-f662dd5f7d60', 'Platform cloud lambda', 163.01027740666177, 'g/dL', 'Engine engine lambda', 'normal', '2024-12-24T01:09:21.904Z', '2023-06-21T20:13:34.007Z'),
  ('b6c5dbf3-e651-45e8-ad5b-c20f74f8db79', 'e2b8ca1f-f017-4028-b985-d4529cca6221', 'Process alpha platform', 359.9293931163615, 'mmol/L', 'Quick the cloud', 'high', '2024-12-03T12:07:39.637Z', '2024-02-23T11:23:39.964Z'),
  ('0299f6bb-232b-4eb0-bb3f-a2d91fa78d2a', '1e333bdb-0220-4a16-b24a-f662dd5f7d60', 'Cloud epsilon alpha', 466.81561434464527, 'mEq/L', 'Server jumps process', 'normal', '2024-12-29T03:11:40.749Z', '2023-01-02T21:53:15.076Z'),
  ('50f7ea6e-e326-4aa5-8cf4-93828c828430', '9822d373-79c5-4c11-8246-8f45b0f88c25', 'Delta network jumps', 238.6504339464707, 'cells/uL', 'Server zeta lambda', 'normal', '2024-12-25T18:25:15.220Z', '2024-11-18T12:53:41.274Z'),
  ('4018591e-8927-406d-9fcf-4d2465f71621', 'a88f90de-1e36-4bed-871f-ba48750fed21', 'Delta fox fox', 240.82846606306265, 'mg/dL', 'Sigma lazy the', 'normal', '2024-12-27T02:13:39.567Z', '2023-09-01T12:10:34.901Z'),
  ('ab8bbc00-af74-4372-80b7-2965f02a510d', '1c3e8952-a5f2-42d7-859e-349453ab8fec', 'Lazy fox network', 29.616708633955568, 'mg/dL', 'Sigma sigma the', 'normal', '2024-12-07T14:48:23.043Z', '2024-04-21T14:43:06.334Z'),
  ('534c6cd8-a326-4165-8f28-02c25c77db28', '1f054d51-5543-4b2c-9777-d2a9b3ad3c3c', 'Kappa zeta system', 74.34568296086508, 'U/L', 'Platform zeta theta', 'normal', '2024-12-19T07:15:40.111Z', '2023-02-24T21:37:00.871Z'),
  ('86c0e562-2a91-4aaa-91d2-1290082340b0', 'b45faf0a-8705-4898-8b86-6bb7aaf9c187', 'Data process brown', 36.73302554653492, 'cells/uL', 'Omega brown gamma', 'normal', '2024-12-11T08:37:19.023Z', '2023-03-10T06:37:02.607Z'),
  ('84db4ff3-6478-42c0-8de3-51c810bfd86d', 'd09a2ee2-59fc-4246-8267-4ac568305b4b', 'Brown lazy system', 348.7851281113923, 'mg/dL', 'Module brown server', 'high', '2024-12-22T13:41:05.897Z', '2024-04-02T05:30:41.034Z'),
  ('c672869b-d201-413f-bf44-145cf9cf7db2', '1fbd10ef-e8dc-4963-a76b-b35f26d5efed', 'Omega sigma platform', 87.55671406544279, 'g/dL', 'System data gamma', 'low', '2024-12-23T13:35:16.087Z', '2024-02-16T21:47:23.575Z'),
  ('d7f7220e-559c-4af8-99ac-f538f74c8881', 'a40ed49d-cbd2-40b1-aad4-0a1b3d8c4fe9', 'Brown alpha platform', 439.2342640346149, 'U/L', 'Kappa brown client', 'normal', '2024-12-31T00:03:23.697Z', '2024-11-21T22:44:58.237Z'),
  ('b07605aa-9661-4f9a-9828-0d94ec54b2aa', 'cfd571db-bf63-43fe-affe-8a06460c9293', 'Zeta platform gamma', 136.60254224273376, 'g/dL', 'Client jumps platform', 'high', '2024-12-20T01:36:49.937Z', '2024-03-27T10:35:56.241Z'),
  ('3f2c0acb-fb52-49c9-9e50-a2ca55a05d21', '2a97ef5f-d392-46fa-a47a-e89603894cc2', 'Theta data theta', 206.56548015656878, 'mEq/L', 'Lazy engine omega', 'normal', '2024-12-12T03:57:17.398Z', '2024-07-19T01:20:59.152Z'),
  ('10f21dbe-46a8-44ff-9bbb-76650a79c3fb', 'a88f90de-1e36-4bed-871f-ba48750fed21', 'Beta service lambda', 483.6665100109996, 'U/L', 'Cloud system omega', 'normal', '2024-12-21T13:32:20.223Z', '2023-12-10T12:43:57.105Z'),
  ('6e311794-9215-40b4-8789-1c8f0e4176a0', '3434c150-a064-484b-8d35-42e436b50e36', 'Fox quick quick', 374.1243083554786, 'ng/mL', 'Over theta client', 'normal', '2024-12-18T08:34:37.170Z', '2024-09-29T20:20:44.219Z'),
  ('10625956-37c0-4b38-8bf2-46f22ab571d2', '4f01a9c4-45e6-4bcc-bc0b-89a61254bece', 'Engine over dog', 135.903014916135, 'g/dL', 'Service module theta', 'normal', '2024-12-27T22:29:13.886Z', '2024-08-08T23:01:56.936Z'),
  ('4d1b98ce-79b1-4e49-a41d-468055d9cdea', 'a4ec0e1f-16d6-42c7-980d-1edd68b21535', 'Zeta omega engine', 447.03109435394873, 'mEq/L', 'Cloud client brown', 'normal', '2024-12-04T13:59:42.996Z', '2024-05-22T10:59:28.855Z');

INSERT INTO "medications" ("id", "encounter_id", "medication_name", "dosage", "frequency", "route", "prescribed_at", "end_date", "status") VALUES
  ('9220a57e-3dae-46fc-8b7b-0e08c650232a', '2ca99cc0-f067-4029-a692-2c08db188885', 'Ibuprofen', '50mg', 'twice daily', 'oral', '2023-11-20T01:54:28.502Z', '2024-03-01T22:54:10.053Z', 'active'),
  ('aa454be0-7ddd-4dfa-927a-fbf788563faf', 'b8847c97-1bc8-40eb-9d0f-08573d3afd94', 'Lisinopril', '500mg', 'every 6 hours', 'oral', '2023-01-21T03:43:14.083Z', '2024-06-19T19:39:17.137Z', 'active'),
  ('eb25c8f2-88d2-4018-b041-db68cc25e521', '675a6db9-149f-46a6-a0da-7cc72575a766', 'Albuterol', '100mg', 'once daily', 'oral', '2024-11-16T23:35:56.558Z', '2023-04-26T14:12:44.554Z', 'active'),
  ('3a3de7d0-56f8-423e-bda1-2423df332f6a', '275fb90c-233d-4e5f-a2f9-68cabd04afe0', 'Metformin', '100mg', 'once daily', 'oral', '2024-01-13T08:54:52.316Z', '2023-11-07T19:22:45.480Z', 'discontinued'),
  ('399b6d6e-4a91-493e-b917-102e73cb09b8', '7fe4ac6b-719d-4784-8b2a-181f60d4d6ae', 'Metoprolol', '250mg', 'once daily', 'oral', '2023-09-22T19:09:08.722Z', '2024-12-19T01:57:28.155Z', 'active'),
  ('28d6de8d-a1cb-434f-a779-59b4854c1d4d', '6f98d564-962b-492e-adb5-918ba1e5c500', 'Gabapentin', '25mg', 'twice daily', 'topical', '2023-07-02T00:10:15.632Z', '2023-11-22T14:17:08.164Z', 'active'),
  ('7130d778-62a0-4464-8e58-3ee8a05cdcc1', 'e33eb482-d236-40d7-a8ee-392202f4aba2', 'Gabapentin', '250mg', 'once daily', 'oral', '2024-01-29T09:16:58.814Z', '2023-11-02T06:06:06.955Z', 'active'),
  ('f73b591e-d1ea-4790-8099-4d4d4cb6506a', 'd57a02e9-0f84-4cae-8e9c-daaafbfaf7cf', 'Omeprazole', '250mg', 'every 6 hours', 'oral', '2024-01-29T03:39:40.536Z', '2024-08-10T22:56:31.857Z', 'discontinued'),
  ('045629b8-8c24-448c-b1fc-eb4ea07837b0', 'da1622fe-3678-429e-bcac-28fad4583484', 'Levothyroxine', '10mg', 'twice daily', 'oral', '2024-11-03T05:10:26.630Z', '2024-04-07T09:52:55.038Z', 'active'),
  ('78b5aa7f-367d-4b63-8190-f4c742dc83fe', '0ca096d9-946a-4669-9731-22b5bb48ecf1', 'Sertraline', '10mg', 'twice daily', 'oral', '2023-12-13T15:24:13.382Z', '2024-04-25T20:46:07.716Z', 'active'),
  ('0d187ee7-bd34-42eb-abb0-11ebf3938c4b', 'd8601ef2-0bc0-4310-9ee0-30d738f8736a', 'Metformin', '20mg', 'once daily', 'injection', '2024-06-11T03:58:50.848Z', '2023-11-23T07:23:37.332Z', 'active'),
  ('9457c58a-425e-4d13-87f9-31f49c4578e2', 'd8601ef2-0bc0-4310-9ee0-30d738f8736a', 'Levothyroxine', '500mg', 'at bedtime', 'injection', '2023-04-12T16:34:21.083Z', '2024-04-17T12:19:06.144Z', 'active'),
  ('1d59901c-4fe7-43d8-9e46-d6cf527ea58e', 'd57a02e9-0f84-4cae-8e9c-daaafbfaf7cf', 'Lisinopril', '500mg', 'three times daily', 'oral', '2023-01-12T05:55:25.658Z', '2023-11-27T10:38:05.383Z', 'active'),
  ('051340df-c4e5-4c11-a908-1fd0c922675d', 'b8847c97-1bc8-40eb-9d0f-08573d3afd94', 'Levothyroxine', '5mg', 'as needed', 'sublingual', '2024-07-31T13:51:45.707Z', '2024-11-21T17:40:16.528Z', 'discontinued'),
  ('b7ab17a3-5935-4173-97c0-cccc008916ed', '7ef32c25-8dac-44c5-bd22-a89a8e34ec85', 'Amoxicillin', '10mg', 'twice daily', 'oral', '2024-03-18T16:55:10.979Z', '2024-10-23T01:38:41.604Z', 'discontinued'),
  ('b5355e5c-f659-4f6b-9705-ed1cdab0d1f0', '0ff2bd75-4b44-4e45-b507-b5274109cc16', 'Ibuprofen', '100mg', 'once daily', 'sublingual', '2024-01-30T10:42:59.188Z', '2023-11-24T22:15:43.270Z', 'active'),
  ('3fc3abc2-099f-42e3-b024-38b127219f48', '2ca99cc0-f067-4029-a692-2c08db188885', 'Metformin', '5mg', 'twice daily', 'oral', '2023-03-07T23:19:23.891Z', '2024-04-20T03:02:40.837Z', 'discontinued'),
  ('8ce27a3a-a0d7-4429-83ad-a7a31d842943', '0ca096d9-946a-4669-9731-22b5bb48ecf1', 'Amoxicillin', '100mg', 'once daily', 'oral', '2023-12-18T22:29:07.378Z', '2023-06-01T13:21:24.791Z', 'discontinued'),
  ('a6e2675e-5723-4f9b-a4e6-0596814e36f3', '0ca096d9-946a-4669-9731-22b5bb48ecf1', 'Lisinopril', '250mg', 'once daily', 'inhaled', '2024-09-20T11:44:48.093Z', '2023-03-27T07:50:24.342Z', 'active'),
  ('53d41ccf-0af2-430d-80f8-efbdbc6d3b97', 'd35d410f-b9c0-447d-809d-a246e4cba0a0', 'Albuterol', '5mg', 'once daily', 'oral', '2023-09-21T09:01:48.363Z', '2023-02-26T23:56:46.020Z', 'active'),
  ('e57cfb35-bb8b-4d1e-bc29-44d4c1685057', 'd57a02e9-0f84-4cae-8e9c-daaafbfaf7cf', 'Amlodipine', '20mg', 'every 6 hours', 'inhaled', '2024-04-24T01:28:23.708Z', '2023-06-04T13:04:56.491Z', 'active'),
  ('fe21b5c2-9c83-4c1a-bfe7-7be9d7de63f2', 'd35d410f-b9c0-447d-809d-a246e4cba0a0', 'Omeprazole', '5mg', 'twice daily', 'sublingual', '2023-07-09T17:32:16.321Z', '2023-07-16T09:22:49.835Z', 'active'),
  ('5f2e360a-7124-4799-93cc-910548d6f201', 'b8847c97-1bc8-40eb-9d0f-08573d3afd94', 'Lisinopril', '500mg', 'once daily', 'topical', '2024-05-27T05:19:35.926Z', '2023-02-08T21:56:02.233Z', 'active'),
  ('7ca087a0-b5d7-4f8f-8101-2760c939c4dc', 'd8601ef2-0bc0-4310-9ee0-30d738f8736a', 'Sertraline', '50mg', 'three times daily', 'oral', '2024-09-03T19:19:54.091Z', '2023-11-24T22:12:07.663Z', 'discontinued'),
  ('ef2e48a1-be5a-4305-a93a-5ee0bb827fe9', 'f905a69a-fd40-4639-b24e-83633749f1a0', 'Metformin', '100mg', 'once daily', 'topical', '2023-07-08T06:42:35.294Z', '2024-11-24T12:06:10.618Z', 'active');

INSERT INTO "prescriptions" ("id", "encounter_id", "patient_id", "provider_id", "medication_id", "dosage", "frequency", "duration_days", "refills_remaining", "status", "prescribed_at", "created_at") VALUES
  ('7f200bb9-9451-4856-836c-ff1839a2d512', 'cf0aed56-f3f3-4425-9c48-11a38b99a897', 'cf7027de-86d7-4473-a59e-ce35638bfc7d', '51e16956-88d6-4ede-b126-49f67c46a1c5', '7130d778-62a0-4464-8e58-3ee8a05cdcc1', 'Data server module', 'once_daily', 222, 9, 'active', '2023-07-10T16:53:54.230Z', '2023-06-18T08:46:25.407Z'),
  ('fd405bc4-dd98-4d11-9a6a-06b38cc1a2b1', 'f905a69a-fd40-4639-b24e-83633749f1a0', 'cf7027de-86d7-4473-a59e-ce35638bfc7d', '51e16956-88d6-4ede-b126-49f67c46a1c5', '045629b8-8c24-448c-b1fc-eb4ea07837b0', 'Client dog server', 'once_daily', 323, 11, 'cancelled', '2024-03-17T00:06:31.647Z', '2024-05-11T10:36:05.522Z'),
  ('7947a35b-2b81-492a-8191-a42266b0bdfb', 'da1622fe-3678-429e-bcac-28fad4583484', 'da995972-e0ae-49f0-a054-d8265d0515a5', '51e16956-88d6-4ede-b126-49f67c46a1c5', 'e57cfb35-bb8b-4d1e-bc29-44d4c1685057', 'Module system theta', 'twice_daily', 122, 7, 'completed', '2024-01-17T11:52:07.462Z', '2024-01-28T19:08:24.755Z'),
  ('fe29a62d-6def-4b60-bf2d-c65478e8af37', '7fe4ac6b-719d-4784-8b2a-181f60d4d6ae', 'cbc832aa-8471-4875-ac54-4e258144878c', '51e16956-88d6-4ede-b126-49f67c46a1c5', '53d41ccf-0af2-430d-80f8-efbdbc6d3b97', 'Over process lambda', 'once_daily', 145, 7, 'active', '2023-07-21T11:10:39.996Z', '2023-07-03T06:46:45.061Z'),
  ('61e8eda5-b921-4dbd-8b72-50cfbeb61cf0', 'd35d410f-b9c0-447d-809d-a246e4cba0a0', 'cf7027de-86d7-4473-a59e-ce35638bfc7d', '51e16956-88d6-4ede-b126-49f67c46a1c5', 'fe21b5c2-9c83-4c1a-bfe7-7be9d7de63f2', 'Quick beta theta', 'weekly', 332, 12, 'active', '2024-03-08T13:28:47.207Z', '2023-05-17T05:02:47.783Z'),
  ('e7d10097-ddac-404e-aa2e-670bc5272921', '7fe4ac6b-719d-4784-8b2a-181f60d4d6ae', 'b1fee36e-8b4b-49b2-90c9-e71779d221f9', '51e16956-88d6-4ede-b126-49f67c46a1c5', '53d41ccf-0af2-430d-80f8-efbdbc6d3b97', 'Zeta quick lazy', 'once_daily', 131, 7, 'expired', '2024-04-08T05:13:46.411Z', '2024-04-02T11:01:19.892Z'),
  ('96e7f465-e812-4df3-9b4f-3115cf9e6aa8', '0ff2bd75-4b44-4e45-b507-b5274109cc16', '6421dd5e-02bc-42e0-a835-9a7d2f0cb4b5', 'f34484dc-efaf-41cf-8f7e-c08caf8d8bf7', '051340df-c4e5-4c11-a908-1fd0c922675d', 'Lazy beta platform', 'twice_daily', 24, 12, 'expired', '2023-12-11T06:30:02.277Z', '2023-10-04T06:11:58.185Z'),
  ('5e8c3c1e-9b77-4a8e-a566-4e246d2ba02c', '0ca096d9-946a-4669-9731-22b5bb48ecf1', '6f6baf66-56e5-437e-9c8b-963c534c52ab', 'f34484dc-efaf-41cf-8f7e-c08caf8d8bf7', 'a6e2675e-5723-4f9b-a4e6-0596814e36f3', 'Platform cloud cloud', 'once_daily', 116, 8, 'completed', '2023-07-03T07:59:28.781Z', '2023-04-27T11:14:06.435Z'),
  ('ec66b7cb-f78e-4294-99d6-1d35053ce8bf', '7fe4ac6b-719d-4784-8b2a-181f60d4d6ae', 'cf7027de-86d7-4473-a59e-ce35638bfc7d', 'f34484dc-efaf-41cf-8f7e-c08caf8d8bf7', '3fc3abc2-099f-42e3-b024-38b127219f48', 'Beta alpha module', 'twice_daily', 254, 11, 'completed', '2023-02-22T22:22:53.558Z', '2023-02-02T08:21:20.783Z'),
  ('ab992624-df5b-4741-ab2a-d9bad87ccc52', '275fb90c-233d-4e5f-a2f9-68cabd04afe0', '6421dd5e-02bc-42e0-a835-9a7d2f0cb4b5', 'f34484dc-efaf-41cf-8f7e-c08caf8d8bf7', '051340df-c4e5-4c11-a908-1fd0c922675d', 'Theta process the', 'three_times_daily', 320, 11, 'completed', '2024-02-06T02:42:43.025Z', '2023-09-01T07:45:12.940Z'),
  ('f35926c2-7019-480f-af41-f44063a5026c', '6f98d564-962b-492e-adb5-918ba1e5c500', '5e3ab390-18f7-40a9-8b8c-ce862d13180f', '51e16956-88d6-4ede-b126-49f67c46a1c5', 'eb25c8f2-88d2-4018-b041-db68cc25e521', 'Module fox lazy', 'three_times_daily', 107, 1, 'completed', '2024-03-01T07:43:13.497Z', '2024-08-28T05:32:53.628Z'),
  ('9c6f46a8-3f7e-4355-bbac-507b4c5c3592', '6f98d564-962b-492e-adb5-918ba1e5c500', 'b1fee36e-8b4b-49b2-90c9-e71779d221f9', 'f34484dc-efaf-41cf-8f7e-c08caf8d8bf7', '3a3de7d0-56f8-423e-bda1-2423df332f6a', 'Fox omega service', 'once_daily', 20, 10, 'expired', '2024-04-29T23:45:04.394Z', '2024-01-20T05:59:15.322Z'),
  ('919bc634-ab27-4c48-8f95-c1a6afc4ea80', '0ff2bd75-4b44-4e45-b507-b5274109cc16', '6421dd5e-02bc-42e0-a835-9a7d2f0cb4b5', 'f34484dc-efaf-41cf-8f7e-c08caf8d8bf7', '53d41ccf-0af2-430d-80f8-efbdbc6d3b97', 'Theta platform lambda', 'once_daily', 330, 6, 'active', '2024-06-27T08:22:32.033Z', '2023-07-15T22:54:37.383Z'),
  ('c2382549-9576-4892-99d3-198c8a2a23af', '69694aad-5a30-44ca-8ffd-dee7988263da', 'da995972-e0ae-49f0-a054-d8265d0515a5', 'f34484dc-efaf-41cf-8f7e-c08caf8d8bf7', '045629b8-8c24-448c-b1fc-eb4ea07837b0', 'Over module omega', 'three_times_daily', 293, 9, 'active', '2023-04-23T01:56:49.508Z', '2024-06-21T17:55:00.954Z'),
  ('62d76d29-1430-406e-b220-8b5a4c7390d1', 'e33eb482-d236-40d7-a8ee-392202f4aba2', 'f1231c04-5c7b-4ce6-93b8-ef47b42d85d2', 'f34484dc-efaf-41cf-8f7e-c08caf8d8bf7', '1d59901c-4fe7-43d8-9e46-d6cf527ea58e', 'Client beta platform', 'as_needed', 9, 9, 'active', '2023-03-04T20:04:28.720Z', '2023-05-22T17:01:14.787Z'),
  ('b0b1d31b-0838-482b-aac6-05d89b590943', '0ca096d9-946a-4669-9731-22b5bb48ecf1', 'f1231c04-5c7b-4ce6-93b8-ef47b42d85d2', 'f34484dc-efaf-41cf-8f7e-c08caf8d8bf7', 'f73b591e-d1ea-4790-8099-4d4d4cb6506a', 'Client alpha kappa', 'weekly', 63, 0, 'active', '2024-08-02T00:14:02.371Z', '2024-08-16T18:02:36.365Z'),
  ('98d4cf7d-b926-42f6-b696-2540af3d882c', 'cf0aed56-f3f3-4425-9c48-11a38b99a897', 'cbc832aa-8471-4875-ac54-4e258144878c', 'f34484dc-efaf-41cf-8f7e-c08caf8d8bf7', '1d59901c-4fe7-43d8-9e46-d6cf527ea58e', 'Alpha brown process', 'three_times_daily', 338, 4, 'expired', '2024-06-22T11:07:18.702Z', '2024-09-25T19:29:51.766Z'),
  ('8ea077d8-3669-48ce-8bcc-b52de2e07918', '0ca096d9-946a-4669-9731-22b5bb48ecf1', '9972daab-2c86-459f-9d78-3fe1be4e3280', 'f34484dc-efaf-41cf-8f7e-c08caf8d8bf7', '3fc3abc2-099f-42e3-b024-38b127219f48', 'Beta service delta', 'three_times_daily', 82, 11, 'active', '2023-01-13T08:41:01.125Z', '2023-07-31T16:52:46.198Z'),
  ('a3ba1c3b-65ad-439a-afc2-78a1a9438eaf', 'da1622fe-3678-429e-bcac-28fad4583484', 'f1231c04-5c7b-4ce6-93b8-ef47b42d85d2', 'f34484dc-efaf-41cf-8f7e-c08caf8d8bf7', '8ce27a3a-a0d7-4429-83ad-a7a31d842943', 'Module service cloud', 'twice_daily', 93, 8, 'cancelled', '2023-11-25T11:04:20.971Z', '2024-11-25T08:40:06.299Z'),
  ('24110c23-c59e-4d23-91a7-f61ca667a78f', 'a9a0682c-01b5-4153-8420-a6470b75b322', '062cd77c-cf51-4309-8d8e-983ea5354dbd', '51e16956-88d6-4ede-b126-49f67c46a1c5', 'eb25c8f2-88d2-4018-b041-db68cc25e521', 'Beta zeta network', 'once_daily', 9, 4, 'completed', '2023-03-24T09:30:37.616Z', '2024-02-26T02:16:08.137Z'),
  ('8d532fd7-54ba-4509-b278-fb01a660594d', '56a5dfe1-3d96-4e84-ba92-68ff386d0a27', 'da995972-e0ae-49f0-a054-d8265d0515a5', '51e16956-88d6-4ede-b126-49f67c46a1c5', '28d6de8d-a1cb-434f-a779-59b4854c1d4d', 'Process delta server', 'twice_daily', 318, 10, 'cancelled', '2024-10-14T03:51:15.970Z', '2023-03-04T14:25:58.808Z'),
  ('dd0c96cd-2450-4d85-9b26-8015ab2ee3cc', '7fe4ac6b-719d-4784-8b2a-181f60d4d6ae', 'cf7027de-86d7-4473-a59e-ce35638bfc7d', '51e16956-88d6-4ede-b126-49f67c46a1c5', '3a3de7d0-56f8-423e-bda1-2423df332f6a', 'Network dog data', 'twice_daily', 89, 1, 'expired', '2024-03-20T15:16:31.393Z', '2023-09-19T04:45:05.853Z'),
  ('64730571-7e26-4f9a-a131-36664c381cca', 'b8847c97-1bc8-40eb-9d0f-08573d3afd94', '062cd77c-cf51-4309-8d8e-983ea5354dbd', 'f34484dc-efaf-41cf-8f7e-c08caf8d8bf7', '7ca087a0-b5d7-4f8f-8101-2760c939c4dc', 'Delta theta dog', 'twice_daily', 188, 2, 'active', '2023-08-07T04:22:39.571Z', '2024-02-18T14:47:54.297Z'),
  ('5fa97e32-85e3-429d-a11a-b38deba513b2', '675a6db9-149f-46a6-a0da-7cc72575a766', 'b1fee36e-8b4b-49b2-90c9-e71779d221f9', 'f34484dc-efaf-41cf-8f7e-c08caf8d8bf7', '3fc3abc2-099f-42e3-b024-38b127219f48', 'Omega network sigma', 'three_times_daily', 9, 7, 'active', '2023-12-05T02:09:44.651Z', '2024-05-11T00:54:41.580Z'),
  ('dbe97888-8d28-45de-b94d-fed5ae1f7da7', 'b8847c97-1bc8-40eb-9d0f-08573d3afd94', '5e3ab390-18f7-40a9-8b8c-ce862d13180f', 'f34484dc-efaf-41cf-8f7e-c08caf8d8bf7', '7ca087a0-b5d7-4f8f-8101-2760c939c4dc', 'Process service network', 'as_needed', 51, 2, 'completed', '2023-05-15T18:45:11.560Z', '2023-04-07T22:31:31.338Z'),
  ('5fb11ae7-5c0b-455d-a4ea-5de726fb76e3', 'e33eb482-d236-40d7-a8ee-392202f4aba2', '6f6baf66-56e5-437e-9c8b-963c534c52ab', '51e16956-88d6-4ede-b126-49f67c46a1c5', '045629b8-8c24-448c-b1fc-eb4ea07837b0', 'Client module quick', 'as_needed', 318, 4, 'completed', '2023-09-29T05:41:29.777Z', '2023-11-06T17:26:18.016Z'),
  ('48942f10-1191-4eb6-b4db-fb6c8b2f865f', '0ca096d9-946a-4669-9731-22b5bb48ecf1', 'da995972-e0ae-49f0-a054-d8265d0515a5', '51e16956-88d6-4ede-b126-49f67c46a1c5', '1d59901c-4fe7-43d8-9e46-d6cf527ea58e', 'Cloud quick server', 'once_daily', 168, 3, 'active', '2024-05-01T04:02:31.530Z', '2024-09-14T03:11:24.831Z'),
  ('5feb1901-10f6-475d-9001-7acd71574860', 'a9a0682c-01b5-4153-8420-a6470b75b322', 'cf7027de-86d7-4473-a59e-ce35638bfc7d', 'f34484dc-efaf-41cf-8f7e-c08caf8d8bf7', 'a6e2675e-5723-4f9b-a4e6-0596814e36f3', 'Sigma the engine', 'once_daily', 23, 4, 'completed', '2024-10-31T14:09:01.188Z', '2024-10-19T14:26:01.745Z'),
  ('b6774b67-0056-482b-97eb-796f5b3418dc', 'cf0aed56-f3f3-4425-9c48-11a38b99a897', 'cbc832aa-8471-4875-ac54-4e258144878c', 'f34484dc-efaf-41cf-8f7e-c08caf8d8bf7', '0d187ee7-bd34-42eb-abb0-11ebf3938c4b', 'Omega data engine', 'twice_daily', 134, 10, 'active', '2024-06-14T05:47:19.025Z', '2023-03-21T01:37:03.171Z'),
  ('9dabc608-5d32-45f2-af0d-96e41010d5fd', '0ff2bd75-4b44-4e45-b507-b5274109cc16', '062cd77c-cf51-4309-8d8e-983ea5354dbd', '51e16956-88d6-4ede-b126-49f67c46a1c5', 'fe21b5c2-9c83-4c1a-bfe7-7be9d7de63f2', 'Theta engine jumps', 'weekly', 108, 4, 'cancelled', '2023-01-02T12:07:55.526Z', '2023-09-26T00:20:28.345Z'),
  ('59ee1fc8-d7fc-4aeb-8f9e-2eb27fbe96c8', 'e33eb482-d236-40d7-a8ee-392202f4aba2', '6f6baf66-56e5-437e-9c8b-963c534c52ab', 'f34484dc-efaf-41cf-8f7e-c08caf8d8bf7', '9457c58a-425e-4d13-87f9-31f49c4578e2', 'Gamma module beta', 'twice_daily', 171, 0, 'active', '2023-02-07T09:31:51.027Z', '2023-07-08T08:44:44.008Z'),
  ('f2fbbd7e-3392-4bc4-93a7-7fd72dfe67cd', 'b8847c97-1bc8-40eb-9d0f-08573d3afd94', '9972daab-2c86-459f-9d78-3fe1be4e3280', 'f34484dc-efaf-41cf-8f7e-c08caf8d8bf7', 'a6e2675e-5723-4f9b-a4e6-0596814e36f3', 'Delta alpha module', 'once_daily', 116, 7, 'completed', '2023-12-25T02:08:58.791Z', '2024-07-26T22:43:28.211Z'),
  ('7e566d65-a659-4255-a823-c7f128408f90', '56a5dfe1-3d96-4e84-ba92-68ff386d0a27', 'da995972-e0ae-49f0-a054-d8265d0515a5', '51e16956-88d6-4ede-b126-49f67c46a1c5', '3a3de7d0-56f8-423e-bda1-2423df332f6a', 'Service delta quick', 'three_times_daily', 166, 6, 'expired', '2024-09-21T21:36:31.939Z', '2024-09-27T20:58:12.208Z'),
  ('8252a114-e382-43cf-b58c-011d5632708f', '69694aad-5a30-44ca-8ffd-dee7988263da', '5e3ab390-18f7-40a9-8b8c-ce862d13180f', 'f34484dc-efaf-41cf-8f7e-c08caf8d8bf7', 'f73b591e-d1ea-4790-8099-4d4d4cb6506a', 'Client engine platform', 'as_needed', 317, 7, 'completed', '2023-02-25T19:22:19.754Z', '2024-07-12T21:45:42.438Z'),
  ('e98d65a9-af9f-4336-8aca-5325b44f59ad', '56a5dfe1-3d96-4e84-ba92-68ff386d0a27', '6f6baf66-56e5-437e-9c8b-963c534c52ab', '51e16956-88d6-4ede-b126-49f67c46a1c5', 'e57cfb35-bb8b-4d1e-bc29-44d4c1685057', 'Quick theta the', 'as_needed', 167, 0, 'expired', '2023-10-07T10:27:12.646Z', '2024-04-07T02:34:32.932Z'),
  ('7b7693a3-e037-4ca6-b98b-39d40ab18780', 'd8601ef2-0bc0-4310-9ee0-30d738f8736a', 'b1fee36e-8b4b-49b2-90c9-e71779d221f9', 'f34484dc-efaf-41cf-8f7e-c08caf8d8bf7', '28d6de8d-a1cb-434f-a779-59b4854c1d4d', 'Platform engine sigma', 'three_times_daily', 131, 3, 'active', '2024-12-28T00:58:44.223Z', '2024-08-30T05:10:51.945Z'),
  ('d14ec524-eea4-4a37-84fe-cc20e8a4f77f', '2ca99cc0-f067-4029-a692-2c08db188885', 'da995972-e0ae-49f0-a054-d8265d0515a5', 'f34484dc-efaf-41cf-8f7e-c08caf8d8bf7', 'ef2e48a1-be5a-4305-a93a-5ee0bb827fe9', 'Sigma delta gamma', 'three_times_daily', 280, 4, 'active', '2023-11-19T11:23:58.643Z', '2023-12-06T16:32:20.536Z'),
  ('3419dddd-327b-40bb-ade7-820a1420a258', 'da1622fe-3678-429e-bcac-28fad4583484', '062cd77c-cf51-4309-8d8e-983ea5354dbd', '51e16956-88d6-4ede-b126-49f67c46a1c5', '045629b8-8c24-448c-b1fc-eb4ea07837b0', 'Client fox alpha', 'weekly', 111, 10, 'completed', '2023-02-24T05:12:37.319Z', '2023-08-17T08:43:15.916Z'),
  ('d58af15d-01d6-4665-8ff9-4180393e549e', 'f905a69a-fd40-4639-b24e-83633749f1a0', '062cd77c-cf51-4309-8d8e-983ea5354dbd', 'f34484dc-efaf-41cf-8f7e-c08caf8d8bf7', 'ef2e48a1-be5a-4305-a93a-5ee0bb827fe9', 'Jumps beta brown', 'as_needed', 135, 7, 'cancelled', '2023-03-26T05:39:39.297Z', '2023-04-21T20:27:58.657Z'),
  ('ffce57b6-3bda-4368-b105-5f41f89d0178', 'e33eb482-d236-40d7-a8ee-392202f4aba2', 'b1fee36e-8b4b-49b2-90c9-e71779d221f9', 'f34484dc-efaf-41cf-8f7e-c08caf8d8bf7', 'f73b591e-d1ea-4790-8099-4d4d4cb6506a', 'Zeta brown omega', 'twice_daily', 342, 0, 'active', '2023-05-23T02:13:43.598Z', '2023-04-24T02:54:40.024Z'),
  ('28fa1128-bb31-4e6c-9a35-52e83b1a6582', 'd8601ef2-0bc0-4310-9ee0-30d738f8736a', '5e3ab390-18f7-40a9-8b8c-ce862d13180f', 'f34484dc-efaf-41cf-8f7e-c08caf8d8bf7', '9220a57e-3dae-46fc-8b7b-0e08c650232a', 'The brown platform', 'weekly', 218, 1, 'expired', '2024-06-07T18:19:51.151Z', '2023-09-15T08:34:25.513Z'),
  ('f51c42a2-f9b8-4999-9813-aeed84f64836', 'd57a02e9-0f84-4cae-8e9c-daaafbfaf7cf', 'da995972-e0ae-49f0-a054-d8265d0515a5', '51e16956-88d6-4ede-b126-49f67c46a1c5', '28d6de8d-a1cb-434f-a779-59b4854c1d4d', 'Omega system beta', 'once_daily', 363, 12, 'cancelled', '2023-05-16T16:41:41.831Z', '2023-12-06T06:14:39.690Z'),
  ('73b8288a-a772-4c10-9695-c7fb7fe81ffa', '6f98d564-962b-492e-adb5-918ba1e5c500', 'b1fee36e-8b4b-49b2-90c9-e71779d221f9', '51e16956-88d6-4ede-b126-49f67c46a1c5', '7130d778-62a0-4464-8e58-3ee8a05cdcc1', 'Beta omega sigma', 'three_times_daily', 285, 7, 'active', '2024-11-24T14:24:37.285Z', '2023-05-05T07:40:21.872Z'),
  ('587bf044-6c35-4453-a052-0e8b66e95058', 'b8847c97-1bc8-40eb-9d0f-08573d3afd94', '062cd77c-cf51-4309-8d8e-983ea5354dbd', '51e16956-88d6-4ede-b126-49f67c46a1c5', 'b5355e5c-f659-4f6b-9705-ed1cdab0d1f0', 'Data zeta beta', 'twice_daily', 313, 3, 'completed', '2024-10-09T04:41:03.509Z', '2024-11-20T00:34:38.550Z'),
  ('1756e5b6-cd78-409f-95a5-500723c28111', '69694aad-5a30-44ca-8ffd-dee7988263da', '062cd77c-cf51-4309-8d8e-983ea5354dbd', '51e16956-88d6-4ede-b126-49f67c46a1c5', 'b7ab17a3-5935-4173-97c0-cccc008916ed', 'Gamma quick over', 'as_needed', 330, 7, 'completed', '2023-03-10T22:36:48.193Z', '2023-09-08T07:07:07.030Z'),
  ('b6d98ac7-a9ae-4787-bd03-5c8dd4002fb5', 'da1622fe-3678-429e-bcac-28fad4583484', 'b1fee36e-8b4b-49b2-90c9-e71779d221f9', '51e16956-88d6-4ede-b126-49f67c46a1c5', '3fc3abc2-099f-42e3-b024-38b127219f48', 'Beta over system', 'twice_daily', 66, 11, 'completed', '2023-08-10T06:22:13.908Z', '2024-01-03T03:04:26.293Z'),
  ('09f65bdb-d2ce-4034-a326-7b73c897e35b', 'd57a02e9-0f84-4cae-8e9c-daaafbfaf7cf', '5e3ab390-18f7-40a9-8b8c-ce862d13180f', 'f34484dc-efaf-41cf-8f7e-c08caf8d8bf7', '1d59901c-4fe7-43d8-9e46-d6cf527ea58e', 'Dog brown alpha', 'once_daily', 316, 1, 'active', '2024-12-28T12:18:47.081Z', '2023-08-13T23:37:39.691Z'),
  ('f1e44dd7-6efe-4c0b-89b9-a46e049b2cff', 'b8847c97-1bc8-40eb-9d0f-08573d3afd94', 'f1231c04-5c7b-4ce6-93b8-ef47b42d85d2', 'f34484dc-efaf-41cf-8f7e-c08caf8d8bf7', '1d59901c-4fe7-43d8-9e46-d6cf527ea58e', 'Lambda epsilon lazy', 'as_needed', 161, 2, 'completed', '2023-08-03T12:11:37.187Z', '2024-11-05T14:26:24.267Z'),
  ('394da807-82cd-49fc-9e77-2719fc2a1acc', 'f905a69a-fd40-4639-b24e-83633749f1a0', 'cf7027de-86d7-4473-a59e-ce35638bfc7d', '51e16956-88d6-4ede-b126-49f67c46a1c5', '3fc3abc2-099f-42e3-b024-38b127219f48', 'Client lambda epsilon', 'three_times_daily', 159, 2, 'completed', '2023-04-29T06:31:59.122Z', '2024-05-02T13:33:42.328Z'),
  ('c7d46469-0d28-491b-b6bc-9bc47f68c8ef', '275fb90c-233d-4e5f-a2f9-68cabd04afe0', '5e3ab390-18f7-40a9-8b8c-ce862d13180f', '51e16956-88d6-4ede-b126-49f67c46a1c5', 'a6e2675e-5723-4f9b-a4e6-0596814e36f3', 'Zeta process epsilon', 'twice_daily', 56, 5, 'completed', '2024-09-24T12:40:33.572Z', '2023-11-05T09:49:43.954Z');

INSERT INTO "prescriptions" ("id", "encounter_id", "patient_id", "provider_id", "medication_id", "dosage", "frequency", "duration_days", "refills_remaining", "status", "prescribed_at", "created_at") VALUES
  ('df9900ba-ef26-4747-a8d9-649e1bd11615', '2ca99cc0-f067-4029-a692-2c08db188885', '5e3ab390-18f7-40a9-8b8c-ce862d13180f', 'f34484dc-efaf-41cf-8f7e-c08caf8d8bf7', 'e57cfb35-bb8b-4d1e-bc29-44d4c1685057', 'Process the network', 'once_daily', 121, 10, 'active', '2023-10-03T11:46:51.342Z', '2024-01-19T22:36:44.143Z'),
  ('a0ad9185-b3fc-426f-9de7-d4767c268cee', '56a5dfe1-3d96-4e84-ba92-68ff386d0a27', '5e3ab390-18f7-40a9-8b8c-ce862d13180f', 'f34484dc-efaf-41cf-8f7e-c08caf8d8bf7', '5f2e360a-7124-4799-93cc-910548d6f201', 'Quick system dog', 'three_times_daily', 335, 6, 'completed', '2024-08-28T09:46:14.962Z', '2024-01-23T05:04:54.930Z'),
  ('a4331af4-5c89-4db1-8956-02fb3d3b0947', 'd35d410f-b9c0-447d-809d-a246e4cba0a0', 'cbc832aa-8471-4875-ac54-4e258144878c', '51e16956-88d6-4ede-b126-49f67c46a1c5', '9220a57e-3dae-46fc-8b7b-0e08c650232a', 'Service theta process', 'twice_daily', 146, 6, 'completed', '2024-12-29T01:03:34.447Z', '2024-04-05T19:45:28.058Z'),
  ('9a203c62-3c38-4968-a051-f4a35eda14f2', '675a6db9-149f-46a6-a0da-7cc72575a766', '062cd77c-cf51-4309-8d8e-983ea5354dbd', '51e16956-88d6-4ede-b126-49f67c46a1c5', 'b5355e5c-f659-4f6b-9705-ed1cdab0d1f0', 'Dog beta client', 'three_times_daily', 71, 8, 'expired', '2023-01-13T03:38:44.079Z', '2024-04-16T09:25:34.630Z'),
  ('70fcd091-aa7d-465b-8db1-b545e0ac653b', 'd8601ef2-0bc0-4310-9ee0-30d738f8736a', '9972daab-2c86-459f-9d78-3fe1be4e3280', '51e16956-88d6-4ede-b126-49f67c46a1c5', '7130d778-62a0-4464-8e58-3ee8a05cdcc1', 'Lazy lazy data', 'once_daily', 365, 4, 'completed', '2024-08-26T07:32:43.857Z', '2023-09-10T12:20:09.578Z'),
  ('8de2996a-f0a4-4274-8272-acc0ca00528f', '7fe4ac6b-719d-4784-8b2a-181f60d4d6ae', 'cbc832aa-8471-4875-ac54-4e258144878c', '51e16956-88d6-4ede-b126-49f67c46a1c5', 'b5355e5c-f659-4f6b-9705-ed1cdab0d1f0', 'Beta service platform', 'weekly', 362, 6, 'expired', '2023-04-28T15:21:11.657Z', '2024-11-26T07:39:26.439Z'),
  ('ac3f4a43-1d0c-45f7-bfbd-cba371ffa076', '7ef32c25-8dac-44c5-bd22-a89a8e34ec85', '9972daab-2c86-459f-9d78-3fe1be4e3280', 'f34484dc-efaf-41cf-8f7e-c08caf8d8bf7', 'b5355e5c-f659-4f6b-9705-ed1cdab0d1f0', 'Service system platform', 'once_daily', 158, 5, 'completed', '2024-04-11T22:41:59.652Z', '2023-01-11T10:14:37.508Z'),
  ('e73439cb-4a58-4cf3-b377-1f80c1401676', 'd57a02e9-0f84-4cae-8e9c-daaafbfaf7cf', '062cd77c-cf51-4309-8d8e-983ea5354dbd', 'f34484dc-efaf-41cf-8f7e-c08caf8d8bf7', '78b5aa7f-367d-4b63-8190-f4c742dc83fe', 'Process dog zeta', 'weekly', 104, 7, 'active', '2024-02-15T14:10:59.029Z', '2024-08-22T03:03:14.340Z'),
  ('4b2ddc6f-ab95-4ae7-bf82-f10f52736cf6', 'a9a0682c-01b5-4153-8420-a6470b75b322', '6421dd5e-02bc-42e0-a835-9a7d2f0cb4b5', '51e16956-88d6-4ede-b126-49f67c46a1c5', 'b7ab17a3-5935-4173-97c0-cccc008916ed', 'Beta client system', 'three_times_daily', 268, 2, 'cancelled', '2024-04-13T18:18:26.424Z', '2023-08-22T23:26:17.383Z'),
  ('a577c31a-66c2-424d-ba9d-52f0c148599c', '69694aad-5a30-44ca-8ffd-dee7988263da', '6421dd5e-02bc-42e0-a835-9a7d2f0cb4b5', 'f34484dc-efaf-41cf-8f7e-c08caf8d8bf7', '3fc3abc2-099f-42e3-b024-38b127219f48', 'Jumps fox lazy', 'once_daily', 100, 11, 'completed', '2024-11-15T02:50:14.360Z', '2023-11-03T15:16:59.845Z'),
  ('979fb133-411a-4a21-8996-0b534035d1d9', 'e33eb482-d236-40d7-a8ee-392202f4aba2', 'f1231c04-5c7b-4ce6-93b8-ef47b42d85d2', 'f34484dc-efaf-41cf-8f7e-c08caf8d8bf7', '8ce27a3a-a0d7-4429-83ad-a7a31d842943', 'Platform process delta', 'weekly', 129, 0, 'active', '2024-01-03T10:18:01.173Z', '2024-10-15T15:20:42.914Z'),
  ('bb687bc9-975d-4ed9-96c5-c85dc0338ec9', '7fe4ac6b-719d-4784-8b2a-181f60d4d6ae', 'f1231c04-5c7b-4ce6-93b8-ef47b42d85d2', '51e16956-88d6-4ede-b126-49f67c46a1c5', 'fe21b5c2-9c83-4c1a-bfe7-7be9d7de63f2', 'Client sigma server', 'twice_daily', 318, 2, 'active', '2024-02-14T02:18:15.914Z', '2024-06-12T10:20:18.671Z'),
  ('89b7efe8-2970-454b-a4d1-70abc793a77f', 'a8cf0d96-8c7b-4379-b393-04b500b02e5e', '062cd77c-cf51-4309-8d8e-983ea5354dbd', 'f34484dc-efaf-41cf-8f7e-c08caf8d8bf7', '5f2e360a-7124-4799-93cc-910548d6f201', 'Module cloud kappa', 'three_times_daily', 204, 7, 'expired', '2023-05-07T00:30:43.574Z', '2023-03-02T16:15:43.952Z'),
  ('859aa72b-637e-43a5-9d96-a04742db3400', '275fb90c-233d-4e5f-a2f9-68cabd04afe0', 'b1fee36e-8b4b-49b2-90c9-e71779d221f9', '51e16956-88d6-4ede-b126-49f67c46a1c5', '3fc3abc2-099f-42e3-b024-38b127219f48', 'Zeta quick jumps', 'as_needed', 360, 1, 'completed', '2023-02-10T04:34:03.004Z', '2023-11-23T11:18:22.173Z'),
  ('d8327c6b-7a43-4e59-b51a-df62ecd97b70', 'f905a69a-fd40-4639-b24e-83633749f1a0', '5e3ab390-18f7-40a9-8b8c-ce862d13180f', 'f34484dc-efaf-41cf-8f7e-c08caf8d8bf7', 'f73b591e-d1ea-4790-8099-4d4d4cb6506a', 'Engine beta dog', 'twice_daily', 158, 10, 'completed', '2023-02-01T01:40:47.713Z', '2023-07-31T12:56:42.512Z'),
  ('2820f0bc-0c85-43f8-9ba5-2ee88fecf43a', '6f98d564-962b-492e-adb5-918ba1e5c500', 'da995972-e0ae-49f0-a054-d8265d0515a5', 'f34484dc-efaf-41cf-8f7e-c08caf8d8bf7', 'b5355e5c-f659-4f6b-9705-ed1cdab0d1f0', 'Sigma beta service', 'once_daily', 312, 4, 'active', '2024-08-17T22:09:08.677Z', '2023-06-23T18:18:46.820Z'),
  ('321f4a61-91d4-4ec4-a508-7aceb759a7da', '7ef32c25-8dac-44c5-bd22-a89a8e34ec85', '062cd77c-cf51-4309-8d8e-983ea5354dbd', '51e16956-88d6-4ede-b126-49f67c46a1c5', '53d41ccf-0af2-430d-80f8-efbdbc6d3b97', 'Lambda sigma service', 'three_times_daily', 191, 11, 'expired', '2024-11-07T20:17:43.373Z', '2023-07-12T14:32:47.426Z'),
  ('344bf6db-4d34-4fe7-9261-8a6488b7d45a', 'cf0aed56-f3f3-4425-9c48-11a38b99a897', 'f1231c04-5c7b-4ce6-93b8-ef47b42d85d2', 'f34484dc-efaf-41cf-8f7e-c08caf8d8bf7', '9220a57e-3dae-46fc-8b7b-0e08c650232a', 'Dog engine engine', 'three_times_daily', 89, 9, 'active', '2023-04-22T20:46:47.297Z', '2024-06-22T20:42:10.846Z'),
  ('8a467651-8e4a-42ff-86dc-6b5cabb73fa4', 'f905a69a-fd40-4639-b24e-83633749f1a0', '062cd77c-cf51-4309-8d8e-983ea5354dbd', 'f34484dc-efaf-41cf-8f7e-c08caf8d8bf7', '3fc3abc2-099f-42e3-b024-38b127219f48', 'Theta network kappa', 'twice_daily', 164, 12, 'cancelled', '2024-05-24T07:16:25.085Z', '2023-10-03T06:44:47.160Z'),
  ('29e542f8-84d2-4b48-9f10-661e8588c333', '69694aad-5a30-44ca-8ffd-dee7988263da', '6f6baf66-56e5-437e-9c8b-963c534c52ab', '51e16956-88d6-4ede-b126-49f67c46a1c5', 'b5355e5c-f659-4f6b-9705-ed1cdab0d1f0', 'Jumps platform lambda', 'twice_daily', 136, 5, 'completed', '2024-11-20T01:19:36.040Z', '2024-12-31T14:35:03.969Z'),
  ('6b410d38-cb2d-4dfd-9b89-cceb4c734d1a', 'f905a69a-fd40-4639-b24e-83633749f1a0', 'cf7027de-86d7-4473-a59e-ce35638bfc7d', 'f34484dc-efaf-41cf-8f7e-c08caf8d8bf7', '399b6d6e-4a91-493e-b917-102e73cb09b8', 'Dog beta kappa', 'once_daily', 65, 2, 'active', '2024-03-28T22:52:08.185Z', '2024-07-15T00:54:57.868Z'),
  ('8be80bdb-0868-4a50-b7d1-6835cd8e5842', 'a8cf0d96-8c7b-4379-b393-04b500b02e5e', '6421dd5e-02bc-42e0-a835-9a7d2f0cb4b5', '51e16956-88d6-4ede-b126-49f67c46a1c5', 'f73b591e-d1ea-4790-8099-4d4d4cb6506a', 'Module fox zeta', 'three_times_daily', 331, 11, 'expired', '2023-07-06T07:19:46.440Z', '2024-04-15T10:58:43.878Z'),
  ('555adac3-018a-41f1-9256-1e05cc02cde3', '7ef32c25-8dac-44c5-bd22-a89a8e34ec85', '6421dd5e-02bc-42e0-a835-9a7d2f0cb4b5', '51e16956-88d6-4ede-b126-49f67c46a1c5', '051340df-c4e5-4c11-a908-1fd0c922675d', 'Theta engine network', 'once_daily', 21, 5, 'cancelled', '2023-04-07T05:51:32.859Z', '2023-08-08T16:22:07.730Z'),
  ('4b151141-f880-4844-80ae-8899969f9862', 'e33eb482-d236-40d7-a8ee-392202f4aba2', '062cd77c-cf51-4309-8d8e-983ea5354dbd', 'f34484dc-efaf-41cf-8f7e-c08caf8d8bf7', '8ce27a3a-a0d7-4429-83ad-a7a31d842943', 'Platform server the', 'once_daily', 324, 11, 'active', '2023-05-21T11:34:55.575Z', '2024-09-27T23:57:32.197Z'),
  ('5d8ed40a-1485-40d9-9245-ed4610ec498e', 'cf0aed56-f3f3-4425-9c48-11a38b99a897', '9972daab-2c86-459f-9d78-3fe1be4e3280', 'f34484dc-efaf-41cf-8f7e-c08caf8d8bf7', 'a6e2675e-5723-4f9b-a4e6-0596814e36f3', 'Sigma sigma data', 'once_daily', 128, 2, 'active', '2024-04-25T19:33:16.198Z', '2024-08-24T05:19:12.942Z'),
  ('741e794c-8111-4501-aa6b-43d6fd700fb0', '56a5dfe1-3d96-4e84-ba92-68ff386d0a27', '6f6baf66-56e5-437e-9c8b-963c534c52ab', '51e16956-88d6-4ede-b126-49f67c46a1c5', 'eb25c8f2-88d2-4018-b041-db68cc25e521', 'Cloud fox delta', 'twice_daily', 248, 10, 'completed', '2023-07-02T23:05:21.882Z', '2023-02-23T12:14:44.008Z'),
  ('55fadbf0-7cf1-4a7d-ac12-67ad3484407c', 'a8cf0d96-8c7b-4379-b393-04b500b02e5e', '9972daab-2c86-459f-9d78-3fe1be4e3280', '51e16956-88d6-4ede-b126-49f67c46a1c5', '3a3de7d0-56f8-423e-bda1-2423df332f6a', 'Brown engine system', 'three_times_daily', 316, 1, 'expired', '2023-03-30T01:21:39.323Z', '2023-01-04T02:44:10.809Z'),
  ('c0375998-785c-4753-9d4c-fc74651785ca', '0ff2bd75-4b44-4e45-b507-b5274109cc16', '6f6baf66-56e5-437e-9c8b-963c534c52ab', '51e16956-88d6-4ede-b126-49f67c46a1c5', '051340df-c4e5-4c11-a908-1fd0c922675d', 'Engine alpha gamma', 'once_daily', 253, 9, 'active', '2023-07-16T07:53:42.008Z', '2024-02-24T16:08:10.551Z'),
  ('d99f34bb-24bf-46ff-8df5-5215f2e468a4', '7fe4ac6b-719d-4784-8b2a-181f60d4d6ae', 'cf7027de-86d7-4473-a59e-ce35638bfc7d', 'f34484dc-efaf-41cf-8f7e-c08caf8d8bf7', '045629b8-8c24-448c-b1fc-eb4ea07837b0', 'Module service the', 'once_daily', 133, 12, 'expired', '2024-05-25T23:33:04.179Z', '2023-12-18T01:36:15.804Z'),
  ('c955cbdf-59a5-4d3a-86e1-ebfcce7c4ea8', '0ff2bd75-4b44-4e45-b507-b5274109cc16', '062cd77c-cf51-4309-8d8e-983ea5354dbd', '51e16956-88d6-4ede-b126-49f67c46a1c5', '3fc3abc2-099f-42e3-b024-38b127219f48', 'Beta network delta', 'three_times_daily', 341, 10, 'active', '2023-05-22T22:57:20.513Z', '2024-10-23T02:30:22.611Z');

INSERT INTO "procedures" ("id", "encounter_id", "patient_id", "provider_id", "cpt_code", "procedure_name", "status", "performed_at", "created_at") VALUES
  ('515988b4-e729-44a0-b915-db4bd44351a4', 'e33eb482-d236-40d7-a8ee-392202f4aba2', 'da995972-e0ae-49f0-a054-d8265d0515a5', '51e16956-88d6-4ede-b126-49f67c46a1c5', 'Platform data jumps', 'Theta the kappa jumps process delta client over', 'scheduled', '2024-01-25T14:40:20.971Z', '2024-07-03T13:21:38.715Z'),
  ('ca75530c-cfa6-43c5-92e4-ed92717dcd8d', '2ca99cc0-f067-4029-a692-2c08db188885', '5e3ab390-18f7-40a9-8b8c-ce862d13180f', '51e16956-88d6-4ede-b126-49f67c46a1c5', 'Service engine the', 'Quick quick service the quick jumps system engine', 'scheduled', '2023-09-10T22:43:52.618Z', '2024-05-05T10:22:29.957Z'),
  ('18032f32-1309-4a2f-b0df-06f85b54f0cb', 'd8601ef2-0bc0-4310-9ee0-30d738f8736a', '6421dd5e-02bc-42e0-a835-9a7d2f0cb4b5', 'f34484dc-efaf-41cf-8f7e-c08caf8d8bf7', 'Lazy lazy module', 'Lazy jumps module process quick sigma over platform', 'completed', '2023-07-24T19:59:35.946Z', '2024-10-03T00:48:53.318Z'),
  ('670674f7-c260-4bc9-a328-114fcaebdbcc', '0ca096d9-946a-4669-9731-22b5bb48ecf1', '9972daab-2c86-459f-9d78-3fe1be4e3280', '51e16956-88d6-4ede-b126-49f67c46a1c5', 'Lambda kappa fox', 'Module server gamma network client fox epsilon server', 'completed', '2024-01-04T15:07:04.668Z', '2024-05-08T13:49:23.641Z'),
  ('f753db7f-6f83-40e5-9803-1fbafc5360f0', 'f905a69a-fd40-4639-b24e-83633749f1a0', '5e3ab390-18f7-40a9-8b8c-ce862d13180f', '51e16956-88d6-4ede-b126-49f67c46a1c5', 'Dog gamma kappa', 'Alpha delta gamma theta omega system gamma service', 'completed', '2023-09-09T15:51:33.856Z', '2023-01-26T23:04:00.151Z'),
  ('f3cbde9b-baf6-497e-89c9-4f33919884ac', 'd35d410f-b9c0-447d-809d-a246e4cba0a0', 'f1231c04-5c7b-4ce6-93b8-ef47b42d85d2', '51e16956-88d6-4ede-b126-49f67c46a1c5', 'Engine service brown', 'Platform lazy platform network sigma alpha over server', 'completed', '2024-09-19T06:39:05.291Z', '2023-05-25T13:59:27.602Z'),
  ('81395700-dde9-457e-8099-5d33bb880a8e', 'a9a0682c-01b5-4153-8420-a6470b75b322', 'f1231c04-5c7b-4ce6-93b8-ef47b42d85d2', '51e16956-88d6-4ede-b126-49f67c46a1c5', 'Network engine netwo', 'Beta lambda sigma omega system jumps data omega', 'completed', '2023-05-17T21:16:22.533Z', '2024-04-16T18:13:08.674Z'),
  ('6816a311-d0b8-44ad-bff8-6a997cf9efd8', 'e33eb482-d236-40d7-a8ee-392202f4aba2', 'cf7027de-86d7-4473-a59e-ce35638bfc7d', 'f34484dc-efaf-41cf-8f7e-c08caf8d8bf7', 'Fox system theta', 'Engine data alpha engine over omega alpha quick', 'completed', '2024-11-26T00:58:03.883Z', '2024-01-16T04:42:58.410Z'),
  ('6d7b2a52-c5b4-4355-88ab-fe808e4833b9', '675a6db9-149f-46a6-a0da-7cc72575a766', 'da995972-e0ae-49f0-a054-d8265d0515a5', '51e16956-88d6-4ede-b126-49f67c46a1c5', 'The system kappa', 'Fox zeta data network client delta client module', 'cancelled', '2024-08-01T03:40:49.628Z', '2024-04-20T20:04:10.929Z'),
  ('cf95855f-4d35-4c62-851c-68ae15c06b17', '69694aad-5a30-44ca-8ffd-dee7988263da', '6421dd5e-02bc-42e0-a835-9a7d2f0cb4b5', 'f34484dc-efaf-41cf-8f7e-c08caf8d8bf7', 'Sigma the data', 'Brown platform service server epsilon lambda jumps module', 'completed', '2023-04-23T05:23:24.433Z', '2023-09-05T13:49:18.055Z'),
  ('b70b0c18-01bf-4815-ae08-f8a925dfa6cc', 'b8847c97-1bc8-40eb-9d0f-08573d3afd94', '9972daab-2c86-459f-9d78-3fe1be4e3280', 'f34484dc-efaf-41cf-8f7e-c08caf8d8bf7', 'Over delta over', 'Quick zeta omega sigma lambda theta fox service', 'completed', '2023-12-29T00:09:17.540Z', '2024-12-16T02:40:57.234Z'),
  ('a0431d46-04eb-4b73-b443-0c21f0bdd4c4', 'd35d410f-b9c0-447d-809d-a246e4cba0a0', '9972daab-2c86-459f-9d78-3fe1be4e3280', 'f34484dc-efaf-41cf-8f7e-c08caf8d8bf7', 'Platform beta fox', 'Quick service zeta platform lambda beta system jumps', 'completed', '2024-12-15T10:39:56.534Z', '2024-08-04T18:54:46.010Z'),
  ('6bc0c99e-6391-4568-9a3e-b23581c99111', 'a8cf0d96-8c7b-4379-b393-04b500b02e5e', 'f1231c04-5c7b-4ce6-93b8-ef47b42d85d2', '51e16956-88d6-4ede-b126-49f67c46a1c5', 'Cloud lazy service', 'Theta gamma quick gamma jumps dog engine cloud', 'completed', '2024-08-29T05:16:08.186Z', '2023-05-06T05:43:22.972Z'),
  ('3ed00d0e-832b-45c5-a0b1-2b8f6eff7216', 'cf0aed56-f3f3-4425-9c48-11a38b99a897', 'cf7027de-86d7-4473-a59e-ce35638bfc7d', '51e16956-88d6-4ede-b126-49f67c46a1c5', 'Theta the cloud', 'Delta network brown epsilon cloud quick jumps module', 'completed', '2023-12-12T06:29:27.520Z', '2023-07-09T01:10:35.083Z'),
  ('080d37c3-ec99-4a04-8d15-a7e6078c4c3c', '6f98d564-962b-492e-adb5-918ba1e5c500', 'da995972-e0ae-49f0-a054-d8265d0515a5', 'f34484dc-efaf-41cf-8f7e-c08caf8d8bf7', 'Jumps network quick', 'Over data over lambda epsilon server beta the', 'completed', '2024-10-19T21:57:22.748Z', '2023-06-28T11:59:26.594Z'),
  ('7aab29db-e2eb-42b4-8f23-af0f277327aa', '69694aad-5a30-44ca-8ffd-dee7988263da', 'cbc832aa-8471-4875-ac54-4e258144878c', '51e16956-88d6-4ede-b126-49f67c46a1c5', 'Quick engine sigma', 'Lazy omega jumps zeta process sigma cloud process', 'scheduled', '2024-08-26T07:19:58.117Z', '2024-08-04T07:35:05.370Z'),
  ('5b1885bd-06e8-47d6-a635-71a23578a86e', '2ca99cc0-f067-4029-a692-2c08db188885', 'cf7027de-86d7-4473-a59e-ce35638bfc7d', 'f34484dc-efaf-41cf-8f7e-c08caf8d8bf7', 'Zeta brown beta', 'Lazy lazy server network fox jumps epsilon data', 'scheduled', '2024-02-17T05:25:49.006Z', '2024-08-18T13:22:34.844Z'),
  ('9182e36b-89f5-4b24-b353-5b154e851ea2', 'e33eb482-d236-40d7-a8ee-392202f4aba2', 'b1fee36e-8b4b-49b2-90c9-e71779d221f9', 'f34484dc-efaf-41cf-8f7e-c08caf8d8bf7', 'Server jumps zeta', 'Network kappa data over beta lazy engine beta', 'completed', '2023-07-10T10:23:51.814Z', '2024-07-17T09:07:28.159Z'),
  ('e05b3139-e3dc-47f0-94e8-9fff80ad62d4', 'd57a02e9-0f84-4cae-8e9c-daaafbfaf7cf', '9972daab-2c86-459f-9d78-3fe1be4e3280', '51e16956-88d6-4ede-b126-49f67c46a1c5', 'Over lambda client', 'Quick network network omega process theta engine dog', 'completed', '2023-01-07T12:09:18.949Z', '2024-01-10T06:12:18.015Z'),
  ('78091cf3-cc72-441f-8a62-cd033ee548c5', '7ef32c25-8dac-44c5-bd22-a89a8e34ec85', '6421dd5e-02bc-42e0-a835-9a7d2f0cb4b5', '51e16956-88d6-4ede-b126-49f67c46a1c5', 'Process fox network', 'Kappa server alpha engine platform jumps omega lambda', 'completed', '2024-08-14T12:18:16.620Z', '2024-05-04T09:34:35.171Z'),
  ('e6d80ffe-dce4-46b7-86e2-b50ead700cd4', 'f905a69a-fd40-4639-b24e-83633749f1a0', 'da995972-e0ae-49f0-a054-d8265d0515a5', '51e16956-88d6-4ede-b126-49f67c46a1c5', 'Module zeta system', 'Alpha beta service theta kappa system lambda delta', 'completed', '2023-01-17T14:25:23.855Z', '2024-05-22T08:52:33.914Z'),
  ('52e3bea1-8fe1-4a1d-8d3f-1c5540a48d48', '6f98d564-962b-492e-adb5-918ba1e5c500', '062cd77c-cf51-4309-8d8e-983ea5354dbd', 'f34484dc-efaf-41cf-8f7e-c08caf8d8bf7', 'Platform epsilon sig', 'Kappa module jumps lambda beta jumps jumps jumps', 'scheduled', '2024-08-25T15:15:41.063Z', '2024-08-19T08:02:19.445Z'),
  ('1715c464-9654-4cee-9a2f-a8d30799d694', '675a6db9-149f-46a6-a0da-7cc72575a766', '062cd77c-cf51-4309-8d8e-983ea5354dbd', 'f34484dc-efaf-41cf-8f7e-c08caf8d8bf7', 'Dog the the', 'Service the lambda cloud cloud module data gamma', 'completed', '2023-09-19T11:04:41.744Z', '2023-07-14T11:25:57.710Z'),
  ('5172c5cb-6aee-4208-8eae-5a9908cc2dc0', 'e33eb482-d236-40d7-a8ee-392202f4aba2', 'f1231c04-5c7b-4ce6-93b8-ef47b42d85d2', '51e16956-88d6-4ede-b126-49f67c46a1c5', 'Lazy dog epsilon', 'Process server client sigma zeta data server epsilon', 'completed', '2024-07-10T11:57:24.548Z', '2024-01-16T11:18:15.894Z'),
  ('29d6fbe5-917f-49cd-8321-fec428bcb475', '275fb90c-233d-4e5f-a2f9-68cabd04afe0', 'cf7027de-86d7-4473-a59e-ce35638bfc7d', 'f34484dc-efaf-41cf-8f7e-c08caf8d8bf7', 'Zeta system gamma', 'Delta lazy gamma data engine system module data', 'completed', '2024-05-24T06:24:03.297Z', '2024-01-09T04:38:43.871Z'),
  ('ea78a7cc-9287-40c1-8085-2079769e9109', 'd8601ef2-0bc0-4310-9ee0-30d738f8736a', 'cbc832aa-8471-4875-ac54-4e258144878c', '51e16956-88d6-4ede-b126-49f67c46a1c5', 'Data system data', 'Client omega delta beta gamma service gamma jumps', 'scheduled', '2023-05-28T16:12:44.744Z', '2023-05-18T10:24:25.864Z'),
  ('4bcb4898-0ed9-4a9b-9cbd-e1abda7789fa', '7fe4ac6b-719d-4784-8b2a-181f60d4d6ae', '9972daab-2c86-459f-9d78-3fe1be4e3280', 'f34484dc-efaf-41cf-8f7e-c08caf8d8bf7', 'Lambda kappa zeta', 'Brown theta alpha cloud alpha system lazy gamma', 'completed', '2024-12-17T00:21:47.233Z', '2023-01-08T04:44:42.537Z'),
  ('dca88826-3527-4f04-adc8-0cf4ba6a1672', '56a5dfe1-3d96-4e84-ba92-68ff386d0a27', '6f6baf66-56e5-437e-9c8b-963c534c52ab', 'f34484dc-efaf-41cf-8f7e-c08caf8d8bf7', 'Epsilon engine lazy', 'Network zeta process lazy kappa server lazy server', 'completed', '2024-02-19T18:24:20.857Z', '2023-12-01T09:30:42.894Z'),
  ('096cccf4-c986-4a4d-88d8-d3cb214974fb', '69694aad-5a30-44ca-8ffd-dee7988263da', '062cd77c-cf51-4309-8d8e-983ea5354dbd', '51e16956-88d6-4ede-b126-49f67c46a1c5', 'Over lambda beta', 'Sigma zeta dog jumps cloud module jumps platform', 'completed', '2023-01-28T11:55:26.293Z', '2023-12-17T19:34:30.618Z'),
  ('1986f234-819f-4e68-a933-9d0a46b22730', 'd8601ef2-0bc0-4310-9ee0-30d738f8736a', 'da995972-e0ae-49f0-a054-d8265d0515a5', 'f34484dc-efaf-41cf-8f7e-c08caf8d8bf7', 'Platform sigma epsil', 'Engine epsilon fox network gamma gamma delta dog', 'completed', '2024-11-06T14:50:10.559Z', '2024-06-15T18:10:16.908Z'),
  ('2c0fc8a5-dacc-4412-a3f6-5a095420d335', '0ca096d9-946a-4669-9731-22b5bb48ecf1', 'da995972-e0ae-49f0-a054-d8265d0515a5', '51e16956-88d6-4ede-b126-49f67c46a1c5', 'The gamma network', 'Beta kappa beta fox theta omega zeta server', 'completed', '2024-03-23T17:48:06.598Z', '2024-07-06T22:01:42.477Z'),
  ('31e7564d-2333-48da-b4ee-766cf8004fe1', '7ef32c25-8dac-44c5-bd22-a89a8e34ec85', 'f1231c04-5c7b-4ce6-93b8-ef47b42d85d2', '51e16956-88d6-4ede-b126-49f67c46a1c5', 'Beta delta zeta', 'Engine zeta brown epsilon network brown dog module', 'completed', '2023-09-28T18:52:09.384Z', '2024-05-15T11:20:46.927Z'),
  ('8aacbe06-5f3b-491f-834a-1f412332ef5a', 'cf0aed56-f3f3-4425-9c48-11a38b99a897', '062cd77c-cf51-4309-8d8e-983ea5354dbd', 'f34484dc-efaf-41cf-8f7e-c08caf8d8bf7', 'Gamma zeta delta', 'Fox module alpha sigma platform fox epsilon theta', 'scheduled', '2024-02-19T02:57:02.221Z', '2024-05-12T19:37:47.324Z'),
  ('574ff5aa-109c-4e01-8406-d92409fd6a8d', '675a6db9-149f-46a6-a0da-7cc72575a766', 'f1231c04-5c7b-4ce6-93b8-ef47b42d85d2', '51e16956-88d6-4ede-b126-49f67c46a1c5', 'Server omega lambda', 'Zeta quick zeta platform network over brown kappa', 'completed', '2024-12-31T07:11:39.688Z', '2024-05-26T08:31:46.043Z'),
  ('ce9cf102-8701-44fb-bad4-861ca38fc5cf', '7ef32c25-8dac-44c5-bd22-a89a8e34ec85', 'cf7027de-86d7-4473-a59e-ce35638bfc7d', '51e16956-88d6-4ede-b126-49f67c46a1c5', 'System gamma fox', 'Gamma epsilon epsilon over data jumps client system', 'completed', '2024-11-12T18:55:07.503Z', '2024-12-10T07:14:03.245Z'),
  ('2080c2de-a8b1-4c6e-bbec-b7fb97bb277b', '675a6db9-149f-46a6-a0da-7cc72575a766', '6421dd5e-02bc-42e0-a835-9a7d2f0cb4b5', 'f34484dc-efaf-41cf-8f7e-c08caf8d8bf7', 'System process lazy', 'Engine jumps gamma lambda data the process epsilon', 'completed', '2024-07-15T13:19:04.255Z', '2024-06-22T06:41:47.725Z'),
  ('699923ed-b9c0-42d1-bf16-672b48e60308', 'cf0aed56-f3f3-4425-9c48-11a38b99a897', '062cd77c-cf51-4309-8d8e-983ea5354dbd', 'f34484dc-efaf-41cf-8f7e-c08caf8d8bf7', 'Epsilon server fox', 'Client platform lazy beta module omega brown kappa', 'cancelled', '2023-08-09T01:47:28.977Z', '2024-06-21T11:43:06.160Z'),
  ('9e3c5edd-1403-4f49-9cba-2e5ce2d5e9ae', 'cf0aed56-f3f3-4425-9c48-11a38b99a897', 'f1231c04-5c7b-4ce6-93b8-ef47b42d85d2', '51e16956-88d6-4ede-b126-49f67c46a1c5', 'Fox server service', 'System module system alpha engine cloud alpha process', 'completed', '2023-10-29T16:29:07.398Z', '2023-03-29T18:41:39.723Z'),
  ('5254e2e3-05cf-4cf6-9cbd-bfd45a28fd99', '275fb90c-233d-4e5f-a2f9-68cabd04afe0', 'cf7027de-86d7-4473-a59e-ce35638bfc7d', '51e16956-88d6-4ede-b126-49f67c46a1c5', 'Lambda dog epsilon', 'Lazy theta server lambda delta jumps gamma kappa', 'completed', '2023-12-05T20:03:15.237Z', '2024-05-04T08:34:19.863Z'),
  ('85471718-89f1-45a1-ab6e-3c8c684e13a4', 'e33eb482-d236-40d7-a8ee-392202f4aba2', '5e3ab390-18f7-40a9-8b8c-ce862d13180f', '51e16956-88d6-4ede-b126-49f67c46a1c5', 'Platform module beta', 'Over fox module fox platform jumps data engine', 'cancelled', '2023-06-02T09:04:05.634Z', '2023-12-06T09:22:09.412Z'),
  ('d507a4e2-693c-4b15-9d67-744f9fd0fda6', '675a6db9-149f-46a6-a0da-7cc72575a766', 'cf7027de-86d7-4473-a59e-ce35638bfc7d', 'f34484dc-efaf-41cf-8f7e-c08caf8d8bf7', 'Lambda delta system', 'Dog network jumps lambda engine lambda cloud delta', 'cancelled', '2023-12-03T16:06:35.334Z', '2023-12-28T02:31:12.381Z'),
  ('e862b7a2-efaf-4cf2-bcde-6135b96d6028', 'f905a69a-fd40-4639-b24e-83633749f1a0', '9972daab-2c86-459f-9d78-3fe1be4e3280', 'f34484dc-efaf-41cf-8f7e-c08caf8d8bf7', 'Server gamma kappa', 'Cloud zeta fox module cloud engine cloud client', 'completed', '2023-05-02T23:59:28.880Z', '2023-01-11T16:46:23.572Z'),
  ('071ed679-7c04-4eee-80e3-51570b3add09', 'f905a69a-fd40-4639-b24e-83633749f1a0', '5e3ab390-18f7-40a9-8b8c-ce862d13180f', '51e16956-88d6-4ede-b126-49f67c46a1c5', 'Lambda quick theta', 'Kappa kappa sigma jumps brown theta zeta theta', 'completed', '2023-03-08T20:20:29.677Z', '2023-09-18T01:02:12.253Z'),
  ('763f2121-3bd2-4cfa-80a4-09c0e37ed56e', 'da1622fe-3678-429e-bcac-28fad4583484', 'cbc832aa-8471-4875-ac54-4e258144878c', '51e16956-88d6-4ede-b126-49f67c46a1c5', 'Brown alpha module', 'Data module network epsilon engine client data client', 'completed', '2023-01-23T01:33:14.702Z', '2023-11-23T21:12:56.820Z'),
  ('bb84488c-9971-4aa5-a9ca-9604574d73ca', 'd35d410f-b9c0-447d-809d-a246e4cba0a0', '5e3ab390-18f7-40a9-8b8c-ce862d13180f', '51e16956-88d6-4ede-b126-49f67c46a1c5', 'Lambda dog kappa', 'Network client service engine kappa dog lazy sigma', 'scheduled', '2023-08-16T18:37:22.350Z', '2024-09-15T23:34:38.878Z'),
  ('7f096c7d-4f54-403a-a995-f447dfd19661', 'cf0aed56-f3f3-4425-9c48-11a38b99a897', '6421dd5e-02bc-42e0-a835-9a7d2f0cb4b5', '51e16956-88d6-4ede-b126-49f67c46a1c5', 'System platform clie', 'Platform engine client cloud network quick theta sigma', 'scheduled', '2024-01-30T09:29:38.476Z', '2024-05-28T21:39:35.295Z'),
  ('6f6a6af6-9354-4551-9550-d040d445995f', '275fb90c-233d-4e5f-a2f9-68cabd04afe0', '5e3ab390-18f7-40a9-8b8c-ce862d13180f', 'f34484dc-efaf-41cf-8f7e-c08caf8d8bf7', 'Lambda beta theta', 'Cloud lazy over network theta server theta sigma', 'completed', '2023-10-21T23:46:48.749Z', '2024-01-17T07:55:01.688Z'),
  ('02fabbe1-f0bb-4756-b44f-a1a7642ed74c', 'da1622fe-3678-429e-bcac-28fad4583484', '9972daab-2c86-459f-9d78-3fe1be4e3280', 'f34484dc-efaf-41cf-8f7e-c08caf8d8bf7', 'Brown alpha alpha', 'Sigma data jumps engine network lazy lambda server', 'completed', '2023-08-25T03:01:19.741Z', '2024-03-20T23:44:30.732Z'),
  ('5e4cb592-dfa0-4ed3-9181-2e1f233f5ac0', '69694aad-5a30-44ca-8ffd-dee7988263da', 'da995972-e0ae-49f0-a054-d8265d0515a5', 'f34484dc-efaf-41cf-8f7e-c08caf8d8bf7', 'Module brown service', 'Jumps service server beta theta sigma lazy dog', 'completed', '2023-01-24T18:14:38.371Z', '2023-10-20T09:52:11.385Z'),
  ('2eabea45-e0c9-4b22-a057-c7cbac302f86', 'e33eb482-d236-40d7-a8ee-392202f4aba2', '5e3ab390-18f7-40a9-8b8c-ce862d13180f', 'f34484dc-efaf-41cf-8f7e-c08caf8d8bf7', 'Lazy platform over', 'Network cloud alpha over client theta engine alpha', 'completed', '2023-03-26T23:02:49.593Z', '2023-08-23T03:51:24.145Z');

INSERT INTO "vitals" ("id", "encounter_id", "systolic_bp", "diastolic_bp", "heart_rate", "temperature_f", "weight_lbs", "height_inches", "recorded_at") VALUES
  ('0650a385-b45a-46d5-8ed8-9ac84a3be0d2', '0ff2bd75-4b44-4e45-b507-b5274109cc16', 112, 62, 84, 102.60562044405378, 108.92567564733326, 56, '2023-04-28T05:31:11.063Z'),
  ('724d7726-19bb-431c-9afe-3ad43b3bd795', '56a5dfe1-3d96-4e84-ba92-68ff386d0a27', 103, 80, 99, 98.2659481370356, 193.92061666585505, 55, '2024-10-21T11:59:34.806Z'),
  ('5535d1e0-e151-4f55-9934-a54754d838b4', 'd57a02e9-0f84-4cae-8e9c-daaafbfaf7cf', 148, 65, 82, 98.43517389916815, 226.7415990587324, 63, '2023-10-29T14:19:05.075Z'),
  ('310d1a71-babe-46a7-84be-c489a0a8f61d', '675a6db9-149f-46a6-a0da-7cc72575a766', 122, 85, 104, 97.03303568880074, 147.16410243418068, 57, '2023-10-28T18:30:37.297Z'),
  ('3a2277f5-8c7c-4fd1-8ca1-9e967256287b', '0ca096d9-946a-4669-9731-22b5bb48ecf1', 149, 61, 80, 101.27727298345417, 168.94893903518096, 77, '2024-06-23T04:00:49.472Z'),
  ('1a07795e-c39d-4e91-a07d-03bd6a48fae0', 'e33eb482-d236-40d7-a8ee-392202f4aba2', 134, 60, 62, 97.4464237599168, 115.21225366741419, 78, '2023-08-24T20:29:05.835Z'),
  ('3e0f4279-9162-4e1b-99ba-a871803ae1be', 'a9a0682c-01b5-4153-8420-a6470b75b322', 101, 97, 69, 97.57415345543995, 269.4161785999313, 76, '2023-07-16T19:29:31.570Z'),
  ('e4fecdfb-0dcf-4880-a135-b12b6596acd0', 'a8cf0d96-8c7b-4379-b393-04b500b02e5e', 145, 109, 95, 96.16372386366129, 299.99189442023635, 77, '2024-05-12T12:21:43.655Z'),
  ('4e7b1634-02c1-4e60-9fa1-1d86919b96fa', 'a9a0682c-01b5-4153-8420-a6470b75b322', 161, 59, 112, 99.42144413548522, 124.28085944848135, 65, '2024-06-15T05:49:38.403Z'),
  ('792aab89-1f33-4376-b742-c2032c003031', '2ca99cc0-f067-4029-a692-2c08db188885', 110, 74, 70, 96.28205430321395, 228.82545765023679, 66, '2024-07-16T17:59:55.873Z'),
  ('d1b51368-962d-4e26-8f39-debf58a3ac23', '7fe4ac6b-719d-4784-8b2a-181f60d4d6ae', 168, 106, 54, 99.27118571777828, 196.0197644890286, 68, '2023-10-24T22:38:59.986Z'),
  ('aeecd557-cbf8-4f10-83d9-c7fd0aa396d8', '2ca99cc0-f067-4029-a692-2c08db188885', 175, 83, 62, 100.5160073232837, 329.70507480204105, 74, '2023-01-24T06:15:45.723Z'),
  ('dc0ed0a2-1379-43f8-8f6a-f807a8a50cb9', 'a9a0682c-01b5-4153-8420-a6470b75b322', 106, 90, 105, 100.84898705827072, 162.09421437233686, 63, '2024-12-24T11:28:59.051Z'),
  ('262ebc7f-df75-410a-986b-d2d43ee0499f', 'f905a69a-fd40-4639-b24e-83633749f1a0', 119, 109, 74, 101.90676900791004, 257.52143802819774, 73, '2023-03-30T13:35:17.438Z'),
  ('7f2501ac-fe22-4779-83fc-a09ee4a6e741', 'b8847c97-1bc8-40eb-9d0f-08573d3afd94', 135, 108, 95, 99.73765145754442, 239.33823129627854, 59, '2024-08-16T14:12:06.559Z'),
  ('8c08f42e-fd68-4a5f-b3ef-0db4b2b87ed6', '6f98d564-962b-492e-adb5-918ba1e5c500', 143, 81, 72, 100.67630106629804, 161.83441926259547, 69, '2024-06-07T15:12:17.375Z'),
  ('93b2c3af-af55-4b28-9a95-617889007154', 'f905a69a-fd40-4639-b24e-83633749f1a0', 108, 69, 113, 101.14296965114772, 325.60727718519047, 56, '2024-02-15T11:32:28.844Z'),
  ('2d437b19-ee07-432a-918a-2c7e0b2253d0', '69694aad-5a30-44ca-8ffd-dee7988263da', 96, 72, 83, 96.67165546794422, 328.7967230658978, 61, '2024-08-26T16:21:49.418Z'),
  ('3492ecb9-5f44-4c56-9d59-9bfdb560225d', 'da1622fe-3678-429e-bcac-28fad4583484', 139, 98, 60, 97.38733431673609, 122.35057181678712, 64, '2023-07-24T12:13:52.443Z'),
  ('0d933e1f-24e3-4666-b7c8-b3672d7c9988', 'd57a02e9-0f84-4cae-8e9c-daaafbfaf7cf', 167, 70, 62, 100.52213316364214, 296.745784196537, 71, '2024-11-08T20:20:12.826Z'),
  ('b1278dd6-2758-4e8a-9b95-cf9db53cc32c', '56a5dfe1-3d96-4e84-ba92-68ff386d0a27', 133, 56, 68, 99.01834541582502, 209.23758446006104, 57, '2024-09-13T05:31:33.322Z'),
  ('fe17c85e-0508-42cd-9432-4be35e4a3a33', '69694aad-5a30-44ca-8ffd-dee7988263da', 124, 92, 81, 99.3931214211043, 180.80883044749498, 60, '2024-12-13T14:45:25.033Z'),
  ('b36232f4-5d20-4b2b-a6c7-43fff9cd5c65', '2ca99cc0-f067-4029-a692-2c08db188885', 108, 92, 119, 102.55884109414183, 286.21070665540174, 72, '2023-02-13T00:53:41.257Z'),
  ('c4d3479f-a1af-4459-b0bc-ce4b16840461', '675a6db9-149f-46a6-a0da-7cc72575a766', 102, 63, 105, 96.09706295095384, 331.06032965006307, 66, '2024-12-13T02:08:52.863Z'),
  ('c7878a9a-53cd-4ec5-9fb2-921114e80a0c', '2ca99cc0-f067-4029-a692-2c08db188885', 106, 79, 93, 97.31649440806359, 284.24090510234237, 73, '2023-01-13T12:31:29.065Z'),
  ('4814d4fa-9253-4c08-ad43-620cf85fad85', 'a8cf0d96-8c7b-4379-b393-04b500b02e5e', 112, 90, 90, 101.33320173225366, 100.77241100370884, 60, '2024-03-11T10:55:14.285Z'),
  ('0a68e5c1-b0cc-4b69-8250-db5d867746c9', 'a9a0682c-01b5-4153-8420-a6470b75b322', 131, 92, 67, 101.73951667570509, 218.62352845491841, 63, '2023-03-08T10:27:38.825Z'),
  ('34a7d01d-14aa-4311-a296-796b6617805f', '0ca096d9-946a-4669-9731-22b5bb48ecf1', 120, 96, 116, 96.79306665947661, 318.6411063885316, 62, '2024-10-24T06:14:32.251Z'),
  ('3b8c4d86-1077-4062-80c1-874ccf50fd1f', 'd57a02e9-0f84-4cae-8e9c-daaafbfaf7cf', 97, 91, 64, 101.97913251118734, 133.75850012525916, 58, '2023-12-18T12:04:07.154Z'),
  ('08617e51-59bb-4550-81ee-3ca2ad564ee3', 'cf0aed56-f3f3-4425-9c48-11a38b99a897', 97, 94, 61, 99.60201537539251, 299.7690769494511, 76, '2023-03-16T19:57:00.352Z');
